{"type":"FeatureCollection","fonte":"Confini comunali ISTAT via openpolis/geojson-italy — CC BY 4.0","features":[{"type":"Feature","properties":{"i":"006001","n":"Acqui Terme"},"geometry":{"type":"Polygon","coordinates":[[[8.4789,44.7032],[8.4856,44.704],[8.4931,44.6995],[8.5016,44.6964],[8.502,44.6881],[8.5102,44.6856],[8.5122,44.6766],[8.5071,44.6731],[8.4929,44.6693],[8.4917,44.6614],[8.4893,44.6555],[8.4845,44.6529],[8.4804,44.6462],[8.4799,44.6433],[8.4738,44.6376],[8.4691,44.6458],[8.4628,44.6545],[8.459,44.6557],[8.4561,44.6554],[8.4554,44.6534],[8.4529,44.652],[8.4493,44.6523],[8.4451,44.6624],[8.4375,44.6664],[8.4396,44.6694],[8.4401,44.6723],[8.4383,44.6743],[8.4336,44.6758],[8.4317,44.6781],[8.4282,44.695],[8.424,44.6977],[8.4203,44.6949],[8.415,44.6943],[8.4109,44.6984],[8.4087,44.7069],[8.4176,44.7094],[8.4242,44.71],[8.4297,44.7084],[8.4333,44.7111],[8.4393,44.7102],[8.4449,44.7061],[8.4737,44.7023],[8.4789,44.7032]]]}},{"type":"Feature","properties":{"i":"006002","n":"Albera Ligure"},"geometry":{"type":"Polygon","coordinates":[[[9.1567,44.7008],[9.1544,44.6971],[9.1509,44.6955],[9.1377,44.6966],[9.1198,44.7013],[9.1063,44.6969],[9.0902,44.6878],[9.0826,44.6858],[9.0753,44.6941],[9.0587,44.7046],[9.0519,44.7093],[9.0492,44.7121],[9.0462,44.7131],[9.0484,44.7147],[9.0564,44.7162],[9.0616,44.7163],[9.066,44.7149],[9.0699,44.7154],[9.0768,44.7202],[9.0925,44.7221],[9.1119,44.7228],[9.1287,44.727],[9.1361,44.7221],[9.1462,44.7138],[9.1526,44.7073],[9.1567,44.7008]]]}},{"type":"Feature","properties":{"i":"006003","n":"Alessandria"},"geometry":{"type":"Polygon","coordinates":[[[8.5995,44.9899],[8.6046,44.9878],[8.618,44.9843],[8.6279,44.9796],[8.628,44.978],[8.6352,44.9734],[8.6423,44.9752],[8.6518,44.9727],[8.6589,44.9616],[8.6582,44.9565],[8.6584,44.9469],[8.654,44.9424],[8.6517,44.9352],[8.6599,44.9348],[8.6656,44.932],[8.6714,44.9303],[8.6792,44.931],[8.6985,44.9362],[8.7045,44.9401],[8.7053,44.9421],[8.7102,44.9476],[8.7134,44.9445],[8.7295,44.9399],[8.7292,44.9374],[8.736,44.9316],[8.7533,44.934],[8.7556,44.9278],[8.7668,44.9256],[8.7729,44.9253],[8.7775,44.9222],[8.7814,44.9152],[8.7875,44.9136],[8.7874,44.9116],[8.789,44.9099],[8.79,44.9098],[8.7835,44.8783],[8.7855,44.8635],[8.7732,44.8607],[8.7543,44.8522],[8.7279,44.8429],[8.7033,44.8654],[8.696,44.8694],[8.686,44.8714],[8.6745,44.871],[8.6585,44.8676],[8.6534,44.8675],[8.6392,44.8801],[8.6332,44.88],[8.6333,44.8764],[8.629,44.8744],[8.6148,44.8732],[8.6122,44.8756],[8.6072,44.8754],[8.588,44.8629],[8.5802,44.859],[8.5608,44.8567],[8.5596,44.8568],[8.5589,44.8579],[8.5596,44.8592],[8.5578,44.8604],[8.5526,44.8612],[8.5431,44.861],[8.5304,44.8592],[8.5206,44.8595],[8.5207,44.865],[8.5138,44.8688],[8.505,44.8763],[8.5043,44.878],[8.5077,44.8834],[8.5197,44.8937],[8.5263,44.8952],[8.5271,44.8894],[8.531,44.8884],[8.5349,44.8899],[8.5363,44.8948],[8.5326,44.9026],[8.5349,44.9091],[8.532,44.9124],[8.5318,44.9174],[8.5332,44.9199],[8.5333,44.9244],[8.5289,44.9336],[8.5187,44.9365],[8.519,44.9401],[8.5227,44.943],[8.5266,44.9426],[8.5334,44.9487],[8.5391,44.9578],[8.5507,44.958],[8.5556,44.9597],[8.5561,44.9661],[8.5616,44.9681],[8.5765,44.9632],[8.5759,44.9666],[8.597,44.9745],[8.5962,44.9836],[8.595,44.9858],[8.5934,44.9856],[8.5935,44.9869],[8.5947,44.9903],[8.5995,44.9899]]]}},{"type":"Feature","properties":{"i":"006004","n":"Alfiano Natta"},"geometry":{"type":"Polygon","coordinates":[[[8.195,45.0625],[8.1966,45.0593],[8.2087,45.0575],[8.2131,45.0578],[8.2175,45.0554],[8.2255,45.0531],[8.2303,45.0508],[8.2285,45.0497],[8.2275,45.0476],[8.229,45.042],[8.2336,45.0382],[8.2346,45.036],[8.228,45.0213],[8.2228,45.0148],[8.2178,45.0104],[8.2163,45.0106],[8.2188,45.014],[8.2162,45.0179],[8.2033,45.0304],[8.1989,45.0326],[8.1902,45.0389],[8.1859,45.0405],[8.1691,45.0321],[8.1807,45.0442],[8.1838,45.0495],[8.1847,45.0589],[8.1865,45.0615],[8.1887,45.0636],[8.195,45.0625]]]}},{"type":"Feature","properties":{"i":"006005","n":"Alice Bel Colle"},"geometry":{"type":"MultiPolygon","coordinates":[[[[8.4511,44.7388],[8.4671,44.7239],[8.4723,44.716],[8.4773,44.7103],[8.4787,44.7074],[8.4789,44.7032],[8.4737,44.7023],[8.4449,44.7061],[8.4393,44.7102],[8.4285,44.7115],[8.4277,44.718],[8.4286,44.7204],[8.4214,44.732],[8.4397,44.7368],[8.4468,44.7413],[8.4481,44.7413],[8.4511,44.7388]]],[[[8.489,44.7532],[8.4806,44.7521],[8.487,44.7567],[8.4882,44.7596],[8.4978,44.7694],[8.5013,44.7719],[8.5032,44.7665],[8.4982,44.7642],[8.4949,44.7615],[8.4912,44.7577],[8.4892,44.7547],[8.489,44.7532]]]]}},{"type":"Feature","properties":{"i":"006007","n":"Altavilla Monferrato"},"geometry":{"type":"Polygon","coordinates":[[[8.3965,44.979],[8.3991,44.9758],[8.3995,44.9738],[8.3972,44.9678],[8.3979,44.9586],[8.3994,44.957],[8.3905,44.9508],[8.3857,44.9512],[8.3829,44.9502],[8.3787,44.957],[8.3852,44.9666],[8.3851,44.9729],[8.3805,44.9836],[8.3789,44.9845],[8.3739,44.9851],[8.3689,44.9842],[8.3607,44.9868],[8.3536,44.9941],[8.3516,44.9979],[8.3538,45.0061],[8.358,45.0098],[8.3594,45.01],[8.3698,45.009],[8.3744,45.0081],[8.3777,45.0065],[8.382,45.0038],[8.3882,44.9972],[8.3972,44.99],[8.398,44.9841],[8.3965,44.979]]]}},{"type":"Feature","properties":{"i":"006008","n":"Alzano Scrivia"},"geometry":{"type":"MultiPolygon","coordinates":[[[[8.8827,45.0218],[8.8977,45.0176],[8.895,45.0143],[8.888,45.0098],[8.8826,45.0103],[8.8824,45.011],[8.88,45.0116],[8.8747,45.0111],[8.8727,45.012],[8.8726,45.0146],[8.8736,45.0149],[8.8792,45.0218],[8.8827,45.0218]]],[[[8.8732,45.0281],[8.8739,45.0243],[8.876,45.0231],[8.8705,45.0232],[8.8666,45.0212],[8.8627,45.0206],[8.8613,45.0217],[8.8609,45.0238],[8.8628,45.0269],[8.8732,45.0281]]]]}},{"type":"Feature","properties":{"i":"006009","n":"Arquata Scrivia"},"geometry":{"type":"Polygon","coordinates":[[[8.9177,44.7004],[8.9173,44.6933],[8.9211,44.6847],[8.9311,44.6761],[8.9264,44.6743],[8.9206,44.6629],[8.9088,44.6476],[8.8945,44.642],[8.8719,44.6354],[8.8587,44.6362],[8.8557,44.6372],[8.8516,44.6409],[8.8503,44.6428],[8.8509,44.6476],[8.8548,44.6564],[8.8611,44.6631],[8.8729,44.6599],[8.8784,44.6602],[8.888,44.6651],[8.8896,44.6681],[8.8638,44.6849],[8.8593,44.6898],[8.8595,44.6911],[8.8545,44.6958],[8.8573,44.6961],[8.8611,44.6983],[8.872,44.7058],[8.8769,44.7048],[8.8909,44.6987],[8.9004,44.6983],[8.9177,44.7004]]]}},{"type":"Feature","properties":{"i":"006010","n":"Avolasca"},"geometry":{"type":"Polygon","coordinates":[[[8.9861,44.8287],[8.9845,44.8166],[8.9852,44.8129],[8.9873,44.8104],[8.992,44.8074],[9.0035,44.8039],[9.001,44.8021],[8.9956,44.8015],[8.9693,44.7874],[8.9654,44.7883],[8.9632,44.7946],[8.9597,44.7969],[8.9554,44.8038],[8.9452,44.8213],[8.9451,44.8234],[8.9462,44.8251],[8.9482,44.8255],[8.9512,44.8279],[8.9583,44.8315],[8.9778,44.8307],[8.9861,44.8287]]]}},{"type":"Feature","properties":{"i":"006011","n":"Balzola"},"geometry":{"type":"Polygon","coordinates":[[[8.4402,45.1949],[8.444,45.1939],[8.4463,45.1888],[8.4461,45.1793],[8.4426,45.1674],[8.4373,45.1663],[8.4358,45.1667],[8.4353,45.1684],[8.4308,45.1706],[8.4179,45.1687],[8.4083,45.1699],[8.4029,45.1697],[8.3971,45.1721],[8.388,45.1714],[8.3836,45.1729],[8.3799,45.1781],[8.3763,45.1877],[8.3764,45.1913],[8.3854,45.1977],[8.3851,45.2005],[8.3902,45.2011],[8.3949,45.2028],[8.3941,45.2041],[8.4017,45.2054],[8.4048,45.2051],[8.4147,45.1982],[8.4227,45.1979],[8.4402,45.1949]]]}},{"type":"Feature","properties":{"i":"006012","n":"Basaluzzo"},"geometry":{"type":"Polygon","coordinates":[[[8.74,44.7634],[8.7375,44.7598],[8.7341,44.761],[8.7281,44.7493],[8.7283,44.7479],[8.7183,44.7459],[8.7076,44.75],[8.6794,44.7637],[8.6714,44.7657],[8.6712,44.7694],[8.6866,44.7755],[8.7013,44.7768],[8.7186,44.7809],[8.7213,44.7852],[8.7203,44.789],[8.7227,44.7903],[8.7344,44.7876],[8.7416,44.7799],[8.7435,44.7726],[8.7434,44.7699],[8.74,44.7634]]]}},{"type":"Feature","properties":{"i":"006013","n":"Bassignana"},"geometry":{"type":"Polygon","coordinates":[[[8.7775,45.0224],[8.7777,45.0237],[8.7809,45.0237],[8.793,45.0198],[8.7983,45.0211],[8.8057,45.0205],[8.8153,45.0237],[8.8172,45.0241],[8.8175,45.0235],[8.8164,45.0223],[8.8079,45.019],[8.7957,45.0128],[8.7935,45.0139],[8.7828,45.009],[8.7853,45.0017],[8.7832,44.9989],[8.7774,44.998],[8.775,44.9989],[8.7738,45.0006],[8.7675,45.0023],[8.7651,45.0025],[8.7627,45.0017],[8.7651,44.9963],[8.7687,44.9945],[8.7698,44.9921],[8.7679,44.9903],[8.7609,44.9893],[8.758,44.9898],[8.7602,44.9912],[8.757,44.9933],[8.7542,44.9937],[8.7466,44.9897],[8.7473,44.9876],[8.7467,44.985],[8.7432,44.9823],[8.7369,44.9819],[8.731,44.984],[8.7296,44.9854],[8.7243,44.9823],[8.725,44.9804],[8.7169,44.9832],[8.7011,44.9827],[8.6924,44.9769],[8.6891,44.973],[8.6765,44.973],[8.6846,44.9756],[8.6896,44.9796],[8.6826,44.9826],[8.6854,44.9909],[8.6883,44.9935],[8.6957,44.9936],[8.7005,44.9949],[8.7021,45.0003],[8.6874,45.0086],[8.6891,45.0132],[8.6914,45.0147],[8.704,45.0175],[8.7061,45.0129],[8.7054,45.0245],[8.7043,45.0283],[8.7049,45.0309],[8.7088,45.0382],[8.7139,45.037],[8.7206,45.0268],[8.728,45.0228],[8.7438,45.0237],[8.7505,45.0207],[8.7541,45.0153],[8.7482,45.0132],[8.7479,45.0091],[8.7617,45.0121],[8.767,45.0103],[8.7667,45.0081],[8.7681,45.0069],[8.7717,45.0068],[8.7752,45.0079],[8.7787,45.0132],[8.7764,45.0187],[8.7775,45.0224]]]}},{"type":"Feature","properties":{"i":"006014","n":"Belforte Monferrato"},"geometry":{"type":"Polygon","coordinates":[[[8.69,44.582],[8.6822,44.5755],[8.6802,44.5757],[8.6705,44.5812],[8.6658,44.5826],[8.6625,44.5898],[8.6638,44.5928],[8.6644,44.6023],[8.6663,44.6075],[8.6679,44.6073],[8.6712,44.6098],[8.6722,44.6123],[8.6678,44.6156],[8.6593,44.616],[8.6551,44.619],[8.6467,44.6312],[8.6488,44.6332],[8.6518,44.6333],[8.6582,44.6313],[8.6608,44.633],[8.6613,44.6343],[8.6648,44.6334],[8.6714,44.626],[8.6712,44.6248],[8.6764,44.6177],[8.6835,44.6128],[8.6846,44.6109],[8.6842,44.6089],[8.6817,44.6042],[8.6754,44.601],[8.6727,44.5975],[8.6754,44.5944],[8.6788,44.593],[8.688,44.5855],[8.69,44.582]]]}},{"type":"Feature","properties":{"i":"006015","n":"Bergamasco"},"geometry":{"type":"Polygon","coordinates":[[[8.4819,44.8426],[8.4837,44.8407],[8.4837,44.8394],[8.4777,44.8333],[8.4722,44.8348],[8.4659,44.8297],[8.4668,44.8271],[8.4674,44.8173],[8.4629,44.8057],[8.4587,44.8021],[8.4547,44.8082],[8.4519,44.81],[8.4426,44.812],[8.4372,44.812],[8.4257,44.8173],[8.4218,44.825],[8.42,44.8264],[8.4271,44.8342],[8.4297,44.8407],[8.4396,44.845],[8.4553,44.8458],[8.4678,44.8435],[8.4753,44.8409],[8.4819,44.8426]]]}},{"type":"Feature","properties":{"i":"006016","n":"Berzano di Tortona"},"geometry":{"type":"Polygon","coordinates":[[[8.9608,44.8843],[8.9637,44.8767],[8.9623,44.8656],[8.9616,44.8648],[8.9595,44.8653],[8.9533,44.8643],[8.9496,44.8652],[8.9474,44.8683],[8.9474,44.8739],[8.9447,44.8779],[8.9415,44.8784],[8.9482,44.8855],[8.9608,44.8843]]]}},{"type":"Feature","properties":{"i":"006017","n":"Bistagno"},"geometry":{"type":"Polygon","coordinates":[[[8.3931,44.686],[8.397,44.6783],[8.3979,44.67],[8.3988,44.6679],[8.4069,44.6622],[8.4062,44.6607],[8.4016,44.6573],[8.3868,44.6493],[8.3859,44.6468],[8.3863,44.643],[8.3721,44.6445],[8.3588,44.6551],[8.3556,44.6544],[8.3541,44.6561],[8.3515,44.6603],[8.3511,44.6661],[8.3556,44.6758],[8.3463,44.6901],[8.3473,44.6932],[8.3659,44.6958],[8.3748,44.6939],[8.3931,44.686]]]}},{"type":"Feature","properties":{"i":"006018","n":"Borghetto di Borbera"},"geometry":{"type":"Polygon","coordinates":[[[9.0079,44.7612],[9.0084,44.759],[9.0065,44.7567],[9.006,44.7501],[9.0038,44.7454],[9.006,44.7396],[9.0138,44.7305],[9.0188,44.7304],[9.0232,44.7276],[9.0252,44.7241],[9.0198,44.7187],[9.0193,44.7152],[9.0085,44.71],[9.0047,44.7097],[8.9867,44.7147],[8.9828,44.7133],[8.9773,44.71],[8.9664,44.7107],[8.9528,44.7063],[8.9462,44.7067],[8.943,44.7083],[8.9369,44.7067],[8.935,44.7081],[8.9327,44.7118],[8.9304,44.7204],[8.9236,44.7234],[8.9161,44.724],[8.9059,44.7183],[8.907,44.7278],[8.911,44.7361],[8.9401,44.7444],[8.9538,44.7499],[8.9568,44.754],[8.9529,44.7576],[8.9495,44.7587],[8.9411,44.7589],[8.9355,44.7603],[8.9391,44.7641],[8.95,44.7683],[8.9535,44.7722],[8.9624,44.7726],[8.9812,44.7664],[8.9855,44.7591],[8.9853,44.7558],[8.9842,44.7536],[8.9888,44.7544],[8.9934,44.7566],[9.0079,44.7612]]]}},{"type":"Feature","properties":{"i":"006019","n":"Borgoratto Alessandrino"},"geometry":{"type":"Polygon","coordinates":[[[8.5437,44.8274],[8.5421,44.8299],[8.5397,44.8311],[8.5273,44.8301],[8.515,44.831],[8.5079,44.8291],[8.5076,44.8259],[8.5097,44.8259],[8.5137,44.8241],[8.5151,44.8204],[8.5124,44.818],[8.5078,44.8164],[8.5008,44.8095],[8.4966,44.8016],[8.4937,44.8038],[8.495,44.8131],[8.4981,44.8207],[8.5006,44.8243],[8.5031,44.8246],[8.5048,44.826],[8.5079,44.8353],[8.5084,44.8402],[8.5076,44.8402],[8.5122,44.8438],[8.5143,44.8432],[8.5233,44.8436],[8.534,44.8455],[8.5473,44.8437],[8.5478,44.8418],[8.5446,44.8372],[8.5439,44.8343],[8.5437,44.8274]]]}},{"type":"Feature","properties":{"i":"006020","n":"Borgo San Martino"},"geometry":{"type":"Polygon","coordinates":[[[8.5604,45.0865],[8.548,45.0771],[8.5478,45.0742],[8.5066,45.0843],[8.514,45.1036],[8.5139,45.1092],[8.5104,45.1117],[8.5128,45.1143],[8.5286,45.1102],[8.5365,45.1042],[8.5454,45.0939],[8.5531,45.0879],[8.5604,45.0865]]]}},{"type":"Feature","properties":{"i":"006021","n":"Bosco Marengo"},"geometry":{"type":"MultiPolygon","coordinates":[[[[8.6676,44.7707],[8.6663,44.7719],[8.6699,44.7733],[8.6676,44.7707]]],[[[8.7855,44.8635],[8.7887,44.8471],[8.7403,44.8246],[8.7347,44.8082],[8.7259,44.8028],[8.7239,44.799],[8.7226,44.7958],[8.7237,44.7935],[8.7227,44.7903],[8.7197,44.7888],[8.7145,44.7889],[8.7108,44.7898],[8.7013,44.794],[8.6958,44.7934],[8.683,44.7951],[8.6829,44.7904],[8.677,44.7869],[8.6656,44.7831],[8.6667,44.7793],[8.6705,44.7759],[8.6702,44.7747],[8.6671,44.7735],[8.6677,44.7756],[8.6636,44.7774],[8.6566,44.778],[8.6523,44.7818],[8.6512,44.7862],[8.6557,44.7948],[8.6559,44.7986],[8.6546,44.8007],[8.6497,44.8031],[8.6439,44.8048],[8.6415,44.8111],[8.6452,44.8132],[8.6457,44.8194],[8.645,44.821],[8.6399,44.8242],[8.6416,44.8309],[8.6439,44.8308],[8.6467,44.8286],[8.6506,44.8285],[8.6606,44.8295],[8.6617,44.83],[8.6625,44.832],[8.6698,44.8342],[8.6855,44.8305],[8.7039,44.8332],[8.708,44.8369],[8.7209,44.841],[8.7214,44.8405],[8.7268,44.8419],[8.7279,44.8429],[8.7543,44.8522],[8.7732,44.8607],[8.7855,44.8635]]]]}},{"type":"Feature","properties":{"i":"006022","n":"Bosio"},"geometry":{"type":"Polygon","coordinates":[[[8.7914,44.6625],[8.8054,44.6554],[8.8183,44.6418],[8.8186,44.6375],[8.815,44.6368],[8.8113,44.6321],[8.8057,44.6279],[8.8017,44.6281],[8.7973,44.6199],[8.7964,44.6162],[8.8025,44.6092],[8.8085,44.5973],[8.8078,44.5946],[8.8021,44.5842],[8.8072,44.574],[8.8168,44.5695],[8.821,44.5654],[8.8268,44.5618],[8.8232,44.5555],[8.8222,44.5502],[8.823,44.5487],[8.8281,44.5456],[8.829,44.5436],[8.8237,44.5382],[8.8081,44.5353],[8.7991,44.5301],[8.7949,44.5225],[8.7971,44.5092],[8.7977,44.5002],[8.7886,44.4964],[8.7877,44.4893],[8.7792,44.4887],[8.7697,44.4894],[8.7667,44.4927],[8.77,44.4972],[8.7715,44.5078],[8.7676,44.5193],[8.7676,44.525],[8.7649,44.5276],[8.7605,44.5302],[8.7579,44.5293],[8.7539,44.5244],[8.7498,44.5268],[8.7525,44.5278],[8.7558,44.5306],[8.7567,44.5361],[8.7505,44.545],[8.7428,44.5502],[8.7382,44.5518],[8.7398,44.5554],[8.7329,44.57],[8.7314,44.5708],[8.7419,44.58],[8.7439,44.5794],[8.7457,44.5778],[8.7469,44.5755],[8.7477,44.5711],[8.7489,44.5697],[8.7605,44.5684],[8.7667,44.5711],[8.7671,44.5724],[8.7609,44.5761],[8.7604,44.5789],[8.7635,44.5845],[8.7647,44.5835],[8.7658,44.5844],[8.7658,44.5892],[8.7647,44.5924],[8.7647,44.5952],[8.7704,44.6094],[8.7747,44.6161],[8.7806,44.6212],[8.7812,44.6269],[8.7743,44.6355],[8.7691,44.6464],[8.7652,44.6494],[8.7599,44.6511],[8.7555,44.6536],[8.7613,44.6597],[8.7698,44.6644],[8.771,44.6644],[8.7749,44.6613],[8.7801,44.6598],[8.7853,44.6603],[8.7914,44.6625]]]}},{"type":"Feature","properties":{"i":"006023","n":"Bozzole"},"geometry":{"type":"Polygon","coordinates":[[[8.646,45.0753],[8.6373,45.0661],[8.6426,45.063],[8.6277,45.0545],[8.6251,45.0573],[8.6207,45.0598],[8.6134,45.0616],[8.6015,45.0675],[8.5993,45.0796],[8.6002,45.0828],[8.6031,45.0853],[8.6063,45.0828],[8.622,45.0912],[8.6263,45.0885],[8.6303,45.0882],[8.6366,45.0838],[8.6397,45.0775],[8.646,45.0753]]]}},{"type":"Feature","properties":{"i":"006024","n":"Brignano-Frascata"},"geometry":{"type":"Polygon","coordinates":[[[9.0641,44.8302],[9.067,44.8311],[9.0704,44.8307],[9.0729,44.828],[9.075,44.823],[9.0697,44.8108],[9.0678,44.8102],[9.069,44.8046],[9.0712,44.8015],[9.0628,44.7927],[9.0472,44.7883],[9.0422,44.786],[9.0197,44.7962],[9.0164,44.7987],[9.0143,44.8026],[9.0147,44.8053],[9.0205,44.8152],[9.023,44.8278],[9.0218,44.8313],[9.0407,44.8304],[9.0606,44.8256],[9.062,44.8265],[9.0641,44.8302]]]}},{"type":"Feature","properties":{"i":"006025","n":"Cabella Ligure"},"geometry":{"type":"Polygon","coordinates":[[[9.1567,44.7008],[9.1579,44.6963],[9.1674,44.6911],[9.1773,44.6893],[9.1859,44.6892],[9.194,44.688],[9.2001,44.6861],[9.1991,44.6831],[9.1998,44.6767],[9.2018,44.6718],[9.204,44.67],[9.2064,44.6608],[9.2061,44.6585],[9.203,44.6533],[9.198,44.6498],[9.1837,44.6503],[9.1748,44.6518],[9.1552,44.6619],[9.1505,44.6682],[9.1486,44.668],[9.1378,44.6646],[9.1334,44.6625],[9.1333,44.6575],[9.135,44.6551],[9.1286,44.6432],[9.1295,44.6379],[9.1278,44.6312],[9.1236,44.6264],[9.1215,44.6215],[9.1098,44.6238],[9.102,44.6265],[9.1012,44.6285],[9.1086,44.6384],[9.1122,44.6449],[9.1145,44.6512],[9.1147,44.6572],[9.1096,44.6567],[9.1017,44.6513],[9.093,44.6471],[9.0892,44.6465],[9.0861,44.6471],[9.0834,44.6505],[9.0847,44.6557],[9.0834,44.6613],[9.0754,44.6712],[9.0727,44.6728],[9.0741,44.6749],[9.0796,44.6786],[9.0829,44.6786],[9.0837,44.684],[9.0826,44.6858],[9.0902,44.6878],[9.1063,44.6969],[9.1168,44.7005],[9.1198,44.7013],[9.1377,44.6966],[9.1509,44.6955],[9.1544,44.6971],[9.1567,44.7008]]]}},{"type":"Feature","properties":{"i":"006026","n":"Camagna Monferrato"},"geometry":{"type":"Polygon","coordinates":[[[8.4549,45.0092],[8.4487,45.0055],[8.446,44.9991],[8.4417,44.9981],[8.4225,45.0072],[8.4207,45.0087],[8.4213,45.0128],[8.4239,45.0166],[8.4229,45.0206],[8.4183,45.0293],[8.4137,45.0317],[8.42,45.0406],[8.4264,45.0423],[8.4328,45.0412],[8.4454,45.0446],[8.4467,45.0422],[8.4419,45.0287],[8.4424,45.0224],[8.4549,45.0092]]]}},{"type":"Feature","properties":{"i":"006027","n":"Camino"},"geometry":{"type":"Polygon","coordinates":[[[8.2945,45.1728],[8.2967,45.1674],[8.3014,45.1635],[8.3064,45.1645],[8.3055,45.1666],[8.3073,45.1694],[8.321,45.1664],[8.3214,45.1587],[8.3201,45.1577],[8.3162,45.1597],[8.31,45.1531],[8.3091,45.1518],[8.3101,45.1511],[8.2973,45.1456],[8.2949,45.1474],[8.2894,45.1476],[8.2897,45.1471],[8.2886,45.1456],[8.28,45.1471],[8.2727,45.1466],[8.2606,45.1437],[8.255,45.1435],[8.2501,45.1451],[8.2463,45.1487],[8.2435,45.1499],[8.24,45.1529],[8.2393,45.1618],[8.2404,45.166],[8.2375,45.1681],[8.2449,45.1731],[8.2522,45.1767],[8.2648,45.1805],[8.2727,45.1802],[8.2859,45.1785],[8.2913,45.176],[8.2945,45.1728]]]}},{"type":"Feature","properties":{"i":"006028","n":"Cantalupo Ligure"},"geometry":{"type":"Polygon","coordinates":[[[9.0722,44.747],[9.0828,44.7492],[9.0875,44.7492],[9.1137,44.7403],[9.1201,44.7336],[9.1238,44.7256],[9.1119,44.7228],[9.0925,44.7221],[9.0768,44.7202],[9.0716,44.7163],[9.0686,44.7152],[9.066,44.7149],[9.0616,44.7163],[9.0564,44.7162],[9.0484,44.7147],[9.0462,44.7131],[9.0344,44.7121],[9.0298,44.7244],[9.0265,44.7248],[9.0252,44.7241],[9.0232,44.7276],[9.0188,44.7304],[9.0138,44.7305],[9.006,44.7396],[9.0038,44.7454],[9.006,44.7501],[9.0059,44.7521],[9.0265,44.7511],[9.0337,44.747],[9.0541,44.7431],[9.0534,44.7354],[9.0542,44.7344],[9.0565,44.734],[9.063,44.7344],[9.0669,44.7369],[9.0666,44.7382],[9.0722,44.747]]]}},{"type":"Feature","properties":{"i":"006029","n":"Capriata d'Orba"},"geometry":{"type":"Polygon","coordinates":[[[8.7183,44.7459],[8.7216,44.7411],[8.7216,44.7372],[8.7197,44.7329],[8.7305,44.7194],[8.7373,44.7132],[8.7416,44.7112],[8.7398,44.7085],[8.7427,44.7042],[8.7412,44.7001],[8.7394,44.6982],[8.7373,44.7012],[8.7256,44.7069],[8.7036,44.704],[8.6957,44.7059],[8.6807,44.7053],[8.6811,44.7041],[8.6708,44.7059],[8.6617,44.7165],[8.6584,44.7263],[8.6567,44.736],[8.6748,44.7451],[8.675,44.7471],[8.6724,44.7498],[8.6678,44.7514],[8.6627,44.7513],[8.6602,44.7527],[8.6624,44.7577],[8.6667,44.7585],[8.6699,44.7607],[8.671,44.7658],[8.6794,44.7637],[8.7076,44.75],[8.7183,44.7459]]]}},{"type":"Feature","properties":{"i":"006030","n":"Carbonara Scrivia"},"geometry":{"type":"Polygon","coordinates":[[[8.8784,44.8536],[8.8734,44.8482],[8.8774,44.8457],[8.873,44.8426],[8.8589,44.8442],[8.8554,44.8457],[8.8496,44.8461],[8.8418,44.8495],[8.8392,44.8617],[8.8635,44.8644],[8.8675,44.8616],[8.8706,44.8566],[8.8766,44.8537],[8.8784,44.8536]]]}},{"type":"Feature","properties":{"i":"006031","n":"Carentino"},"geometry":{"type":"Polygon","coordinates":[[[8.5076,44.8402],[8.5084,44.8402],[8.5079,44.8353],[8.5048,44.826],[8.5031,44.8246],[8.5006,44.8243],[8.4981,44.8207],[8.495,44.8131],[8.4937,44.8072],[8.4938,44.8037],[8.4911,44.8],[8.49,44.7996],[8.4786,44.8072],[8.4631,44.806],[8.4674,44.8173],[8.4668,44.8271],[8.4659,44.8297],[8.4722,44.8348],[8.4777,44.8333],[8.4837,44.8394],[8.4837,44.8407],[8.4819,44.8426],[8.4888,44.8415],[8.4996,44.8377],[8.5076,44.8402]]]}},{"type":"Feature","properties":{"i":"006032","n":"Carezzano"},"geometry":{"type":"Polygon","coordinates":[[[8.9223,44.8092],[8.9194,44.8025],[8.9142,44.7982],[8.9186,44.7935],[8.9237,44.7898],[8.9259,44.7891],[8.9234,44.7888],[8.8975,44.8005],[8.8941,44.7999],[8.8833,44.7918],[8.8734,44.7909],[8.873,44.7951],[8.8683,44.7962],[8.8697,44.8109],[8.8686,44.8191],[8.8674,44.8207],[8.8686,44.8216],[8.8707,44.8211],[8.8749,44.816],[8.8818,44.815],[8.8888,44.8151],[8.8964,44.8175],[8.902,44.8223],[8.9034,44.826],[8.903,44.829],[8.9081,44.8261],[8.9106,44.821],[8.9201,44.8128],[8.9223,44.8092]]]}},{"type":"Feature","properties":{"i":"006033","n":"Carpeneto"},"geometry":{"type":"Polygon","coordinates":[[[8.6298,44.7134],[8.6438,44.7113],[8.6282,44.6809],[8.6202,44.6752],[8.6076,44.6687],[8.6067,44.6664],[8.6064,44.6607],[8.6023,44.6611],[8.5956,44.6649],[8.5929,44.6768],[8.5976,44.6824],[8.5959,44.6837],[8.5961,44.6901],[8.5983,44.6935],[8.6031,44.6981],[8.6073,44.7041],[8.6094,44.7088],[8.6078,44.7138],[8.606,44.7156],[8.6116,44.7178],[8.6162,44.7184],[8.6248,44.713],[8.6298,44.7134]]]}},{"type":"Feature","properties":{"i":"006034","n":"Carrega Ligure"},"geometry":{"type":"Polygon","coordinates":[[[9.198,44.6498],[9.1996,44.644],[9.1986,44.6386],[9.2006,44.6262],[9.2002,44.6163],[9.2004,44.6153],[9.203,44.6135],[9.2052,44.6005],[9.2033,44.5958],[9.199,44.5928],[9.1832,44.5913],[9.1686,44.5843],[9.1645,44.5809],[9.1526,44.5742],[9.1411,44.5736],[9.134,44.5749],[9.1218,44.5803],[9.1107,44.582],[9.1085,44.5866],[9.1024,44.5929],[9.1026,44.6001],[9.1045,44.6066],[9.1032,44.6097],[9.1099,44.6112],[9.1172,44.6158],[9.1215,44.6215],[9.1236,44.6264],[9.1278,44.6312],[9.1295,44.6379],[9.1286,44.6432],[9.135,44.6551],[9.1333,44.6575],[9.1334,44.6625],[9.1423,44.6661],[9.1504,44.6683],[9.1552,44.6619],[9.173,44.6525],[9.1837,44.6503],[9.198,44.6498]]]}},{"type":"Feature","properties":{"i":"006035","n":"Carrosio"},"geometry":{"type":"Polygon","coordinates":[[[8.8611,44.6631],[8.8548,44.6564],[8.8509,44.6476],[8.8503,44.6428],[8.8454,44.6453],[8.8387,44.645],[8.827,44.6417],[8.8225,44.6389],[8.8228,44.6418],[8.8263,44.6517],[8.817,44.6501],[8.815,44.6542],[8.8156,44.6562],[8.8252,44.6627],[8.8284,44.6686],[8.8322,44.6703],[8.8365,44.6711],[8.8402,44.6703],[8.8441,44.669],[8.8478,44.6652],[8.8507,44.664],[8.8557,44.6631],[8.8611,44.6631]]]}},{"type":"Feature","properties":{"i":"006036","n":"Cartosio"},"geometry":{"type":"MultiPolygon","coordinates":[[[[8.4458,44.5486],[8.4447,44.5484],[8.4367,44.5561],[8.4427,44.559],[8.4462,44.5587],[8.4466,44.5565],[8.4458,44.5486]]],[[[8.4464,44.6151],[8.4532,44.6108],[8.4539,44.6043],[8.453,44.6028],[8.4499,44.6032],[8.4444,44.5997],[8.4395,44.5944],[8.4385,44.5899],[8.4383,44.5809],[8.4403,44.5779],[8.4415,44.5742],[8.4408,44.5696],[8.438,44.5669],[8.4345,44.5672],[8.432,44.5686],[8.4319,44.5709],[8.4301,44.5721],[8.4217,44.5732],[8.4193,44.5731],[8.4167,44.5718],[8.409,44.5757],[8.4043,44.5832],[8.4033,44.5875],[8.4042,44.5889],[8.4043,44.5934],[8.4004,44.5995],[8.3965,44.6015],[8.3934,44.6066],[8.3939,44.611],[8.3981,44.614],[8.4044,44.6153],[8.4061,44.6177],[8.4298,44.613],[8.4309,44.6119],[8.4344,44.6111],[8.4464,44.6151]]]]}},{"type":"Feature","properties":{"i":"006037","n":"Casal Cermelli"},"geometry":{"type":"MultiPolygon","coordinates":[[[[8.634,44.7923],[8.6332,44.7894],[8.6305,44.7922],[8.634,44.7923]]],[[[8.6416,44.8309],[8.6399,44.8242],[8.645,44.821],[8.6457,44.8194],[8.6452,44.8132],[8.6415,44.8111],[8.6439,44.8048],[8.6497,44.8031],[8.655,44.8003],[8.6559,44.798],[8.6548,44.793],[8.6354,44.7958],[8.6343,44.7939],[8.6318,44.7947],[8.6284,44.8003],[8.6282,44.8047],[8.6265,44.812],[8.6242,44.8156],[8.6173,44.8181],[8.6142,44.8264],[8.6084,44.8287],[8.608,44.8302],[8.6081,44.8319],[8.6112,44.8378],[8.6166,44.8406],[8.6246,44.8434],[8.6271,44.8492],[8.6245,44.8496],[8.6233,44.8508],[8.626,44.8564],[8.6314,44.8546],[8.6347,44.8546],[8.6442,44.8484],[8.6449,44.8449],[8.6382,44.8409],[8.6383,44.8379],[8.6416,44.8309]]]]}},{"type":"Feature","properties":{"i":"006038","n":"Casaleggio Boiro"},"geometry":{"type":"Polygon","coordinates":[[[8.7347,44.6451],[8.7432,44.6424],[8.7476,44.6394],[8.7505,44.6325],[8.7462,44.629],[8.7417,44.6233],[8.743,44.6205],[8.747,44.6157],[8.7494,44.6152],[8.7582,44.6018],[8.7601,44.5883],[8.7635,44.5845],[8.7604,44.5789],[8.7504,44.5837],[8.7413,44.5807],[8.7381,44.5842],[8.7357,44.5904],[8.7337,44.5935],[8.7399,44.5952],[8.7438,44.5926],[8.7441,44.5937],[8.7335,44.6037],[8.7236,44.6163],[8.7231,44.6213],[8.7257,44.6376],[8.7317,44.6469],[8.7347,44.6451]]]}},{"type":"Feature","properties":{"i":"006039","n":"Casale Monferrato"},"geometry":{"type":"Polygon","coordinates":[[[8.5478,45.1682],[8.555,45.1643],[8.5396,45.1613],[8.5189,45.1547],[8.5153,45.1477],[8.5054,45.1163],[8.5128,45.1143],[8.5104,45.1117],[8.5139,45.1092],[8.514,45.1036],[8.5066,45.0843],[8.4989,45.0802],[8.4878,45.0772],[8.4832,45.0747],[8.4728,45.0635],[8.4548,45.0494],[8.4465,45.0449],[8.4328,45.0412],[8.4264,45.0423],[8.4246,45.0439],[8.421,45.0528],[8.4236,45.0541],[8.4342,45.0552],[8.4344,45.0563],[8.4334,45.0568],[8.4429,45.0571],[8.4462,45.0582],[8.4603,45.06],[8.4677,45.0658],[8.4691,45.0863],[8.4642,45.0846],[8.4465,45.0933],[8.4363,45.0931],[8.4333,45.0923],[8.4292,45.0966],[8.4307,45.0991],[8.4327,45.1074],[8.4312,45.1138],[8.4232,45.1192],[8.4102,45.1232],[8.4096,45.1242],[8.4069,45.1251],[8.4,45.1243],[8.3937,45.1217],[8.3924,45.1202],[8.3918,45.1169],[8.387,45.1178],[8.3712,45.1256],[8.3695,45.1325],[8.368,45.1344],[8.3625,45.1338],[8.3595,45.1423],[8.3836,45.1406],[8.3906,45.1412],[8.3988,45.1402],[8.4029,45.1375],[8.4061,45.1366],[8.4076,45.1393],[8.4107,45.1624],[8.4029,45.1697],[8.4083,45.1699],[8.4179,45.1687],[8.4308,45.1706],[8.4353,45.1684],[8.4358,45.1667],[8.4371,45.1663],[8.4424,45.1673],[8.4435,45.171],[8.4484,45.1719],[8.455,45.1675],[8.4697,45.1619],[8.4743,45.1623],[8.478,45.1648],[8.5072,45.1741],[8.5149,45.1716],[8.525,45.1747],[8.5339,45.1756],[8.5365,45.1755],[8.5461,45.1681],[8.5478,45.1682]]]}},{"type":"Feature","properties":{"i":"006040","n":"Casalnoceto"},"geometry":{"type":"Polygon","coordinates":[[[9.0184,44.9008],[9.0232,44.897],[9.0191,44.8953],[9.0093,44.8932],[8.9985,44.9005],[8.9774,44.9051],[8.9708,44.9053],[8.9658,44.904],[8.956,44.92],[8.9487,44.9276],[8.9529,44.9278],[8.9527,44.9313],[8.9608,44.9364],[8.9696,44.9435],[8.9706,44.9432],[8.9772,44.9401],[8.9983,44.9179],[9.0013,44.9082],[9.0052,44.9044],[9.008,44.903],[9.0184,44.9008]]]}},{"type":"Feature","properties":{"i":"006041","n":"Casasco"},"geometry":{"type":"Polygon","coordinates":[[[9.0077,44.84],[9.0065,44.838],[9.0097,44.8355],[9.0125,44.8378],[9.0173,44.8388],[9.02,44.8349],[9.023,44.8278],[9.0205,44.8152],[9.0166,44.8093],[9.0147,44.8053],[9.0143,44.8026],[9.0035,44.8039],[8.9947,44.8062],[8.9873,44.8104],[8.9846,44.8146],[8.9861,44.8287],[8.9888,44.8288],[8.9923,44.8303],[8.9958,44.8351],[9.0011,44.8384],[9.0077,44.84]]]}},{"type":"Feature","properties":{"i":"006043","n":"Cassine"},"geometry":{"type":"MultiPolygon","coordinates":[[[[8.5669,44.7906],[8.5678,44.79],[8.5647,44.7802],[8.5567,44.7811],[8.5529,44.7899],[8.5611,44.7916],[8.5669,44.7906]]],[[[8.5432,44.7918],[8.5454,44.7901],[8.5461,44.7871],[8.5397,44.7846],[8.538,44.7809],[8.5418,44.7809],[8.5478,44.7829],[8.549,44.7802],[8.5428,44.7778],[8.5407,44.7692],[8.5435,44.7679],[8.5464,44.7694],[8.5463,44.7703],[8.5513,44.7691],[8.5554,44.7652],[8.5508,44.7635],[8.5444,44.7515],[8.5401,44.7501],[8.5393,44.7491],[8.5397,44.7474],[8.5448,44.743],[8.546,44.738],[8.5425,44.7365],[8.5322,44.7398],[8.5299,44.7432],[8.5307,44.745],[8.5277,44.746],[8.5256,44.7459],[8.5223,44.7439],[8.5187,44.739],[8.518,44.7368],[8.5202,44.7331],[8.528,44.7328],[8.5369,44.7363],[8.5464,44.7298],[8.548,44.728],[8.5485,44.7265],[8.5453,44.7252],[8.5464,44.7196],[8.5393,44.7167],[8.525,44.7169],[8.5009,44.7125],[8.4878,44.7126],[8.484,44.7142],[8.482,44.7177],[8.4854,44.7208],[8.4893,44.7333],[8.4873,44.7429],[8.4892,44.7547],[8.4924,44.7591],[8.4974,44.7636],[8.5032,44.7665],[8.4995,44.7751],[8.5016,44.7833],[8.5295,44.7919],[8.5383,44.7926],[8.5432,44.7918]],[[8.5305,44.7228],[8.5334,44.7198],[8.5378,44.7195],[8.5386,44.72],[8.5418,44.7265],[8.5269,44.7316],[8.5266,44.7307],[8.5305,44.7228]]],[[[8.5469,44.7928],[8.5455,44.7928],[8.5461,44.7949],[8.5484,44.7948],[8.5495,44.7934],[8.5469,44.7928]]],[[[8.569,44.7941],[8.5688,44.7924],[8.5659,44.7927],[8.5624,44.7942],[8.5678,44.796],[8.569,44.7941]]]]}},{"type":"Feature","properties":{"i":"006044","n":"Cassinelle"},"geometry":{"type":"Polygon","coordinates":[[[8.5522,44.5452],[8.5488,44.5432],[8.5415,44.5428],[8.5356,44.5443],[8.5336,44.5467],[8.5301,44.5629],[8.5322,44.5735],[8.536,44.5796],[8.538,44.581],[8.5464,44.6025],[8.5499,44.6136],[8.55,44.6171],[8.5552,44.6157],[8.5647,44.6159],[8.5676,44.6187],[8.572,44.6198],[8.5788,44.6179],[8.5741,44.607],[8.5782,44.6025],[8.5762,44.5967],[8.5763,44.595],[8.5774,44.5914],[8.5815,44.5839],[8.5826,44.5755],[8.5802,44.5606],[8.5788,44.5572],[8.5768,44.5552],[8.5617,44.5537],[8.5474,44.5507],[8.549,44.5479],[8.5522,44.5452]]]}},{"type":"Feature","properties":{"i":"006045","n":"Castellania Coppi"},"geometry":{"type":"Polygon","coordinates":[[[8.9612,44.796],[8.9632,44.7946],[8.9654,44.7883],[8.9585,44.7835],[8.9376,44.7876],[8.9253,44.7892],[8.9186,44.7935],[8.9142,44.7982],[8.9194,44.8025],[8.9223,44.8092],[8.9238,44.8101],[8.9333,44.8105],[8.9527,44.8023],[8.9569,44.7947],[8.9593,44.7923],[8.9608,44.7931],[8.9612,44.796]]]}},{"type":"Feature","properties":{"i":"006046","n":"Castellar Guidobono"},"geometry":{"type":"Polygon","coordinates":[[[8.958,44.9166],[8.9633,44.9083],[8.9584,44.9076],[8.9551,44.902],[8.9472,44.8932],[8.9412,44.9033],[8.9401,44.9085],[8.9416,44.9122],[8.951,44.9165],[8.958,44.9166]]]}},{"type":"Feature","properties":{"i":"006047","n":"Castellazzo Bormida"},"geometry":{"type":"Polygon","coordinates":[[[8.629,44.8744],[8.6321,44.872],[8.6317,44.8706],[8.6278,44.8692],[8.6249,44.8671],[8.6251,44.8644],[8.628,44.8628],[8.631,44.8633],[8.6336,44.8564],[8.6314,44.8546],[8.626,44.8564],[8.6233,44.8508],[8.6245,44.8496],[8.6271,44.8492],[8.6246,44.8434],[8.6166,44.8406],[8.6112,44.8378],[8.6081,44.8319],[8.608,44.8302],[8.6084,44.8287],[8.6142,44.8264],[8.6173,44.8181],[8.6242,44.8156],[8.6265,44.812],[8.6282,44.8047],[8.6284,44.8003],[8.6318,44.7947],[8.6343,44.7939],[8.634,44.7923],[8.6305,44.7922],[8.6332,44.7894],[8.6325,44.7847],[8.6273,44.7835],[8.6206,44.7862],[8.6215,44.7983],[8.6199,44.8016],[8.6152,44.8058],[8.6057,44.8047],[8.5901,44.8092],[8.5887,44.8108],[8.5831,44.8115],[8.578,44.81],[8.5702,44.8039],[8.5646,44.8011],[8.5554,44.8052],[8.5543,44.8104],[8.5558,44.8148],[8.5568,44.8158],[8.5496,44.8187],[8.5428,44.8194],[8.5388,44.8187],[8.5357,44.8172],[8.5317,44.8138],[8.5298,44.8138],[8.5387,44.8229],[8.5442,44.8258],[8.5439,44.8343],[8.5446,44.8372],[8.5478,44.8418],[8.5474,44.8436],[8.534,44.8455],[8.5233,44.8436],[8.5143,44.8432],[8.5122,44.8438],[8.5146,44.8528],[8.5176,44.8595],[8.5289,44.8591],[8.5431,44.861],[8.5526,44.8612],[8.5578,44.8604],[8.5596,44.8592],[8.5589,44.8579],[8.5596,44.8568],[8.5608,44.8567],[8.5802,44.859],[8.588,44.8629],[8.6072,44.8754],[8.6122,44.8756],[8.6148,44.8732],[8.629,44.8744]]]}},{"type":"Feature","properties":{"i":"006048","n":"Castelletto d'Erro"},"geometry":{"type":"Polygon","coordinates":[[[8.3863,44.643],[8.3879,44.6406],[8.394,44.6437],[8.3996,44.6425],[8.4015,44.6392],[8.3998,44.622],[8.3969,44.6166],[8.3981,44.614],[8.3939,44.611],[8.3907,44.6105],[8.3866,44.6229],[8.3772,44.6359],[8.3736,44.6396],[8.3721,44.6445],[8.3863,44.643]]]}},{"type":"Feature","properties":{"i":"006049","n":"Castelletto d'Orba"},"geometry":{"type":"Polygon","coordinates":[[[8.7394,44.6982],[8.7348,44.6942],[8.7306,44.6926],[8.7302,44.6914],[8.7309,44.6886],[8.732,44.6877],[8.7287,44.6813],[8.7195,44.6761],[8.712,44.6696],[8.7171,44.6582],[8.7055,44.6574],[8.693,44.6824],[8.6873,44.687],[8.6795,44.6981],[8.6807,44.7053],[8.6957,44.7059],[8.7036,44.704],[8.7256,44.7069],[8.7373,44.7012],[8.7394,44.6982]]]}},{"type":"Feature","properties":{"i":"006050","n":"Castelletto Merli"},"geometry":{"type":"Polygon","coordinates":[[[8.2462,45.0951],[8.2472,45.0916],[8.2468,45.0854],[8.2498,45.0764],[8.2568,45.074],[8.2617,45.0711],[8.2647,45.0665],[8.2645,45.0622],[8.2609,45.0611],[8.2415,45.0634],[8.2379,45.0606],[8.2346,45.0549],[8.2303,45.0508],[8.2255,45.0531],[8.2175,45.0554],[8.2131,45.0578],[8.2188,45.0584],[8.2206,45.0594],[8.2235,45.0711],[8.2229,45.0729],[8.2196,45.0747],[8.2149,45.0832],[8.214,45.0879],[8.2159,45.0924],[8.2199,45.0937],[8.2288,45.0992],[8.2325,45.0992],[8.2316,45.0985],[8.2352,45.0951],[8.2428,45.0941],[8.2462,45.0951]]]}},{"type":"Feature","properties":{"i":"006051","n":"Castelletto Monferrato"},"geometry":{"type":"Polygon","coordinates":[[[8.5957,44.9739],[8.5759,44.9666],[8.5765,44.9632],[8.5616,44.9681],[8.5561,44.9661],[8.5556,44.9597],[8.554,44.9587],[8.5507,44.958],[8.5391,44.9578],[8.5386,44.9567],[8.5334,44.9595],[8.5322,44.9631],[8.5298,44.9665],[8.5186,44.9798],[8.5184,44.9824],[8.5197,44.983],[8.5231,44.9823],[8.5247,44.9805],[8.5451,44.9768],[8.5549,44.9819],[8.5661,44.9859],[8.5793,44.9809],[8.5874,44.9753],[8.5877,44.9743],[8.5957,44.9739]]]}},{"type":"Feature","properties":{"i":"006052","n":"Castelnuovo Bormida"},"geometry":{"type":"Polygon","coordinates":[[[8.5754,44.7213],[8.5704,44.7231],[8.5676,44.7253],[8.5485,44.7265],[8.5464,44.7298],[8.5369,44.7363],[8.528,44.7328],[8.5202,44.7331],[8.518,44.7368],[8.5187,44.739],[8.5223,44.7439],[8.5256,44.7459],[8.5277,44.746],[8.5307,44.745],[8.5299,44.7432],[8.5322,44.7398],[8.5425,44.7365],[8.546,44.738],[8.5448,44.743],[8.5397,44.7474],[8.5393,44.7491],[8.5401,44.7501],[8.5444,44.7515],[8.5508,44.7635],[8.5554,44.7652],[8.5732,44.7576],[8.5814,44.7504],[8.5841,44.7455],[8.5839,44.7325],[8.5754,44.7213]]]}},{"type":"Feature","properties":{"i":"006053","n":"Castelnuovo Scrivia"},"geometry":{"type":"MultiPolygon","coordinates":[[[[8.9256,44.9822],[8.9165,44.9812],[8.9164,44.9771],[8.9134,44.9695],[8.9108,44.9654],[8.9006,44.9436],[8.9014,44.934],[8.8964,44.938],[8.8907,44.9411],[8.8738,44.9441],[8.8546,44.9311],[8.8464,44.9306],[8.846,44.9352],[8.8438,44.941],[8.8418,44.9427],[8.8369,44.9443],[8.8365,44.9556],[8.8398,44.975],[8.8382,44.9832],[8.8439,44.9985],[8.8427,45.005],[8.8393,45.0071],[8.8456,45.0082],[8.8612,45.0154],[8.8622,45.0171],[8.8729,45.0168],[8.8667,45.009],[8.8677,45.0057],[8.8716,45.0044],[8.8731,45.0048],[8.8761,45.0097],[8.8747,45.0111],[8.88,45.0116],[8.8824,45.011],[8.8826,45.0103],[8.888,45.0098],[8.895,45.0143],[8.8977,45.0176],[8.9032,45.0189],[8.9014,45.0126],[8.9013,45.0078],[8.9169,44.9881],[8.9254,44.9847],[8.9256,44.9822]]],[[[8.8518,45.0213],[8.8548,45.0197],[8.8525,45.0178],[8.8518,45.0213]]]]}},{"type":"Feature","properties":{"i":"006054","n":"Castelspina"},"geometry":{"type":"Polygon","coordinates":[[[8.621,44.7935],[8.6118,44.7889],[8.6073,44.7903],[8.6031,44.7936],[8.5889,44.7958],[8.5797,44.7963],[8.5766,44.7956],[8.573,44.7993],[8.5702,44.8039],[8.578,44.81],[8.5831,44.8115],[8.5887,44.8108],[8.5901,44.8092],[8.6057,44.8047],[8.6152,44.8058],[8.6199,44.8016],[8.6213,44.7991],[8.621,44.7935]]]}},{"type":"Feature","properties":{"i":"006055","n":"Cavatore"},"geometry":{"type":"Polygon","coordinates":[[[8.4738,44.6376],[8.4751,44.6353],[8.4746,44.629],[8.4753,44.6247],[8.4771,44.6245],[8.4782,44.6231],[8.4777,44.6204],[8.4743,44.6163],[8.4649,44.615],[8.4532,44.6108],[8.4464,44.6151],[8.4422,44.6247],[8.4386,44.6298],[8.4325,44.6325],[8.4288,44.636],[8.4311,44.6381],[8.4451,44.6416],[8.4493,44.6484],[8.4493,44.6523],[8.4529,44.652],[8.4554,44.6534],[8.4561,44.6554],[8.459,44.6557],[8.4628,44.6545],[8.4691,44.6458],[8.4738,44.6376]]]}},{"type":"Feature","properties":{"i":"006056","n":"Cella Monte"},"geometry":{"type":"Polygon","coordinates":[[[8.3943,45.0537],[8.3806,45.0503],[8.3793,45.0529],[8.3754,45.0549],[8.3625,45.0592],[8.3646,45.0622],[8.3697,45.0636],[8.3773,45.0683],[8.3812,45.0689],[8.3811,45.0731],[8.3763,45.0817],[8.3849,45.0836],[8.3867,45.0815],[8.3914,45.0793],[8.399,45.0696],[8.3999,45.0654],[8.3943,45.0537]]]}},{"type":"Feature","properties":{"i":"006057","n":"Cereseto"},"geometry":{"type":"Polygon","coordinates":[[[8.3272,45.115],[8.3259,45.1125],[8.3298,45.1072],[8.3348,45.1054],[8.3382,45.1055],[8.3384,45.0999],[8.3368,45.0983],[8.3373,45.097],[8.3394,45.0937],[8.3439,45.0912],[8.3356,45.0795],[8.3345,45.077],[8.3344,45.071],[8.3314,45.069],[8.3268,45.0686],[8.3115,45.0707],[8.3025,45.0771],[8.3064,45.0814],[8.3079,45.0853],[8.3081,45.0915],[8.307,45.0961],[8.3079,45.0997],[8.3118,45.106],[8.3147,45.109],[8.3168,45.1083],[8.3194,45.1114],[8.3243,45.1117],[8.3252,45.1159],[8.3272,45.115]]]}},{"type":"Feature","properties":{"i":"006058","n":"Cerreto Grue"},"geometry":{"type":"Polygon","coordinates":[[[8.9378,44.8474],[8.9421,44.8423],[8.9462,44.8334],[8.9446,44.8288],[8.945,44.8282],[8.9336,44.8279],[8.93,44.8268],[8.926,44.8276],[8.9204,44.8314],[8.9135,44.8391],[8.9193,44.8473],[8.9245,44.8514],[8.9378,44.8474]]]}},{"type":"Feature","properties":{"i":"006059","n":"Cerrina Monferrato"},"geometry":{"type":"Polygon","coordinates":[[[8.2325,45.0992],[8.2288,45.0992],[8.2199,45.0937],[8.2159,45.0924],[8.2081,45.0924],[8.2054,45.0944],[8.1921,45.0959],[8.1788,45.104],[8.1777,45.1129],[8.176,45.1175],[8.1834,45.1256],[8.2098,45.1319],[8.2109,45.1346],[8.2171,45.1371],[8.2255,45.1261],[8.2293,45.1233],[8.2356,45.1209],[8.2418,45.1208],[8.2435,45.1186],[8.2439,45.1082],[8.2425,45.1048],[8.2325,45.0992]]]}},{"type":"Feature","properties":{"i":"006060","n":"Coniolo"},"geometry":{"type":"Polygon","coordinates":[[[8.4107,45.1624],[8.4076,45.1393],[8.4061,45.1366],[8.4029,45.1375],[8.3988,45.1402],[8.3906,45.1412],[8.3836,45.1406],[8.3595,45.1423],[8.3544,45.1539],[8.3511,45.1589],[8.3543,45.162],[8.3569,45.1632],[8.3634,45.162],[8.3948,45.1636],[8.4107,45.1624]]]}},{"type":"Feature","properties":{"i":"006061","n":"Conzano"},"geometry":{"type":"Polygon","coordinates":[[[8.4853,45.0418],[8.4809,45.0339],[8.4778,45.0218],[8.4762,45.0189],[8.4734,45.0171],[8.4549,45.0092],[8.4424,45.0224],[8.4419,45.0287],[8.4467,45.0422],[8.4454,45.0446],[8.4548,45.0494],[8.4685,45.06],[8.4725,45.0529],[8.4802,45.0442],[8.4853,45.0418]]]}},{"type":"Feature","properties":{"i":"006062","n":"Costa Vescovato"},"geometry":{"type":"Polygon","coordinates":[[[8.945,44.8282],[8.9482,44.8255],[8.9462,44.8251],[8.9451,44.8234],[8.9452,44.8213],[8.9597,44.7969],[8.9614,44.7957],[8.9608,44.7931],[8.9593,44.7923],[8.9569,44.7947],[8.9529,44.8022],[8.95,44.8039],[8.9333,44.8105],[8.9238,44.8101],[8.9223,44.8092],[8.9201,44.8128],[8.9106,44.821],[8.9081,44.8261],[8.9008,44.8297],[8.9135,44.8391],[8.9204,44.8314],[8.926,44.8276],[8.93,44.8268],[8.9336,44.8279],[8.945,44.8282]]]}},{"type":"Feature","properties":{"i":"006063","n":"Cremolino"},"geometry":{"type":"Polygon","coordinates":[[[8.5647,44.6499],[8.5677,44.6495],[8.5792,44.6449],[8.5817,44.643],[8.5842,44.6384],[8.5858,44.6384],[8.5874,44.6395],[8.5902,44.6432],[8.59,44.6449],[8.5918,44.6467],[8.5944,44.6474],[8.5989,44.6461],[8.6007,44.6406],[8.6106,44.6368],[8.6191,44.6321],[8.6176,44.6264],[8.6153,44.6244],[8.6126,44.6234],[8.6049,44.625],[8.6037,44.6242],[8.6038,44.622],[8.5978,44.6222],[8.5886,44.6244],[8.5766,44.6218],[8.5725,44.6197],[8.5676,44.6187],[8.5647,44.6159],[8.5552,44.6157],[8.55,44.6171],[8.5507,44.6207],[8.55,44.6227],[8.5429,44.6218],[8.538,44.6227],[8.5342,44.6243],[8.5366,44.627],[8.538,44.6328],[8.5473,44.6367],[8.5533,44.6359],[8.562,44.6516],[8.5647,44.6499]]]}},{"type":"Feature","properties":{"i":"006065","n":"Denice"},"geometry":{"type":"Polygon","coordinates":[[[8.3332,44.6201],[8.3344,44.6177],[8.3421,44.6126],[8.3471,44.6105],[8.3481,44.6122],[8.3507,44.6123],[8.3544,44.6094],[8.3469,44.5919],[8.3424,44.5923],[8.3389,44.5917],[8.3385,44.5881],[8.3344,44.5878],[8.3288,44.5894],[8.3264,44.5916],[8.3195,44.594],[8.317,44.5956],[8.314,44.6019],[8.3162,44.608],[8.3241,44.6149],[8.3268,44.6209],[8.3332,44.6201]]]}},{"type":"Feature","properties":{"i":"006066","n":"Dernice"},"geometry":{"type":"MultiPolygon","coordinates":[[[[9.0708,44.778],[9.0701,44.7779],[9.0697,44.779],[9.0707,44.7791],[9.0708,44.778]]],[[[9.0679,44.7801],[9.0733,44.768],[9.0698,44.7559],[9.07,44.7524],[9.0722,44.747],[9.0666,44.7382],[9.0669,44.7369],[9.0635,44.7345],[9.0542,44.7344],[9.0534,44.7354],[9.0541,44.7431],[9.0337,44.747],[9.0265,44.7511],[9.0059,44.7521],[9.0065,44.7567],[9.0084,44.759],[9.0079,44.7612],[9.0121,44.7633],[9.0132,44.7677],[9.0237,44.7725],[9.0299,44.773],[9.0348,44.7766],[9.0348,44.7792],[9.0391,44.7842],[9.0472,44.7883],[9.0541,44.783],[9.0679,44.7801]]]]}},{"type":"Feature","properties":{"i":"006067","n":"Fabbrica Curone"},"geometry":{"type":"Polygon","coordinates":[[[9.1653,44.8003],[9.1735,44.7961],[9.1738,44.7839],[9.171,44.7799],[9.1703,44.7764],[9.1717,44.7717],[9.1891,44.7594],[9.1942,44.7568],[9.2136,44.7523],[9.214,44.7455],[9.211,44.7345],[9.2038,44.7247],[9.2028,44.7221],[9.2054,44.7095],[9.2072,44.7055],[9.2064,44.6991],[9.203,44.6911],[9.2001,44.6861],[9.194,44.688],[9.1859,44.6892],[9.1773,44.6893],[9.1674,44.6911],[9.1579,44.6963],[9.1567,44.7008],[9.1526,44.7073],[9.1462,44.7138],[9.1361,44.7221],[9.1287,44.727],[9.1324,44.7302],[9.1355,44.7343],[9.1372,44.7381],[9.1393,44.7453],[9.1398,44.7521],[9.1373,44.7656],[9.1293,44.7721],[9.1276,44.7743],[9.13,44.7803],[9.132,44.7828],[9.1316,44.79],[9.1361,44.7971],[9.1445,44.7982],[9.1528,44.802],[9.1593,44.8023],[9.1653,44.8003]]]}},{"type":"Feature","properties":{"i":"006068","n":"Felizzano"},"geometry":{"type":"Polygon","coordinates":[[[8.4359,44.9271],[8.4379,44.9249],[8.4453,44.921],[8.4582,44.9185],[8.4636,44.9156],[8.4662,44.9121],[8.4703,44.9026],[8.4665,44.901],[8.4657,44.8998],[8.4658,44.8977],[8.4674,44.8963],[8.4734,44.8936],[8.4737,44.8911],[8.4718,44.8895],[8.4679,44.8882],[8.4622,44.8803],[8.4625,44.8782],[8.4605,44.8769],[8.4537,44.8777],[8.4522,44.8795],[8.452,44.8812],[8.4586,44.8849],[8.461,44.89],[8.4573,44.8909],[8.4434,44.8913],[8.4343,44.8882],[8.4319,44.8852],[8.4323,44.8828],[8.4368,44.8781],[8.4379,44.8749],[8.4375,44.874],[8.435,44.8737],[8.4331,44.8747],[8.4295,44.878],[8.4303,44.8814],[8.4292,44.8839],[8.4258,44.8859],[8.4231,44.8863],[8.4203,44.8855],[8.4191,44.884],[8.4204,44.8813],[8.4236,44.879],[8.4203,44.8754],[8.4139,44.8725],[8.4059,44.8718],[8.406,44.8864],[8.4078,44.89],[8.4163,44.8925],[8.4179,44.8971],[8.4111,44.9098],[8.4027,44.9157],[8.3969,44.9246],[8.3943,44.9315],[8.3857,44.9378],[8.3822,44.9376],[8.3799,44.9394],[8.3761,44.9464],[8.3762,44.9479],[8.378,44.9494],[8.3828,44.9502],[8.3875,44.9482],[8.3909,44.9419],[8.3963,44.9406],[8.3995,44.9424],[8.4062,44.9399],[8.4124,44.9362],[8.4147,44.9313],[8.4247,44.9286],[8.4359,44.9271]]]}},{"type":"Feature","properties":{"i":"006069","n":"Fraconalto"},"geometry":{"type":"Polygon","coordinates":[[[8.9194,44.5719],[8.9217,44.5671],[8.917,44.5606],[8.9055,44.5563],[8.899,44.5551],[8.8944,44.5554],[8.8913,44.5506],[8.8906,44.5508],[8.8876,44.5529],[8.8883,44.5577],[8.8876,44.5669],[8.8867,44.5687],[8.879,44.5766],[8.8619,44.5886],[8.863,44.5925],[8.8684,44.5991],[8.8798,44.6015],[8.8816,44.6082],[8.8847,44.6106],[8.9026,44.6144],[8.9052,44.6157],[8.9077,44.6139],[8.9062,44.6115],[8.9059,44.6029],[8.9089,44.5969],[8.9119,44.5834],[8.9119,44.58],[8.9173,44.5719],[8.9194,44.5719]]]}},{"type":"Feature","properties":{"i":"006070","n":"Francavilla Bisio"},"geometry":{"type":"Polygon","coordinates":[[[8.7483,44.7367],[8.7489,44.7355],[8.7475,44.7299],[8.7479,44.7246],[8.7469,44.7227],[8.748,44.7216],[8.7506,44.721],[8.7551,44.7172],[8.7612,44.7099],[8.76,44.7074],[8.7524,44.7021],[8.7416,44.7112],[8.7351,44.7151],[8.7305,44.7194],[8.7197,44.7329],[8.7216,44.7372],[8.7216,44.7411],[8.7183,44.7459],[8.7297,44.7477],[8.7387,44.7427],[8.7423,44.7387],[8.7483,44.7367]]]}},{"type":"Feature","properties":{"i":"006071","n":"Frascaro"},"geometry":{"type":"Polygon","coordinates":[[[8.5437,44.8274],[8.5442,44.8258],[8.5387,44.8229],[8.5297,44.8139],[8.5233,44.813],[8.5064,44.8059],[8.4958,44.7998],[8.4923,44.7989],[8.4911,44.8],[8.4938,44.8037],[8.4966,44.8016],[8.5008,44.8095],[8.5078,44.8164],[8.5124,44.818],[8.5151,44.8204],[8.5137,44.8241],[8.5097,44.8259],[8.5076,44.8259],[8.5079,44.8291],[8.515,44.831],[8.5273,44.8301],[8.5397,44.8311],[8.5421,44.8299],[8.5437,44.8274]]]}},{"type":"Feature","properties":{"i":"006072","n":"Frassinello Monferrato"},"geometry":{"type":"Polygon","coordinates":[[[8.3943,45.0537],[8.4046,45.0464],[8.42,45.0406],[8.4137,45.0317],[8.4062,45.0247],[8.4,45.0228],[8.391,45.0217],[8.3725,45.0277],[8.3746,45.0282],[8.3789,45.0316],[8.3811,45.0348],[8.3806,45.0373],[8.3792,45.039],[8.3739,45.0409],[8.3731,45.0448],[8.3806,45.0503],[8.3943,45.0537]]]}},{"type":"Feature","properties":{"i":"006073","n":"Frassineto Po"},"geometry":{"type":"Polygon","coordinates":[[[8.5853,45.1479],[8.5865,45.1467],[8.5879,45.1384],[8.5917,45.1275],[8.5907,45.121],[8.5838,45.1138],[8.5806,45.1118],[8.5601,45.1157],[8.5286,45.1102],[8.5054,45.1163],[8.5153,45.1477],[8.5189,45.1547],[8.5396,45.1613],[8.555,45.1643],[8.5524,45.1593],[8.5544,45.1574],[8.5567,45.1577],[8.5765,45.153],[8.582,45.151],[8.5853,45.1479]]]}},{"type":"Feature","properties":{"i":"006074","n":"Fresonara"},"geometry":{"type":"Polygon","coordinates":[[[8.7203,44.789],[8.7213,44.7852],[8.7186,44.7809],[8.7013,44.7768],[8.6866,44.7755],[8.6805,44.7736],[8.6712,44.7694],[8.6714,44.7657],[8.6676,44.7707],[8.6699,44.7733],[8.6663,44.7719],[8.6671,44.7735],[8.6706,44.7751],[8.6667,44.7793],[8.6656,44.7831],[8.677,44.7869],[8.6829,44.7904],[8.683,44.7951],[8.6958,44.7934],[8.7011,44.794],[8.7108,44.7898],[8.7145,44.7889],[8.7203,44.789]]]}},{"type":"Feature","properties":{"i":"006075","n":"Frugarolo"},"geometry":{"type":"Polygon","coordinates":[[[8.7279,44.8429],[8.7268,44.8419],[8.7214,44.8405],[8.7209,44.841],[8.708,44.8369],[8.7039,44.8332],[8.7002,44.8324],[8.6855,44.8305],[8.6698,44.8342],[8.6625,44.832],[8.6617,44.83],[8.6606,44.8295],[8.6467,44.8286],[8.6439,44.8308],[8.6416,44.8309],[8.6383,44.8379],[8.6382,44.8409],[8.6449,44.8449],[8.6442,44.8484],[8.6347,44.8546],[8.6314,44.8546],[8.6336,44.8564],[8.631,44.8633],[8.628,44.8628],[8.6265,44.8635],[8.6252,44.8643],[8.6248,44.8669],[8.6278,44.8692],[8.6317,44.8706],[8.6321,44.872],[8.629,44.8744],[8.6333,44.8764],[8.6332,44.88],[8.6392,44.8801],[8.6534,44.8675],[8.6585,44.8676],[8.6745,44.871],[8.6897,44.8711],[8.696,44.8694],[8.7033,44.8654],[8.7279,44.8429]]]}},{"type":"Feature","properties":{"i":"006076","n":"Fubine Monferrato"},"geometry":{"type":"Polygon","coordinates":[[[8.454,44.9765],[8.4555,44.9721],[8.4511,44.9681],[8.4501,44.9602],[8.4503,44.9497],[8.4545,44.9437],[8.4495,44.9373],[8.4351,44.9311],[8.4359,44.9271],[8.4247,44.9286],[8.4147,44.9313],[8.4124,44.9362],[8.4062,44.9399],[8.3995,44.9424],[8.3963,44.9406],[8.3909,44.9419],[8.3875,44.9482],[8.3829,44.9502],[8.3857,44.9512],[8.3905,44.9508],[8.3994,44.957],[8.3979,44.9586],[8.3972,44.9678],[8.3995,44.9738],[8.3991,44.9758],[8.3965,44.979],[8.4,44.9775],[8.4032,44.982],[8.4054,44.9877],[8.4083,44.9888],[8.4309,44.9881],[8.4386,44.9905],[8.4372,44.9887],[8.4395,44.9829],[8.4412,44.9824],[8.4493,44.975],[8.4532,44.9743],[8.454,44.9765]]]}},{"type":"Feature","properties":{"i":"006077","n":"Gabiano"},"geometry":{"type":"Polygon","coordinates":[[[8.2375,45.1681],[8.2404,45.166],[8.2393,45.1618],[8.24,45.1529],[8.2435,45.1499],[8.2392,45.1473],[8.2201,45.1396],[8.2176,45.1367],[8.2109,45.1346],[8.2098,45.1319],[8.1826,45.1252],[8.184,45.1302],[8.1854,45.1317],[8.1866,45.138],[8.183,45.1435],[8.1769,45.1489],[8.1792,45.1558],[8.1774,45.1584],[8.1717,45.1576],[8.1721,45.1596],[8.1768,45.16],[8.186,45.1647],[8.1903,45.1699],[8.1897,45.1736],[8.1981,45.178],[8.2023,45.178],[8.212,45.1722],[8.2138,45.1696],[8.2144,45.165],[8.2154,45.164],[8.2274,45.1653],[8.2375,45.1681]]]}},{"type":"Feature","properties":{"i":"006078","n":"Gamalero"},"geometry":{"type":"Polygon","coordinates":[[[8.5702,44.8039],[8.5708,44.8026],[8.5685,44.8001],[8.5623,44.7985],[8.5508,44.7984],[8.5456,44.7969],[8.5432,44.7918],[8.5383,44.7926],[8.5295,44.7919],[8.5142,44.7868],[8.5119,44.7894],[8.5072,44.7885],[8.502,44.7858],[8.4861,44.7959],[8.487,44.7978],[8.4894,44.7994],[8.4911,44.8],[8.4923,44.7989],[8.4958,44.7998],[8.5064,44.8059],[8.5233,44.813],[8.5317,44.8138],[8.5357,44.8172],[8.5428,44.8194],[8.5496,44.8187],[8.5568,44.8158],[8.5558,44.8148],[8.5543,44.8104],[8.5554,44.8052],[8.5646,44.8011],[8.5702,44.8039]]]}},{"type":"Feature","properties":{"i":"006079","n":"Garbagna"},"geometry":{"type":"Polygon","coordinates":[[[9.0143,44.8026],[9.0167,44.7983],[9.0191,44.7965],[9.0422,44.786],[9.0391,44.7842],[9.0348,44.7792],[9.0348,44.7766],[9.0299,44.773],[9.0237,44.7725],[9.0158,44.7694],[9.0132,44.7677],[9.0121,44.7633],[9.0068,44.7607],[8.9934,44.7566],[8.9888,44.7544],[8.9842,44.7536],[8.9853,44.7558],[8.9855,44.7591],[8.9812,44.7664],[8.9624,44.7726],[8.9527,44.7722],[8.9486,44.7743],[8.95,44.777],[8.9539,44.7782],[8.9592,44.7812],[8.9593,44.7832],[8.9585,44.7835],[8.9654,44.7883],[8.9693,44.7874],[8.9956,44.8015],[9.001,44.8021],[9.0035,44.8039],[9.0143,44.8026]]]}},{"type":"Feature","properties":{"i":"006081","n":"Gavi"},"geometry":{"type":"Polygon","coordinates":[[[8.7924,44.7221],[8.7959,44.7222],[8.7986,44.7184],[8.8058,44.7165],[8.8109,44.7172],[8.8191,44.7236],[8.8242,44.7237],[8.8278,44.7229],[8.8312,44.7178],[8.8312,44.7134],[8.8365,44.7067],[8.8416,44.7051],[8.845,44.7006],[8.845,44.6966],[8.8498,44.6953],[8.8545,44.6958],[8.8595,44.6911],[8.8593,44.6898],[8.8638,44.6849],[8.8826,44.6723],[8.8891,44.6687],[8.8892,44.6664],[8.888,44.6651],[8.8784,44.6602],[8.8729,44.6599],[8.8611,44.6631],[8.8515,44.6638],[8.8478,44.6652],[8.8441,44.669],[8.8402,44.6703],[8.8365,44.6711],[8.8308,44.6698],[8.8284,44.6686],[8.8252,44.6627],[8.8156,44.6562],[8.815,44.6542],[8.817,44.6501],[8.8263,44.6517],[8.8228,44.6418],[8.8225,44.6389],[8.8186,44.6375],[8.8183,44.6418],[8.8054,44.6554],[8.7914,44.6625],[8.7913,44.6645],[8.7799,44.682],[8.7753,44.685],[8.7627,44.6908],[8.7593,44.6973],[8.7524,44.7021],[8.76,44.7074],[8.7612,44.7099],[8.7551,44.7172],[8.7506,44.721],[8.748,44.7216],[8.7469,44.7227],[8.7479,44.7246],[8.7555,44.7197],[8.7592,44.7157],[8.7644,44.7135],[8.7708,44.716],[8.784,44.7121],[8.7861,44.7128],[8.7924,44.7221]]]}},{"type":"Feature","properties":{"i":"006082","n":"Giarole"},"geometry":{"type":"Polygon","coordinates":[[[8.5777,45.0472],[8.576,45.0456],[8.572,45.047],[8.5662,45.0477],[8.5632,45.0424],[8.5504,45.0477],[8.5585,45.0571],[8.5595,45.0594],[8.5491,45.0615],[8.5469,45.0644],[8.5485,45.0702],[8.5585,45.0727],[8.5748,45.0679],[8.5774,45.0629],[8.5759,45.0497],[8.5777,45.0472]]]}},{"type":"Feature","properties":{"i":"006083","n":"Gremiasco"},"geometry":{"type":"Polygon","coordinates":[[[9.156,44.8154],[9.161,44.8147],[9.1597,44.8133],[9.1597,44.8063],[9.1649,44.8021],[9.1653,44.8003],[9.1593,44.8023],[9.1528,44.802],[9.1445,44.7982],[9.1361,44.7971],[9.1316,44.79],[9.132,44.7828],[9.13,44.7803],[9.1115,44.7839],[9.1044,44.7837],[9.0941,44.7847],[9.0929,44.7874],[9.081,44.7901],[9.0686,44.7992],[9.0712,44.8015],[9.069,44.8046],[9.0678,44.8102],[9.0697,44.8108],[9.0723,44.8175],[9.077,44.8148],[9.0799,44.8142],[9.0951,44.819],[9.107,44.8105],[9.1158,44.8073],[9.1261,44.8062],[9.1467,44.809],[9.156,44.8154]]]}},{"type":"Feature","properties":{"i":"006084","n":"Grognardo"},"geometry":{"type":"Polygon","coordinates":[[[8.518,44.6291],[8.5213,44.625],[8.5139,44.6201],[8.5021,44.6166],[8.5024,44.6161],[8.4906,44.6118],[8.4856,44.6107],[8.4812,44.6107],[8.479,44.6117],[8.4743,44.6163],[8.4784,44.6217],[8.4771,44.6245],[8.4753,44.6247],[8.4746,44.629],[8.4751,44.6353],[8.4738,44.6376],[8.4799,44.6433],[8.4953,44.638],[8.4981,44.6408],[8.5066,44.6401],[8.518,44.6291]]]}},{"type":"Feature","properties":{"i":"006085","n":"Grondona"},"geometry":{"type":"Polygon","coordinates":[[[8.986,44.6641],[8.9828,44.6634],[8.9725,44.6633],[8.9694,44.6649],[8.9657,44.6721],[8.9595,44.676],[8.9311,44.6761],[8.9211,44.6847],[8.9173,44.6933],[8.9177,44.7004],[8.9227,44.702],[8.9279,44.7019],[8.9329,44.7027],[8.9348,44.7037],[8.9369,44.7067],[8.943,44.7083],[8.9462,44.7067],[8.9528,44.7063],[8.9664,44.7107],[8.9773,44.71],[8.9828,44.7133],[8.9867,44.7147],[9.0047,44.7097],[9.008,44.7099],[9.0182,44.7143],[9.0198,44.716],[9.0198,44.7187],[9.0216,44.7177],[9.0234,44.7149],[9.0268,44.7033],[9.0224,44.6963],[9.0132,44.6913],[9.0074,44.6902],[9.0039,44.6909],[8.9967,44.6902],[8.982,44.6848],[8.977,44.6801],[8.9755,44.6764],[8.9775,44.6709],[8.9827,44.6659],[8.986,44.6641]]]}},{"type":"Feature","properties":{"i":"006086","n":"Guazzora"},"geometry":{"type":"MultiPolygon","coordinates":[[[[8.8518,45.0213],[8.8525,45.0178],[8.8548,45.0197],[8.8622,45.0171],[8.8612,45.0154],[8.8456,45.0082],[8.8393,45.0071],[8.8363,45.0056],[8.8351,45.0061],[8.8333,45.0085],[8.8338,45.0093],[8.8388,45.008],[8.8417,45.0099],[8.8422,45.0146],[8.8405,45.0175],[8.8412,45.0195],[8.8457,45.022],[8.8518,45.0213]]],[[[8.8831,45.0224],[8.8827,45.0218],[8.8792,45.0218],[8.8739,45.0243],[8.8733,45.03],[8.866,45.032],[8.8649,45.0337],[8.8657,45.0354],[8.8717,45.0365],[8.8761,45.0362],[8.88,45.0326],[8.8803,45.0261],[8.8831,45.0224]]]]}},{"type":"Feature","properties":{"i":"006087","n":"Isola Sant'Antonio"},"geometry":{"type":"Polygon","coordinates":[[[8.8877,45.0592],[8.8811,45.0541],[8.8857,45.0506],[8.8916,45.0513],[8.9002,45.0436],[8.8951,45.0404],[8.892,45.0357],[8.8885,45.0291],[8.8889,45.0258],[8.8881,45.0237],[8.8831,45.0224],[8.8803,45.0261],[8.88,45.0326],[8.8761,45.0362],[8.8717,45.0365],[8.8657,45.0354],[8.8649,45.0337],[8.867,45.0313],[8.8733,45.03],[8.8732,45.0281],[8.8628,45.0269],[8.8609,45.0238],[8.8613,45.0217],[8.8627,45.0206],[8.8666,45.0212],[8.8685,45.0226],[8.8722,45.0234],[8.876,45.0231],[8.8792,45.0218],[8.8736,45.0149],[8.8726,45.0146],[8.8727,45.012],[8.8761,45.0097],[8.8729,45.0047],[8.8683,45.0052],[8.867,45.0066],[8.8667,45.009],[8.8729,45.0168],[8.8622,45.0171],[8.8518,45.0213],[8.8477,45.0221],[8.8447,45.0217],[8.8408,45.0189],[8.8406,45.0163],[8.8422,45.0151],[8.8423,45.0121],[8.8413,45.0093],[8.8393,45.0081],[8.8349,45.0087],[8.8223,45.0153],[8.8164,45.0145],[8.8114,45.012],[8.8099,45.0102],[8.8099,45.0086],[8.8043,45.0064],[8.7962,45.0083],[8.7953,45.0092],[8.7946,45.0117],[8.7957,45.0128],[8.8079,45.019],[8.8164,45.0223],[8.8175,45.0235],[8.8172,45.0241],[8.8153,45.0237],[8.8057,45.0205],[8.7983,45.0211],[8.8023,45.0261],[8.7998,45.0295],[8.7969,45.0301],[8.7944,45.0326],[8.7944,45.0341],[8.7956,45.0355],[8.7995,45.0363],[8.8099,45.0343],[8.8218,45.0397],[8.8254,45.044],[8.8309,45.0427],[8.838,45.0442],[8.8405,45.0475],[8.8557,45.0494],[8.8605,45.0512],[8.8636,45.0494],[8.8694,45.0524],[8.8809,45.0603],[8.885,45.0608],[8.8877,45.0592]]]}},{"type":"Feature","properties":{"i":"006088","n":"Lerma"},"geometry":{"type":"MultiPolygon","coordinates":[[[[8.7419,44.58],[8.7413,44.5807],[8.7423,44.5812],[8.7504,44.5837],[8.7604,44.5789],[8.7609,44.5761],[8.7657,44.5735],[8.767,44.5719],[8.7667,44.5711],[8.7605,44.5684],[8.7489,44.5697],[8.7477,44.5711],[8.7469,44.5755],[8.7457,44.5778],[8.7439,44.5794],[8.7419,44.58]]],[[[8.7055,44.6574],[8.7171,44.6582],[8.7205,44.6553],[8.7291,44.6514],[8.7302,44.6496],[8.7317,44.6469],[8.7257,44.6376],[8.7231,44.6213],[8.7236,44.6163],[8.7335,44.6037],[8.7441,44.5937],[8.7438,44.5926],[8.7399,44.5952],[8.7337,44.5935],[8.725,44.6006],[8.7183,44.6097],[8.707,44.6218],[8.6972,44.6269],[8.6946,44.6369],[8.6949,44.64],[8.6932,44.6454],[8.6904,44.6505],[8.6903,44.6571],[8.6955,44.6576],[8.7042,44.6564],[8.7055,44.6574]]]]}},{"type":"Feature","properties":{"i":"006090","n":"Malvicino"},"geometry":{"type":"Polygon","coordinates":[[[8.432,44.5686],[8.4332,44.5601],[8.4447,44.5484],[8.4296,44.5392],[8.4247,44.5404],[8.4201,44.5431],[8.4132,44.5454],[8.4088,44.5442],[8.4102,44.5451],[8.4102,44.5478],[8.4028,44.5586],[8.3985,44.5587],[8.3898,44.5639],[8.389,44.5655],[8.3903,44.569],[8.3931,44.5703],[8.3995,44.57],[8.4059,44.5677],[8.4193,44.5731],[8.4311,44.5718],[8.4319,44.5709],[8.432,44.5686]]]}},{"type":"Feature","properties":{"i":"006091","n":"Masio"},"geometry":{"type":"Polygon","coordinates":[[[8.458,44.8768],[8.4568,44.8743],[8.4568,44.8722],[8.4624,44.8676],[8.4633,44.8636],[8.4628,44.8613],[8.4612,44.8592],[8.4568,44.856],[8.45,44.8535],[8.4463,44.8531],[8.4449,44.8542],[8.4433,44.8588],[8.435,44.8591],[8.4314,44.8582],[8.4315,44.848],[8.4279,44.8453],[8.4271,44.847],[8.4235,44.8495],[8.4102,44.844],[8.4033,44.842],[8.3997,44.8418],[8.3965,44.8428],[8.3934,44.8453],[8.3889,44.8467],[8.3811,44.8448],[8.3762,44.8468],[8.3787,44.8631],[8.3785,44.8653],[8.3813,44.8683],[8.3908,44.8752],[8.3875,44.8788],[8.396,44.8828],[8.4012,44.8824],[8.4027,44.8798],[8.4037,44.8747],[8.4059,44.8718],[8.4112,44.8719],[8.4203,44.8754],[8.4236,44.879],[8.4193,44.8827],[8.4194,44.8847],[8.422,44.8861],[8.4256,44.886],[8.4284,44.8846],[8.4299,44.8826],[8.4303,44.8814],[8.4295,44.878],[8.4331,44.8747],[8.4366,44.8737],[8.4379,44.8749],[8.4368,44.8781],[8.4317,44.884],[8.4334,44.8876],[8.4426,44.8912],[8.4573,44.8909],[8.461,44.89],[8.4598,44.8869],[8.4584,44.8847],[8.4537,44.8826],[8.452,44.8808],[8.4535,44.8779],[8.458,44.8768]]]}},{"type":"Feature","properties":{"i":"006092","n":"Melazzo"},"geometry":{"type":"Polygon","coordinates":[[[8.4493,44.6523],[8.4493,44.6484],[8.4451,44.6416],[8.4311,44.6381],[8.4288,44.636],[8.4325,44.6325],[8.4386,44.6298],[8.4422,44.6247],[8.4464,44.6151],[8.4344,44.6111],[8.4309,44.6119],[8.4298,44.613],[8.4061,44.6177],[8.4044,44.6153],[8.3981,44.614],[8.3969,44.6166],[8.3998,44.622],[8.4015,44.6392],[8.3996,44.6425],[8.394,44.6437],[8.3879,44.6406],[8.3862,44.6426],[8.3859,44.6468],[8.3868,44.6493],[8.4016,44.6573],[8.4062,44.6607],[8.4113,44.6616],[8.4255,44.6612],[8.43,44.6646],[8.4344,44.6711],[8.4381,44.6744],[8.4398,44.6733],[8.4401,44.6709],[8.4375,44.6664],[8.4451,44.6624],[8.4493,44.6523]]]}},{"type":"Feature","properties":{"i":"006093","n":"Merana"},"geometry":{"type":"Polygon","coordinates":[[[8.3148,44.4963],[8.3048,44.5035],[8.2893,44.5032],[8.2763,44.5067],[8.2698,44.5105],[8.2616,44.5194],[8.2721,44.529],[8.2808,44.5332],[8.2803,44.535],[8.2857,44.5317],[8.2938,44.5283],[8.2975,44.5276],[8.3044,44.5228],[8.3017,44.5125],[8.3084,44.5122],[8.3177,44.5071],[8.321,44.5031],[8.3211,44.5005],[8.3202,44.4992],[8.3148,44.4963]]]}},{"type":"Feature","properties":{"i":"006094","n":"Mirabello Monferrato"},"geometry":{"type":"Polygon","coordinates":[[[8.5504,45.0477],[8.5632,45.0424],[8.5557,45.033],[8.5381,45.0248],[8.5301,45.0181],[8.5259,45.0132],[8.5245,45.017],[8.5139,45.0152],[8.5123,45.013],[8.5106,45.0122],[8.5035,45.0114],[8.5032,45.0134],[8.5083,45.0223],[8.5083,45.0237],[8.5065,45.0251],[8.5045,45.0249],[8.4973,45.0223],[8.4963,45.0257],[8.4976,45.0381],[8.4973,45.0411],[8.5005,45.0408],[8.514,45.047],[8.5226,45.0451],[8.5293,45.0466],[8.5353,45.0501],[8.5504,45.0477]]]}},{"type":"Feature","properties":{"i":"006095","n":"Molare"},"geometry":{"type":"Polygon","coordinates":[[[8.6038,44.622],[8.6124,44.6129],[8.6132,44.6055],[8.6216,44.597],[8.6234,44.592],[8.6239,44.5864],[8.6198,44.5838],[8.6188,44.5814],[8.6197,44.5809],[8.6161,44.5755],[8.611,44.5705],[8.6046,44.5698],[8.6012,44.5682],[8.5989,44.5587],[8.6055,44.5524],[8.6129,44.5471],[8.6135,44.5455],[8.6114,44.5427],[8.6081,44.5402],[8.6071,44.5375],[8.6007,44.5389],[8.5958,44.5373],[8.5928,44.5352],[8.5888,44.5314],[8.5903,44.5281],[8.5867,44.5242],[8.5801,44.5234],[8.5782,44.5255],[8.5738,44.5233],[8.5728,44.5214],[8.5684,44.5219],[8.5646,44.5256],[8.5554,44.5412],[8.5473,44.5506],[8.5485,44.5514],[8.5617,44.5537],[8.5768,44.5552],[8.5788,44.5572],[8.5802,44.5606],[8.5826,44.5755],[8.5815,44.5839],[8.5774,44.5914],[8.5763,44.595],[8.5762,44.5967],[8.5782,44.6025],[8.5741,44.607],[8.5788,44.6179],[8.5725,44.6197],[8.5766,44.6218],[8.5886,44.6244],[8.5978,44.6222],[8.6038,44.622]]]}},{"type":"Feature","properties":{"i":"006096","n":"Molino dei Torti"},"geometry":{"type":"Polygon","coordinates":[[[8.9032,45.0189],[8.8977,45.0176],[8.8827,45.0218],[8.8884,45.0241],[8.8889,45.0258],[8.8885,45.0291],[8.8951,45.0404],[8.9022,45.0379],[8.9025,45.0371],[8.9047,45.0266],[8.9032,45.0189]]]}},{"type":"Feature","properties":{"i":"006097","n":"Mombello Monferrato"},"geometry":{"type":"Polygon","coordinates":[[[8.285,45.1466],[8.2836,45.1429],[8.2832,45.139],[8.2767,45.1241],[8.2773,45.1229],[8.2822,45.1194],[8.3052,45.1136],[8.3047,45.11],[8.2667,45.1114],[8.2642,45.1086],[8.2641,45.1031],[8.2616,45.1042],[8.2531,45.101],[8.2508,45.0991],[8.2507,45.0973],[8.2462,45.0951],[8.2428,45.0941],[8.2352,45.0951],[8.2319,45.0982],[8.2333,45.0999],[8.2425,45.1048],[8.2439,45.1082],[8.2435,45.1186],[8.2418,45.1208],[8.2356,45.1209],[8.231,45.1222],[8.2255,45.1261],[8.2176,45.1367],[8.2201,45.1396],[8.2392,45.1473],[8.2435,45.1499],[8.2463,45.1487],[8.2501,45.1451],[8.255,45.1435],[8.2606,45.1437],[8.2727,45.1466],[8.28,45.1471],[8.285,45.1466]]]}},{"type":"Feature","properties":{"i":"006098","n":"Momperone"},"geometry":{"type":"Polygon","coordinates":[[[9.0491,44.8503],[9.0506,44.8468],[9.0645,44.8331],[9.0641,44.8302],[9.062,44.8265],[9.0606,44.8256],[9.0407,44.8304],[9.0218,44.8313],[9.0173,44.8388],[9.0125,44.8378],[9.0097,44.8355],[9.0064,44.8384],[9.0129,44.8491],[9.0183,44.8523],[9.0228,44.8532],[9.0244,44.8518],[9.0283,44.8505],[9.0347,44.8517],[9.0383,44.8538],[9.0434,44.855],[9.0453,44.8546],[9.0491,44.8503]]]}},{"type":"Feature","properties":{"i":"006099","n":"Moncestino"},"geometry":{"type":"Polygon","coordinates":[[[8.1721,45.1596],[8.1717,45.1576],[8.1774,45.1584],[8.1792,45.1558],[8.1769,45.1489],[8.1439,45.1438],[8.1429,45.1485],[8.1399,45.1525],[8.1394,45.1598],[8.1481,45.1665],[8.1548,45.1692],[8.1587,45.1697],[8.1652,45.1688],[8.1705,45.1695],[8.1743,45.1711],[8.1721,45.1596]]]}},{"type":"Feature","properties":{"i":"006100","n":"Mongiardino Ligure"},"geometry":{"type":"Polygon","coordinates":[[[9.0727,44.6728],[9.0754,44.6712],[9.0834,44.6613],[9.0847,44.6557],[9.0834,44.6505],[9.0861,44.6471],[9.0892,44.6465],[9.093,44.6471],[9.1017,44.6513],[9.1096,44.6567],[9.1147,44.6572],[9.1145,44.6512],[9.1113,44.643],[9.1011,44.628],[9.1028,44.626],[9.1073,44.6245],[9.1215,44.6215],[9.1172,44.6158],[9.1099,44.6112],[9.1032,44.6097],[9.0992,44.6122],[9.0846,44.6165],[9.0801,44.621],[9.0733,44.6243],[9.058,44.6218],[9.047,44.6147],[9.0388,44.6409],[9.0315,44.6424],[9.0333,44.6474],[9.0354,44.6487],[9.0365,44.6555],[9.04,44.6648],[9.0419,44.6685],[9.0491,44.6742],[9.0649,44.6733],[9.0712,44.6742],[9.0727,44.6728]]]}},{"type":"Feature","properties":{"i":"006101","n":"Monleale"},"geometry":{"type":"Polygon","coordinates":[[[8.9988,44.8656],[8.9899,44.8621],[8.9836,44.8616],[8.978,44.8572],[8.9758,44.8536],[8.9739,44.8551],[8.9686,44.8547],[8.9572,44.8504],[8.9567,44.8534],[8.9515,44.8592],[8.9519,44.8623],[8.9533,44.8643],[8.9595,44.8653],[8.9616,44.8648],[8.9623,44.8656],[8.9637,44.8767],[8.9608,44.8843],[8.9637,44.8839],[8.9683,44.8884],[8.9684,44.8932],[8.9707,44.8949],[8.9761,44.8907],[8.9905,44.8828],[8.998,44.8727],[8.9971,44.8671],[8.9988,44.8656]]]}},{"type":"Feature","properties":{"i":"006102","n":"Montacuto"},"geometry":{"type":"Polygon","coordinates":[[[9.13,44.7803],[9.1276,44.7743],[9.1293,44.7721],[9.1373,44.7656],[9.1398,44.7521],[9.1393,44.7453],[9.1372,44.7381],[9.1355,44.7343],[9.1324,44.7302],[9.1287,44.727],[9.1238,44.7256],[9.1201,44.7336],[9.1137,44.7403],[9.0924,44.7479],[9.0842,44.7493],[9.0722,44.747],[9.07,44.7524],[9.0698,44.7559],[9.0733,44.768],[9.0679,44.7801],[9.0739,44.7798],[9.0906,44.7816],[9.0929,44.7874],[9.0941,44.7847],[9.0963,44.7841],[9.1115,44.7839],[9.13,44.7803]],[[9.0708,44.778],[9.0707,44.7791],[9.0697,44.779],[9.0701,44.7779],[9.0708,44.778]]]}},{"type":"Feature","properties":{"i":"006103","n":"Montaldeo"},"geometry":{"type":"Polygon","coordinates":[[[8.7427,44.6548],[8.7387,44.6535],[8.7349,44.6484],[8.7347,44.6451],[8.7317,44.6469],[8.7291,44.6514],[8.7205,44.6553],[8.7171,44.6582],[8.712,44.6696],[8.7195,44.6761],[8.7287,44.6813],[8.731,44.6859],[8.7356,44.6815],[8.7372,44.6616],[8.7394,44.6575],[8.7427,44.6548]]]}},{"type":"Feature","properties":{"i":"006104","n":"Montaldo Bormida"},"geometry":{"type":"Polygon","coordinates":[[[8.5929,44.6768],[8.5912,44.6783],[8.5853,44.6789],[8.5802,44.6803],[8.5774,44.6831],[8.5784,44.6927],[8.5807,44.6927],[8.5836,44.6941],[8.5872,44.6973],[8.5878,44.6988],[8.5811,44.7038],[8.5813,44.7059],[8.5839,44.7085],[8.601,44.7113],[8.6041,44.7159],[8.6059,44.7157],[8.6078,44.7138],[8.6094,44.7088],[8.6073,44.7041],[8.6031,44.6981],[8.5983,44.6935],[8.5961,44.6901],[8.5959,44.6837],[8.5976,44.6824],[8.5929,44.6768]]]}},{"type":"Feature","properties":{"i":"006105","n":"Montecastello"},"geometry":{"type":"Polygon","coordinates":[[[8.6891,44.973],[8.697,44.9688],[8.6992,44.9661],[8.7081,44.9662],[8.7071,44.9645],[8.7134,44.9523],[8.7135,44.9506],[8.7128,44.9488],[8.7102,44.9476],[8.7053,44.9421],[8.7011,44.9436],[8.6821,44.9466],[8.6712,44.9622],[8.6718,44.9656],[8.6765,44.973],[8.6891,44.973]]]}},{"type":"Feature","properties":{"i":"006106","n":"Montechiaro d'Acqui"},"geometry":{"type":"Polygon","coordinates":[[[8.3939,44.611],[8.3934,44.6066],[8.3965,44.6015],[8.4004,44.5995],[8.4043,44.5934],[8.4042,44.5889],[8.4033,44.5875],[8.4043,44.5832],[8.409,44.5757],[8.4167,44.5718],[8.4059,44.5677],[8.3995,44.57],[8.3938,44.5704],[8.3903,44.569],[8.3892,44.5664],[8.3791,44.566],[8.3706,44.5707],[8.3679,44.5746],[8.3687,44.5752],[8.367,44.5776],[8.3634,44.5806],[8.3562,44.5839],[8.3515,44.5899],[8.3469,44.5919],[8.3544,44.609],[8.363,44.6087],[8.3665,44.6055],[8.3728,44.6062],[8.379,44.6087],[8.3817,44.6152],[8.3801,44.6184],[8.3866,44.6229],[8.3907,44.6105],[8.3939,44.611]]]}},{"type":"Feature","properties":{"i":"006107","n":"Montegioco"},"geometry":{"type":"Polygon","coordinates":[[[8.9758,44.8536],[8.9693,44.8424],[8.9666,44.836],[8.967,44.8352],[8.9706,44.8345],[8.9783,44.8393],[8.9797,44.8386],[8.9804,44.8367],[8.9778,44.8307],[8.9583,44.8315],[8.9512,44.8279],[8.9482,44.8255],[8.945,44.8282],[8.9446,44.8288],[8.9462,44.8334],[8.9421,44.8423],[8.9378,44.8474],[8.9523,44.8468],[8.9572,44.8504],[8.9686,44.8547],[8.9739,44.8551],[8.9758,44.8536]]]}},{"type":"Feature","properties":{"i":"006108","n":"Montemarzino"},"geometry":{"type":"Polygon","coordinates":[[[9.0131,44.8685],[9.0176,44.8649],[9.0182,44.8626],[9.0144,44.8583],[9.0065,44.8558],[9.0087,44.8526],[9.0129,44.8491],[9.0077,44.84],[9.0011,44.8384],[8.9958,44.8351],[8.9923,44.8303],[8.9877,44.8286],[8.9778,44.8307],[8.9804,44.8367],[8.9797,44.8386],[8.9783,44.8393],[8.9743,44.8372],[8.9718,44.8348],[8.9699,44.8344],[8.967,44.8352],[8.9666,44.836],[8.9693,44.8424],[8.9742,44.85],[8.977,44.856],[8.9808,44.86],[8.9837,44.8617],[8.9899,44.8621],[8.9988,44.8656],[9.0036,44.8656],[9.0083,44.8678],[9.0131,44.8685]]]}},{"type":"Feature","properties":{"i":"006109","n":"Morano sul Po"},"geometry":{"type":"Polygon","coordinates":[[[8.3851,45.2005],[8.3854,45.1977],[8.3764,45.1913],[8.3763,45.1877],[8.3811,45.1759],[8.3836,45.1729],[8.388,45.1714],[8.3985,45.1719],[8.4029,45.1697],[8.4107,45.1624],[8.3948,45.1636],[8.3634,45.162],[8.3567,45.1632],[8.3543,45.162],[8.3511,45.1589],[8.3544,45.1539],[8.3529,45.1545],[8.3307,45.1534],[8.3234,45.1584],[8.3119,45.1513],[8.3101,45.1511],[8.3091,45.1518],[8.31,45.1531],[8.3162,45.1597],[8.3201,45.1577],[8.3214,45.1587],[8.321,45.1664],[8.3073,45.1694],[8.3055,45.1666],[8.3064,45.1645],[8.3014,45.1635],[8.2967,45.1674],[8.2945,45.1728],[8.3069,45.1779],[8.3219,45.1738],[8.3256,45.1704],[8.3283,45.1692],[8.3377,45.1706],[8.3417,45.1724],[8.3527,45.1849],[8.3611,45.1905],[8.3615,45.1916],[8.3604,45.1949],[8.3592,45.1958],[8.362,45.1973],[8.3753,45.2011],[8.3851,45.2005]]]}},{"type":"Feature","properties":{"i":"006110","n":"Morbello"},"geometry":{"type":"Polygon","coordinates":[[[8.5366,44.627],[8.5342,44.6243],[8.538,44.6227],[8.5429,44.6218],[8.55,44.6227],[8.5507,44.6199],[8.5499,44.6136],[8.5426,44.5924],[8.538,44.581],[8.536,44.5796],[8.5322,44.5735],[8.5301,44.5629],[8.5336,44.5467],[8.5206,44.5552],[8.4982,44.5799],[8.4967,44.5817],[8.491,44.5979],[8.4999,44.6099],[8.5027,44.6156],[8.5021,44.6166],[8.5139,44.6201],[8.5213,44.625],[8.518,44.6291],[8.5256,44.6352],[8.5269,44.6313],[8.5314,44.6263],[8.5366,44.627]]]}},{"type":"Feature","properties":{"i":"006111","n":"Mornese"},"geometry":{"type":"Polygon","coordinates":[[[8.7555,44.6536],[8.7599,44.6511],[8.7652,44.6494],[8.7691,44.6464],[8.7743,44.6355],[8.7812,44.6269],[8.7806,44.6212],[8.7747,44.6161],[8.7704,44.6094],[8.7647,44.5952],[8.7659,44.5854],[8.7647,44.5835],[8.7601,44.5883],[8.7582,44.6018],[8.7494,44.6152],[8.747,44.6157],[8.743,44.6205],[8.7417,44.6233],[8.7462,44.629],[8.7505,44.6325],[8.7482,44.6385],[8.7432,44.6424],[8.7347,44.6451],[8.7349,44.6484],[8.7387,44.6535],[8.7427,44.6548],[8.7555,44.6536]]]}},{"type":"Feature","properties":{"i":"006112","n":"Morsasco"},"geometry":{"type":"Polygon","coordinates":[[[8.5689,44.6736],[8.5668,44.6711],[8.5718,44.6687],[8.5764,44.663],[8.5768,44.6613],[8.5761,44.6595],[8.5747,44.6589],[8.5675,44.6582],[8.5647,44.6499],[8.562,44.6516],[8.5503,44.6521],[8.5265,44.6601],[8.5255,44.676],[8.527,44.6787],[8.5377,44.6818],[8.5476,44.6832],[8.5649,44.6767],[8.5689,44.6736]]]}},{"type":"Feature","properties":{"i":"006113","n":"Murisengo"},"geometry":{"type":"Polygon","coordinates":[[[8.1211,45.1068],[8.1277,45.104],[8.1354,45.1045],[8.1422,45.1027],[8.1491,45.0972],[8.1654,45.0898],[8.169,45.087],[8.1713,45.0833],[8.1562,45.0767],[8.149,45.0715],[8.1518,45.0653],[8.1527,45.06],[8.1502,45.0535],[8.1426,45.0535],[8.1419,45.0517],[8.1403,45.0515],[8.1352,45.0532],[8.1321,45.0561],[8.1337,45.0652],[8.126,45.0693],[8.1184,45.0717],[8.1193,45.0792],[8.1178,45.0826],[8.1216,45.0839],[8.1203,45.0896],[8.1139,45.0921],[8.1101,45.0945],[8.1094,45.0987],[8.1128,45.107],[8.1211,45.1068]]]}},{"type":"Feature","properties":{"i":"006114","n":"Novi Ligure"},"geometry":{"type":"Polygon","coordinates":[[[8.8468,44.7969],[8.8501,44.7948],[8.8507,44.7887],[8.8491,44.7794],[8.8461,44.7691],[8.8472,44.7626],[8.8499,44.7582],[8.8412,44.7556],[8.8317,44.7389],[8.8228,44.7279],[8.8242,44.7237],[8.8191,44.7236],[8.8109,44.7172],[8.8058,44.7165],[8.7987,44.7184],[8.7959,44.7222],[8.7924,44.7221],[8.7912,44.7248],[8.7789,44.7324],[8.7624,44.7398],[8.7612,44.742],[8.7568,44.7453],[8.7557,44.7476],[8.7574,44.7492],[8.7666,44.7516],[8.767,44.7537],[8.755,44.7595],[8.74,44.7634],[8.7434,44.7699],[8.7435,44.7726],[8.7416,44.7799],[8.7344,44.7876],[8.7227,44.7903],[8.7237,44.7935],[8.7226,44.7958],[8.7259,44.8028],[8.7347,44.8082],[8.7408,44.8042],[8.7427,44.8042],[8.7433,44.8051],[8.7463,44.8047],[8.7556,44.8015],[8.7575,44.7994],[8.7616,44.7903],[8.7665,44.7851],[8.7808,44.7809],[8.8004,44.7837],[8.8117,44.7868],[8.8172,44.8008],[8.8321,44.803],[8.8436,44.7996],[8.8463,44.7982],[8.8468,44.7969]]]}},{"type":"Feature","properties":{"i":"006115","n":"Occimiano"},"geometry":{"type":"Polygon","coordinates":[[[8.5478,45.0742],[8.5485,45.0702],[8.5469,45.0644],[8.5491,45.0615],[8.5595,45.0594],[8.5585,45.0571],[8.5504,45.0477],[8.5353,45.0501],[8.5293,45.0466],[8.5226,45.0451],[8.514,45.047],[8.5005,45.0408],[8.4853,45.0418],[8.4802,45.0442],[8.4725,45.0529],[8.4685,45.06],[8.4728,45.0635],[8.4832,45.0747],[8.4878,45.0772],[8.4989,45.0802],[8.5066,45.0843],[8.5478,45.0742]]]}},{"type":"Feature","properties":{"i":"006116","n":"Odalengo Grande"},"geometry":{"type":"Polygon","coordinates":[[[8.176,45.1175],[8.1777,45.1129],[8.1781,45.1055],[8.1789,45.1039],[8.1921,45.0959],[8.2054,45.0944],[8.2081,45.0924],[8.2048,45.0887],[8.1858,45.0821],[8.1844,45.0808],[8.1827,45.0831],[8.1754,45.0855],[8.1713,45.0833],[8.169,45.087],[8.1654,45.0898],[8.1491,45.0972],[8.1422,45.1027],[8.1354,45.1045],[8.1277,45.104],[8.1211,45.1068],[8.1241,45.1088],[8.1282,45.1152],[8.1298,45.1206],[8.129,45.123],[8.1362,45.1289],[8.1469,45.1251],[8.1604,45.1221],[8.1702,45.1162],[8.1743,45.1166],[8.176,45.1175]]]}},{"type":"Feature","properties":{"i":"006117","n":"Odalengo Piccolo"},"geometry":{"type":"Polygon","coordinates":[[[8.2159,45.0924],[8.214,45.0879],[8.2149,45.0832],[8.2196,45.0747],[8.2229,45.0729],[8.2235,45.0711],[8.2213,45.0603],[8.2188,45.0584],[8.2087,45.0575],[8.1966,45.0593],[8.195,45.0625],[8.1966,45.0672],[8.1961,45.0694],[8.1884,45.0718],[8.1845,45.0744],[8.1842,45.0757],[8.186,45.0775],[8.1866,45.0796],[8.1844,45.0808],[8.1858,45.0821],[8.2048,45.0887],[8.2081,45.0924],[8.2159,45.0924]]]}},{"type":"Feature","properties":{"i":"006118","n":"Olivola"},"geometry":{"type":"Polygon","coordinates":[[[8.3725,45.0277],[8.3585,45.026],[8.3565,45.0281],[8.3585,45.033],[8.3577,45.0367],[8.3606,45.0421],[8.3718,45.0459],[8.3731,45.0448],[8.3739,45.0409],[8.3792,45.039],[8.3806,45.0373],[8.3809,45.0343],[8.3789,45.0316],[8.3746,45.0282],[8.3725,45.0277]]]}},{"type":"Feature","properties":{"i":"006119","n":"Orsara Bormida"},"geometry":{"type":"Polygon","coordinates":[[[8.5784,44.6927],[8.5766,44.6779],[8.5689,44.6736],[8.5649,44.6767],[8.5476,44.6832],[8.5486,44.6833],[8.5506,44.6889],[8.5495,44.6896],[8.5495,44.6909],[8.5535,44.6933],[8.558,44.6999],[8.5599,44.7011],[8.5692,44.7019],[8.5786,44.6936],[8.5784,44.6927]]]}},{"type":"Feature","properties":{"i":"006120","n":"Ottiglio"},"geometry":{"type":"Polygon","coordinates":[[[8.3346,45.072],[8.3436,45.0652],[8.3523,45.0616],[8.3591,45.0609],[8.3646,45.0622],[8.3625,45.0592],[8.3754,45.0549],[8.3793,45.0529],[8.3806,45.0503],[8.3731,45.0448],[8.3718,45.0459],[8.3606,45.0421],[8.3577,45.0367],[8.3585,45.033],[8.3565,45.0281],[8.3519,45.0283],[8.3482,45.034],[8.3365,45.035],[8.3333,45.0337],[8.3307,45.0349],[8.3254,45.0408],[8.3189,45.0532],[8.3158,45.054],[8.305,45.0596],[8.3115,45.0707],[8.3268,45.0686],[8.3312,45.0689],[8.3344,45.071],[8.3346,45.072]]]}},{"type":"Feature","properties":{"i":"006121","n":"Ovada"},"geometry":{"type":"Polygon","coordinates":[[[8.6685,44.657],[8.6712,44.6526],[8.6678,44.649],[8.6584,44.6447],[8.657,44.6407],[8.6568,44.6395],[8.6588,44.6352],[8.6613,44.6343],[8.661,44.6331],[8.6582,44.6313],[8.6518,44.6333],[8.6488,44.6332],[8.6467,44.6312],[8.6551,44.619],[8.6593,44.616],[8.6678,44.6156],[8.6722,44.6123],[8.6712,44.6098],[8.6679,44.6073],[8.6663,44.6075],[8.6644,44.6023],[8.6638,44.5928],[8.6626,44.589],[8.6658,44.5826],[8.6668,44.5825],[8.6625,44.5798],[8.6459,44.5816],[8.6402,44.5791],[8.6316,44.5809],[8.6239,44.5864],[8.6226,44.5953],[8.6132,44.6055],[8.6124,44.6129],[8.6038,44.6221],[8.6037,44.6242],[8.6049,44.625],[8.6126,44.6234],[8.6153,44.6244],[8.6176,44.6264],[8.6191,44.6321],[8.6106,44.6368],[8.6007,44.6406],[8.5995,44.6456],[8.6127,44.657],[8.6143,44.661],[8.6192,44.6628],[8.6329,44.6637],[8.6488,44.662],[8.651,44.6633],[8.6546,44.6676],[8.6641,44.6623],[8.6685,44.657]]]}},{"type":"Feature","properties":{"i":"006122","n":"Oviglio"},"geometry":{"type":"Polygon","coordinates":[[[8.5263,44.8952],[8.5211,44.8944],[8.5163,44.8914],[8.5077,44.8834],[8.5043,44.878],[8.505,44.8763],[8.5138,44.8688],[8.5207,44.865],[8.5206,44.8595],[8.5176,44.8595],[8.517,44.8587],[8.5122,44.8438],[8.5076,44.8402],[8.4996,44.8377],[8.4847,44.8425],[8.4824,44.8429],[8.4746,44.841],[8.4678,44.8435],[8.4553,44.8458],[8.4406,44.8453],[8.4297,44.8407],[8.4282,44.8382],[8.4257,44.8398],[8.4232,44.8447],[8.4235,44.8495],[8.4271,44.847],[8.4279,44.8453],[8.4304,44.8466],[8.4315,44.848],[8.4319,44.8516],[8.4314,44.8582],[8.435,44.8591],[8.4433,44.8588],[8.4449,44.8542],[8.4463,44.8531],[8.45,44.8535],[8.4568,44.856],[8.4626,44.8609],[8.4633,44.8636],[8.4624,44.8676],[8.4568,44.8722],[8.4568,44.8743],[8.458,44.8768],[8.4605,44.8769],[8.4625,44.8782],[8.4622,44.8803],[8.4679,44.8882],[8.4725,44.8899],[8.4739,44.8917],[8.4729,44.894],[8.466,44.8974],[8.4657,44.8998],[8.4675,44.9017],[8.4745,44.9026],[8.4827,44.8996],[8.4858,44.8953],[8.4864,44.8901],[8.4913,44.8844],[8.4958,44.8828],[8.4981,44.8831],[8.5015,44.8854],[8.5088,44.8961],[8.5102,44.897],[8.5207,44.8987],[8.5248,44.8969],[8.5263,44.8952]]]}},{"type":"Feature","properties":{"i":"006123","n":"Ozzano Monferrato"},"geometry":{"type":"Polygon","coordinates":[[[8.3918,45.1169],[8.3946,45.1159],[8.3973,45.1106],[8.3982,45.1062],[8.3974,45.1005],[8.3886,45.091],[8.389,45.0858],[8.3878,45.0844],[8.3763,45.0817],[8.3811,45.0731],[8.3812,45.0689],[8.3803,45.0686],[8.3771,45.0734],[8.372,45.0746],[8.3692,45.0765],[8.3669,45.0808],[8.3655,45.086],[8.3666,45.0878],[8.3745,45.0887],[8.3751,45.0935],[8.3729,45.0958],[8.3565,45.1068],[8.3451,45.1078],[8.3382,45.1055],[8.3348,45.1054],[8.3298,45.1072],[8.3259,45.1125],[8.3272,45.115],[8.3321,45.1153],[8.3358,45.1186],[8.3434,45.1211],[8.3552,45.1215],[8.3601,45.1246],[8.3604,45.1289],[8.3625,45.1338],[8.3659,45.1344],[8.368,45.1344],[8.3697,45.1322],[8.3712,45.1256],[8.387,45.1178],[8.3918,45.1169]]]}},{"type":"Feature","properties":{"i":"006124","n":"Paderna"},"geometry":{"type":"Polygon","coordinates":[[[8.9008,44.8297],[8.903,44.829],[8.9034,44.826],[8.902,44.8223],[8.8964,44.8175],[8.8888,44.8151],[8.8818,44.815],[8.8749,44.816],[8.8709,44.821],[8.8686,44.8216],[8.8713,44.8289],[8.8779,44.8316],[8.8852,44.8332],[8.8906,44.8371],[8.9008,44.8297]]]}},{"type":"Feature","properties":{"i":"006125","n":"Pareto"},"geometry":{"type":"Polygon","coordinates":[[[8.4694,44.5218],[8.4583,44.5155],[8.4531,44.5099],[8.4495,44.4974],[8.445,44.4997],[8.4421,44.503],[8.4286,44.5025],[8.4262,44.5045],[8.4203,44.5119],[8.4161,44.5124],[8.4037,44.5074],[8.4,44.5022],[8.4012,44.4979],[8.401,44.4934],[8.3987,44.4914],[8.3925,44.4891],[8.3908,44.4877],[8.3904,44.4849],[8.3944,44.4802],[8.3924,44.477],[8.3854,44.4774],[8.3813,44.4756],[8.3753,44.4743],[8.3687,44.4806],[8.3609,44.4951],[8.3544,44.5039],[8.343,44.5143],[8.3456,44.5184],[8.3552,44.5294],[8.3649,44.5324],[8.3803,44.5359],[8.3851,44.5368],[8.388,44.5366],[8.4043,44.5439],[8.4132,44.5454],[8.4201,44.5431],[8.4247,44.5404],[8.4296,44.5392],[8.4389,44.5452],[8.4458,44.5486],[8.4515,44.5482],[8.4528,44.5474],[8.4539,44.5456],[8.4544,44.5426],[8.4535,44.5386],[8.4516,44.5373],[8.4524,44.5345],[8.4647,44.5322],[8.4683,44.5294],[8.4694,44.5218]]]}},{"type":"Feature","properties":{"i":"006126","n":"Parodi Ligure"},"geometry":{"type":"Polygon","coordinates":[[[8.7627,44.6908],[8.7753,44.685],[8.7799,44.682],[8.7913,44.6645],[8.7914,44.6625],[8.7853,44.6603],[8.7801,44.6598],[8.7749,44.6613],[8.771,44.6644],[8.7698,44.6644],[8.7613,44.6597],[8.7555,44.6536],[8.7427,44.6548],[8.7394,44.6575],[8.7372,44.6616],[8.7356,44.6813],[8.731,44.6859],[8.7318,44.6889],[8.7329,44.6894],[8.7386,44.6846],[8.7431,44.6849],[8.7468,44.6873],[8.7524,44.6891],[8.7627,44.6908]]]}},{"type":"Feature","properties":{"i":"006127","n":"Pasturana"},"geometry":{"type":"Polygon","coordinates":[[[8.7612,44.742],[8.7483,44.7367],[8.7423,44.7387],[8.7387,44.7427],[8.7343,44.7456],[8.7283,44.7479],[8.7281,44.7493],[8.7341,44.761],[8.7375,44.7598],[8.74,44.7634],[8.755,44.7595],[8.767,44.7537],[8.7666,44.7516],[8.7574,44.7492],[8.7557,44.7476],[8.7568,44.7453],[8.7612,44.742]]]}},{"type":"Feature","properties":{"i":"006128","n":"Pecetto di Valenza"},"geometry":{"type":"Polygon","coordinates":[[[8.6914,45.0147],[8.6891,45.0132],[8.6874,45.0086],[8.7021,45.0003],[8.7005,44.9949],[8.6957,44.9936],[8.6883,44.9935],[8.6854,44.9909],[8.6826,44.9826],[8.6896,44.9796],[8.6846,44.9756],[8.6765,44.973],[8.6718,44.9656],[8.6589,44.9616],[8.6518,44.9727],[8.6472,44.9737],[8.6483,44.9785],[8.6569,44.9898],[8.6715,45.0018],[8.6751,45.004],[8.6853,45.0169],[8.6875,45.0176],[8.6914,45.0147]]]}},{"type":"Feature","properties":{"i":"006129","n":"Pietra Marazzi"},"geometry":{"type":"Polygon","coordinates":[[[8.7053,44.9421],[8.7045,44.9401],[8.6985,44.9362],[8.6792,44.931],[8.6714,44.9303],[8.6656,44.932],[8.6599,44.9348],[8.6517,44.9352],[8.654,44.9424],[8.6584,44.9469],[8.6582,44.9565],[8.6589,44.9616],[8.6718,44.9656],[8.6712,44.9622],[8.6821,44.9466],[8.7011,44.9436],[8.7053,44.9421]]]}},{"type":"Feature","properties":{"i":"006131","n":"Pomaro Monferrato"},"geometry":{"type":"Polygon","coordinates":[[[8.6031,45.0853],[8.6002,45.0828],[8.5993,45.0796],[8.6013,45.0676],[8.6134,45.0616],[8.6207,45.0598],[8.613,45.0563],[8.6087,45.0578],[8.604,45.0557],[8.5937,45.0481],[8.5921,45.0448],[8.5891,45.0427],[8.5823,45.0442],[8.5815,45.0453],[8.5823,45.0476],[8.5793,45.0484],[8.5777,45.0472],[8.576,45.0495],[8.5774,45.0629],[8.5748,45.0679],[8.5585,45.0727],[8.5485,45.0702],[8.5477,45.0749],[8.548,45.0771],[8.5604,45.0865],[8.5727,45.0868],[8.5746,45.0878],[8.5778,45.086],[8.5834,45.0874],[8.5872,45.0897],[8.5912,45.0904],[8.6031,45.0853]]]}},{"type":"Feature","properties":{"i":"006132","n":"Pontecurone"},"geometry":{"type":"Polygon","coordinates":[[[8.9606,44.9873],[8.9628,44.9832],[8.9781,44.9672],[8.9765,44.963],[8.977,44.9585],[8.9783,44.9568],[8.9768,44.9529],[8.9718,44.9499],[8.9696,44.9435],[8.9608,44.9364],[8.9527,44.9313],[8.9529,44.9278],[8.9377,44.926],[8.9185,44.9293],[8.9149,44.9337],[8.9074,44.9368],[8.9036,44.9334],[8.9014,44.934],[8.9006,44.9436],[8.9108,44.9654],[8.9134,44.9695],[8.9164,44.9771],[8.9165,44.9812],[8.9207,44.9821],[8.9354,44.9828],[8.9436,44.9845],[8.9445,44.9871],[8.952,44.9882],[8.9606,44.9873]]]}},{"type":"Feature","properties":{"i":"006133","n":"Pontestura"},"geometry":{"type":"Polygon","coordinates":[[[8.3544,45.1539],[8.3625,45.1338],[8.3604,45.1289],[8.3601,45.1246],[8.3552,45.1215],[8.3434,45.1211],[8.3358,45.1186],[8.3321,45.1153],[8.3272,45.115],[8.3252,45.1159],[8.3243,45.1117],[8.3096,45.112],[8.3035,45.1161],[8.302,45.118],[8.2995,45.1248],[8.299,45.1388],[8.2983,45.1438],[8.2973,45.1456],[8.3119,45.1513],[8.3234,45.1584],[8.3307,45.1534],[8.3529,45.1545],[8.3544,45.1539]]]}},{"type":"Feature","properties":{"i":"006134","n":"Ponti"},"geometry":{"type":"Polygon","coordinates":[[[8.3721,44.6445],[8.3736,44.6396],[8.3772,44.6359],[8.3866,44.6229],[8.3801,44.6184],[8.3817,44.6152],[8.379,44.6087],[8.3728,44.6062],[8.3665,44.6055],[8.363,44.6087],[8.3544,44.609],[8.3541,44.6102],[8.3507,44.6123],[8.3481,44.6122],[8.3471,44.6105],[8.3421,44.6126],[8.3344,44.6177],[8.3332,44.6201],[8.3396,44.623],[8.3532,44.6348],[8.3554,44.6384],[8.3542,44.6484],[8.3556,44.6544],[8.3588,44.6551],[8.3721,44.6445]]]}},{"type":"Feature","properties":{"i":"006135","n":"Ponzano Monferrato"},"geometry":{"type":"Polygon","coordinates":[[[8.3057,45.0813],[8.3025,45.0771],[8.2951,45.0721],[8.2763,45.0621],[8.2645,45.0622],[8.2647,45.0665],[8.2617,45.0711],[8.2568,45.074],[8.2498,45.0764],[8.2468,45.0854],[8.2472,45.0916],[8.2462,45.0951],[8.2507,45.0973],[8.2508,45.0991],[8.2531,45.101],[8.2616,45.1042],[8.2641,45.1031],[8.2663,45.0958],[8.2764,45.0877],[8.2799,45.087],[8.2823,45.0881],[8.2854,45.0917],[8.2881,45.0915],[8.2956,45.0875],[8.2966,45.0847],[8.3057,45.0813]]]}},{"type":"Feature","properties":{"i":"006136","n":"Ponzone"},"geometry":{"type":"Polygon","coordinates":[[[8.4743,44.6163],[8.479,44.6117],[8.4832,44.6105],[8.4906,44.6118],[8.5024,44.6161],[8.5027,44.6156],[8.4999,44.6099],[8.491,44.5979],[8.4967,44.5817],[8.5192,44.5566],[8.5318,44.5481],[8.5356,44.5443],[8.5415,44.5428],[8.5461,44.5427],[8.5488,44.5432],[8.5522,44.5452],[8.5669,44.5227],[8.5728,44.5214],[8.574,44.5188],[8.5736,44.5149],[8.5762,44.5092],[8.5631,44.5062],[8.5591,44.5033],[8.5495,44.504],[8.5476,44.5051],[8.5437,44.512],[8.5368,44.513],[8.5159,44.5098],[8.4818,44.5108],[8.4744,44.5164],[8.475,44.518],[8.4715,44.5218],[8.4707,44.5225],[8.4694,44.5218],[8.4683,44.5294],[8.4647,44.5322],[8.4524,44.5345],[8.4516,44.5373],[8.4535,44.5386],[8.4544,44.5426],[8.4539,44.5456],[8.4519,44.5481],[8.4458,44.5486],[8.4463,44.5585],[8.4427,44.559],[8.4367,44.5561],[8.4332,44.5601],[8.432,44.5686],[8.4345,44.5672],[8.438,44.5669],[8.4408,44.5696],[8.4415,44.5742],[8.4403,44.5779],[8.4383,44.5809],[8.4385,44.5899],[8.4393,44.5941],[8.4444,44.5997],[8.4499,44.6032],[8.453,44.6028],[8.4539,44.6043],[8.4532,44.6108],[8.4649,44.615],[8.4743,44.6163]]]}},{"type":"Feature","properties":{"i":"006137","n":"Pozzol Groppo"},"geometry":{"type":"Polygon","coordinates":[[[9.0701,44.866],[9.0676,44.8601],[9.0547,44.8519],[9.0491,44.8503],[9.0453,44.8546],[9.0434,44.855],[9.0383,44.8538],[9.0347,44.8517],[9.0283,44.8505],[9.0244,44.8518],[9.0228,44.8532],[9.0183,44.8523],[9.0129,44.8491],[9.0087,44.8526],[9.0065,44.8558],[9.0144,44.8583],[9.0182,44.8626],[9.0176,44.8649],[9.0131,44.8685],[9.016,44.87],[9.018,44.8721],[9.0166,44.8777],[9.0183,44.8818],[9.0286,44.8868],[9.0304,44.8885],[9.0351,44.8875],[9.0487,44.8877],[9.0552,44.8889],[9.0615,44.876],[9.0701,44.866]]]}},{"type":"Feature","properties":{"i":"006138","n":"Pozzolo Formigaro"},"geometry":{"type":"Polygon","coordinates":[[[8.8425,44.8224],[8.8533,44.7974],[8.8468,44.7969],[8.8463,44.7982],[8.8436,44.7996],[8.8321,44.803],[8.8172,44.8008],[8.8117,44.7868],[8.8004,44.7837],[8.7808,44.7809],[8.7665,44.7851],[8.7616,44.7903],[8.7575,44.7994],[8.7556,44.8015],[8.7463,44.8047],[8.7433,44.8051],[8.7427,44.8042],[8.7408,44.8042],[8.7347,44.8082],[8.7403,44.8246],[8.774,44.8403],[8.776,44.8362],[8.7922,44.8373],[8.8231,44.8326],[8.8229,44.824],[8.8209,44.8137],[8.8393,44.8196],[8.8425,44.8224]]]}},{"type":"Feature","properties":{"i":"006139","n":"Prasco"},"geometry":{"type":"Polygon","coordinates":[[[8.562,44.6516],[8.5533,44.6359],[8.5473,44.6367],[8.5391,44.6334],[8.538,44.6328],[8.5366,44.627],[8.5323,44.6259],[8.5269,44.6313],[8.5256,44.6352],[8.5282,44.6444],[8.5278,44.6534],[8.5265,44.6601],[8.5503,44.6521],[8.562,44.6516]]]}},{"type":"Feature","properties":{"i":"006140","n":"Predosa"},"geometry":{"type":"Polygon","coordinates":[[[8.6548,44.793],[8.6512,44.7862],[8.6523,44.7818],[8.6566,44.778],[8.6636,44.7774],[8.6677,44.7756],[8.6663,44.7719],[8.671,44.7658],[8.6699,44.7607],[8.6667,44.7585],[8.6624,44.7577],[8.6606,44.7548],[8.6603,44.7525],[8.6631,44.7512],[8.669,44.7511],[8.6731,44.7494],[8.6751,44.7468],[8.6748,44.7451],[8.6567,44.736],[8.66,44.7209],[8.6617,44.7165],[8.6648,44.7125],[8.6571,44.7129],[8.6523,44.7147],[8.6474,44.7142],[8.6438,44.7113],[8.6298,44.7134],[8.6294,44.7152],[8.6248,44.7226],[8.6165,44.7311],[8.616,44.7379],[8.6125,44.7464],[8.6146,44.753],[8.6134,44.7622],[8.6093,44.7745],[8.6025,44.7819],[8.6029,44.784],[8.6101,44.7846],[8.6118,44.7889],[8.621,44.7935],[8.6206,44.7862],[8.6273,44.7835],[8.6325,44.7847],[8.6343,44.7939],[8.6354,44.7958],[8.6548,44.793]]]}},{"type":"Feature","properties":{"i":"006141","n":"Quargnento"},"geometry":{"type":"Polygon","coordinates":[[[8.5164,44.9835],[8.5184,44.9824],[8.5186,44.9798],[8.5322,44.9631],[8.5334,44.9595],[8.5386,44.9567],[8.5334,44.9487],[8.5266,44.9426],[8.5227,44.943],[8.519,44.9401],[8.5187,44.9365],[8.5118,44.9368],[8.5061,44.9359],[8.4941,44.9305],[8.4809,44.9274],[8.4759,44.9267],[8.4715,44.9281],[8.4669,44.9271],[8.4601,44.9228],[8.4582,44.9185],[8.4453,44.921],[8.4379,44.9249],[8.4359,44.9271],[8.4351,44.9311],[8.4495,44.9373],[8.4545,44.9437],[8.4503,44.9497],[8.4501,44.9602],[8.4511,44.9681],[8.4555,44.9721],[8.454,44.9765],[8.4697,44.9813],[8.4891,44.98],[8.4944,44.9822],[8.4952,44.9846],[8.5095,44.9833],[8.5164,44.9835]]]}},{"type":"Feature","properties":{"i":"006142","n":"Quattordio"},"geometry":{"type":"Polygon","coordinates":[[[8.4059,44.8718],[8.4037,44.8747],[8.4027,44.8798],[8.4012,44.8824],[8.3999,44.8829],[8.396,44.8828],[8.3875,44.8788],[8.3908,44.8752],[8.383,44.8772],[8.375,44.8874],[8.3725,44.8894],[8.3719,44.8915],[8.3664,44.8988],[8.3642,44.9084],[8.3588,44.9129],[8.3617,44.9154],[8.3605,44.9174],[8.3608,44.9222],[8.3668,44.927],[8.3707,44.9247],[8.3748,44.9237],[8.3787,44.9235],[8.3805,44.9243],[8.3795,44.9292],[8.3822,44.9376],[8.3857,44.9378],[8.3943,44.9315],[8.3969,44.9246],[8.4027,44.9157],[8.4111,44.9098],[8.4179,44.8971],[8.4163,44.8925],[8.4078,44.89],[8.406,44.8864],[8.4059,44.8718]]]}},{"type":"Feature","properties":{"i":"006143","n":"Ricaldone"},"geometry":{"type":"MultiPolygon","coordinates":[[[[8.4879,44.7465],[8.4873,44.7429],[8.4893,44.7333],[8.4854,44.7208],[8.4819,44.7172],[8.484,44.7142],[8.4878,44.7126],[8.4856,44.704],[8.4789,44.7032],[8.4787,44.7074],[8.4773,44.7103],[8.4723,44.716],[8.4671,44.7239],[8.4511,44.7388],[8.459,44.7526],[8.4646,44.755],[8.4753,44.752],[8.48,44.7479],[8.4835,44.7463],[8.4879,44.7465]]],[[[8.4995,44.7751],[8.4952,44.7742],[8.4925,44.7711],[8.4885,44.7725],[8.4928,44.7759],[8.4957,44.7802],[8.5016,44.7833],[8.4995,44.7751]]]]}},{"type":"Feature","properties":{"i":"006144","n":"Rivalta Bormida"},"geometry":{"type":"MultiPolygon","coordinates":[[[[8.5754,44.7213],[8.5805,44.7111],[8.5839,44.7085],[8.5813,44.7059],[8.581,44.704],[8.5878,44.6988],[8.5872,44.6973],[8.582,44.6931],[8.5784,44.6927],[8.5786,44.6936],[8.5692,44.7019],[8.5589,44.7007],[8.5535,44.6933],[8.5495,44.6978],[8.5468,44.6994],[8.5376,44.7015],[8.5298,44.7016],[8.5302,44.7038],[8.5369,44.7087],[8.5428,44.7083],[8.5459,44.7113],[8.5464,44.7196],[8.5453,44.7252],[8.5466,44.726],[8.5485,44.7265],[8.5676,44.7253],[8.5704,44.7231],[8.5754,44.7213]]],[[[8.5305,44.7228],[8.5266,44.7307],[8.5269,44.7316],[8.5418,44.7265],[8.5386,44.72],[8.5378,44.7195],[8.5334,44.7198],[8.5305,44.7228]]]]}},{"type":"Feature","properties":{"i":"006145","n":"Rivarone"},"geometry":{"type":"Polygon","coordinates":[[[8.725,44.9804],[8.7271,44.9818],[8.7334,44.9813],[8.7374,44.9799],[8.7391,44.9784],[8.7399,44.9715],[8.7324,44.971],[8.7281,44.9692],[8.7224,44.9618],[8.719,44.9604],[8.7163,44.9604],[8.7081,44.9662],[8.6992,44.9661],[8.697,44.9688],[8.6891,44.973],[8.6924,44.9769],[8.7011,44.9827],[8.7169,44.9832],[8.725,44.9804]]]}},{"type":"Feature","properties":{"i":"006146","n":"Roccaforte Ligure"},"geometry":{"type":"Polygon","coordinates":[[[9.0344,44.7121],[9.0354,44.7111],[9.0376,44.7048],[9.037,44.6978],[9.0417,44.6881],[9.048,44.6883],[9.0501,44.682],[9.0491,44.6742],[9.0419,44.6685],[9.04,44.6648],[9.0365,44.6555],[9.0349,44.6481],[9.0333,44.6474],[9.0297,44.6478],[9.0265,44.6492],[9.0244,44.6511],[9.0228,44.6578],[9.0211,44.6609],[9.0132,44.6668],[9.0073,44.6682],[9.0001,44.6675],[8.9934,44.663],[8.9908,44.6622],[8.9827,44.6659],[8.9775,44.6709],[8.9755,44.6764],[8.977,44.6801],[8.982,44.6848],[8.9967,44.6902],[9.0039,44.6909],[9.0074,44.6902],[9.0132,44.6913],[9.0224,44.6963],[9.0268,44.7034],[9.0234,44.7149],[9.0221,44.7173],[9.0198,44.7187],[9.0252,44.7241],[9.0265,44.7248],[9.0298,44.7244],[9.0344,44.7121]]]}},{"type":"Feature","properties":{"i":"006147","n":"Rocca Grimalda"},"geometry":{"type":"Polygon","coordinates":[[[8.6648,44.7125],[8.6708,44.7059],[8.6679,44.703],[8.6687,44.6977],[8.6682,44.6944],[8.6589,44.6761],[8.6535,44.6706],[8.6529,44.6691],[8.6546,44.6676],[8.651,44.6633],[8.6488,44.662],[8.6329,44.6637],[8.6192,44.6628],[8.6143,44.661],[8.6134,44.6599],[8.6067,44.6611],[8.6067,44.6664],[8.6076,44.6687],[8.6202,44.6752],[8.6282,44.6809],[8.6408,44.7065],[8.646,44.7136],[8.6523,44.7147],[8.6571,44.7129],[8.6648,44.7125]]]}},{"type":"Feature","properties":{"i":"006148","n":"Rocchetta Ligure"},"geometry":{"type":"Polygon","coordinates":[[[9.0462,44.7131],[9.0492,44.7121],[9.0519,44.7093],[9.0742,44.6949],[9.0776,44.6919],[9.0837,44.684],[9.0829,44.6786],[9.0796,44.6786],[9.0741,44.6749],[9.0727,44.6728],[9.0712,44.6742],[9.0649,44.6733],[9.0491,44.6742],[9.0501,44.682],[9.048,44.6883],[9.0417,44.6881],[9.037,44.6978],[9.0376,44.7048],[9.0354,44.7111],[9.0344,44.7121],[9.0462,44.7131]]]}},{"type":"Feature","properties":{"i":"006149","n":"Rosignano Monferrato"},"geometry":{"type":"Polygon","coordinates":[[[8.4292,45.0966],[8.4333,45.0923],[8.4311,45.0903],[8.4269,45.0837],[8.4335,45.0793],[8.4467,45.0744],[8.4561,45.0653],[8.4572,45.0622],[8.434,45.062],[8.4334,45.0568],[8.4344,45.0563],[8.4342,45.0552],[8.4236,45.0541],[8.421,45.0528],[8.4235,45.0459],[8.4264,45.0423],[8.42,45.0406],[8.4046,45.0464],[8.3943,45.0537],[8.3999,45.0654],[8.399,45.0696],[8.3914,45.0793],[8.3867,45.0815],[8.3849,45.0836],[8.3868,45.0836],[8.3888,45.0853],[8.3886,45.091],[8.3974,45.1005],[8.4063,45.0985],[8.4151,45.0988],[8.4292,45.0966]]]}},{"type":"Feature","properties":{"i":"006150","n":"Sala Monferrato"},"geometry":{"type":"Polygon","coordinates":[[[8.3666,45.0878],[8.3655,45.086],[8.3669,45.0808],[8.3692,45.0765],[8.372,45.0746],[8.3771,45.0734],[8.3803,45.0686],[8.3773,45.0683],[8.3697,45.0636],[8.3603,45.061],[8.3552,45.061],[8.3436,45.0652],[8.3346,45.072],[8.3345,45.077],[8.3356,45.0795],[8.3439,45.0912],[8.3476,45.0907],[8.3556,45.0876],[8.3645,45.0871],[8.3666,45.0878]]]}},{"type":"Feature","properties":{"i":"006151","n":"Sale"},"geometry":{"type":"Polygon","coordinates":[[[8.8338,45.0093],[8.8333,45.0085],[8.8356,45.0056],[8.8393,45.0071],[8.8427,45.005],[8.8439,44.9982],[8.8382,44.9832],[8.8398,44.975],[8.8365,44.9556],[8.8341,44.9558],[8.8283,44.953],[8.8208,44.9331],[8.7993,44.9311],[8.7929,44.9281],[8.7928,44.924],[8.7899,44.9155],[8.7875,44.9136],[8.7814,44.9152],[8.7775,44.9222],[8.7729,44.9253],[8.7608,44.9264],[8.7639,44.9348],[8.7647,44.9426],[8.7581,44.9553],[8.7581,44.9583],[8.766,44.9814],[8.7692,44.9816],[8.7761,44.9857],[8.7834,44.9919],[8.7816,44.9971],[8.7885,44.9986],[8.7952,44.999],[8.8009,44.9989],[8.8055,44.9976],[8.8105,44.9985],[8.8138,45.0],[8.8146,45.0026],[8.822,45.0119],[8.8228,45.0153],[8.8338,45.0093]]]}},{"type":"Feature","properties":{"i":"006152","n":"San Cristoforo"},"geometry":{"type":"Polygon","coordinates":[[[8.7524,44.7021],[8.7593,44.6973],[8.7627,44.6908],[8.7524,44.6891],[8.7468,44.6873],[8.7431,44.6849],[8.7386,44.6846],[8.7327,44.6895],[8.7317,44.6888],[8.732,44.6877],[8.7309,44.6886],[8.7302,44.6914],[8.7306,44.6926],[8.7348,44.6942],[8.7412,44.7001],[8.7427,44.7042],[8.7398,44.7085],[8.7416,44.7112],[8.7524,44.7021]]]}},{"type":"Feature","properties":{"i":"006153","n":"San Giorgio Monferrato"},"geometry":{"type":"Polygon","coordinates":[[[8.4292,45.0966],[8.4151,45.0988],[8.4063,45.0985],[8.3974,45.1005],[8.3982,45.1062],[8.3973,45.1106],[8.3946,45.1159],[8.3918,45.1169],[8.3924,45.1202],[8.3937,45.1217],[8.4,45.1243],[8.4069,45.1251],[8.4096,45.1242],[8.4102,45.1232],[8.4232,45.1192],[8.4312,45.1138],[8.4327,45.1074],[8.4307,45.0991],[8.4292,45.0966]]]}},{"type":"Feature","properties":{"i":"006154","n":"San Salvatore Monferrato"},"geometry":{"type":"Polygon","coordinates":[[[8.5995,44.9899],[8.5947,44.9903],[8.5935,44.9869],[8.5934,44.9856],[8.595,44.9858],[8.5962,44.9836],[8.5971,44.9759],[8.597,44.9745],[8.5957,44.9739],[8.5877,44.9743],[8.5874,44.9753],[8.5793,44.9809],[8.5661,44.9859],[8.5549,44.9819],[8.5451,44.9768],[8.5304,44.9792],[8.5247,44.9805],[8.5231,44.9823],[8.5197,44.983],[8.5184,44.9824],[8.5164,44.9835],[8.523,44.9953],[8.5236,45.0012],[8.5218,45.0034],[8.5217,45.0053],[8.5229,45.0101],[8.5301,45.0181],[8.5381,45.0248],[8.5557,45.033],[8.5663,45.033],[8.5867,45.0313],[8.5948,45.0294],[8.5988,45.0224],[8.5959,44.999],[8.5966,44.9927],[8.5995,44.9899]]]}},{"type":"Feature","properties":{"i":"006155","n":"San Sebastiano Curone"},"geometry":{"type":"Polygon","coordinates":[[[9.0929,44.7874],[9.0906,44.7816],[9.0705,44.7798],[9.0551,44.7826],[9.0512,44.7846],[9.0472,44.7883],[9.0628,44.7927],[9.0686,44.7992],[9.081,44.7901],[9.0929,44.7874]]]}},{"type":"Feature","properties":{"i":"006156","n":"Sant'Agata Fossili"},"geometry":{"type":"Polygon","coordinates":[[[8.9259,44.7891],[8.9301,44.7886],[8.927,44.7857],[8.922,44.7779],[8.9123,44.7686],[8.9046,44.7658],[8.9022,44.7674],[8.8985,44.7665],[8.8977,44.7725],[8.8982,44.7759],[8.8973,44.7773],[8.8947,44.7798],[8.8804,44.7862],[8.878,44.7913],[8.8833,44.7918],[8.8941,44.7999],[8.8975,44.8005],[8.9234,44.7888],[8.9259,44.7891]]]}},{"type":"Feature","properties":{"i":"006157","n":"Sardigliano"},"geometry":{"type":"Polygon","coordinates":[[[8.9585,44.7835],[8.9593,44.7832],[8.9592,44.7812],[8.9494,44.7765],[8.9486,44.7743],[8.9491,44.7736],[8.9535,44.7722],[8.95,44.7683],[8.9391,44.7641],[8.9355,44.7603],[8.9131,44.7528],[8.8964,44.7424],[8.8898,44.7415],[8.8888,44.742],[8.8817,44.7551],[8.8817,44.757],[8.887,44.7617],[8.8982,44.7646],[8.9022,44.7674],[8.9046,44.7658],[8.9123,44.7686],[8.922,44.7779],[8.927,44.7857],[8.9301,44.7886],[8.9585,44.7835]]]}},{"type":"Feature","properties":{"i":"006158","n":"Sarezzano"},"geometry":{"type":"Polygon","coordinates":[[[8.9415,44.8784],[8.9447,44.8779],[8.9474,44.8739],[8.9474,44.8683],[8.9485,44.8664],[8.9496,44.8652],[8.9533,44.8643],[8.9519,44.8623],[8.9515,44.8592],[8.9567,44.8534],[8.9573,44.851],[8.957,44.85],[8.9525,44.8469],[8.9378,44.8474],[8.9245,44.8514],[8.9193,44.8473],[8.9169,44.8439],[8.9124,44.8444],[8.9103,44.8566],[8.9071,44.8587],[8.8995,44.8602],[8.8974,44.86],[8.8997,44.8738],[8.9072,44.8826],[8.9095,44.8813],[8.9278,44.8829],[8.9375,44.8804],[8.9415,44.8784]]]}},{"type":"Feature","properties":{"i":"006159","n":"Serralunga di Crea"},"geometry":{"type":"Polygon","coordinates":[[[8.3194,45.1114],[8.3168,45.1083],[8.3147,45.109],[8.3118,45.106],[8.308,45.1],[8.307,45.0961],[8.3081,45.0915],[8.3079,45.0853],[8.3064,45.0814],[8.3057,45.0813],[8.2966,45.0847],[8.2956,45.0875],[8.2881,45.0915],[8.2854,45.0917],[8.2823,45.0881],[8.2799,45.087],[8.2764,45.0877],[8.2663,45.0958],[8.2641,45.1031],[8.2642,45.1086],[8.2667,45.1114],[8.304,45.1098],[8.3047,45.11],[8.3051,45.1115],[8.3194,45.1114]]]}},{"type":"Feature","properties":{"i":"006160","n":"Serravalle Scrivia"},"geometry":{"type":"Polygon","coordinates":[[[8.8558,44.7445],[8.8601,44.7436],[8.8602,44.7399],[8.8587,44.7391],[8.8564,44.7344],[8.8611,44.7245],[8.8664,44.7215],[8.8739,44.7208],[8.8819,44.7174],[8.8805,44.7133],[8.872,44.7058],[8.8611,44.6983],[8.8573,44.6961],[8.8473,44.6957],[8.8449,44.6967],[8.845,44.7006],[8.8416,44.7051],[8.8365,44.7067],[8.8312,44.7134],[8.8313,44.7171],[8.8303,44.7199],[8.8278,44.7229],[8.8242,44.7237],[8.8228,44.7279],[8.8317,44.7389],[8.8419,44.7561],[8.8499,44.7582],[8.8533,44.7531],[8.8533,44.7465],[8.8558,44.7445]]]}},{"type":"Feature","properties":{"i":"006161","n":"Sezzadio"},"geometry":{"type":"Polygon","coordinates":[[[8.6118,44.7889],[8.6101,44.7846],[8.6029,44.784],[8.6025,44.7819],[8.6093,44.7745],[8.6123,44.7664],[8.6146,44.753],[8.6126,44.746],[8.616,44.7379],[8.6165,44.7311],[8.6248,44.7226],[8.6294,44.7152],[8.6298,44.7134],[8.6248,44.713],[8.6162,44.7184],[8.6116,44.7178],[8.606,44.7156],[8.6041,44.7159],[8.601,44.7113],[8.5839,44.7085],[8.5805,44.7111],[8.5754,44.7213],[8.5839,44.7325],[8.5841,44.7455],[8.5814,44.7504],[8.5732,44.7576],[8.5593,44.763],[8.5554,44.7652],[8.5513,44.7691],[8.5463,44.7703],[8.5464,44.7694],[8.5443,44.768],[8.541,44.7688],[8.5417,44.7752],[8.5428,44.7778],[8.549,44.7802],[8.5478,44.7829],[8.5399,44.7806],[8.538,44.7809],[8.5382,44.7817],[8.5397,44.7846],[8.5461,44.7871],[8.5454,44.7901],[8.5432,44.7922],[8.5454,44.7967],[8.5508,44.7984],[8.5623,44.7985],[8.5685,44.8001],[8.5708,44.8026],[8.5766,44.7956],[8.5797,44.7963],[8.5889,44.7958],[8.6031,44.7936],[8.6073,44.7903],[8.6118,44.7889]],[[8.569,44.7941],[8.5678,44.796],[8.5624,44.7942],[8.5659,44.7927],[8.5688,44.7924],[8.569,44.7941]],[[8.5469,44.7928],[8.5495,44.7934],[8.5484,44.7948],[8.5461,44.7949],[8.5455,44.7928],[8.5469,44.7928]],[[8.5669,44.7906],[8.5611,44.7916],[8.5529,44.7899],[8.5567,44.7811],[8.5647,44.7802],[8.5678,44.79],[8.5669,44.7906]]]}},{"type":"Feature","properties":{"i":"006162","n":"Silvano d'Orba"},"geometry":{"type":"Polygon","coordinates":[[[8.6811,44.7041],[8.6795,44.6981],[8.6873,44.687],[8.693,44.6824],[8.7055,44.6574],[8.7044,44.6564],[8.6985,44.6567],[8.6955,44.6576],[8.6903,44.6571],[8.6788,44.6602],[8.6782,44.6561],[8.6708,44.6559],[8.6685,44.657],[8.6641,44.6623],[8.6529,44.6691],[8.6589,44.6761],[8.6669,44.6912],[8.6687,44.6977],[8.6679,44.703],[8.669,44.7044],[8.6706,44.706],[8.6811,44.7041]]]}},{"type":"Feature","properties":{"i":"006163","n":"Solero"},"geometry":{"type":"Polygon","coordinates":[[[8.5187,44.9365],[8.5289,44.9336],[8.5333,44.9244],[8.5332,44.9199],[8.5318,44.9174],[8.532,44.9124],[8.5349,44.9091],[8.5326,44.9026],[8.5363,44.8948],[8.5349,44.8899],[8.5329,44.8889],[8.531,44.8884],[8.5271,44.8894],[8.5263,44.8954],[8.5227,44.8981],[8.5207,44.8987],[8.5157,44.8983],[8.5088,44.8961],[8.5037,44.888],[8.4989,44.8835],[8.4958,44.8828],[8.4932,44.8833],[8.4897,44.8859],[8.4864,44.8901],[8.4858,44.8953],[8.4833,44.8991],[8.4773,44.902],[8.4703,44.9026],[8.466,44.9124],[8.4629,44.9162],[8.4582,44.9185],[8.4601,44.9228],[8.4669,44.9271],[8.4715,44.9281],[8.4759,44.9267],[8.4809,44.9274],[8.4941,44.9305],[8.5061,44.9359],[8.5118,44.9368],[8.5187,44.9365]]]}},{"type":"Feature","properties":{"i":"006164","n":"Solonghello"},"geometry":{"type":"Polygon","coordinates":[[[8.2973,45.1456],[8.2983,45.1438],[8.299,45.1388],[8.2999,45.1227],[8.3032,45.1163],[8.3096,45.112],[8.3051,45.1115],[8.3052,45.1136],[8.2822,45.1194],[8.2783,45.1219],[8.2767,45.1241],[8.2832,45.139],[8.2836,45.1429],[8.285,45.1466],[8.2886,45.1456],[8.2897,45.1471],[8.2894,45.1476],[8.2949,45.1474],[8.2973,45.1456]]]}},{"type":"Feature","properties":{"i":"006165","n":"Spigno Monferrato"},"geometry":{"type":"Polygon","coordinates":[[[8.3892,44.5664],[8.3898,44.5639],[8.3982,44.5589],[8.4028,44.5586],[8.4102,44.5478],[8.4102,44.5451],[8.4088,44.5442],[8.4043,44.5439],[8.388,44.5366],[8.3851,44.5368],[8.3803,44.5359],[8.3649,44.5324],[8.3552,44.5294],[8.3456,44.5184],[8.343,44.5143],[8.3544,44.5039],[8.3609,44.4951],[8.3687,44.4806],[8.3749,44.4744],[8.3724,44.4702],[8.3638,44.4661],[8.3585,44.4649],[8.3492,44.4856],[8.3362,44.488],[8.324,44.4876],[8.3208,44.4884],[8.3148,44.4963],[8.32,44.4991],[8.3211,44.5005],[8.3211,44.5029],[8.3191,44.5058],[8.3084,44.5122],[8.3017,44.5125],[8.3044,44.5228],[8.2979,44.5275],[8.2938,44.5283],[8.2857,44.5317],[8.2803,44.535],[8.2822,44.5363],[8.2796,44.5427],[8.2841,44.5514],[8.2843,44.5537],[8.2831,44.5565],[8.2852,44.558],[8.2888,44.5578],[8.2936,44.5597],[8.2968,44.5618],[8.2981,44.5636],[8.3003,44.5643],[8.3063,44.5636],[8.3068,44.5627],[8.3166,44.5583],[8.3213,44.5585],[8.332,44.5617],[8.3377,44.5675],[8.355,44.5722],[8.3635,44.5728],[8.3679,44.5746],[8.3706,44.5707],[8.3791,44.566],[8.3892,44.5664]]]}},{"type":"Feature","properties":{"i":"006166","n":"Spineto Scrivia"},"geometry":{"type":"Polygon","coordinates":[[[8.8734,44.8482],[8.8778,44.8481],[8.89,44.8425],[8.8916,44.8412],[8.8919,44.8385],[8.8852,44.8332],[8.8779,44.8316],[8.8713,44.8289],[8.8697,44.8259],[8.8668,44.8289],[8.8597,44.8332],[8.8559,44.8422],[8.8554,44.8457],[8.8589,44.8442],[8.873,44.8426],[8.8774,44.8457],[8.8734,44.8482]]]}},{"type":"Feature","properties":{"i":"006167","n":"Stazzano"},"geometry":{"type":"Polygon","coordinates":[[[8.9059,44.7183],[8.9014,44.7191],[8.8993,44.7184],[8.898,44.7172],[8.897,44.7142],[8.8932,44.7107],[8.8769,44.7107],[8.8805,44.7133],[8.8819,44.7174],[8.8739,44.7208],[8.8664,44.7215],[8.8611,44.7245],[8.8564,44.7344],[8.8587,44.7391],[8.8602,44.7399],[8.8601,44.7436],[8.8558,44.7445],[8.8612,44.747],[8.8636,44.7455],[8.8801,44.7459],[8.8859,44.7452],[8.8898,44.7415],[8.8964,44.7424],[8.9131,44.7528],[8.9355,44.7603],[8.9411,44.7589],[8.951,44.7584],[8.9568,44.754],[8.9531,44.7493],[8.9401,44.7444],[8.911,44.7361],[8.907,44.7278],[8.9059,44.7183]]]}},{"type":"Feature","properties":{"i":"006168","n":"Strevi"},"geometry":{"type":"Polygon","coordinates":[[[8.5535,44.6933],[8.5495,44.6909],[8.5495,44.6896],[8.5506,44.6889],[8.5486,44.6833],[8.5377,44.6818],[8.527,44.6787],[8.5255,44.676],[8.5122,44.6766],[8.5102,44.6856],[8.502,44.6881],[8.5016,44.6964],[8.4931,44.6995],[8.4856,44.704],[8.4878,44.7126],[8.5009,44.7125],[8.525,44.7169],[8.5393,44.7167],[8.5464,44.7196],[8.5459,44.7113],[8.5428,44.7083],[8.5369,44.7087],[8.5302,44.7038],[8.5298,44.7016],[8.5376,44.7015],[8.5468,44.6994],[8.5495,44.6978],[8.5535,44.6933]]]}},{"type":"Feature","properties":{"i":"006169","n":"Tagliolo Monferrato"},"geometry":{"type":"Polygon","coordinates":[[[8.6903,44.6571],[8.6904,44.6505],[8.6932,44.6454],[8.6949,44.64],[8.6946,44.6369],[8.6972,44.6269],[8.707,44.6218],[8.7183,44.6097],[8.725,44.6006],[8.7337,44.5935],[8.7357,44.5904],[8.7381,44.5842],[8.7419,44.58],[8.7314,44.5708],[8.7268,44.5741],[8.722,44.5793],[8.7188,44.5807],[8.7131,44.5815],[8.7034,44.5806],[8.69,44.582],[8.688,44.5855],[8.6788,44.593],[8.6754,44.5944],[8.6729,44.5969],[8.673,44.5987],[8.6754,44.601],[8.6817,44.6042],[8.6842,44.6089],[8.6844,44.6114],[8.6835,44.6128],[8.6764,44.6177],[8.6712,44.6248],[8.6714,44.626],[8.6658,44.6325],[8.6592,44.6348],[8.6568,44.6395],[8.657,44.6407],[8.6584,44.6447],[8.6678,44.649],[8.6712,44.6526],[8.6685,44.657],[8.6715,44.6558],[8.6782,44.6561],[8.6788,44.6602],[8.6903,44.6571]]]}},{"type":"Feature","properties":{"i":"006170","n":"Tassarolo"},"geometry":{"type":"Polygon","coordinates":[[[8.7924,44.7221],[8.7861,44.7128],[8.7848,44.7122],[8.7708,44.716],[8.7644,44.7135],[8.7592,44.7157],[8.7555,44.7197],[8.7479,44.7246],[8.7475,44.7299],[8.7489,44.7355],[8.7483,44.7367],[8.7612,44.742],[8.7624,44.7398],[8.7744,44.7349],[8.7912,44.7248],[8.7924,44.7221]]]}},{"type":"Feature","properties":{"i":"006171","n":"Terruggia"},"geometry":{"type":"Polygon","coordinates":[[[8.4334,45.0568],[8.434,45.062],[8.4572,45.0622],[8.4561,45.0653],[8.4467,45.0744],[8.4335,45.0793],[8.4269,45.0837],[8.4311,45.0903],[8.4333,45.0923],[8.4363,45.0931],[8.4465,45.0933],[8.4642,45.0846],[8.4691,45.0863],[8.4674,45.0653],[8.4603,45.06],[8.4462,45.0582],[8.4429,45.0571],[8.4334,45.0568]]]}},{"type":"Feature","properties":{"i":"006172","n":"Terzo"},"geometry":{"type":"Polygon","coordinates":[[[8.4381,44.6744],[8.4344,44.6711],[8.43,44.6646],[8.4255,44.6612],[8.4113,44.6616],[8.4062,44.6607],[8.4069,44.6622],[8.3988,44.6679],[8.3979,44.67],[8.397,44.6783],[8.3931,44.686],[8.3963,44.6882],[8.4084,44.6887],[8.4177,44.6911],[8.4206,44.6923],[8.4203,44.6949],[8.424,44.6977],[8.425,44.6976],[8.4287,44.6943],[8.432,44.6776],[8.4336,44.6758],[8.4381,44.6744]]]}},{"type":"Feature","properties":{"i":"006173","n":"Ticineto"},"geometry":{"type":"Polygon","coordinates":[[[8.5806,45.1118],[8.571,45.099],[8.5769,45.0903],[8.5746,45.0878],[8.5717,45.0868],[8.5604,45.0865],[8.5531,45.0879],[8.5454,45.0939],[8.5365,45.1042],[8.5286,45.1102],[8.5601,45.1157],[8.5806,45.1118]]]}},{"type":"Feature","properties":{"i":"006174","n":"Tortona"},"geometry":{"type":"Polygon","coordinates":[[[8.9014,44.934],[8.9036,44.9334],[8.8983,44.9284],[8.9018,44.9237],[8.8969,44.9183],[8.899,44.9126],[8.9049,44.9044],[8.91,44.8889],[8.9097,44.8871],[8.9055,44.88],[8.8997,44.8738],[8.8974,44.86],[8.8774,44.8535],[8.8706,44.8566],[8.8675,44.8616],[8.8635,44.8644],[8.8392,44.8617],[8.8418,44.8495],[8.8496,44.8461],[8.8554,44.8457],[8.8559,44.8422],[8.8597,44.8332],[8.8668,44.8289],[8.8697,44.8259],[8.8686,44.8216],[8.8674,44.8207],[8.8425,44.8224],[8.8393,44.8196],[8.8209,44.8137],[8.8229,44.824],[8.8231,44.8326],[8.7922,44.8373],[8.776,44.8362],[8.774,44.8403],[8.7887,44.8471],[8.7846,44.8674],[8.7835,44.8783],[8.79,44.9093],[8.7874,44.9116],[8.7875,44.9136],[8.7899,44.9155],[8.7928,44.924],[8.7929,44.9281],[8.7993,44.9311],[8.8208,44.9331],[8.8283,44.953],[8.8341,44.9558],[8.8365,44.9556],[8.8369,44.9443],[8.8418,44.9427],[8.8438,44.941],[8.846,44.9352],[8.8464,44.9306],[8.8546,44.9311],[8.8738,44.9441],[8.8907,44.9411],[8.8964,44.938],[8.9014,44.934]]]}},{"type":"Feature","properties":{"i":"006175","n":"Treville"},"geometry":{"type":"Polygon","coordinates":[[[8.3666,45.0878],[8.3645,45.0871],[8.3556,45.0876],[8.3476,45.0907],[8.3418,45.0919],[8.3379,45.0957],[8.3368,45.0983],[8.3384,45.0999],[8.3382,45.1055],[8.3451,45.1078],[8.3565,45.1068],[8.3729,45.0958],[8.375,45.0937],[8.3745,45.0887],[8.3666,45.0878]]]}},{"type":"Feature","properties":{"i":"006176","n":"Trisobbio"},"geometry":{"type":"Polygon","coordinates":[[[8.5929,44.6768],[8.5956,44.6649],[8.6023,44.6611],[8.6134,44.6599],[8.6127,44.657],[8.5995,44.6456],[8.5944,44.6474],[8.5918,44.6467],[8.59,44.6449],[8.5902,44.6432],[8.5874,44.6395],[8.5858,44.6384],[8.5842,44.6384],[8.5817,44.643],[8.5792,44.6449],[8.5677,44.6495],[8.5647,44.6499],[8.5675,44.6582],[8.5747,44.6589],[8.5761,44.6595],[8.5768,44.6613],[8.5764,44.663],[8.5718,44.6687],[8.5667,44.6715],[8.5713,44.6752],[8.5766,44.6779],[8.5774,44.6831],[8.5802,44.6803],[8.5853,44.6789],[8.5912,44.6783],[8.5929,44.6768]]]}},{"type":"Feature","properties":{"i":"006177","n":"Valenza"},"geometry":{"type":"Polygon","coordinates":[[[8.7081,45.0382],[8.7088,45.0382],[8.7049,45.0309],[8.7043,45.0283],[8.7054,45.0245],[8.7051,45.0199],[8.704,45.0175],[8.6914,45.0147],[8.6875,45.0176],[8.6853,45.0169],[8.6751,45.004],[8.6715,45.0018],[8.6569,44.9898],[8.6481,44.9782],[8.6472,44.9737],[8.6422,44.9752],[8.636,44.9732],[8.628,44.978],[8.6279,44.9796],[8.618,44.9843],[8.6025,44.9886],[8.599,44.9903],[8.5966,44.9927],[8.5959,44.999],[8.5988,45.0224],[8.5948,45.0294],[8.5867,45.0313],[8.5663,45.033],[8.5557,45.033],[8.5632,45.0424],[8.5662,45.0477],[8.572,45.047],[8.576,45.0456],[8.5793,45.0484],[8.5812,45.0481],[8.5825,45.0475],[8.5815,45.0453],[8.5823,45.0442],[8.5891,45.0427],[8.5921,45.0448],[8.5937,45.0481],[8.5969,45.0508],[8.604,45.0557],[8.6087,45.0578],[8.613,45.0563],[8.6207,45.0598],[8.6251,45.0573],[8.6279,45.0545],[8.6426,45.063],[8.6447,45.0609],[8.6421,45.0605],[8.6452,45.057],[8.6406,45.0445],[8.6347,45.041],[8.6442,45.0356],[8.6526,45.0343],[8.6569,45.0294],[8.657,45.0284],[8.656,45.0265],[8.652,45.0237],[8.6591,45.018],[8.6656,45.0203],[8.6669,45.0224],[8.6668,45.0245],[8.6729,45.0279],[8.6817,45.0288],[8.6896,45.0249],[8.695,45.0232],[8.7008,45.0265],[8.7018,45.0282],[8.701,45.0318],[8.702,45.0338],[8.705,45.0371],[8.7081,45.0382]]]}},{"type":"Feature","properties":{"i":"006178","n":"Valmacca"},"geometry":{"type":"Polygon","coordinates":[[[8.6135,45.1024],[8.6234,45.0983],[8.6237,45.095],[8.622,45.0912],[8.6063,45.0828],[8.6006,45.0868],[8.5912,45.0904],[8.5872,45.0897],[8.5834,45.0874],[8.5778,45.086],[8.5759,45.0865],[8.5746,45.0878],[8.5769,45.0903],[8.571,45.099],[8.5797,45.1112],[8.5838,45.1138],[8.5907,45.121],[8.5917,45.1275],[8.5901,45.133],[8.5945,45.1308],[8.6118,45.1275],[8.6131,45.1243],[8.6092,45.117],[8.6085,45.1083],[8.61,45.1057],[8.6135,45.1024]]]}},{"type":"Feature","properties":{"i":"006179","n":"Vignale Monferrato"},"geometry":{"type":"Polygon","coordinates":[[[8.4417,44.9981],[8.4386,44.9905],[8.4309,44.9881],[8.4083,44.9888],[8.4054,44.9877],[8.4032,44.982],[8.4,44.9775],[8.3965,44.979],[8.398,44.9841],[8.3972,44.99],[8.3882,44.9972],[8.382,45.0038],[8.3744,45.0081],[8.3653,45.0098],[8.3594,45.01],[8.3599,45.0119],[8.3585,45.026],[8.3725,45.0277],[8.391,45.0217],[8.4,45.0228],[8.4062,45.0247],[8.4137,45.0317],[8.4183,45.0293],[8.4229,45.0206],[8.4239,45.0166],[8.4213,45.0128],[8.4207,45.0087],[8.4225,45.0072],[8.4417,44.9981]]]}},{"type":"Feature","properties":{"i":"006180","n":"Vignole Borbera"},"geometry":{"type":"Polygon","coordinates":[[[8.9369,44.7067],[8.9348,44.7037],[8.9329,44.7027],[8.9279,44.7019],[8.9227,44.702],[8.9177,44.7004],[8.9004,44.6983],[8.8909,44.6987],[8.8769,44.7048],[8.872,44.7058],[8.8769,44.7107],[8.8935,44.7108],[8.897,44.7142],[8.898,44.7172],[8.8998,44.7187],[8.9023,44.7191],[8.9059,44.7183],[8.9173,44.7242],[8.9236,44.7234],[8.9304,44.7204],[8.9327,44.7118],[8.935,44.7081],[8.9369,44.7067]]]}},{"type":"Feature","properties":{"i":"006181","n":"Viguzzolo"},"geometry":{"type":"Polygon","coordinates":[[[8.9487,44.9276],[8.956,44.92],[8.958,44.9166],[8.951,44.9165],[8.9416,44.9122],[8.9401,44.9085],[8.9417,44.902],[8.9472,44.8932],[8.9482,44.8855],[8.9415,44.8784],[8.9375,44.8804],[8.9278,44.8829],[8.9095,44.8813],[8.9072,44.8826],[8.9097,44.8871],[8.9098,44.8899],[8.9049,44.9044],[8.8977,44.9154],[8.8969,44.9183],[8.9018,44.9237],[8.8983,44.9284],[8.9074,44.9368],[8.9149,44.9337],[8.9185,44.9293],[8.9377,44.926],[8.9487,44.9276]]]}},{"type":"Feature","properties":{"i":"006182","n":"Villadeati"},"geometry":{"type":"Polygon","coordinates":[[[8.1844,45.0808],[8.1866,45.0796],[8.186,45.0775],[8.1842,45.0757],[8.1845,45.0744],[8.1884,45.0718],[8.1961,45.0694],[8.1966,45.0672],[8.1954,45.0634],[8.195,45.0625],[8.1881,45.0632],[8.1847,45.0589],[8.1838,45.0495],[8.1807,45.0442],[8.1691,45.0321],[8.159,45.0275],[8.1578,45.0314],[8.1495,45.0385],[8.1502,45.0535],[8.1527,45.06],[8.1518,45.0653],[8.149,45.0715],[8.1562,45.0767],[8.1754,45.0855],[8.1827,45.0831],[8.1844,45.0808]]]}},{"type":"Feature","properties":{"i":"006183","n":"Villalvernia"},"geometry":{"type":"Polygon","coordinates":[[[8.8674,44.8207],[8.8686,44.8191],[8.8697,44.8109],[8.8683,44.7962],[8.8533,44.7974],[8.8425,44.8224],[8.8674,44.8207]]]}},{"type":"Feature","properties":{"i":"006184","n":"Villamiroglio"},"geometry":{"type":"Polygon","coordinates":[[[8.1826,45.1252],[8.176,45.1175],[8.1743,45.1166],[8.1702,45.1162],[8.1604,45.1221],[8.1469,45.1251],[8.1362,45.1289],[8.1346,45.1323],[8.1366,45.1397],[8.1419,45.1433],[8.1772,45.1489],[8.183,45.1435],[8.1866,45.138],[8.1854,45.1317],[8.184,45.1302],[8.1826,45.1252]]]}},{"type":"Feature","properties":{"i":"006185","n":"Villanova Monferrato"},"geometry":{"type":"Polygon","coordinates":[[[8.4746,45.2031],[8.4799,45.2024],[8.485,45.1983],[8.4907,45.1967],[8.4948,45.1982],[8.4971,45.198],[8.4984,45.1905],[8.5016,45.1873],[8.5072,45.1741],[8.478,45.1648],[8.4743,45.1623],[8.4697,45.1619],[8.455,45.1675],[8.4484,45.1719],[8.4435,45.171],[8.4459,45.1783],[8.4468,45.1876],[8.444,45.1939],[8.4402,45.1949],[8.4423,45.1971],[8.4485,45.2007],[8.4527,45.2004],[8.4552,45.2036],[8.4589,45.2014],[8.4636,45.202],[8.467,45.2038],[8.4713,45.2045],[8.4746,45.2031]]]}},{"type":"Feature","properties":{"i":"006186","n":"Villaromagnano"},"geometry":{"type":"Polygon","coordinates":[[[8.9169,44.8439],[8.9135,44.8391],[8.9008,44.8297],[8.8906,44.8371],[8.8919,44.8385],[8.8916,44.8412],[8.89,44.8425],[8.8778,44.8481],[8.8734,44.8482],[8.8793,44.8541],[8.8995,44.8602],[8.9071,44.8587],[8.9103,44.8566],[8.9124,44.8444],[8.9169,44.8439]]]}},{"type":"Feature","properties":{"i":"006187","n":"Visone"},"geometry":{"type":"Polygon","coordinates":[[[8.5255,44.676],[8.5282,44.6444],[8.5256,44.6352],[8.518,44.6291],[8.5066,44.6401],[8.4981,44.6408],[8.4953,44.638],[8.4799,44.6433],[8.4804,44.6462],[8.4845,44.6529],[8.4893,44.6555],[8.4917,44.6614],[8.4929,44.6693],[8.5071,44.6731],[8.5122,44.6766],[8.5255,44.676]]]}},{"type":"Feature","properties":{"i":"006188","n":"Volpedo"},"geometry":{"type":"Polygon","coordinates":[[[9.0232,44.897],[9.0304,44.8885],[9.0286,44.8868],[9.0183,44.8818],[9.0166,44.8777],[9.0179,44.872],[9.0131,44.8685],[9.0083,44.8678],[9.0036,44.8656],[8.9991,44.8653],[8.9971,44.8671],[8.998,44.8727],[8.9905,44.8828],[8.9761,44.8907],[8.9707,44.8949],[8.9658,44.904],[8.9708,44.9053],[8.9774,44.9051],[8.9985,44.9005],[9.0093,44.8932],[9.0191,44.8953],[9.0232,44.897]]]}},{"type":"Feature","properties":{"i":"006189","n":"Volpeglino"},"geometry":{"type":"Polygon","coordinates":[[[8.9658,44.904],[8.9707,44.8949],[8.9684,44.8932],[8.9683,44.8884],[8.9637,44.8839],[8.9482,44.8855],[8.9472,44.8932],[8.9551,44.902],[8.9584,44.9076],[8.9633,44.9083],[8.9658,44.904]]]}},{"type":"Feature","properties":{"i":"006190","n":"Voltaggio"},"geometry":{"type":"Polygon","coordinates":[[[8.8503,44.6428],[8.8559,44.6371],[8.8619,44.6357],[8.8719,44.6354],[8.8767,44.6364],[8.8827,44.639],[8.8824,44.637],[8.8845,44.6332],[8.8912,44.6295],[8.8927,44.6257],[8.9009,44.6232],[8.9044,44.6208],[8.9052,44.6157],[8.9026,44.6144],[8.8847,44.6106],[8.8816,44.6082],[8.8798,44.6015],[8.8684,44.5991],[8.863,44.5925],[8.8619,44.5886],[8.879,44.5766],[8.8867,44.5687],[8.8876,44.5669],[8.8883,44.5577],[8.8876,44.5529],[8.8911,44.5506],[8.8843,44.5523],[8.88,44.5554],[8.8778,44.5593],[8.8754,44.5617],[8.8686,44.5662],[8.865,44.5659],[8.8629,44.5606],[8.8496,44.5603],[8.8432,44.5624],[8.8268,44.5618],[8.821,44.5654],[8.8168,44.5695],[8.8072,44.574],[8.8021,44.5842],[8.8078,44.5946],[8.8085,44.5973],[8.8025,44.6092],[8.7964,44.6161],[8.7973,44.6199],[8.8017,44.6281],[8.8057,44.6279],[8.8113,44.6321],[8.815,44.6368],[8.8225,44.6389],[8.827,44.6417],[8.8385,44.645],[8.8421,44.6452],[8.8454,44.6453],[8.8503,44.6428]]]}},{"type":"Feature","properties":{"i":"006191","n":"Cassano Spinola"},"geometry":{"type":"Polygon","coordinates":[[[8.8683,44.7962],[8.873,44.7951],[8.8734,44.7909],[8.878,44.7913],[8.8804,44.7862],[8.8947,44.7798],[8.8982,44.7759],[8.8977,44.7725],[8.8985,44.7665],[8.9022,44.7674],[8.8982,44.7646],[8.887,44.7617],[8.8817,44.757],[8.8817,44.7551],[8.8882,44.7431],[8.8859,44.7452],[8.8816,44.7459],[8.8636,44.7455],[8.8612,44.747],[8.8558,44.7445],[8.8533,44.7465],[8.8533,44.7531],[8.8475,44.7619],[8.8461,44.7691],[8.8491,44.7794],[8.8507,44.7887],[8.8501,44.7948],[8.8468,44.7969],[8.8533,44.7974],[8.8683,44.7962]]]}},{"type":"Feature","properties":{"i":"006192","n":"Alluvioni Piovera"},"geometry":{"type":"Polygon","coordinates":[[[8.8228,45.0153],[8.822,45.0119],[8.8146,45.0026],[8.8138,45.0],[8.8105,44.9985],[8.8055,44.9976],[8.8009,44.9989],[8.7952,44.999],[8.7885,44.9986],[8.7816,44.9971],[8.7834,44.9919],[8.7761,44.9857],[8.7692,44.9816],[8.766,44.9814],[8.7581,44.9583],[8.7581,44.9553],[8.7647,44.9426],[8.7639,44.9348],[8.7608,44.9264],[8.7556,44.9278],[8.7533,44.934],[8.736,44.9316],[8.7292,44.9374],[8.7295,44.9399],[8.7134,44.9445],[8.7102,44.9476],[8.7128,44.9488],[8.7135,44.952],[8.7071,44.9645],[8.7081,44.9662],[8.7163,44.9604],[8.719,44.9604],[8.7224,44.9618],[8.7281,44.9692],[8.7324,44.971],[8.7399,44.9715],[8.7391,44.9784],[8.7374,44.9799],[8.7334,44.9813],[8.7271,44.9818],[8.725,44.9804],[8.7243,44.9815],[8.7247,44.9827],[8.7296,44.9854],[8.731,44.984],[8.7369,44.9819],[8.744,44.9826],[8.7471,44.9859],[8.7466,44.9897],[8.7542,44.9937],[8.757,44.9933],[8.7602,44.9912],[8.758,44.9898],[8.7609,44.9893],[8.7679,44.9903],[8.7698,44.9921],[8.7687,44.9945],[8.7651,44.9963],[8.7627,45.0017],[8.7651,45.0025],[8.7675,45.0023],[8.7738,45.0006],[8.775,44.9989],[8.7774,44.998],[8.7832,44.9989],[8.7853,45.0017],[8.7828,45.009],[8.7935,45.0139],[8.7957,45.0128],[8.7946,45.0117],[8.7961,45.0083],[8.8043,45.0064],[8.8099,45.0086],[8.8099,45.0102],[8.8114,45.012],[8.8164,45.0145],[8.8228,45.0153]]]}},{"type":"Feature","properties":{"i":"006193","n":"Lu e Cuccaro Monferrato"},"geometry":{"type":"Polygon","coordinates":[[[8.4973,45.0411],[8.4976,45.0381],[8.4963,45.0257],[8.4973,45.0223],[8.5045,45.0249],[8.5065,45.0251],[8.5083,45.0237],[8.5083,45.0223],[8.5032,45.0134],[8.5035,45.0114],[8.5106,45.0122],[8.5123,45.013],[8.5139,45.0152],[8.5245,45.017],[8.5259,45.0132],[8.5227,45.0097],[8.5219,45.0075],[8.5218,45.0034],[8.5236,45.0012],[8.523,44.9953],[8.5164,44.9835],[8.5095,44.9833],[8.4952,44.9846],[8.4944,44.9822],[8.4891,44.98],[8.4697,44.9813],[8.4567,44.9778],[8.454,44.9765],[8.4532,44.9743],[8.4493,44.975],[8.4412,44.9824],[8.4395,44.9829],[8.4372,44.9887],[8.4417,44.9981],[8.446,44.9991],[8.4487,45.0055],[8.4549,45.0092],[8.4762,45.0189],[8.4783,45.0231],[8.4809,45.0339],[8.4853,45.0418],[8.4973,45.0411]]]}}]}
