{"type":"FeatureCollection","fonte":"Confini comunali ISTAT via openpolis/geojson-italy — CC BY 4.0","features":[{"type":"Feature","properties":{"i":"016001","n":"Adrara San Martino"},"geometry":{"type":"Polygon","coordinates":[[[9.9891,45.7123],[9.9943,45.7023],[9.9786,45.7005],[9.9613,45.6942],[9.952,45.6882],[9.9516,45.6842],[9.948,45.6813],[9.9385,45.6893],[9.9353,45.6905],[9.9293,45.7055],[9.93,45.7097],[9.9323,45.7138],[9.9338,45.7153],[9.9382,45.7168],[9.943,45.7221],[9.9498,45.7273],[9.9542,45.7349],[9.952,45.7398],[9.9527,45.7425],[9.9556,45.7444],[9.9601,45.7456],[9.9637,45.7504],[9.9696,45.7478],[9.9744,45.7356],[9.9686,45.7359],[9.9671,45.7371],[9.9611,45.7369],[9.9535,45.7181],[9.952,45.7166],[9.9524,45.7136],[9.9571,45.709],[9.9626,45.7075],[9.9682,45.7073],[9.983,45.7094],[9.9891,45.7123]]]}},{"type":"Feature","properties":{"i":"016002","n":"Adrara San Rocco"},"geometry":{"type":"Polygon","coordinates":[[[9.9673,45.7534],[9.9721,45.7522],[9.9761,45.7496],[9.9834,45.7429],[9.9873,45.7416],[9.9886,45.737],[9.9878,45.7158],[9.9891,45.7123],[9.983,45.7094],[9.9682,45.7073],[9.9626,45.7075],[9.9571,45.709],[9.9524,45.7136],[9.952,45.7166],[9.9535,45.7181],[9.9611,45.7369],[9.9671,45.7371],[9.9686,45.7359],[9.9744,45.7356],[9.9696,45.7478],[9.9637,45.7504],[9.9673,45.7534]]]}},{"type":"Feature","properties":{"i":"016003","n":"Albano Sant'Alessandro"},"geometry":{"type":"Polygon","coordinates":[[[9.7967,45.6954],[9.7892,45.6917],[9.7851,45.6818],[9.7904,45.6794],[9.7901,45.6781],[9.7842,45.6732],[9.7815,45.673],[9.78,45.6785],[9.7582,45.6833],[9.7491,45.6873],[9.759,45.6939],[9.7631,45.6935],[9.7812,45.7017],[9.7852,45.7009],[9.7967,45.6954]]]}},{"type":"Feature","properties":{"i":"016004","n":"Albino"},"geometry":{"type":"Polygon","coordinates":[[[9.8227,45.7889],[9.8234,45.7864],[9.8188,45.7722],[9.823,45.7683],[9.8259,45.7702],[9.8341,45.7735],[9.8492,45.7723],[9.8511,45.7714],[9.8608,45.7632],[9.8638,45.7623],[9.8711,45.7564],[9.8728,45.7542],[9.8751,45.7452],[9.8782,45.7403],[9.8781,45.7388],[9.8699,45.7354],[9.8537,45.7337],[9.8491,45.73],[9.8414,45.7281],[9.8314,45.7321],[9.8192,45.7351],[9.818,45.7375],[9.8116,45.7437],[9.7985,45.7509],[9.7903,45.7531],[9.7833,45.7529],[9.7777,45.7546],[9.7639,45.7674],[9.7616,45.7707],[9.7628,45.7832],[9.7705,45.7756],[9.7837,45.7784],[9.7888,45.7824],[9.7959,45.7852],[9.8027,45.7841],[9.8116,45.7861],[9.8134,45.787],[9.812,45.7888],[9.8124,45.7895],[9.8227,45.7889]]]}},{"type":"Feature","properties":{"i":"016005","n":"Almè"},"geometry":{"type":"Polygon","coordinates":[[[9.6276,45.7379],[9.6167,45.7315],[9.6104,45.7324],[9.6053,45.7354],[9.5995,45.7367],[9.6064,45.7437],[9.611,45.7433],[9.6177,45.7443],[9.6276,45.7379]]]}},{"type":"Feature","properties":{"i":"016006","n":"Almenno San Bartolomeo"},"geometry":{"type":"Polygon","coordinates":[[[9.5664,45.7677],[9.5702,45.7664],[9.5701,45.7642],[9.5717,45.7595],[9.5794,45.7506],[9.5965,45.7378],[9.5995,45.7367],[9.5978,45.7264],[9.5775,45.7291],[9.5775,45.7312],[9.5753,45.7344],[9.5678,45.7411],[9.5591,45.7444],[9.5563,45.7444],[9.5434,45.7495],[9.5365,45.7618],[9.5429,45.7712],[9.5534,45.7687],[9.5664,45.7677]]]}},{"type":"Feature","properties":{"i":"016007","n":"Almenno San Salvatore"},"geometry":{"type":"Polygon","coordinates":[[[9.5963,45.7599],[9.604,45.7608],[9.6099,45.7552],[9.6076,45.7529],[9.605,45.748],[9.6064,45.7437],[9.5995,45.7367],[9.5965,45.7378],[9.5794,45.7506],[9.5717,45.7595],[9.5701,45.7642],[9.5701,45.7661],[9.5731,45.7658],[9.58,45.762],[9.5902,45.7591],[9.5949,45.7587],[9.5963,45.7599]]]}},{"type":"Feature","properties":{"i":"016008","n":"Alzano Lombardo"},"geometry":{"type":"Polygon","coordinates":[[[9.744,45.7332],[9.7387,45.7322],[9.7309,45.7279],[9.7286,45.7257],[9.728,45.7224],[9.7225,45.7258],[9.7196,45.7309],[9.6971,45.7461],[9.7004,45.75],[9.6999,45.7513],[9.6854,45.7575],[9.6845,45.7592],[9.6845,45.764],[9.6916,45.7638],[9.6968,45.7648],[9.7131,45.7752],[9.7232,45.7835],[9.7261,45.7815],[9.7281,45.7697],[9.7288,45.7584],[9.727,45.7468],[9.731,45.7478],[9.7309,45.7484],[9.7378,45.7472],[9.7432,45.7369],[9.744,45.7332]]]}},{"type":"Feature","properties":{"i":"016009","n":"Ambivere"},"geometry":{"type":"Polygon","coordinates":[[[9.5511,45.726],[9.5554,45.7213],[9.5567,45.7173],[9.5548,45.7152],[9.5508,45.714],[9.5429,45.7138],[9.5359,45.7167],[9.5295,45.7172],[9.521,45.7165],[9.5233,45.7224],[9.524,45.7284],[9.5253,45.7293],[9.5278,45.7296],[9.5511,45.726]]]}},{"type":"Feature","properties":{"i":"016010","n":"Antegnate"},"geometry":{"type":"Polygon","coordinates":[[[9.8247,45.5007],[9.8297,45.482],[9.7943,45.4761],[9.7911,45.4745],[9.7869,45.47],[9.7855,45.4772],[9.7836,45.4793],[9.7721,45.4808],[9.765,45.4848],[9.7683,45.4879],[9.7782,45.4921],[9.7944,45.5008],[9.8051,45.5013],[9.8062,45.498],[9.8247,45.5007]]]}},{"type":"Feature","properties":{"i":"016011","n":"Arcene"},"geometry":{"type":"Polygon","coordinates":[[[9.6253,45.5818],[9.6299,45.57],[9.6291,45.5677],[9.6273,45.5661],[9.6249,45.5609],[9.6253,45.5599],[9.6167,45.5636],[9.5972,45.5699],[9.5917,45.5729],[9.6005,45.5758],[9.6123,45.5812],[9.6152,45.5868],[9.6202,45.5886],[9.6253,45.5818]]]}},{"type":"Feature","properties":{"i":"016012","n":"Ardesio"},"geometry":{"type":"Polygon","coordinates":[[[9.919,45.9559],[9.9221,45.9544],[9.938,45.9545],[9.9498,45.9559],[9.963,45.9588],[9.9747,45.9597],[9.9842,45.9653],[9.9929,45.9658],[9.992,45.9617],[9.984,45.9514],[9.9733,45.9412],[9.9671,45.9367],[9.9604,45.9323],[9.9435,45.9256],[9.9375,45.9214],[9.9311,45.9213],[9.9262,45.918],[9.9274,45.9131],[9.9259,45.9115],[9.9139,45.9104],[9.9037,45.9109],[9.8976,45.9133],[9.8894,45.9212],[9.8844,45.9303],[9.8798,45.9338],[9.8646,45.9331],[9.844,45.9284],[9.841,45.9313],[9.8354,45.9336],[9.8223,45.9335],[9.8165,45.9342],[9.8107,45.9434],[9.8007,45.9517],[9.8079,45.9608],[9.8132,45.9695],[9.8127,45.9747],[9.8099,45.9789],[9.8248,45.9838],[9.8386,45.9793],[9.8395,45.9783],[9.838,45.9778],[9.8379,45.9768],[9.8539,45.9632],[9.8602,45.9618],[9.8792,45.9603],[9.8908,45.9618],[9.8937,45.9635],[9.9002,45.9621],[9.9134,45.9554],[9.919,45.9559]]]}},{"type":"Feature","properties":{"i":"016013","n":"Arzago d'Adda"},"geometry":{"type":"Polygon","coordinates":[[[9.5868,45.4862],[9.5908,45.4761],[9.5863,45.4697],[9.5788,45.4651],[9.5775,45.4621],[9.5776,45.4602],[9.5651,45.4598],[9.5508,45.4603],[9.5477,45.4631],[9.5454,45.4704],[9.5412,45.4791],[9.5415,45.4823],[9.5462,45.4881],[9.5527,45.4886],[9.5611,45.4871],[9.5716,45.484],[9.5868,45.4862]]]}},{"type":"Feature","properties":{"i":"016014","n":"Averara"},"geometry":{"type":"Polygon","coordinates":[[[9.6323,46.0466],[9.6328,46.046],[9.632,46.0437],[9.6286,46.0388],[9.6287,46.0376],[9.6388,46.0253],[9.6439,46.0229],[9.6485,46.0219],[9.6513,46.0177],[9.6477,46.0084],[9.6541,45.9945],[9.6562,45.993],[9.6509,45.9866],[9.6407,45.9777],[9.6291,45.9883],[9.6286,46.0055],[9.6292,46.0163],[9.6306,46.0223],[9.6235,46.036],[9.62,46.0379],[9.6142,46.0395],[9.6108,46.0397],[9.601,46.0372],[9.6041,46.0436],[9.6219,46.0473],[9.6323,46.0466]]]}},{"type":"Feature","properties":{"i":"016015","n":"Aviatico"},"geometry":{"type":"Polygon","coordinates":[[[9.8227,45.7889],[9.8124,45.7895],[9.812,45.7888],[9.8134,45.787],[9.8116,45.7861],[9.8027,45.7841],[9.7959,45.7852],[9.7888,45.7824],[9.7837,45.7784],[9.7705,45.7756],[9.7628,45.7832],[9.7637,45.7849],[9.7642,45.7909],[9.7595,45.7989],[9.7684,45.8021],[9.7706,45.8063],[9.7797,45.8066],[9.7933,45.7981],[9.7979,45.7963],[9.8008,45.7964],[9.8139,45.7931],[9.8227,45.7889]]]}},{"type":"Feature","properties":{"i":"016016","n":"Azzano San Paolo"},"geometry":{"type":"Polygon","coordinates":[[[9.6789,45.6635],[9.6946,45.6629],[9.7031,45.6638],[9.7037,45.6595],[9.6985,45.6583],[9.6943,45.6548],[9.685,45.6493],[9.6768,45.6465],[9.6735,45.6483],[9.6666,45.6548],[9.6601,45.6533],[9.6591,45.6545],[9.6587,45.6556],[9.6677,45.6625],[9.6763,45.6677],[9.6789,45.6635]]]}},{"type":"Feature","properties":{"i":"016017","n":"Azzone"},"geometry":{"type":"Polygon","coordinates":[[[10.1765,45.9827],[10.1774,45.9812],[10.1781,45.9742],[10.1734,45.9711],[10.1601,45.9674],[10.14,45.9639],[10.1252,45.9585],[10.1207,45.9555],[10.1182,45.9525],[10.1154,45.9464],[10.1141,45.9398],[10.1145,45.9378],[10.1119,45.9384],[10.1063,45.9429],[10.1054,45.9483],[10.1096,45.9628],[10.1099,45.9687],[10.108,45.9727],[10.1048,45.9745],[10.1024,45.9777],[10.0992,45.9862],[10.1009,45.9886],[10.1123,45.9898],[10.118,45.9937],[10.1228,45.9956],[10.1418,45.9906],[10.1456,45.9889],[10.1612,45.9844],[10.1765,45.9827]]]}},{"type":"Feature","properties":{"i":"016018","n":"Bagnatica"},"geometry":{"type":"Polygon","coordinates":[[[9.7896,45.6401],[9.783,45.6437],[9.7551,45.6453],[9.749,45.6472],[9.7434,45.6592],[9.7607,45.6585],[9.7731,45.6626],[9.7766,45.6645],[9.7811,45.6712],[9.7815,45.673],[9.7842,45.6732],[9.7883,45.6602],[9.7889,45.6561],[9.7882,45.6435],[9.7896,45.6401]]]}},{"type":"Feature","properties":{"i":"016019","n":"Barbata"},"geometry":{"type":"Polygon","coordinates":[[[9.7869,45.47],[9.7816,45.4642],[9.7797,45.4582],[9.7824,45.4505],[9.7801,45.4424],[9.7846,45.4295],[9.7693,45.4302],[9.7687,45.4337],[9.7707,45.4359],[9.7703,45.4393],[9.7646,45.4525],[9.7627,45.4557],[9.7616,45.4566],[9.7603,45.4566],[9.7593,45.4585],[9.7602,45.4632],[9.7637,45.4647],[9.766,45.4691],[9.7652,45.4741],[9.7604,45.4805],[9.7614,45.484],[9.765,45.4848],[9.7721,45.4808],[9.7836,45.4793],[9.7855,45.4772],[9.7869,45.47]]]}},{"type":"Feature","properties":{"i":"016020","n":"Bariano"},"geometry":{"type":"Polygon","coordinates":[[[9.7218,45.5271],[9.7244,45.5222],[9.7256,45.5179],[9.7234,45.5126],[9.726,45.4994],[9.7165,45.4986],[9.7042,45.5007],[9.6949,45.5055],[9.6878,45.5241],[9.6924,45.5235],[9.7101,45.527],[9.717,45.5253],[9.7218,45.5271]]]}},{"type":"Feature","properties":{"i":"016021","n":"Barzana"},"geometry":{"type":"Polygon","coordinates":[[[9.5775,45.7291],[9.5711,45.7237],[9.5682,45.7232],[9.565,45.7211],[9.5644,45.7198],[9.559,45.727],[9.5619,45.7386],[9.5644,45.742],[9.5678,45.7411],[9.5753,45.7344],[9.5775,45.7312],[9.5775,45.7291]]]}},{"type":"Feature","properties":{"i":"016022","n":"Bedulita"},"geometry":{"type":"Polygon","coordinates":[[[9.5469,45.8012],[9.5497,45.8013],[9.5625,45.7952],[9.5657,45.7918],[9.5612,45.7882],[9.5533,45.7867],[9.5506,45.7842],[9.5473,45.7855],[9.544,45.7842],[9.5368,45.7836],[9.5318,45.7844],[9.5223,45.7933],[9.5272,45.7948],[9.5429,45.8019],[9.5469,45.8012]]]}},{"type":"Feature","properties":{"i":"016023","n":"Berbenno"},"geometry":{"type":"Polygon","coordinates":[[[9.59,45.7995],[9.5869,45.7956],[9.5841,45.7959],[9.5657,45.7918],[9.5625,45.7952],[9.5497,45.8013],[9.5469,45.8012],[9.5539,45.8077],[9.5551,45.8181],[9.5592,45.8202],[9.5642,45.8213],[9.5773,45.8161],[9.5802,45.8135],[9.582,45.8069],[9.5858,45.8013],[9.59,45.7995]]]}},{"type":"Feature","properties":{"i":"016024","n":"Bergamo"},"geometry":{"type":"Polygon","coordinates":[[[9.6863,45.732],[9.6923,45.7232],[9.7016,45.7119],[9.7015,45.7113],[9.7084,45.7076],[9.7061,45.7039],[9.7075,45.6986],[9.7105,45.6904],[9.7138,45.6886],[9.7005,45.6808],[9.7022,45.6796],[9.6853,45.6764],[9.6858,45.6709],[9.6885,45.6664],[9.6789,45.6635],[9.6763,45.6677],[9.6677,45.6625],[9.6587,45.6556],[9.642,45.6647],[9.6375,45.6604],[9.6339,45.6582],[9.6328,45.6594],[9.6354,45.6701],[9.6355,45.6736],[9.6378,45.6796],[9.6297,45.6882],[9.6278,45.6892],[9.6221,45.6979],[9.6211,45.7007],[9.6219,45.7045],[9.6256,45.7078],[9.6203,45.7225],[9.6266,45.7286],[9.6392,45.7268],[9.6423,45.7281],[9.6509,45.7273],[9.653,45.7233],[9.657,45.7197],[9.6597,45.7205],[9.6701,45.7267],[9.6863,45.732]]]}},{"type":"Feature","properties":{"i":"016025","n":"Berzo San Fermo"},"geometry":{"type":"Polygon","coordinates":[[[9.9382,45.7168],[9.9338,45.7153],[9.9323,45.7138],[9.93,45.7097],[9.9297,45.7072],[9.9111,45.7028],[9.8972,45.7031],[9.8963,45.7059],[9.8918,45.7128],[9.8877,45.7142],[9.8996,45.7222],[9.9018,45.7266],[9.9122,45.7227],[9.9382,45.7168]]]}},{"type":"Feature","properties":{"i":"016026","n":"Bianzano"},"geometry":{"type":"Polygon","coordinates":[[[9.9278,45.7752],[9.9267,45.7731],[9.9231,45.7704],[9.9149,45.7681],[9.9032,45.7627],[9.9037,45.7655],[9.8977,45.7675],[9.8717,45.7673],[9.8674,45.7714],[9.8777,45.7765],[9.8817,45.7771],[9.8878,45.7817],[9.8942,45.7824],[9.9042,45.7816],[9.9166,45.7865],[9.9215,45.784],[9.9278,45.7752]]]}},{"type":"Feature","properties":{"i":"016027","n":"Blello"},"geometry":{"type":"Polygon","coordinates":[[[9.564,45.8268],[9.5644,45.8304],[9.5634,45.8344],[9.5563,45.8385],[9.5577,45.8464],[9.5613,45.8447],[9.5633,45.8389],[9.5752,45.8356],[9.5867,45.8345],[9.5849,45.8316],[9.5762,45.8252],[9.5686,45.8256],[9.564,45.8268]]]}},{"type":"Feature","properties":{"i":"016028","n":"Bolgare"},"geometry":{"type":"Polygon","coordinates":[[[9.8172,45.6522],[9.8229,45.6461],[9.827,45.643],[9.8308,45.6423],[9.8355,45.6365],[9.8343,45.6298],[9.8324,45.6047],[9.8267,45.6046],[9.8241,45.6068],[9.8197,45.6143],[9.8209,45.6207],[9.8082,45.6278],[9.7902,45.6354],[9.7896,45.6401],[9.7973,45.6382],[9.8079,45.6403],[9.8079,45.6517],[9.809,45.6543],[9.8172,45.6522]]]}},{"type":"Feature","properties":{"i":"016029","n":"Boltiere"},"geometry":{"type":"Polygon","coordinates":[[[9.5959,45.6008],[9.5992,45.5968],[9.597,45.5967],[9.5893,45.5923],[9.5836,45.5915],[9.5798,45.5923],[9.5744,45.5886],[9.5739,45.587],[9.5589,45.5973],[9.5662,45.6064],[9.5742,45.6085],[9.5851,45.6069],[9.5853,45.6036],[9.5945,45.6006],[9.5959,45.6008]]]}},{"type":"Feature","properties":{"i":"016030","n":"Bonate Sopra"},"geometry":{"type":"Polygon","coordinates":[[[9.5542,45.6948],[9.5548,45.6925],[9.5625,45.6882],[9.5685,45.6873],[9.5894,45.687],[9.5872,45.6801],[9.5842,45.6743],[9.5783,45.6736],[9.5486,45.6744],[9.5454,45.6728],[9.5457,45.6717],[9.5394,45.6771],[9.54,45.6791],[9.5469,45.6883],[9.5456,45.6929],[9.5542,45.6948]]]}},{"type":"Feature","properties":{"i":"016031","n":"Bonate Sotto"},"geometry":{"type":"Polygon","coordinates":[[[9.5842,45.6743],[9.5699,45.648],[9.5635,45.647],[9.5554,45.6563],[9.5458,45.6596],[9.5421,45.6577],[9.5414,45.6627],[9.5457,45.6717],[9.5454,45.6728],[9.5476,45.6743],[9.5783,45.6736],[9.5842,45.6743]]]}},{"type":"Feature","properties":{"i":"016032","n":"Borgo di Terzo"},"geometry":{"type":"Polygon","coordinates":[[[9.8699,45.7354],[9.8689,45.7309],[9.8707,45.7293],[9.8996,45.7222],[9.8877,45.7142],[9.8867,45.7147],[9.8874,45.7168],[9.8825,45.7208],[9.8763,45.7244],[9.8537,45.7337],[9.8699,45.7354]]]}},{"type":"Feature","properties":{"i":"016033","n":"Bossico"},"geometry":{"type":"Polygon","coordinates":[[[10.0611,45.845],[10.0587,45.8431],[10.0565,45.8342],[10.0556,45.83],[10.0557,45.8227],[10.0439,45.8251],[10.0356,45.8242],[10.0314,45.828],[10.0328,45.8305],[10.0281,45.8391],[10.0275,45.8436],[10.032,45.8484],[10.0313,45.8515],[10.0396,45.8546],[10.0485,45.8546],[10.0552,45.8565],[10.0588,45.8591],[10.0575,45.862],[10.0626,45.8488],[10.0611,45.845]]]}},{"type":"Feature","properties":{"i":"016034","n":"Bottanuco"},"geometry":{"type":"Polygon","coordinates":[[[9.5276,45.6486],[9.5339,45.6442],[9.5351,45.6357],[9.5308,45.6356],[9.5193,45.6314],[9.5155,45.6292],[9.5154,45.6255],[9.5088,45.6271],[9.4955,45.6325],[9.4959,45.6397],[9.495,45.6486],[9.5033,45.6477],[9.5121,45.6489],[9.5276,45.6486]]]}},{"type":"Feature","properties":{"i":"016035","n":"Bracca"},"geometry":{"type":"Polygon","coordinates":[[[9.7217,45.8254],[9.7171,45.8146],[9.7158,45.8088],[9.714,45.8062],[9.7077,45.8083],[9.705,45.8108],[9.6907,45.8087],[9.6892,45.8093],[9.6886,45.813],[9.6914,45.8221],[9.6949,45.8286],[9.7031,45.8376],[9.7084,45.8351],[9.7128,45.832],[9.7149,45.829],[9.7217,45.8254]]]}},{"type":"Feature","properties":{"i":"016036","n":"Branzi"},"geometry":{"type":"Polygon","coordinates":[[[9.8418,46.0023],[9.841,45.9944],[9.8401,45.9923],[9.8283,45.9902],[9.8253,45.9877],[9.8248,45.9838],[9.8099,45.9789],[9.8039,45.98],[9.7944,45.9795],[9.792,45.9767],[9.7874,45.9799],[9.7594,45.985],[9.7499,45.985],[9.746,45.9859],[9.7431,45.9898],[9.743,45.9925],[9.7365,45.9946],[9.7304,45.9955],[9.7308,46.0008],[9.7211,46.0142],[9.7451,46.0169],[9.7472,46.018],[9.7453,46.0243],[9.754,46.0289],[9.7652,46.0322],[9.7638,46.0283],[9.7627,46.0168],[9.7781,46.0072],[9.7793,46.0054],[9.7811,46.0046],[9.7886,46.0039],[9.7993,46.006],[9.8187,46.0041],[9.8347,46.0073],[9.8389,46.0057],[9.8418,46.0023]]]}},{"type":"Feature","properties":{"i":"016037","n":"Brembate"},"geometry":{"type":"Polygon","coordinates":[[[9.5596,45.6155],[9.5662,45.6064],[9.5589,45.5973],[9.5565,45.5991],[9.5554,45.5983],[9.5545,45.5957],[9.5556,45.5932],[9.5552,45.5918],[9.5464,45.5896],[9.5372,45.6001],[9.5377,45.6033],[9.5415,45.604],[9.5426,45.6066],[9.541,45.6124],[9.5385,45.6126],[9.5327,45.6151],[9.5321,45.6172],[9.5337,45.6213],[9.5388,45.6278],[9.5402,45.628],[9.5472,45.6258],[9.5505,45.6122],[9.5579,45.6138],[9.5596,45.6155]]]}},{"type":"Feature","properties":{"i":"016038","n":"Brembate di Sopra"},"geometry":{"type":"Polygon","coordinates":[[[9.5956,45.7271],[9.59,45.7199],[9.5874,45.7097],[9.5877,45.701],[9.5864,45.7009],[9.5829,45.703],[9.5679,45.7134],[9.5654,45.7139],[9.5646,45.7206],[9.5682,45.7232],[9.5711,45.7237],[9.5775,45.7291],[9.5956,45.7271]]]}},{"type":"Feature","properties":{"i":"016040","n":"Brignano Gera d'Adda"},"geometry":{"type":"Polygon","coordinates":[[[9.6789,45.5612],[9.6892,45.5532],[9.6905,45.5488],[9.6611,45.5404],[9.6595,45.5372],[9.6596,45.5322],[9.6578,45.5286],[9.6521,45.5274],[9.6475,45.5285],[9.6475,45.5321],[9.6454,45.533],[9.6369,45.5348],[9.6351,45.5348],[9.6337,45.5332],[9.6302,45.5353],[9.6198,45.5442],[9.6322,45.5521],[9.6331,45.5536],[9.6319,45.5579],[9.6726,45.5637],[9.6759,45.5633],[9.6789,45.5612]]]}},{"type":"Feature","properties":{"i":"016041","n":"Brumano"},"geometry":{"type":"Polygon","coordinates":[[[9.5292,45.8684],[9.5289,45.8666],[9.5244,45.8632],[9.5126,45.8577],[9.5105,45.8546],[9.4942,45.8458],[9.4884,45.841],[9.4867,45.8422],[9.4745,45.8385],[9.4747,45.8405],[9.4736,45.8425],[9.4686,45.8475],[9.4669,45.8505],[9.4708,45.8592],[9.4849,45.8616],[9.4916,45.8584],[9.4933,45.8586],[9.494,45.8611],[9.4933,45.8629],[9.4907,45.8627],[9.4871,45.8645],[9.4924,45.8669],[9.5069,45.8702],[9.517,45.8688],[9.524,45.8703],[9.5292,45.8684]]]}},{"type":"Feature","properties":{"i":"016042","n":"Brusaporto"},"geometry":{"type":"Polygon","coordinates":[[[9.7815,45.673],[9.7811,45.6712],[9.7766,45.6645],[9.7607,45.6585],[9.7484,45.6591],[9.7454,45.6646],[9.7464,45.6684],[9.7553,45.6757],[9.7582,45.6833],[9.78,45.6785],[9.7815,45.673]]]}},{"type":"Feature","properties":{"i":"016043","n":"Calcinate"},"geometry":{"type":"Polygon","coordinates":[[[9.7896,45.6401],[9.7902,45.6354],[9.8082,45.6278],[9.8209,45.6207],[9.8197,45.6143],[9.8241,45.6068],[9.8267,45.6046],[9.821,45.6026],[9.8163,45.6038],[9.8036,45.6044],[9.7987,45.5991],[9.7974,45.5966],[9.7845,45.5967],[9.781,45.6025],[9.777,45.6069],[9.7742,45.6072],[9.7742,45.6122],[9.7781,45.6135],[9.7811,45.6158],[9.7717,45.6264],[9.7694,45.6356],[9.7511,45.6388],[9.749,45.6472],[9.7551,45.6453],[9.783,45.6437],[9.7896,45.6401]]]}},{"type":"Feature","properties":{"i":"016044","n":"Calcio"},"geometry":{"type":"Polygon","coordinates":[[[9.8692,45.4953],[9.8726,45.4895],[9.868,45.4868],[9.8646,45.4861],[9.8481,45.4792],[9.8327,45.474],[9.8297,45.482],[9.8194,45.5196],[9.8174,45.5232],[9.8464,45.527],[9.8466,45.5283],[9.8483,45.53],[9.8528,45.5326],[9.8528,45.5198],[9.8588,45.516],[9.8625,45.5102],[9.8645,45.5041],[9.8647,45.4996],[9.8631,45.4981],[9.8634,45.4967],[9.8692,45.4953]]]}},{"type":"Feature","properties":{"i":"016046","n":"Calusco d'Adda"},"geometry":{"type":"Polygon","coordinates":[[[9.4734,45.7007],[9.4751,45.6958],[9.4772,45.6948],[9.5089,45.6924],[9.5115,45.691],[9.5079,45.683],[9.5001,45.6786],[9.489,45.6833],[9.4842,45.6825],[9.4773,45.6766],[9.4769,45.6754],[9.4778,45.6742],[9.4738,45.6695],[9.4712,45.6697],[9.4675,45.6723],[9.4619,45.6787],[9.4545,45.6818],[9.451,45.6844],[9.4564,45.698],[9.469,45.7011],[9.4734,45.7007]]]}},{"type":"Feature","properties":{"i":"016047","n":"Calvenzano"},"geometry":{"type":"Polygon","coordinates":[[[9.5908,45.4761],[9.5832,45.4983],[9.6053,45.5043],[9.6129,45.5025],[9.6165,45.4868],[9.6195,45.4809],[9.6086,45.4755],[9.5934,45.4737],[9.5908,45.4761]]]}},{"type":"Feature","properties":{"i":"016048","n":"Camerata Cornello"},"geometry":{"type":"Polygon","coordinates":[[[9.6502,45.9356],[9.6563,45.9252],[9.6668,45.9162],[9.6669,45.9113],[9.6633,45.9084],[9.6557,45.8926],[9.6548,45.8921],[9.6402,45.8962],[9.6202,45.911],[9.6171,45.9151],[9.6178,45.9169],[9.6162,45.9297],[9.6186,45.9322],[9.6337,45.9365],[9.6364,45.9364],[9.6404,45.9348],[9.6502,45.9356]]]}},{"type":"Feature","properties":{"i":"016049","n":"Canonica d'Adda"},"geometry":{"type":"Polygon","coordinates":[[[9.5499,45.5602],[9.5463,45.5598],[9.5443,45.5604],[9.5323,45.5655],[9.5314,45.5666],[9.5346,45.5706],[9.5386,45.5823],[9.5464,45.5896],[9.5552,45.5918],[9.5556,45.5932],[9.5545,45.5957],[9.5552,45.598],[9.5565,45.5991],[9.5575,45.5924],[9.5536,45.5841],[9.5479,45.5753],[9.5465,45.5743],[9.5448,45.5744],[9.546,45.5662],[9.5499,45.5602]]]}},{"type":"Feature","properties":{"i":"016050","n":"Capizzone"},"geometry":{"type":"Polygon","coordinates":[[[9.6016,45.7944],[9.5931,45.7821],[9.5933,45.7788],[9.5929,45.78],[9.5912,45.7808],[9.575,45.7822],[9.5687,45.7795],[9.5645,45.7812],[9.5506,45.7842],[9.5533,45.7867],[9.5579,45.788],[9.5609,45.788],[9.5657,45.7918],[9.569,45.7929],[9.5841,45.7959],[9.5869,45.7956],[9.59,45.7995],[9.6016,45.7944]]]}},{"type":"Feature","properties":{"i":"016051","n":"Capriate San Gervasio"},"geometry":{"type":"Polygon","coordinates":[[[9.5351,45.6357],[9.5388,45.6278],[9.5337,45.6213],[9.5322,45.6163],[9.5327,45.6151],[9.5365,45.6133],[9.541,45.6124],[9.5426,45.6066],[9.5415,45.604],[9.5377,45.6033],[9.5372,45.6001],[9.5464,45.5896],[9.5386,45.5823],[9.533,45.5922],[9.5312,45.5999],[9.5199,45.6221],[9.5177,45.6246],[9.5154,45.6255],[9.5155,45.6292],[9.5193,45.6314],[9.5308,45.6356],[9.5351,45.6357]]]}},{"type":"Feature","properties":{"i":"016052","n":"Caprino Bergamasco"},"geometry":{"type":"Polygon","coordinates":[[[9.5085,45.7485],[9.5014,45.7474],[9.4971,45.74],[9.4923,45.7361],[9.4898,45.7378],[9.4827,45.7378],[9.4799,45.7413],[9.4788,45.7459],[9.4813,45.7645],[9.4836,45.7693],[9.4953,45.7724],[9.4997,45.7725],[9.5111,45.7812],[9.5187,45.784],[9.5215,45.7808],[9.5089,45.7601],[9.5073,45.7508],[9.5085,45.7485]]]}},{"type":"Feature","properties":{"i":"016053","n":"Caravaggio"},"geometry":{"type":"Polygon","coordinates":[[[9.6578,45.5286],[9.6596,45.5224],[9.6831,45.525],[9.6878,45.5241],[9.6949,45.5055],[9.6881,45.5042],[9.6871,45.5062],[9.6785,45.5051],[9.6671,45.495],[9.6707,45.4799],[9.6721,45.4774],[9.6729,45.4709],[9.6726,45.4575],[9.674,45.4514],[9.676,45.4472],[9.6801,45.4443],[9.6821,45.4412],[9.6618,45.4372],[9.6585,45.4404],[9.6503,45.454],[9.6498,45.4584],[9.6482,45.4617],[9.6384,45.476],[9.6289,45.4802],[9.6195,45.4809],[9.6169,45.4854],[9.6129,45.5008],[9.6129,45.5025],[9.6192,45.5017],[9.6217,45.5024],[9.6219,45.5077],[9.6292,45.5149],[9.632,45.5161],[9.6339,45.5227],[9.6337,45.5332],[9.6351,45.5348],[9.6454,45.533],[9.6475,45.5321],[9.6475,45.5285],[9.6521,45.5274],[9.6578,45.5286]]]}},{"type":"Feature","properties":{"i":"016055","n":"Carobbio degli Angeli"},"geometry":{"type":"Polygon","coordinates":[[[9.8722,45.6683],[9.8813,45.6659],[9.8699,45.6655],[9.835,45.6577],[9.8308,45.6423],[9.827,45.643],[9.8229,45.6461],[9.8172,45.6522],[9.8229,45.6697],[9.8287,45.6737],[9.8406,45.6762],[9.8468,45.6749],[9.8659,45.6682],[9.8722,45.6683]]]}},{"type":"Feature","properties":{"i":"016056","n":"Carona"},"geometry":{"type":"Polygon","coordinates":[[[9.9081,46.0464],[9.9105,46.0373],[9.9066,46.0341],[9.9017,46.0252],[9.8884,46.0144],[9.8855,46.0112],[9.8813,46.0091],[9.8739,46.0088],[9.8647,46.0106],[9.8586,46.0102],[9.8504,46.0079],[9.8418,46.0023],[9.8389,46.0057],[9.8347,46.0073],[9.8187,46.0041],[9.7993,46.006],[9.7886,46.0039],[9.7824,46.0042],[9.7793,46.0054],[9.7781,46.0072],[9.7627,46.0168],[9.7638,46.0283],[9.7653,46.0327],[9.7719,46.0321],[9.7843,46.0346],[9.7865,46.0383],[9.7852,46.0409],[9.7856,46.042],[9.7993,46.0487],[9.8067,46.0495],[9.8196,46.0496],[9.8315,46.0472],[9.8343,46.0448],[9.8367,46.044],[9.8452,46.0455],[9.848,46.0467],[9.8551,46.0459],[9.8621,46.0463],[9.8682,46.0499],[9.8723,46.0512],[9.8772,46.0501],[9.879,46.0492],[9.8808,46.0468],[9.8833,46.0459],[9.9081,46.0464]]]}},{"type":"Feature","properties":{"i":"016057","n":"Carvico"},"geometry":{"type":"Polygon","coordinates":[[[9.4916,45.7158],[9.4902,45.714],[9.4919,45.7061],[9.4941,45.7037],[9.5008,45.6997],[9.5077,45.6962],[9.5141,45.6946],[9.5115,45.691],[9.5089,45.6924],[9.483,45.6942],[9.4772,45.6948],[9.4751,45.6958],[9.4734,45.7007],[9.4773,45.7089],[9.4814,45.7235],[9.4865,45.7222],[9.4908,45.7185],[9.4916,45.7158]]]}},{"type":"Feature","properties":{"i":"016058","n":"Casazza"},"geometry":{"type":"Polygon","coordinates":[[[9.9336,45.7452],[9.9285,45.7398],[9.9237,45.7373],[9.9101,45.7377],[9.8941,45.7362],[9.8881,45.7364],[9.8781,45.7388],[9.8782,45.7403],[9.9031,45.7624],[9.9105,45.7568],[9.9095,45.7545],[9.9105,45.7536],[9.9194,45.7531],[9.9231,45.754],[9.9319,45.749],[9.9336,45.7452]]]}},{"type":"Feature","properties":{"i":"016059","n":"Casirate d'Adda"},"geometry":{"type":"Polygon","coordinates":[[[9.5832,45.4983],[9.5868,45.4862],[9.5716,45.484],[9.5611,45.4871],[9.5527,45.4886],[9.5422,45.4873],[9.5265,45.4975],[9.5186,45.5051],[9.5178,45.5075],[9.518,45.5082],[9.5196,45.5083],[9.5412,45.5015],[9.5487,45.5117],[9.5482,45.5153],[9.554,45.5161],[9.5602,45.5133],[9.5653,45.5082],[9.5826,45.5022],[9.5832,45.4983]]]}},{"type":"Feature","properties":{"i":"016060","n":"Casnigo"},"geometry":{"type":"Polygon","coordinates":[[[9.8921,45.8493],[9.8962,45.8453],[9.8991,45.8403],[9.8978,45.8326],[9.8936,45.8297],[9.889,45.8283],[9.8859,45.8253],[9.8842,45.8262],[9.8813,45.8257],[9.88,45.822],[9.8787,45.8122],[9.8746,45.806],[9.8622,45.7912],[9.8592,45.7893],[9.8458,45.7968],[9.8476,45.8032],[9.8599,45.8103],[9.8597,45.8142],[9.8588,45.8158],[9.8605,45.8245],[9.8662,45.8359],[9.8639,45.838],[9.8453,45.8434],[9.8431,45.846],[9.8712,45.8507],[9.8766,45.8496],[9.8921,45.8493]]]}},{"type":"Feature","properties":{"i":"016061","n":"Cassiglio"},"geometry":{"type":"Polygon","coordinates":[[[9.632,45.9542],[9.6341,45.948],[9.6327,45.9364],[9.6196,45.9327],[9.6162,45.9297],[9.609,45.9322],[9.5973,45.9413],[9.5801,45.9465],[9.5808,45.9493],[9.5822,45.951],[9.5836,45.9611],[9.5851,45.9644],[9.588,45.9659],[9.5892,45.9675],[9.5878,45.9731],[9.5903,45.974],[9.5957,45.9737],[9.6066,45.9804],[9.6018,45.976],[9.6003,45.9732],[9.6073,45.972],[9.6163,45.9723],[9.6201,45.968],[9.617,45.9662],[9.6196,45.9624],[9.6242,45.9582],[9.632,45.9542]]]}},{"type":"Feature","properties":{"i":"016062","n":"Castelli Calepio"},"geometry":{"type":"Polygon","coordinates":[[[9.9225,45.6497],[9.9186,45.6508],[9.917,45.6502],[9.9158,45.6475],[9.9178,45.6433],[9.9133,45.6381],[9.9039,45.6305],[9.9022,45.6242],[9.8957,45.6096],[9.8916,45.6044],[9.8874,45.6027],[9.876,45.6095],[9.8738,45.6069],[9.8701,45.6079],[9.8777,45.6166],[9.8845,45.619],[9.8878,45.6317],[9.8874,45.638],[9.8898,45.6547],[9.9008,45.652],[9.9085,45.6585],[9.9112,45.6597],[9.916,45.6602],[9.9262,45.6565],[9.9273,45.654],[9.9225,45.6497]]]}},{"type":"Feature","properties":{"i":"016063","n":"Castel Rozzone"},"geometry":{"type":"Polygon","coordinates":[[[9.6319,45.5579],[9.6331,45.5536],[9.6322,45.5521],[9.6198,45.5442],[9.6201,45.5463],[9.6181,45.5488],[9.6095,45.5504],[9.6097,45.5521],[9.6145,45.556],[9.6224,45.5566],[9.621,45.5614],[9.6319,45.5579]]]}},{"type":"Feature","properties":{"i":"016064","n":"Castione della Presolana"},"geometry":{"type":"Polygon","coordinates":[[[10.097,45.929],[10.0932,45.9204],[10.098,45.9121],[10.0964,45.9074],[10.1017,45.8988],[10.1073,45.8938],[10.109,45.889],[10.109,45.8857],[10.0966,45.8839],[10.0916,45.882],[10.0828,45.882],[10.0664,45.8865],[10.0635,45.8848],[10.0586,45.8835],[10.0553,45.8923],[10.0427,45.8982],[10.0292,45.8997],[10.0162,45.8966],[10.0161,45.9079],[10.0028,45.923],[10.0073,45.9259],[10.0392,45.9522],[10.0522,45.955],[10.0544,45.9562],[10.0661,45.9554],[10.07,45.9567],[10.0725,45.9556],[10.0816,45.9484],[10.0889,45.9391],[10.0947,45.9295],[10.097,45.929]]]}},{"type":"Feature","properties":{"i":"016065","n":"Castro"},"geometry":{"type":"Polygon","coordinates":[[[10.0792,45.8014],[10.077,45.8009],[10.0716,45.7974],[10.0638,45.7884],[10.056,45.7933],[10.0564,45.7982],[10.0526,45.8009],[10.0513,45.8066],[10.0524,45.8096],[10.0565,45.8111],[10.0583,45.8083],[10.0644,45.8044],[10.067,45.8043],[10.0752,45.8064],[10.0792,45.8014]]]}},{"type":"Feature","properties":{"i":"016066","n":"Cavernago"},"geometry":{"type":"Polygon","coordinates":[[[9.7742,45.6072],[9.7708,45.6081],[9.752,45.6093],[9.7508,45.6051],[9.7425,45.6083],[9.7419,45.6304],[9.7441,45.6309],[9.7511,45.6388],[9.7694,45.6356],[9.7717,45.6264],[9.7811,45.6158],[9.7781,45.6135],[9.7742,45.6122],[9.7742,45.6072]]]}},{"type":"Feature","properties":{"i":"016067","n":"Cazzano Sant'Andrea"},"geometry":{"type":"Polygon","coordinates":[[[9.8859,45.8253],[9.8846,45.8234],[9.8862,45.8194],[9.89,45.8161],[9.8905,45.812],[9.8879,45.8072],[9.8856,45.8051],[9.8779,45.805],[9.8731,45.8029],[9.8704,45.799],[9.8693,45.7958],[9.8662,45.7921],[9.8596,45.7889],[9.8592,45.7893],[9.8622,45.7912],[9.8665,45.7962],[9.8787,45.8122],[9.88,45.822],[9.8813,45.8257],[9.8842,45.8262],[9.8859,45.8253]]]}},{"type":"Feature","properties":{"i":"016068","n":"Cenate Sopra"},"geometry":{"type":"Polygon","coordinates":[[[9.8414,45.7281],[9.8403,45.7215],[9.835,45.7112],[9.8293,45.7069],[9.8315,45.7032],[9.8266,45.7031],[9.8169,45.7092],[9.8091,45.7123],[9.8022,45.7132],[9.7978,45.7154],[9.8008,45.7239],[9.8047,45.724],[9.8121,45.7267],[9.8192,45.7351],[9.8314,45.7321],[9.8414,45.7281]]]}},{"type":"Feature","properties":{"i":"016069","n":"Cenate Sotto"},"geometry":{"type":"Polygon","coordinates":[[[9.8315,45.7032],[9.8331,45.7018],[9.8329,45.6996],[9.8304,45.6929],[9.8198,45.688],[9.8207,45.6852],[9.8164,45.6851],[9.8158,45.6926],[9.8017,45.7005],[9.7943,45.7072],[9.7978,45.7154],[9.8022,45.7132],[9.8091,45.7123],[9.8169,45.7092],[9.8266,45.7031],[9.8315,45.7032]]]}},{"type":"Feature","properties":{"i":"016070","n":"Cene"},"geometry":{"type":"Polygon","coordinates":[[[9.8777,45.7765],[9.8674,45.7714],[9.862,45.7628],[9.8492,45.7723],[9.8341,45.7735],[9.8259,45.7702],[9.823,45.7683],[9.8188,45.7722],[9.8234,45.7864],[9.8302,45.7884],[9.8312,45.7909],[9.8335,45.7933],[9.8458,45.7968],[9.8592,45.7893],[9.8637,45.7822],[9.8777,45.7765]]]}},{"type":"Feature","properties":{"i":"016071","n":"Cerete"},"geometry":{"type":"Polygon","coordinates":[[[10.034,45.8525],[10.0204,45.8462],[10.0109,45.8451],[10.0034,45.842],[9.9878,45.8319],[9.983,45.8312],[9.972,45.8334],[9.9634,45.8336],[9.9663,45.8377],[9.9738,45.8419],[9.9855,45.8461],[9.9881,45.8489],[9.9879,45.8563],[9.9864,45.8587],[9.9777,45.8667],[9.9735,45.8742],[9.9756,45.8758],[9.9834,45.8755],[9.9889,45.8772],[10.0078,45.8745],[10.0141,45.8688],[10.0212,45.8655],[10.0273,45.8637],[10.0341,45.8558],[10.034,45.8525]]]}},{"type":"Feature","properties":{"i":"016072","n":"Chignolo d'Isola"},"geometry":{"type":"Polygon","coordinates":[[[9.5394,45.6771],[9.5457,45.6717],[9.5414,45.6627],[9.5421,45.6577],[9.5362,45.6532],[9.5312,45.6516],[9.528,45.6486],[9.5237,45.6503],[9.5167,45.6638],[9.5164,45.6649],[9.5172,45.6659],[9.5149,45.6728],[9.511,45.6768],[9.5163,45.679],[9.5239,45.6791],[9.5394,45.6771]]]}},{"type":"Feature","properties":{"i":"016073","n":"Chiuduno"},"geometry":{"type":"Polygon","coordinates":[[[9.8731,45.6654],[9.8708,45.6568],[9.8634,45.6494],[9.8589,45.643],[9.8551,45.6354],[9.8355,45.6365],[9.8308,45.6423],[9.835,45.6577],[9.8558,45.6628],[9.8699,45.6655],[9.8731,45.6654]]]}},{"type":"Feature","properties":{"i":"016074","n":"Cisano Bergamasco"},"geometry":{"type":"Polygon","coordinates":[[[9.4811,45.7611],[9.4802,45.7594],[9.4788,45.7459],[9.4799,45.7413],[9.4827,45.7378],[9.4871,45.7382],[9.4912,45.7371],[9.4923,45.7361],[9.4895,45.7334],[9.4785,45.7328],[9.4617,45.7351],[9.4587,45.7338],[9.4537,45.7335],[9.4483,45.7358],[9.452,45.7419],[9.4562,45.7447],[9.4571,45.747],[9.4561,45.7492],[9.4458,45.7605],[9.4509,45.7633],[9.4547,45.7629],[9.4657,45.7644],[9.4706,45.7681],[9.4811,45.7611]]]}},{"type":"Feature","properties":{"i":"016075","n":"Ciserano"},"geometry":{"type":"Polygon","coordinates":[[[9.6205,45.5895],[9.6202,45.5886],[9.6152,45.5868],[9.6123,45.5812],[9.6005,45.5758],[9.5917,45.5729],[9.5739,45.587],[9.5744,45.5886],[9.5798,45.5923],[9.5836,45.5915],[9.5893,45.5923],[9.597,45.5967],[9.5992,45.5968],[9.6164,45.5895],[9.6205,45.5895]]]}},{"type":"Feature","properties":{"i":"016076","n":"Cividate al Piano"},"geometry":{"type":"Polygon","coordinates":[[[9.8533,45.54],[9.8528,45.5326],[9.8483,45.53],[9.8466,45.5283],[9.8464,45.527],[9.8253,45.524],[9.8287,45.5265],[9.8333,45.5341],[9.8325,45.5346],[9.8243,45.5333],[9.8239,45.5323],[9.8155,45.5329],[9.8141,45.5372],[9.8146,45.5404],[9.818,45.5424],[9.8169,45.5458],[9.8045,45.5443],[9.8044,45.5474],[9.807,45.5506],[9.8099,45.5576],[9.8171,45.5576],[9.82,45.5615],[9.8237,45.5635],[9.8396,45.5688],[9.8411,45.5682],[9.8405,45.5641],[9.8368,45.5552],[9.8366,45.5492],[9.8502,45.541],[9.8533,45.54]]]}},{"type":"Feature","properties":{"i":"016077","n":"Clusone"},"geometry":{"type":"Polygon","coordinates":[[[9.9645,45.9077],[9.9631,45.9049],[9.9637,45.9032],[9.9671,45.8959],[9.9719,45.892],[9.9726,45.8845],[9.9576,45.8576],[9.9546,45.8483],[9.9553,45.8467],[9.952,45.8434],[9.9505,45.8427],[9.9484,45.843],[9.9364,45.8468],[9.9316,45.8472],[9.924,45.8474],[9.9129,45.8453],[9.9095,45.8464],[9.9007,45.8518],[9.9031,45.8621],[9.9002,45.8737],[9.9107,45.8853],[9.9147,45.8844],[9.9227,45.8874],[9.931,45.8917],[9.9331,45.8932],[9.9342,45.8961],[9.9417,45.9028],[9.9497,45.9069],[9.9582,45.9085],[9.9645,45.9077]]]}},{"type":"Feature","properties":{"i":"016078","n":"Colere"},"geometry":{"type":"Polygon","coordinates":[[[10.1145,45.9378],[10.1145,45.9362],[10.1042,45.9304],[10.0981,45.929],[10.0947,45.9295],[10.0889,45.9391],[10.0816,45.9484],[10.0725,45.9556],[10.07,45.9567],[10.0661,45.9554],[10.0544,45.9562],[10.0551,45.9566],[10.0517,45.9618],[10.048,45.9655],[10.035,45.9697],[10.0583,45.9826],[10.0687,45.9809],[10.0899,45.9819],[10.0965,45.9872],[10.0976,45.987],[10.0992,45.9862],[10.1024,45.9777],[10.1048,45.9745],[10.108,45.9727],[10.1099,45.9687],[10.1096,45.9628],[10.1054,45.9483],[10.1057,45.9441],[10.1113,45.9388],[10.1145,45.9378]]]}},{"type":"Feature","properties":{"i":"016079","n":"Cologno al Serio"},"geometry":{"type":"Polygon","coordinates":[[[9.7439,45.5803],[9.7432,45.5668],[9.735,45.5504],[9.7155,45.5549],[9.7048,45.5551],[9.6973,45.5566],[9.6892,45.5532],[9.6789,45.5612],[9.6811,45.5631],[9.6831,45.5706],[9.6821,45.574],[9.687,45.5812],[9.6897,45.5818],[9.6976,45.5851],[9.7009,45.5873],[9.7148,45.5929],[9.7334,45.5978],[9.7372,45.5995],[9.7369,45.5964],[9.7381,45.5915],[9.7439,45.582],[9.7439,45.5803]]]}},{"type":"Feature","properties":{"i":"016080","n":"Colzate"},"geometry":{"type":"Polygon","coordinates":[[[9.8387,45.8471],[9.8438,45.8464],[9.8431,45.8457],[9.8453,45.8434],[9.8639,45.838],[9.8662,45.8362],[9.8605,45.8245],[9.8588,45.8158],[9.8597,45.8142],[9.8599,45.8103],[9.8561,45.8124],[9.8482,45.8199],[9.835,45.8367],[9.8045,45.8392],[9.7992,45.8403],[9.7892,45.8452],[9.7932,45.8482],[9.8237,45.8407],[9.8352,45.8426],[9.8387,45.8471]]]}},{"type":"Feature","properties":{"i":"016081","n":"Comun Nuovo"},"geometry":{"type":"Polygon","coordinates":[[[9.6776,45.6132],[9.6753,45.603],[9.67,45.6026],[9.6614,45.5999],[9.6558,45.6003],[9.6498,45.6073],[9.6435,45.6191],[9.6448,45.6277],[9.6488,45.627],[9.669,45.6301],[9.6705,45.6296],[9.6766,45.6173],[9.6776,45.6132]]]}},{"type":"Feature","properties":{"i":"016082","n":"Corna Imagna"},"geometry":{"type":"Polygon","coordinates":[[[9.564,45.8268],[9.5638,45.8259],[9.559,45.825],[9.5401,45.8239],[9.5322,45.8223],[9.5309,45.8273],[9.5328,45.8287],[9.5384,45.8377],[9.5416,45.8405],[9.5469,45.8429],[9.5504,45.8489],[9.5497,45.8509],[9.5554,45.8499],[9.5577,45.8464],[9.5563,45.8385],[9.5634,45.8344],[9.5644,45.8304],[9.564,45.8268]]]}},{"type":"Feature","properties":{"i":"016083","n":"Cortenuova"},"geometry":{"type":"Polygon","coordinates":[[[9.8253,45.524],[9.797,45.5211],[9.7958,45.5245],[9.7937,45.5268],[9.779,45.5333],[9.7708,45.532],[9.7727,45.5353],[9.7716,45.5382],[9.7872,45.5417],[9.8169,45.5458],[9.818,45.5424],[9.8146,45.5404],[9.8141,45.5372],[9.8155,45.5329],[9.8239,45.5323],[9.8243,45.5333],[9.8325,45.5346],[9.8333,45.5341],[9.8287,45.5265],[9.8253,45.524]]]}},{"type":"Feature","properties":{"i":"016084","n":"Costa di Mezzate"},"geometry":{"type":"Polygon","coordinates":[[[9.8097,45.6656],[9.809,45.6543],[9.8079,45.6517],[9.8079,45.6403],[9.7973,45.6382],[9.7896,45.6401],[9.7882,45.6435],[9.7889,45.6561],[9.7883,45.6602],[9.7842,45.6732],[9.7929,45.6728],[9.7927,45.6715],[9.7944,45.6692],[9.8016,45.6666],[9.8097,45.6656]]]}},{"type":"Feature","properties":{"i":"016085","n":"Costa Valle Imagna"},"geometry":{"type":"Polygon","coordinates":[[[9.5223,45.7933],[9.5162,45.7873],[9.5046,45.7911],[9.4946,45.7974],[9.4937,45.8014],[9.4877,45.8102],[9.4812,45.8145],[9.4831,45.816],[9.4887,45.8164],[9.5037,45.8131],[9.5054,45.8118],[9.5095,45.8048],[9.5182,45.7961],[9.5223,45.7933]]]}},{"type":"Feature","properties":{"i":"016086","n":"Costa Volpino"},"geometry":{"type":"Polygon","coordinates":[[[10.1214,45.836],[10.1192,45.8282],[10.1081,45.8155],[10.1012,45.8096],[10.0955,45.8068],[10.0908,45.8105],[10.0878,45.8175],[10.0809,45.8242],[10.0699,45.8371],[10.0611,45.845],[10.0626,45.8488],[10.0575,45.862],[10.0594,45.8638],[10.0737,45.8663],[10.0792,45.8686],[10.0814,45.8704],[10.0825,45.8741],[10.0894,45.8685],[10.0986,45.8546],[10.1074,45.8482],[10.1214,45.836]]]}},{"type":"Feature","properties":{"i":"016087","n":"Covo"},"geometry":{"type":"Polygon","coordinates":[[[9.8247,45.5007],[9.8062,45.498],[9.8051,45.5013],[9.7944,45.5008],[9.7782,45.4921],[9.7683,45.4879],[9.765,45.4848],[9.7614,45.484],[9.7501,45.484],[9.755,45.4977],[9.7542,45.4994],[9.7604,45.5019],[9.7708,45.5031],[9.7678,45.5154],[9.7866,45.5201],[9.8174,45.5232],[9.8194,45.5196],[9.8247,45.5007]]]}},{"type":"Feature","properties":{"i":"016088","n":"Credaro"},"geometry":{"type":"Polygon","coordinates":[[[9.938,45.6617],[9.9382,45.6572],[9.9341,45.6494],[9.9299,45.6465],[9.9273,45.6463],[9.9225,45.6497],[9.9273,45.654],[9.9262,45.6565],[9.916,45.6602],[9.9112,45.6597],[9.9111,45.6608],[9.9065,45.6648],[9.8999,45.6685],[9.8919,45.6711],[9.8927,45.6736],[9.9071,45.6775],[9.907,45.6698],[9.9111,45.6637],[9.9181,45.6657],[9.938,45.6617]]]}},{"type":"Feature","properties":{"i":"016089","n":"Curno"},"geometry":{"type":"Polygon","coordinates":[[[9.6278,45.6892],[9.6186,45.6814],[9.6063,45.6758],[9.5872,45.6801],[9.5894,45.687],[9.5949,45.6926],[9.5953,45.6938],[9.5944,45.6959],[9.6096,45.6933],[9.623,45.6968],[9.6278,45.6892]]]}},{"type":"Feature","properties":{"i":"016090","n":"Cusio"},"geometry":{"type":"Polygon","coordinates":[[[9.6066,45.9804],[9.5957,45.9737],[9.5964,45.9787],[9.5922,45.9888],[9.5889,45.9931],[9.5866,45.9934],[9.5852,45.9951],[9.5837,46.0051],[9.5888,46.0121],[9.5894,46.0207],[9.5873,46.024],[9.593,46.0275],[9.5936,46.0255],[9.6021,46.0228],[9.6079,46.0229],[9.6132,46.0255],[9.619,46.0256],[9.6077,46.0111],[9.6054,46.0092],[9.6048,46.0039],[9.6085,46.0003],[9.6195,46.0004],[9.6219,45.9989],[9.6139,45.9855],[9.6066,45.9804]]]}},{"type":"Feature","properties":{"i":"016091","n":"Dalmine"},"geometry":{"type":"Polygon","coordinates":[[[9.6314,45.6517],[9.6285,45.6429],[9.6299,45.6406],[9.6275,45.6376],[9.615,45.6333],[9.6024,45.6347],[9.5958,45.6332],[9.5653,45.6384],[9.5761,45.659],[9.5825,45.6581],[9.602,45.6595],[9.6118,45.6594],[9.6152,45.6616],[9.6231,45.655],[9.6233,45.6536],[9.6314,45.6517]]]}},{"type":"Feature","properties":{"i":"016092","n":"Dossena"},"geometry":{"type":"Polygon","coordinates":[[[9.7032,45.8578],[9.6929,45.8604],[9.6865,45.8639],[9.688,45.8686],[9.6817,45.871],[9.6813,45.8804],[9.6862,45.8833],[9.6862,45.8859],[9.6815,45.8967],[9.6791,45.8994],[9.68,45.9099],[9.6864,45.9182],[9.694,45.923],[9.6959,45.9258],[9.7001,45.9284],[9.7071,45.9306],[9.7105,45.9294],[9.7244,45.9325],[9.7243,45.9309],[9.7112,45.9098],[9.721,45.9058],[9.7194,45.8956],[9.7198,45.89],[9.7166,45.8735],[9.7128,45.8647],[9.7082,45.8606],[9.7032,45.8578]]]}},{"type":"Feature","properties":{"i":"016093","n":"Endine Gaiano"},"geometry":{"type":"Polygon","coordinates":[[[10.0189,45.7998],[10.0193,45.7988],[10.017,45.7955],[10.0091,45.788],[10.0031,45.7864],[9.9988,45.7865],[9.9954,45.7832],[9.9967,45.7709],[9.9947,45.7608],[9.9853,45.7639],[9.9716,45.7623],[9.9685,45.7603],[9.9665,45.758],[9.9665,45.7547],[9.962,45.754],[9.9568,45.7552],[9.9534,45.7565],[9.952,45.7582],[9.9517,45.7621],[9.961,45.7677],[9.9615,45.7712],[9.9609,45.7723],[9.9572,45.7749],[9.9394,45.7764],[9.94,45.7816],[9.9416,45.7834],[9.952,45.7884],[9.9593,45.7897],[9.9609,45.7932],[9.9589,45.8076],[9.9654,45.8102],[9.9749,45.8112],[9.9761,45.8126],[9.9773,45.8114],[9.9915,45.8092],[9.9984,45.8093],[10.0162,45.7998],[10.0189,45.7998]]]}},{"type":"Feature","properties":{"i":"016094","n":"Entratico"},"geometry":{"type":"Polygon","coordinates":[[[9.8972,45.7031],[9.8915,45.6984],[9.8896,45.6945],[9.8868,45.692],[9.8717,45.6926],[9.8732,45.6944],[9.8718,45.6997],[9.8675,45.7035],[9.8649,45.7038],[9.8636,45.703],[9.8608,45.7037],[9.8606,45.7051],[9.8867,45.7147],[9.8918,45.7128],[9.8963,45.7059],[9.8972,45.7031]]]}},{"type":"Feature","properties":{"i":"016096","n":"Fara Gera d'Adda"},"geometry":{"type":"Polygon","coordinates":[[[9.5499,45.5602],[9.5502,45.5597],[9.558,45.5597],[9.5603,45.5604],[9.5655,45.5543],[9.5671,45.5427],[9.5637,45.5402],[9.5643,45.5309],[9.5581,45.5288],[9.5565,45.5295],[9.5486,45.5284],[9.5503,45.5242],[9.5391,45.525],[9.5371,45.5257],[9.5374,45.5294],[9.5303,45.536],[9.5272,45.5414],[9.526,45.5491],[9.5279,45.5549],[9.525,45.5587],[9.5248,45.5617],[9.5255,45.5629],[9.5314,45.5666],[9.5323,45.5655],[9.5443,45.5604],[9.5463,45.5598],[9.5499,45.5602]]]}},{"type":"Feature","properties":{"i":"016097","n":"Fara Olivana con Sola"},"geometry":{"type":"Polygon","coordinates":[[[9.755,45.4977],[9.7499,45.4832],[9.7466,45.4806],[9.7437,45.4804],[9.7269,45.4826],[9.7152,45.4827],[9.7253,45.4964],[9.726,45.4994],[9.7339,45.4991],[9.7513,45.5003],[9.755,45.4977]]]}},{"type":"Feature","properties":{"i":"016098","n":"Filago"},"geometry":{"type":"Polygon","coordinates":[[[9.5653,45.6384],[9.5608,45.6361],[9.5583,45.6321],[9.5599,45.6261],[9.5596,45.6155],[9.5579,45.6138],[9.5505,45.6122],[9.5472,45.6258],[9.5402,45.628],[9.5388,45.6278],[9.5351,45.6357],[9.5339,45.6442],[9.5374,45.6449],[9.5451,45.6448],[9.5458,45.6425],[9.5445,45.642],[9.5461,45.6411],[9.5533,45.6426],[9.5635,45.647],[9.5699,45.648],[9.5653,45.6384]]]}},{"type":"Feature","properties":{"i":"016099","n":"Fino del Monte"},"geometry":{"type":"Polygon","coordinates":[[[10.01,45.9149],[10.0067,45.9102],[9.9976,45.8896],[9.9897,45.8878],[9.9873,45.9031],[9.987,45.9164],[9.9904,45.9192],[10.0028,45.923],[10.01,45.9149]]]}},{"type":"Feature","properties":{"i":"016100","n":"Fiorano al Serio"},"geometry":{"type":"Polygon","coordinates":[[[9.8476,45.8032],[9.8458,45.7968],[9.8403,45.7949],[9.8357,45.8009],[9.8368,45.8036],[9.8367,45.8055],[9.8225,45.8136],[9.8294,45.8126],[9.8359,45.8097],[9.8379,45.8067],[9.8437,45.8041],[9.8476,45.8032]]]}},{"type":"Feature","properties":{"i":"016101","n":"Fontanella"},"geometry":{"type":"Polygon","coordinates":[[[9.8327,45.474],[9.8327,45.4636],[9.8277,45.4552],[9.8231,45.4565],[9.8142,45.453],[9.8178,45.4494],[9.8241,45.4462],[9.8209,45.4435],[9.811,45.4386],[9.8074,45.4253],[9.8079,45.4228],[9.7859,45.4278],[9.7846,45.4295],[9.7801,45.4424],[9.7824,45.4505],[9.7797,45.4582],[9.7816,45.4642],[9.7911,45.4745],[9.7943,45.4761],[9.8297,45.482],[9.8327,45.474]]]}},{"type":"Feature","properties":{"i":"016102","n":"Fonteno"},"geometry":{"type":"Polygon","coordinates":[[[10.0286,45.7463],[10.0154,45.7381],[10.0061,45.7425],[10.0025,45.7429],[9.9919,45.7428],[9.9873,45.7416],[9.9834,45.7429],[9.9761,45.7496],[9.9721,45.7522],[9.9673,45.7534],[9.9662,45.7564],[9.9685,45.7603],[9.9716,45.7623],[9.9853,45.7639],[9.9947,45.7608],[10.0051,45.7623],[10.0179,45.7666],[10.0218,45.7668],[10.032,45.7641],[10.0329,45.7565],[10.0304,45.7493],[10.0286,45.7463]]]}},{"type":"Feature","properties":{"i":"016103","n":"Foppolo"},"geometry":{"type":"Polygon","coordinates":[[[9.8005,46.0528],[9.8074,46.0537],[9.8111,46.0497],[9.7993,46.0487],[9.7856,46.042],[9.7852,46.0409],[9.7865,46.0383],[9.7843,46.0346],[9.7719,46.0321],[9.7554,46.0334],[9.7503,46.0359],[9.724,46.0404],[9.7148,46.0447],[9.712,46.0468],[9.7148,46.0499],[9.7205,46.0599],[9.7189,46.0636],[9.7197,46.0639],[9.7229,46.0632],[9.7282,46.0605],[9.7376,46.0582],[9.7451,46.0629],[9.7511,46.0615],[9.7643,46.0634],[9.7664,46.0644],[9.7783,46.0613],[9.7928,46.0536],[9.8005,46.0528]]]}},{"type":"Feature","properties":{"i":"016104","n":"Foresto Sparso"},"geometry":{"type":"Polygon","coordinates":[[[9.9385,45.6893],[9.9298,45.6819],[9.9082,45.6787],[9.9062,45.6793],[9.8996,45.6858],[9.8868,45.692],[9.8896,45.6945],[9.8915,45.6984],[9.8972,45.7031],[9.9111,45.7028],[9.9297,45.7072],[9.9293,45.7055],[9.9353,45.6905],[9.9385,45.6893]]]}},{"type":"Feature","properties":{"i":"016105","n":"Fornovo San Giovanni"},"geometry":{"type":"Polygon","coordinates":[[[9.6949,45.5055],[9.7042,45.5007],[9.7165,45.4986],[9.726,45.4994],[9.7256,45.497],[9.7161,45.4844],[9.716,45.4874],[9.714,45.4912],[9.7012,45.4928],[9.6985,45.4924],[9.695,45.4915],[9.6841,45.4848],[9.6767,45.4775],[9.6721,45.4774],[9.6707,45.4799],[9.6671,45.495],[9.6785,45.5051],[9.6871,45.5062],[9.6881,45.5042],[9.6949,45.5055]]]}},{"type":"Feature","properties":{"i":"016106","n":"Fuipiano Valle Imagna"},"geometry":{"type":"Polygon","coordinates":[[[9.5397,45.8658],[9.5481,45.8584],[9.5554,45.8499],[9.5497,45.8509],[9.5269,45.8477],[9.5225,45.848],[9.5158,45.8505],[9.5131,45.8536],[9.5126,45.8577],[9.5244,45.8632],[9.5289,45.8666],[9.5292,45.8684],[9.5397,45.8658]]]}},{"type":"Feature","properties":{"i":"016107","n":"Gandellino"},"geometry":{"type":"Polygon","coordinates":[[[9.9811,45.9832],[9.9562,45.9873],[9.9557,45.9836],[9.9529,45.9801],[9.9481,45.9779],[9.9441,45.979],[9.9414,45.9808],[9.9346,45.9898],[9.9306,45.9913],[9.9201,45.993],[9.9177,45.9924],[9.9152,45.9982],[9.9099,46.0005],[9.901,46.0018],[9.8973,46.0034],[9.893,46.0094],[9.8864,46.0119],[9.8884,46.0144],[9.9017,46.0252],[9.9066,46.0341],[9.9105,46.0373],[9.9157,46.0346],[9.9255,46.0319],[9.9339,46.0267],[9.936,46.0226],[9.939,46.0196],[9.9448,46.019],[9.9783,46.0082],[9.983,46.0041],[9.9853,45.9929],[9.9868,45.9901],[9.9848,45.9867],[9.9811,45.9832]]]}},{"type":"Feature","properties":{"i":"016108","n":"Gandino"},"geometry":{"type":"Polygon","coordinates":[[[9.9513,45.8428],[9.9663,45.8377],[9.9636,45.8332],[9.9705,45.8336],[9.9795,45.832],[9.9812,45.8294],[9.9817,45.8263],[9.9772,45.8188],[9.9759,45.8154],[9.9756,45.8114],[9.9654,45.8102],[9.9589,45.8076],[9.952,45.8074],[9.9371,45.8028],[9.9319,45.8004],[9.9093,45.8042],[9.9033,45.8073],[9.8927,45.8036],[9.8751,45.8038],[9.8779,45.805],[9.8858,45.8052],[9.8879,45.8072],[9.8905,45.812],[9.89,45.8161],[9.888,45.8181],[9.887,45.8182],[9.8846,45.8234],[9.889,45.8283],[9.8936,45.8297],[9.8978,45.8326],[9.8993,45.8388],[9.8962,45.8453],[9.8921,45.8493],[9.9007,45.8534],[9.9007,45.8518],[9.9095,45.8464],[9.9129,45.8453],[9.924,45.8474],[9.9316,45.8472],[9.9364,45.8468],[9.9474,45.8433],[9.9513,45.8428]]]}},{"type":"Feature","properties":{"i":"016109","n":"Gandosso"},"geometry":{"type":"Polygon","coordinates":[[[9.9112,45.6597],[9.9085,45.6585],[9.9008,45.652],[9.8843,45.6565],[9.8837,45.6575],[9.8845,45.6588],[9.8844,45.6605],[9.881,45.6657],[9.8919,45.6711],[9.893,45.6709],[9.8999,45.6685],[9.9065,45.6648],[9.9111,45.6608],[9.9112,45.6597]]]}},{"type":"Feature","properties":{"i":"016110","n":"Gaverina Terme"},"geometry":{"type":"Polygon","coordinates":[[[9.9032,45.7627],[9.8782,45.7403],[9.8751,45.7452],[9.8728,45.7542],[9.8693,45.7581],[9.8622,45.7629],[9.8674,45.7714],[9.8717,45.7673],[9.8977,45.7675],[9.9037,45.7655],[9.9032,45.7627]]]}},{"type":"Feature","properties":{"i":"016111","n":"Gazzaniga"},"geometry":{"type":"Polygon","coordinates":[[[9.8225,45.8136],[9.8367,45.8055],[9.8368,45.8036],[9.8357,45.8009],[9.8403,45.7949],[9.8335,45.7933],[9.8312,45.7909],[9.8302,45.7884],[9.8244,45.7865],[9.8234,45.7864],[9.8227,45.7889],[9.8139,45.7931],[9.8008,45.7964],[9.7979,45.7963],[9.7933,45.7981],[9.7806,45.8064],[9.7772,45.8069],[9.7706,45.8063],[9.7696,45.8103],[9.7719,45.8154],[9.7667,45.8306],[9.7672,45.8318],[9.7692,45.8332],[9.7704,45.8358],[9.7704,45.8403],[9.7864,45.8326],[9.7902,45.83],[9.7925,45.8281],[9.7936,45.8251],[9.799,45.8193],[9.8142,45.8149],[9.8225,45.8136]]]}},{"type":"Feature","properties":{"i":"016113","n":"Ghisalba"},"geometry":{"type":"Polygon","coordinates":[[[9.7742,45.6072],[9.777,45.6069],[9.7823,45.6007],[9.7845,45.5967],[9.7863,45.5891],[9.7909,45.5826],[9.7917,45.5791],[9.7824,45.5811],[9.7739,45.5813],[9.7504,45.5811],[9.7439,45.5803],[9.7439,45.582],[9.7381,45.5915],[9.7369,45.5964],[9.7364,45.608],[9.7425,45.6083],[9.7508,45.6051],[9.752,45.6093],[9.7708,45.6081],[9.7742,45.6072]]]}},{"type":"Feature","properties":{"i":"016114","n":"Gorlago"},"geometry":{"type":"Polygon","coordinates":[[[9.8722,45.6683],[9.8659,45.6682],[9.8468,45.6749],[9.8406,45.6762],[9.8287,45.6737],[9.8229,45.6697],[9.8172,45.6522],[9.809,45.6543],[9.8097,45.6656],[9.8149,45.6716],[9.8172,45.6823],[9.8209,45.682],[9.8248,45.6834],[9.8298,45.6831],[9.8459,45.6808],[9.8655,45.6762],[9.8725,45.6731],[9.8722,45.6683]]]}},{"type":"Feature","properties":{"i":"016115","n":"Gorle"},"geometry":{"type":"Polygon","coordinates":[[[9.7254,45.7106],[9.7223,45.7056],[9.7257,45.7017],[9.7263,45.7005],[9.7257,45.6992],[9.722,45.698],[9.7203,45.6942],[9.7138,45.6886],[9.7105,45.6904],[9.7061,45.7039],[9.7084,45.7076],[9.7186,45.7131],[9.7254,45.7106]]]}},{"type":"Feature","properties":{"i":"016116","n":"Gorno"},"geometry":{"type":"Polygon","coordinates":[[[9.8677,45.8498],[9.8438,45.8464],[9.8387,45.8471],[9.8346,45.8526],[9.8325,45.8581],[9.8227,45.8654],[9.8228,45.8692],[9.8283,45.8786],[9.8293,45.887],[9.8276,45.8914],[9.8277,45.8992],[9.8305,45.8937],[9.8445,45.8838],[9.8547,45.8695],[9.8644,45.8615],[9.8653,45.8604],[9.8677,45.8498]]]}},{"type":"Feature","properties":{"i":"016117","n":"Grassobbio"},"geometry":{"type":"Polygon","coordinates":[[[9.7441,45.6309],[9.736,45.6301],[9.7219,45.631],[9.7142,45.635],[9.7082,45.6434],[9.7052,45.6508],[9.711,45.6701],[9.7147,45.668],[9.728,45.6632],[9.7321,45.66],[9.7379,45.6526],[9.7441,45.6309]]]}},{"type":"Feature","properties":{"i":"016118","n":"Gromo"},"geometry":{"type":"Polygon","coordinates":[[[9.9811,45.9832],[9.991,45.9824],[10.004,45.9863],[10.0073,45.988],[10.0153,45.9881],[10.0148,45.9875],[10.0151,45.986],[10.0219,45.984],[10.0231,45.9817],[10.0191,45.9799],[10.0138,45.9721],[10.0073,45.9692],[9.9968,45.9662],[9.9842,45.9653],[9.9747,45.9597],[9.963,45.9588],[9.9498,45.9559],[9.938,45.9545],[9.9221,45.9544],[9.919,45.9559],[9.922,45.9601],[9.9233,45.9637],[9.9246,45.9715],[9.9238,45.9763],[9.9209,45.9808],[9.9183,45.9879],[9.9177,45.9924],[9.9201,45.993],[9.9306,45.9913],[9.9346,45.9898],[9.9414,45.9808],[9.9441,45.979],[9.9481,45.9779],[9.9543,45.9814],[9.9557,45.9836],[9.9562,45.9873],[9.9811,45.9832]]]}},{"type":"Feature","properties":{"i":"016119","n":"Grone"},"geometry":{"type":"Polygon","coordinates":[[[9.9527,45.7425],[9.952,45.7398],[9.9542,45.7349],[9.9498,45.7273],[9.943,45.7221],[9.9382,45.7168],[9.9122,45.7227],[9.9018,45.7266],[9.9093,45.7333],[9.9101,45.7377],[9.9243,45.7374],[9.9294,45.7405],[9.9336,45.7452],[9.9419,45.7421],[9.9456,45.743],[9.9527,45.7425]]]}},{"type":"Feature","properties":{"i":"016120","n":"Grumello del Monte"},"geometry":{"type":"Polygon","coordinates":[[[9.881,45.6657],[9.8844,45.6605],[9.8839,45.6569],[9.8898,45.6547],[9.8874,45.638],[9.8878,45.6317],[9.8845,45.619],[9.8777,45.6166],[9.8701,45.6079],[9.8672,45.6113],[9.8649,45.6167],[9.8678,45.6201],[9.8557,45.6374],[9.8637,45.6497],[9.8708,45.6568],[9.8731,45.6654],[9.881,45.6657]]]}},{"type":"Feature","properties":{"i":"016121","n":"Isola di Fondra"},"geometry":{"type":"Polygon","coordinates":[[[9.792,45.9767],[9.7855,45.9764],[9.7741,45.9707],[9.7677,45.9666],[9.7607,45.9648],[9.7508,45.9667],[9.7473,45.9665],[9.7375,45.9625],[9.7284,45.9636],[9.7244,45.9609],[9.7238,45.9593],[9.7217,45.9614],[9.7131,45.9664],[9.7095,45.9713],[9.7071,45.9765],[9.7115,45.9802],[9.7316,45.9895],[9.7327,45.9914],[9.7318,45.9944],[9.7304,45.9955],[9.7365,45.9946],[9.743,45.9925],[9.7431,45.9898],[9.7469,45.9855],[9.7594,45.985],[9.7874,45.9799],[9.792,45.9767]]]}},{"type":"Feature","properties":{"i":"016122","n":"Isso"},"geometry":{"type":"Polygon","coordinates":[[[9.7603,45.4566],[9.7533,45.4557],[9.7487,45.4623],[9.748,45.466],[9.7462,45.4682],[9.7359,45.4722],[9.7373,45.4749],[9.7339,45.4765],[9.73,45.4778],[9.7219,45.4768],[9.7198,45.4821],[9.7269,45.4826],[9.7443,45.4804],[9.7477,45.4812],[9.7501,45.484],[9.7614,45.484],[9.7604,45.4805],[9.7652,45.4741],[9.766,45.4691],[9.7637,45.4647],[9.7602,45.4632],[9.7593,45.4585],[9.7603,45.4566]]]}},{"type":"Feature","properties":{"i":"016123","n":"Lallio"},"geometry":{"type":"Polygon","coordinates":[[[9.6339,45.6582],[9.6314,45.6517],[9.6233,45.6536],[9.6231,45.655],[9.6152,45.6616],[9.6254,45.6693],[9.6321,45.6727],[9.6355,45.6736],[9.6354,45.6701],[9.6328,45.6594],[9.6339,45.6582]]]}},{"type":"Feature","properties":{"i":"016124","n":"Leffe"},"geometry":{"type":"Polygon","coordinates":[[[9.8927,45.8036],[9.9011,45.7913],[9.9043,45.7832],[9.9042,45.7816],[9.8942,45.7824],[9.8878,45.7817],[9.8817,45.7771],[9.8777,45.7765],[9.8637,45.7822],[9.8596,45.7889],[9.8662,45.7921],[9.8699,45.7967],[9.8722,45.8018],[9.8745,45.8036],[9.8927,45.8036]]]}},{"type":"Feature","properties":{"i":"016125","n":"Lenna"},"geometry":{"type":"Polygon","coordinates":[[[9.6958,45.9466],[9.7005,45.9488],[9.7109,45.9496],[9.7186,45.9349],[9.721,45.9321],[9.7105,45.9294],[9.7071,45.9306],[9.7001,45.9284],[9.6959,45.9258],[9.694,45.923],[9.6864,45.9182],[9.6775,45.916],[9.6669,45.9113],[9.6668,45.9162],[9.6563,45.9252],[9.6478,45.9391],[9.6509,45.942],[9.6548,45.9427],[9.6577,45.9424],[9.6649,45.9395],[9.6691,45.9405],[9.6781,45.9449],[9.6807,45.9469],[9.6783,45.9484],[9.6784,45.9519],[9.6791,45.9508],[9.6877,45.9457],[9.694,45.9455],[9.6958,45.9466]]]}},{"type":"Feature","properties":{"i":"016126","n":"Levate"},"geometry":{"type":"Polygon","coordinates":[[[9.6448,45.6277],[9.6435,45.6191],[9.6387,45.6199],[9.6363,45.6176],[9.6256,45.6156],[9.62,45.6151],[9.6134,45.6171],[9.6115,45.6234],[9.6125,45.6331],[9.6171,45.6337],[9.6275,45.6376],[9.6296,45.6401],[9.6296,45.6412],[9.6319,45.6416],[9.6336,45.6413],[9.6399,45.636],[9.6445,45.6294],[9.6448,45.6277]]]}},{"type":"Feature","properties":{"i":"016127","n":"Locatello"},"geometry":{"type":"Polygon","coordinates":[[[9.5497,45.8509],[9.5504,45.8489],[9.5469,45.8429],[9.5416,45.8405],[9.5384,45.8377],[9.5328,45.8287],[9.5309,45.8273],[9.5312,45.8286],[9.5277,45.8339],[9.5202,45.8397],[9.5107,45.85],[9.5105,45.8546],[9.5126,45.8577],[9.5131,45.8536],[9.5151,45.8509],[9.5225,45.848],[9.5269,45.8477],[9.5497,45.8509]]]}},{"type":"Feature","properties":{"i":"016128","n":"Lovere"},"geometry":{"type":"Polygon","coordinates":[[[10.0955,45.8068],[10.0792,45.8014],[10.0752,45.8064],[10.067,45.8043],[10.0644,45.8044],[10.0583,45.8083],[10.0565,45.8111],[10.053,45.813],[10.057,45.8164],[10.0578,45.8185],[10.0578,45.8213],[10.0557,45.8227],[10.0556,45.83],[10.0587,45.8431],[10.0611,45.845],[10.0699,45.8371],[10.0809,45.8242],[10.0878,45.8175],[10.0908,45.8105],[10.0955,45.8068]]]}},{"type":"Feature","properties":{"i":"016129","n":"Lurano"},"geometry":{"type":"Polygon","coordinates":[[[9.6515,45.5775],[9.6516,45.5736],[9.653,45.5703],[9.6551,45.5705],[9.6578,45.5619],[9.6319,45.5579],[9.6253,45.5599],[9.6249,45.5609],[9.6273,45.5661],[9.6291,45.5677],[9.6299,45.57],[9.6274,45.5756],[9.6293,45.577],[9.6349,45.5792],[9.6396,45.5786],[9.6399,45.5779],[9.6483,45.5754],[9.6515,45.5775]]]}},{"type":"Feature","properties":{"i":"016130","n":"Luzzana"},"geometry":{"type":"Polygon","coordinates":[[[9.8867,45.7147],[9.8734,45.7094],[9.8716,45.7128],[9.858,45.7203],[9.8492,45.7273],[9.8486,45.7284],[9.8491,45.73],[9.8537,45.7337],[9.8555,45.7331],[9.8763,45.7244],[9.8825,45.7208],[9.8874,45.7168],[9.8867,45.7147]]]}},{"type":"Feature","properties":{"i":"016131","n":"Madone"},"geometry":{"type":"Polygon","coordinates":[[[9.5635,45.647],[9.5533,45.6426],[9.5458,45.6411],[9.5445,45.642],[9.5458,45.6425],[9.5451,45.6448],[9.5374,45.6449],[9.5339,45.6442],[9.528,45.6486],[9.5312,45.6516],[9.5362,45.6532],[9.5458,45.6596],[9.5554,45.6563],[9.5635,45.647]]]}},{"type":"Feature","properties":{"i":"016132","n":"Mapello"},"geometry":{"type":"Polygon","coordinates":[[[9.5644,45.7198],[9.5654,45.7139],[9.5603,45.7099],[9.558,45.7034],[9.5582,45.7012],[9.5542,45.6948],[9.5456,45.6929],[9.5433,45.6914],[9.5384,45.6908],[9.5313,45.6916],[9.5208,45.6989],[9.5172,45.7031],[9.5162,45.7105],[9.517,45.713],[9.5203,45.7159],[9.5275,45.7172],[9.5359,45.7167],[9.5429,45.7138],[9.5508,45.714],[9.5548,45.7152],[9.5567,45.7173],[9.5554,45.7213],[9.5511,45.726],[9.5592,45.726],[9.5644,45.7198]]]}},{"type":"Feature","properties":{"i":"016133","n":"Martinengo"},"geometry":{"type":"Polygon","coordinates":[[[9.7917,45.5791],[9.8026,45.5761],[9.8061,45.5692],[9.8115,45.5641],[9.81,45.5565],[9.807,45.5506],[9.8044,45.5474],[9.8045,45.5443],[9.7872,45.5417],[9.7716,45.5382],[9.7675,45.5408],[9.7588,45.5413],[9.741,45.5458],[9.735,45.5504],[9.7432,45.5668],[9.7439,45.5803],[9.7504,45.5811],[9.7739,45.5813],[9.7824,45.5811],[9.7917,45.5791]]]}},{"type":"Feature","properties":{"i":"016134","n":"Mezzoldo"},"geometry":{"type":"Polygon","coordinates":[[[9.6886,46.0549],[9.6863,46.0521],[9.6853,46.0462],[9.6867,46.0415],[9.6896,46.0383],[9.6905,46.0346],[9.6656,46.0342],[9.6628,46.0351],[9.6615,46.0372],[9.6606,46.0373],[9.6575,46.0308],[9.6582,46.0266],[9.6675,46.0194],[9.6659,46.0117],[9.6732,46.001],[9.6745,45.9926],[9.6707,45.9878],[9.6555,45.9933],[9.6541,45.9945],[9.6509,46.0008],[9.6477,46.0084],[9.6513,46.0177],[9.6485,46.0219],[9.6439,46.0229],[9.6388,46.0253],[9.6287,46.0376],[9.6286,46.0388],[9.632,46.0437],[9.6328,46.046],[9.6323,46.0466],[9.6351,46.0479],[9.6417,46.0553],[9.6404,46.0575],[9.6435,46.06],[9.6696,46.0607],[9.6817,46.0582],[9.6886,46.0549]]]}},{"type":"Feature","properties":{"i":"016135","n":"Misano di Gera d'Adda"},"geometry":{"type":"Polygon","coordinates":[[[9.6503,45.454],[9.6435,45.4577],[9.6396,45.4584],[9.6261,45.4582],[9.6266,45.4561],[9.62,45.4559],[9.6103,45.4639],[9.6076,45.4714],[9.6086,45.4755],[9.6195,45.4809],[9.6289,45.4802],[9.6384,45.476],[9.6482,45.4617],[9.6498,45.4584],[9.6503,45.454]]]}},{"type":"Feature","properties":{"i":"016136","n":"Moio de' Calvi"},"geometry":{"type":"Polygon","coordinates":[[[9.7073,45.977],[9.7095,45.9713],[9.7131,45.9664],[9.7217,45.9614],[9.7238,45.9593],[9.7109,45.9496],[9.7005,45.9488],[9.6958,45.9466],[9.6884,45.9584],[9.6868,45.9652],[9.6881,45.9653],[9.6898,45.9676],[9.6891,45.9707],[9.6886,45.9717],[9.6856,45.9717],[9.6926,45.9773],[9.7073,45.977]]]}},{"type":"Feature","properties":{"i":"016137","n":"Monasterolo del Castello"},"geometry":{"type":"Polygon","coordinates":[[[9.9665,45.7547],[9.9673,45.7534],[9.9637,45.7504],[9.9601,45.7456],[9.9556,45.7444],[9.9527,45.7425],[9.9456,45.743],[9.9424,45.7421],[9.9336,45.7452],[9.9319,45.749],[9.9231,45.754],[9.9163,45.7531],[9.9105,45.7536],[9.9095,45.7545],[9.9105,45.7568],[9.9239,45.7609],[9.9291,45.7677],[9.9348,45.77],[9.9394,45.7764],[9.9586,45.7744],[9.9613,45.7716],[9.9613,45.7681],[9.9517,45.7621],[9.952,45.7582],[9.9547,45.7559],[9.962,45.754],[9.9665,45.7547]]]}},{"type":"Feature","properties":{"i":"016139","n":"Montello"},"geometry":{"type":"Polygon","coordinates":[[[9.8149,45.6716],[9.8097,45.6656],[9.8016,45.6666],[9.7944,45.6692],[9.7927,45.6715],[9.7929,45.6728],[9.7842,45.6732],[9.7901,45.6781],[9.8028,45.6755],[9.8149,45.6716]]]}},{"type":"Feature","properties":{"i":"016140","n":"Morengo"},"geometry":{"type":"Polygon","coordinates":[[[9.735,45.5504],[9.7229,45.532],[9.7218,45.5271],[9.717,45.5253],[9.7101,45.527],[9.6924,45.5235],[9.6878,45.5241],[9.6904,45.5452],[9.6905,45.5488],[9.6892,45.5532],[9.6973,45.5566],[9.7048,45.5551],[9.7155,45.5549],[9.735,45.5504]]]}},{"type":"Feature","properties":{"i":"016141","n":"Mornico al Serio"},"geometry":{"type":"Polygon","coordinates":[[[9.821,45.6026],[9.8198,45.6026],[9.8169,45.5996],[9.8169,45.5972],[9.8196,45.5939],[9.8195,45.5897],[9.8171,45.5769],[9.815,45.5755],[9.813,45.5715],[9.8115,45.5641],[9.8061,45.5692],[9.8026,45.5761],[9.7917,45.5791],[9.7909,45.5826],[9.7863,45.5891],[9.7845,45.5967],[9.7974,45.5966],[9.7987,45.5991],[9.8036,45.6044],[9.8163,45.6038],[9.821,45.6026]]]}},{"type":"Feature","properties":{"i":"016142","n":"Mozzanica"},"geometry":{"type":"Polygon","coordinates":[[[9.7161,45.4844],[9.7152,45.4827],[9.7083,45.4823],[9.7054,45.4788],[9.6981,45.4639],[9.6988,45.4606],[9.6898,45.4584],[9.6854,45.4438],[9.6821,45.4412],[9.6801,45.4443],[9.676,45.4472],[9.674,45.4514],[9.6726,45.4575],[9.6729,45.4709],[9.6721,45.4774],[9.6767,45.4775],[9.6841,45.4848],[9.695,45.4915],[9.6985,45.4924],[9.7012,45.4928],[9.714,45.4912],[9.716,45.4874],[9.7161,45.4844]]]}},{"type":"Feature","properties":{"i":"016143","n":"Mozzo"},"geometry":{"type":"Polygon","coordinates":[[[9.6251,45.7099],[9.6256,45.7078],[9.6219,45.7045],[9.6211,45.7007],[9.623,45.6968],[9.6096,45.6933],[9.5939,45.6962],[9.5945,45.7022],[9.6003,45.7101],[9.6014,45.7106],[9.6251,45.7099]]]}},{"type":"Feature","properties":{"i":"016144","n":"Nembro"},"geometry":{"type":"Polygon","coordinates":[[[9.7616,45.7707],[9.7639,45.7674],[9.7777,45.7546],[9.7833,45.7529],[9.7903,45.7531],[9.7843,45.7492],[9.7736,45.746],[9.7672,45.7419],[9.7683,45.7382],[9.7742,45.7345],[9.7749,45.7287],[9.7763,45.7285],[9.7666,45.7197],[9.7626,45.7235],[9.7588,45.7293],[9.7532,45.735],[9.744,45.7332],[9.7432,45.7369],[9.7378,45.7472],[9.7309,45.7484],[9.731,45.7478],[9.727,45.7468],[9.7288,45.7584],[9.7281,45.7697],[9.7261,45.7815],[9.7232,45.7835],[9.7311,45.7868],[9.7338,45.7822],[9.735,45.7776],[9.7333,45.772],[9.7418,45.7707],[9.7562,45.7702],[9.7616,45.7707]]]}},{"type":"Feature","properties":{"i":"016145","n":"Olmo al Brembo"},"geometry":{"type":"Polygon","coordinates":[[[9.6707,45.9878],[9.6711,45.9854],[9.6693,45.982],[9.665,45.9803],[9.6535,45.9737],[9.6583,45.9711],[9.6652,45.959],[9.6613,45.9594],[9.6584,45.9617],[9.6425,45.9507],[9.6341,45.948],[9.632,45.9542],[9.6326,45.9598],[9.6318,45.9635],[9.6328,45.9704],[9.6355,45.9754],[9.6375,45.9773],[9.6407,45.9777],[9.6509,45.9866],[9.6562,45.993],[9.6707,45.9878]]]}},{"type":"Feature","properties":{"i":"016146","n":"Oltre il Colle"},"geometry":{"type":"Polygon","coordinates":[[[9.8165,45.9342],[9.8179,45.9266],[9.8208,45.9174],[9.8247,45.9091],[9.8171,45.899],[9.8105,45.8971],[9.7787,45.8726],[9.7727,45.8729],[9.7758,45.8811],[9.7721,45.8833],[9.7627,45.885],[9.7532,45.8921],[9.7474,45.8951],[9.7426,45.8956],[9.7347,45.9022],[9.7329,45.907],[9.7421,45.9127],[9.7479,45.9062],[9.749,45.8983],[9.7521,45.8983],[9.7542,45.9019],[9.755,45.9089],[9.7521,45.9136],[9.7501,45.9197],[9.7516,45.9234],[9.7609,45.9269],[9.7599,45.9296],[9.7604,45.9307],[9.7623,45.9332],[9.7653,45.9352],[9.7746,45.936],[9.7819,45.9423],[9.7916,45.9484],[9.7961,45.949],[9.8007,45.9517],[9.8107,45.9434],[9.8165,45.9342]]]}},{"type":"Feature","properties":{"i":"016147","n":"Oltressenda Alta"},"geometry":{"type":"Polygon","coordinates":[[[9.9645,45.9077],[9.9611,45.9123],[9.9577,45.9154],[9.9539,45.9152],[9.9406,45.9098],[9.9354,45.9125],[9.9356,45.9185],[9.9375,45.9214],[9.9435,45.9256],[9.9604,45.9323],[9.9733,45.9412],[9.9857,45.9534],[9.992,45.9617],[9.9929,45.9658],[10.0073,45.9692],[10.0138,45.9721],[10.0191,45.9799],[10.0215,45.9813],[10.023,45.9814],[10.0287,45.975],[10.0264,45.9733],[10.0142,45.951],[10.0079,45.9368],[9.9972,45.9293],[9.9905,45.9276],[9.9825,45.9272],[9.9741,45.9237],[9.9622,45.914],[9.9672,45.9105],[9.9673,45.9075],[9.9645,45.9077]]]}},{"type":"Feature","properties":{"i":"016148","n":"Oneta"},"geometry":{"type":"Polygon","coordinates":[[[9.8387,45.8471],[9.8352,45.8426],[9.8237,45.8407],[9.7932,45.8482],[9.7883,45.8556],[9.7802,45.8581],[9.7787,45.8726],[9.8105,45.8971],[9.8171,45.899],[9.8247,45.9091],[9.8277,45.8992],[9.8276,45.8914],[9.8293,45.887],[9.8282,45.8777],[9.8228,45.8692],[9.8227,45.8654],[9.8325,45.8581],[9.8346,45.8526],[9.8387,45.8471]]]}},{"type":"Feature","properties":{"i":"016149","n":"Onore"},"geometry":{"type":"Polygon","coordinates":[[[10.0586,45.8835],[10.0544,45.8796],[10.0438,45.8736],[10.0306,45.8713],[10.0221,45.8724],[10.0137,45.8755],[10.0095,45.8784],[10.0054,45.8833],[10.0062,45.885],[10.0078,45.8855],[10.0015,45.8897],[10.0002,45.8902],[9.9976,45.8896],[10.0067,45.9102],[10.01,45.9149],[10.0161,45.9079],[10.0162,45.8966],[10.0292,45.8997],[10.0427,45.8982],[10.0553,45.8923],[10.0586,45.8835]]]}},{"type":"Feature","properties":{"i":"016150","n":"Orio al Serio"},"geometry":{"type":"Polygon","coordinates":[[[9.711,45.6701],[9.7086,45.6606],[9.7037,45.6595],[9.7031,45.6638],[9.6946,45.6629],[9.6789,45.6635],[9.6887,45.6668],[9.6858,45.6709],[9.6852,45.676],[9.6861,45.6768],[9.7022,45.6796],[9.707,45.6773],[9.7079,45.6728],[9.711,45.6701]]]}},{"type":"Feature","properties":{"i":"016151","n":"Ornica"},"geometry":{"type":"Polygon","coordinates":[[[9.5873,46.024],[9.5894,46.0207],[9.5888,46.0121],[9.5837,46.0051],[9.5844,45.9983],[9.5856,45.9941],[9.5889,45.9931],[9.5913,45.9904],[9.5964,45.9787],[9.5957,45.9737],[9.5903,45.974],[9.5878,45.9731],[9.5892,45.9675],[9.5876,45.9657],[9.5824,45.9688],[9.577,45.9741],[9.5676,45.979],[9.5646,45.9829],[9.565,45.9859],[9.5466,46.0029],[9.5318,46.0114],[9.5326,46.0141],[9.5343,46.0149],[9.5458,46.0136],[9.5512,46.0141],[9.5541,46.0159],[9.5559,46.0215],[9.5577,46.0224],[9.567,46.0228],[9.5734,46.0212],[9.5785,46.0211],[9.5834,46.0235],[9.5873,46.024]]]}},{"type":"Feature","properties":{"i":"016152","n":"Osio Sopra"},"geometry":{"type":"Polygon","coordinates":[[[9.6125,45.6331],[9.6115,45.6234],[9.5966,45.6219],[9.5853,45.6226],[9.5779,45.6245],[9.5599,45.6261],[9.5582,45.6317],[9.5608,45.6361],[9.5653,45.6384],[9.5958,45.6332],[9.6024,45.6347],[9.6091,45.6343],[9.6125,45.6331]]]}},{"type":"Feature","properties":{"i":"016153","n":"Osio Sotto"},"geometry":{"type":"Polygon","coordinates":[[[9.6115,45.6234],[9.6134,45.6171],[9.6026,45.607],[9.5983,45.6016],[9.5959,45.6008],[9.5945,45.6006],[9.5853,45.6036],[9.5851,45.6069],[9.5742,45.6085],[9.5662,45.6064],[9.5596,45.6155],[9.5599,45.6261],[9.5779,45.6245],[9.5853,45.6226],[9.5966,45.6219],[9.6115,45.6234]]]}},{"type":"Feature","properties":{"i":"016154","n":"Pagazzano"},"geometry":{"type":"Polygon","coordinates":[[[9.6878,45.5241],[9.6831,45.525],[9.6596,45.5224],[9.6577,45.5279],[9.6596,45.5322],[9.6595,45.5372],[9.6611,45.5404],[9.6905,45.5488],[9.6878,45.5241]]]}},{"type":"Feature","properties":{"i":"016155","n":"Paladina"},"geometry":{"type":"Polygon","coordinates":[[[9.6167,45.7315],[9.6266,45.7286],[9.6203,45.7225],[9.6173,45.7217],[9.5978,45.7264],[9.5995,45.7367],[9.6053,45.7354],[9.6104,45.7324],[9.6167,45.7315]]]}},{"type":"Feature","properties":{"i":"016156","n":"Palazzago"},"geometry":{"type":"Polygon","coordinates":[[[9.5429,45.7712],[9.5365,45.7618],[9.5428,45.7502],[9.5439,45.7491],[9.5512,45.7461],[9.5563,45.7444],[9.5591,45.7444],[9.5644,45.742],[9.5619,45.7386],[9.5592,45.729],[9.5592,45.726],[9.5511,45.726],[9.5284,45.7295],[9.528,45.733],[9.5246,45.7416],[9.5208,45.7437],[9.5114,45.7456],[9.5073,45.7508],[9.5089,45.7601],[9.5215,45.7808],[9.5267,45.7805],[9.5429,45.7712]]]}},{"type":"Feature","properties":{"i":"016157","n":"Palosco"},"geometry":{"type":"Polygon","coordinates":[[[9.8506,45.6032],[9.8491,45.5988],[9.8509,45.5965],[9.8539,45.5958],[9.8554,45.5877],[9.855,45.5841],[9.847,45.5841],[9.844,45.5828],[9.8417,45.579],[9.8423,45.5729],[9.8436,45.5697],[9.8411,45.5682],[9.8396,45.5688],[9.8237,45.5635],[9.82,45.5615],[9.8171,45.5576],[9.8099,45.5576],[9.813,45.5715],[9.815,45.5755],[9.8171,45.5769],[9.8185,45.5839],[9.8196,45.5939],[9.8169,45.5972],[9.8177,45.6005],[9.8201,45.6027],[9.8267,45.6046],[9.839,45.6046],[9.8409,45.6038],[9.8409,45.6024],[9.8506,45.6032]]]}},{"type":"Feature","properties":{"i":"016158","n":"Parre"},"geometry":{"type":"Polygon","coordinates":[[[9.9037,45.9109],[9.9094,45.9079],[9.9108,45.9051],[9.9202,45.9016],[9.9177,45.8964],[9.9192,45.8938],[9.9002,45.8737],[9.8925,45.8706],[9.8884,45.8707],[9.8767,45.8754],[9.8702,45.8812],[9.8681,45.8859],[9.867,45.8945],[9.8647,45.902],[9.8506,45.917],[9.8442,45.921],[9.844,45.9284],[9.8646,45.9331],[9.8798,45.9338],[9.8844,45.9303],[9.8894,45.9212],[9.8973,45.9135],[9.9037,45.9109]]]}},{"type":"Feature","properties":{"i":"016159","n":"Parzanica"},"geometry":{"type":"Polygon","coordinates":[[[10.0641,45.7307],[10.0626,45.7246],[10.0473,45.7251],[10.0432,45.7247],[10.043,45.7235],[10.0291,45.723],[10.0253,45.7242],[10.019,45.7277],[10.0163,45.7314],[10.0154,45.7381],[10.0286,45.7463],[10.0311,45.7454],[10.0348,45.7473],[10.0365,45.7498],[10.0408,45.751],[10.0607,45.7525],[10.0638,45.7489],[10.0663,45.7407],[10.0641,45.7307]]]}},{"type":"Feature","properties":{"i":"016160","n":"Pedrengo"},"geometry":{"type":"Polygon","coordinates":[[[9.7562,45.6986],[9.759,45.6939],[9.7491,45.6873],[9.7452,45.6884],[9.7347,45.6879],[9.7309,45.6918],[9.7241,45.6944],[9.7203,45.6942],[9.722,45.698],[9.7257,45.6992],[9.7263,45.7005],[9.7223,45.7056],[9.726,45.7036],[9.7562,45.6986]]]}},{"type":"Feature","properties":{"i":"016161","n":"Peia"},"geometry":{"type":"Polygon","coordinates":[[[9.9371,45.8028],[9.9315,45.7993],[9.9181,45.7863],[9.9163,45.7864],[9.9042,45.7816],[9.9043,45.7832],[9.9011,45.7913],[9.8927,45.8036],[9.9033,45.8073],[9.9093,45.8042],[9.9273,45.8009],[9.9319,45.8004],[9.9371,45.8028]]]}},{"type":"Feature","properties":{"i":"016162","n":"Pianico"},"geometry":{"type":"Polygon","coordinates":[[[10.053,45.813],[10.0565,45.8111],[10.0522,45.8092],[10.0513,45.8066],[10.0526,45.8009],[10.0505,45.7986],[10.0427,45.8006],[10.0298,45.7983],[10.0249,45.8012],[10.0223,45.804],[10.0417,45.8151],[10.0519,45.8138],[10.053,45.813]]]}},{"type":"Feature","properties":{"i":"016163","n":"Piario"},"geometry":{"type":"Polygon","coordinates":[[[9.9342,45.8961],[9.9329,45.8929],[9.9227,45.8874],[9.9147,45.8844],[9.9107,45.8853],[9.9232,45.8968],[9.924,45.8994],[9.9303,45.9001],[9.933,45.8989],[9.9342,45.8961]]]}},{"type":"Feature","properties":{"i":"016164","n":"Piazza Brembana"},"geometry":{"type":"Polygon","coordinates":[[[9.6784,45.9519],[9.6783,45.9484],[9.6807,45.9469],[9.6781,45.9449],[9.6691,45.9405],[9.6649,45.9395],[9.6577,45.9424],[9.6548,45.9427],[9.6509,45.942],[9.6478,45.9391],[9.6502,45.9356],[9.6404,45.9348],[9.6364,45.9364],[9.6327,45.9364],[9.6341,45.948],[9.6425,45.9507],[9.6584,45.9617],[9.6613,45.9594],[9.6652,45.959],[9.6748,45.9676],[9.6795,45.9657],[9.6784,45.9608],[9.6751,45.9547],[9.6784,45.9519]]]}},{"type":"Feature","properties":{"i":"016165","n":"Piazzatorre"},"geometry":{"type":"Polygon","coordinates":[[[9.6905,46.0346],[9.6964,46.033],[9.7,46.0276],[9.7102,46.0247],[9.7148,46.0214],[9.7211,46.0142],[9.7308,46.0008],[9.7304,45.9955],[9.7318,45.9944],[9.7327,45.9914],[9.7316,45.9895],[9.7115,45.9802],[9.7073,45.977],[9.6884,45.978],[9.6785,45.9831],[9.6778,45.9847],[9.6752,45.9865],[9.6707,45.9878],[9.6746,45.9931],[9.6732,46.001],[9.6659,46.0117],[9.6675,46.0194],[9.6582,46.0266],[9.6575,46.0308],[9.6592,46.0351],[9.6601,46.037],[9.6612,46.0374],[9.6628,46.0351],[9.6656,46.0342],[9.6905,46.0346]]]}},{"type":"Feature","properties":{"i":"016166","n":"Piazzolo"},"geometry":{"type":"Polygon","coordinates":[[[9.6926,45.9773],[9.6795,45.9657],[9.6748,45.9676],[9.6652,45.959],[9.6583,45.9711],[9.6535,45.9737],[9.665,45.9803],[9.6693,45.982],[9.6711,45.9854],[9.6707,45.9878],[9.6752,45.9865],[9.6778,45.9847],[9.6785,45.9831],[9.6833,45.9803],[9.6884,45.978],[9.6926,45.9773]]]}},{"type":"Feature","properties":{"i":"016167","n":"Pognano"},"geometry":{"type":"Polygon","coordinates":[[[9.6504,45.5937],[9.6527,45.5877],[9.6537,45.5776],[9.6515,45.5775],[9.6483,45.5754],[9.6399,45.5779],[9.6396,45.5786],[9.6349,45.5792],[9.6274,45.5756],[9.6253,45.5818],[9.6317,45.5894],[9.6391,45.5922],[9.6504,45.5937]]]}},{"type":"Feature","properties":{"i":"016168","n":"Ponte Nossa"},"geometry":{"type":"Polygon","coordinates":[[[9.9007,45.8534],[9.8921,45.8493],[9.8766,45.8496],[9.8712,45.8507],[9.8677,45.8498],[9.8653,45.8604],[9.8734,45.8613],[9.8761,45.863],[9.8807,45.8678],[9.8841,45.8729],[9.8884,45.8707],[9.8925,45.8706],[9.9002,45.8737],[9.9031,45.8621],[9.9007,45.8534]]]}},{"type":"Feature","properties":{"i":"016169","n":"Ponteranica"},"geometry":{"type":"Polygon","coordinates":[[[9.6758,45.767],[9.6845,45.764],[9.6845,45.7592],[9.6854,45.7575],[9.6999,45.7513],[9.7004,45.75],[9.6915,45.7371],[9.6863,45.732],[9.6701,45.7267],[9.6597,45.7205],[9.657,45.7197],[9.653,45.7233],[9.6509,45.7273],[9.6423,45.7281],[9.6392,45.7268],[9.6439,45.732],[9.6551,45.735],[9.6622,45.7379],[9.6649,45.7415],[9.6807,45.7531],[9.6762,45.7601],[9.6758,45.767]]]}},{"type":"Feature","properties":{"i":"016170","n":"Ponte San Pietro"},"geometry":{"type":"Polygon","coordinates":[[[9.588,45.7121],[9.6014,45.7106],[9.6003,45.7101],[9.5945,45.7022],[9.5936,45.6975],[9.5952,45.6942],[9.5949,45.6926],[9.5894,45.687],[9.5861,45.6869],[9.5859,45.6915],[9.5847,45.6925],[9.5614,45.7008],[9.5582,45.7012],[9.558,45.7034],[9.5603,45.7099],[9.5658,45.7139],[9.5679,45.7134],[9.585,45.7017],[9.5877,45.701],[9.5874,45.7097],[9.588,45.7121]]]}},{"type":"Feature","properties":{"i":"016171","n":"Pontida"},"geometry":{"type":"Polygon","coordinates":[[[9.5085,45.7485],[9.5114,45.7456],[9.5208,45.7437],[9.5246,45.7416],[9.528,45.733],[9.5284,45.7295],[9.5253,45.7293],[9.524,45.7284],[9.5233,45.7224],[9.521,45.7165],[9.5175,45.718],[9.507,45.7199],[9.5012,45.72],[9.4997,45.7173],[9.4982,45.7163],[9.4926,45.7153],[9.4916,45.7158],[9.4908,45.7185],[9.4865,45.7222],[9.4647,45.7261],[9.4637,45.7288],[9.4569,45.7325],[9.4473,45.7314],[9.4483,45.7358],[9.4537,45.7335],[9.4587,45.7338],[9.4617,45.7351],[9.4785,45.7328],[9.4895,45.7334],[9.4971,45.74],[9.5014,45.7474],[9.5085,45.7485]]]}},{"type":"Feature","properties":{"i":"016172","n":"Pontirolo Nuovo"},"geometry":{"type":"Polygon","coordinates":[[[9.5917,45.5729],[9.5972,45.5699],[9.599,45.5626],[9.5898,45.562],[9.5842,45.5597],[9.5814,45.5562],[9.5645,45.5552],[9.5603,45.5604],[9.558,45.5597],[9.5502,45.5597],[9.546,45.5662],[9.5446,45.5729],[9.5448,45.5744],[9.5465,45.5743],[9.5479,45.5753],[9.5536,45.5841],[9.5575,45.5924],[9.5568,45.5989],[9.5751,45.5863],[9.5917,45.5729]]]}},{"type":"Feature","properties":{"i":"016173","n":"Pradalunga"},"geometry":{"type":"Polygon","coordinates":[[[9.8192,45.7351],[9.8121,45.7267],[9.8047,45.724],[9.8008,45.7239],[9.7923,45.7267],[9.7801,45.7287],[9.7749,45.7287],[9.7742,45.7345],[9.7683,45.7382],[9.7672,45.7419],[9.7736,45.746],[9.7843,45.7492],[9.7903,45.7531],[9.7985,45.7509],[9.8063,45.7471],[9.813,45.7426],[9.818,45.7375],[9.8192,45.7351]]]}},{"type":"Feature","properties":{"i":"016174","n":"Predore"},"geometry":{"type":"Polygon","coordinates":[[[10.0145,45.6992],[10.0245,45.6975],[10.0375,45.6914],[10.0468,45.6864],[10.0561,45.6785],[10.0494,45.6759],[10.0444,45.6749],[9.9998,45.6721],[9.9961,45.6796],[9.9949,45.6789],[9.9907,45.6832],[9.9891,45.6864],[9.99,45.6892],[9.9943,45.6914],[9.9952,45.6931],[9.9951,45.7006],[10.0145,45.6992]]]}},{"type":"Feature","properties":{"i":"016175","n":"Premolo"},"geometry":{"type":"Polygon","coordinates":[[[9.844,45.9284],[9.8442,45.921],[9.8506,45.917],[9.8647,45.902],[9.867,45.8945],[9.8681,45.8859],[9.8702,45.8812],[9.8767,45.8754],[9.8841,45.8729],[9.8787,45.8656],[9.8734,45.8613],[9.8653,45.8604],[9.8547,45.8695],[9.8445,45.8838],[9.8305,45.8937],[9.8277,45.8992],[9.8247,45.9091],[9.8208,45.9174],[9.8179,45.9266],[9.8165,45.9342],[9.8223,45.9335],[9.8354,45.9336],[9.841,45.9313],[9.844,45.9284]]]}},{"type":"Feature","properties":{"i":"016176","n":"Presezzo"},"geometry":{"type":"Polygon","coordinates":[[[9.5861,45.6869],[9.5685,45.6873],[9.5625,45.6882],[9.5548,45.6925],[9.5542,45.6948],[9.5582,45.7012],[9.5614,45.7008],[9.5847,45.6925],[9.5859,45.6915],[9.5861,45.6869]]]}},{"type":"Feature","properties":{"i":"016177","n":"Pumenengo"},"geometry":{"type":"Polygon","coordinates":[[[9.8904,45.4674],[9.8923,45.4608],[9.8915,45.4573],[9.8899,45.4562],[9.8676,45.456],[9.8607,45.46],[9.8566,45.4649],[9.8327,45.4636],[9.8327,45.474],[9.8481,45.4792],[9.8646,45.4861],[9.868,45.4868],[9.8726,45.4895],[9.8724,45.4863],[9.8826,45.4736],[9.8868,45.4727],[9.8904,45.4674]]]}},{"type":"Feature","properties":{"i":"016178","n":"Ranica"},"geometry":{"type":"Polygon","coordinates":[[[9.728,45.7224],[9.7275,45.7145],[9.7254,45.7106],[9.7186,45.7131],[9.7169,45.7156],[9.7109,45.7188],[9.699,45.7344],[9.6948,45.7367],[9.6915,45.7371],[9.6971,45.7461],[9.7196,45.7309],[9.7225,45.7258],[9.728,45.7224]]]}},{"type":"Feature","properties":{"i":"016179","n":"Ranzanico"},"geometry":{"type":"Polygon","coordinates":[[[9.9589,45.8076],[9.9609,45.7932],[9.9593,45.7897],[9.952,45.7884],[9.9412,45.7831],[9.94,45.7816],[9.9394,45.7764],[9.9348,45.77],[9.9278,45.7752],[9.9215,45.784],[9.9181,45.7863],[9.9315,45.7993],[9.9371,45.8028],[9.952,45.8074],[9.9589,45.8076]]]}},{"type":"Feature","properties":{"i":"016180","n":"Riva di Solto"},"geometry":{"type":"Polygon","coordinates":[[[10.0611,45.7838],[10.0569,45.7747],[10.0549,45.7643],[10.0563,45.7586],[10.0607,45.7525],[10.0408,45.751],[10.0365,45.7498],[10.0348,45.7473],[10.0311,45.7454],[10.0286,45.7463],[10.0304,45.7493],[10.0329,45.7565],[10.032,45.7641],[10.0202,45.767],[10.0051,45.7623],[10.0061,45.7663],[10.0136,45.7684],[10.0318,45.7769],[10.0372,45.7806],[10.0368,45.7822],[10.0414,45.784],[10.0486,45.785],[10.0611,45.7838]]]}},{"type":"Feature","properties":{"i":"016182","n":"Rogno"},"geometry":{"type":"Polygon","coordinates":[[[10.1434,45.8685],[10.1498,45.8631],[10.1458,45.8519],[10.1214,45.836],[10.1074,45.8482],[10.0986,45.8546],[10.0894,45.8685],[10.0825,45.8741],[10.088,45.8822],[10.0916,45.882],[10.0966,45.8839],[10.109,45.8857],[10.1121,45.883],[10.1236,45.8773],[10.1434,45.8685]]]}},{"type":"Feature","properties":{"i":"016183","n":"Romano di Lombardia"},"geometry":{"type":"Polygon","coordinates":[[[9.7716,45.5382],[9.7727,45.5353],[9.7708,45.532],[9.779,45.5333],[9.7937,45.5268],[9.7958,45.5245],[9.797,45.5211],[9.7866,45.5201],[9.7678,45.5154],[9.7708,45.5031],[9.7604,45.5019],[9.7542,45.4994],[9.755,45.4977],[9.7513,45.5003],[9.7339,45.4991],[9.726,45.4994],[9.7234,45.5126],[9.7256,45.5179],[9.7244,45.5222],[9.7218,45.5271],[9.7229,45.532],[9.735,45.5504],[9.741,45.5458],[9.7588,45.5413],[9.7675,45.5408],[9.7716,45.5382]]]}},{"type":"Feature","properties":{"i":"016184","n":"Roncobello"},"geometry":{"type":"Polygon","coordinates":[[[9.8099,45.9789],[9.8127,45.9747],[9.8132,45.9695],[9.8079,45.9608],[9.8007,45.9517],[9.7961,45.949],[9.7916,45.9484],[9.7819,45.9423],[9.7746,45.936],[9.7653,45.9352],[9.7621,45.9329],[9.7599,45.9296],[9.7492,45.9285],[9.7324,45.9316],[9.7244,45.9325],[9.721,45.9321],[9.7186,45.9349],[9.7109,45.9496],[9.7284,45.9636],[9.7375,45.9625],[9.7462,45.9663],[9.7508,45.9667],[9.7607,45.9648],[9.7677,45.9666],[9.7741,45.9707],[9.7855,45.9764],[9.792,45.9767],[9.7944,45.9795],[9.8039,45.98],[9.8099,45.9789]]]}},{"type":"Feature","properties":{"i":"016185","n":"Roncola"},"geometry":{"type":"Polygon","coordinates":[[[9.5506,45.7842],[9.5645,45.7812],[9.5687,45.7795],[9.5663,45.7771],[9.5668,45.774],[9.5688,45.7719],[9.569,45.7701],[9.5683,45.7688],[9.5664,45.7677],[9.5534,45.7687],[9.5429,45.7712],[9.5267,45.7805],[9.5215,45.7808],[9.5162,45.7873],[9.5223,45.7933],[9.5318,45.7844],[9.5368,45.7836],[9.544,45.7842],[9.5473,45.7855],[9.5506,45.7842]]]}},{"type":"Feature","properties":{"i":"016186","n":"Rota d'Imagna"},"geometry":{"type":"Polygon","coordinates":[[[9.5309,45.8273],[9.533,45.8194],[9.5327,45.8172],[9.5245,45.8193],[9.5097,45.8254],[9.5037,45.8288],[9.5018,45.8314],[9.5032,45.8341],[9.5016,45.8368],[9.499,45.8388],[9.4913,45.8392],[9.4884,45.841],[9.4942,45.8458],[9.5105,45.8546],[9.5107,45.85],[9.5202,45.8397],[9.5277,45.8339],[9.5312,45.8286],[9.5309,45.8273]]]}},{"type":"Feature","properties":{"i":"016187","n":"Rovetta"},"geometry":{"type":"Polygon","coordinates":[[[10.035,45.9697],[10.048,45.9655],[10.0502,45.9638],[10.0551,45.9566],[10.0527,45.9552],[10.0392,45.9522],[10.0073,45.9259],[9.9987,45.9214],[9.99,45.919],[9.987,45.9164],[9.9873,45.9031],[9.9897,45.8878],[9.9798,45.8774],[9.9801,45.8757],[9.9756,45.8758],[9.9735,45.8742],[9.9777,45.8667],[9.9864,45.8587],[9.9877,45.8567],[9.9881,45.8489],[9.9855,45.8461],[9.9738,45.8419],[9.9663,45.8377],[9.9513,45.8428],[9.9553,45.8467],[9.9546,45.8483],[9.9576,45.8576],[9.9726,45.8845],[9.9719,45.892],[9.9671,45.8959],[9.9631,45.9049],[9.9645,45.9077],[9.9673,45.9075],[9.9672,45.9105],[9.9622,45.914],[9.9741,45.9237],[9.9794,45.9264],[9.9905,45.9276],[9.9972,45.9293],[10.0069,45.9357],[10.0079,45.9368],[10.0142,45.951],[10.0264,45.9733],[10.0287,45.975],[10.035,45.9697]]]}},{"type":"Feature","properties":{"i":"016188","n":"San Giovanni Bianco"},"geometry":{"type":"Polygon","coordinates":[[[9.6873,45.8656],[9.6627,45.8534],[9.6484,45.8533],[9.6377,45.8548],[9.6231,45.8536],[9.6129,45.854],[9.6105,45.8587],[9.6147,45.8639],[9.6147,45.8678],[9.6082,45.8771],[9.6081,45.8808],[9.613,45.8878],[9.6099,45.8991],[9.6082,45.9082],[9.6086,45.9101],[9.6124,45.9136],[9.6178,45.9169],[9.6173,45.9147],[9.6202,45.911],[9.6402,45.8962],[9.6548,45.8921],[9.6557,45.8926],[9.6633,45.9084],[9.6669,45.9113],[9.6724,45.9141],[9.6807,45.9171],[9.6864,45.9182],[9.68,45.9099],[9.6791,45.901],[9.6791,45.8994],[9.6815,45.8967],[9.6862,45.8859],[9.6862,45.8833],[9.6813,45.8804],[9.6817,45.871],[9.688,45.8686],[9.6873,45.8656]]]}},{"type":"Feature","properties":{"i":"016189","n":"San Paolo d'Argon"},"geometry":{"type":"Polygon","coordinates":[[[9.8207,45.6852],[9.8209,45.682],[9.8172,45.6823],[9.8149,45.6716],[9.8028,45.6755],[9.7901,45.6781],[9.7905,45.6798],[9.7851,45.6818],[9.7892,45.6917],[9.7983,45.6958],[9.7994,45.697],[9.7991,45.6991],[9.7933,45.7058],[9.7943,45.7072],[9.8017,45.7005],[9.8158,45.6926],[9.8164,45.6851],[9.8207,45.6852]]]}},{"type":"Feature","properties":{"i":"016190","n":"San Pellegrino Terme"},"geometry":{"type":"Polygon","coordinates":[[[9.7032,45.8578],[9.7005,45.8538],[9.6972,45.8437],[9.7031,45.8376],[9.6949,45.8286],[9.6911,45.8292],[9.6855,45.8281],[9.6733,45.8179],[9.6681,45.8167],[9.6595,45.8167],[9.6539,45.8185],[9.6457,45.8183],[9.6421,45.8228],[9.63,45.8285],[9.6255,45.832],[9.619,45.842],[9.6191,45.8448],[9.6129,45.854],[9.6231,45.8536],[9.6377,45.8548],[9.6484,45.8533],[9.6627,45.8534],[9.6873,45.8656],[9.6865,45.8639],[9.6929,45.8604],[9.7032,45.8578]]]}},{"type":"Feature","properties":{"i":"016191","n":"Santa Brigida"},"geometry":{"type":"Polygon","coordinates":[[[9.6407,45.9777],[9.6372,45.9771],[9.6352,45.975],[9.6328,45.9704],[9.6318,45.9635],[9.6326,45.9598],[9.632,45.9542],[9.6242,45.9582],[9.6196,45.9624],[9.617,45.9662],[9.6201,45.968],[9.6163,45.9723],[9.6073,45.972],[9.6003,45.9732],[9.6018,45.976],[9.6066,45.9804],[9.6139,45.9855],[9.6219,45.9989],[9.6195,46.0004],[9.6085,46.0003],[9.6048,46.0039],[9.6054,46.0092],[9.6077,46.0111],[9.619,46.0256],[9.6132,46.0255],[9.6079,46.0229],[9.6021,46.0228],[9.5936,46.0255],[9.593,46.0275],[9.6003,46.0337],[9.601,46.0372],[9.6108,46.0397],[9.6142,46.0395],[9.62,46.0379],[9.6235,46.036],[9.6306,46.0223],[9.6292,46.0163],[9.6286,46.0055],[9.6291,45.9883],[9.6407,45.9777]]]}},{"type":"Feature","properties":{"i":"016193","n":"Sarnico"},"geometry":{"type":"Polygon","coordinates":[[[9.9998,45.6721],[9.9751,45.6674],[9.9657,45.664],[9.9619,45.6641],[9.957,45.6657],[9.9491,45.6661],[9.9423,45.6653],[9.9433,45.6685],[9.9431,45.6747],[9.9449,45.6778],[9.9491,45.6822],[9.9528,45.6829],[9.9562,45.6828],[9.96,45.6804],[9.9695,45.6782],[9.9828,45.686],[9.9852,45.6867],[9.9892,45.6862],[9.9907,45.6832],[9.9949,45.6789],[9.9961,45.6796],[9.9998,45.6721]]]}},{"type":"Feature","properties":{"i":"016194","n":"Scanzorosciate"},"geometry":{"type":"Polygon","coordinates":[[[9.7978,45.7154],[9.7933,45.7058],[9.7857,45.7043],[9.7718,45.7049],[9.7686,45.706],[9.7713,45.7077],[9.7712,45.7087],[9.7682,45.7086],[9.764,45.707],[9.7585,45.703],[9.757,45.7014],[9.7562,45.6986],[9.726,45.7036],[9.7223,45.7056],[9.7275,45.7145],[9.7403,45.7144],[9.75,45.718],[9.7657,45.7191],[9.7771,45.7287],[9.7923,45.7267],[9.8006,45.7242],[9.7978,45.7154]]]}},{"type":"Feature","properties":{"i":"016195","n":"Schilpario"},"geometry":{"type":"Polygon","coordinates":[[[10.1696,46.057],[10.1712,46.0535],[10.1739,46.0523],[10.1758,46.0516],[10.1927,46.0516],[10.1968,46.0498],[10.198,46.0471],[10.202,46.0459],[10.2061,46.0461],[10.21,46.0484],[10.2119,46.0507],[10.2281,46.0482],[10.2257,46.0446],[10.2259,46.0414],[10.2298,46.0374],[10.2334,46.0348],[10.2492,46.0358],[10.2551,46.0304],[10.2546,46.0255],[10.2622,46.0208],[10.2614,46.0178],[10.2538,46.0124],[10.2501,46.0111],[10.2457,46.0116],[10.2296,46.0104],[10.2062,46.0074],[10.2,46.0052],[10.1927,46.0008],[10.1926,45.9987],[10.1888,45.9915],[10.1847,45.9877],[10.1816,45.9868],[10.1765,45.9827],[10.1612,45.9844],[10.1184,45.9972],[10.1181,46.0028],[10.1203,46.004],[10.1175,46.0186],[10.1091,46.044],[10.1026,46.0508],[10.1061,46.0516],[10.1217,46.0593],[10.1347,46.0601],[10.1467,46.0562],[10.1696,46.057]]]}},{"type":"Feature","properties":{"i":"016196","n":"Sedrina"},"geometry":{"type":"Polygon","coordinates":[[[9.6458,45.7736],[9.6426,45.7685],[9.637,45.7651],[9.6338,45.764],[9.6264,45.7635],[9.6094,45.7664],[9.6106,45.7752],[9.6153,45.7804],[9.6238,45.7831],[9.6289,45.7863],[9.6327,45.7857],[9.6457,45.7875],[9.6494,45.7823],[9.6461,45.7796],[9.6458,45.7736]]]}},{"type":"Feature","properties":{"i":"016197","n":"Selvino"},"geometry":{"type":"Polygon","coordinates":[[[9.7595,45.7989],[9.7642,45.7909],[9.7616,45.7707],[9.7562,45.7702],[9.7418,45.7707],[9.7333,45.772],[9.735,45.7776],[9.7338,45.7822],[9.7311,45.7868],[9.736,45.7896],[9.7468,45.7988],[9.7539,45.8013],[9.7595,45.7989]]]}},{"type":"Feature","properties":{"i":"016198","n":"Seriate"},"geometry":{"type":"Polygon","coordinates":[[[9.7491,45.6873],[9.7582,45.6833],[9.7553,45.6757],[9.7464,45.6684],[9.7454,45.6646],[9.7484,45.6591],[9.7434,45.6592],[9.749,45.6472],[9.7511,45.6388],[9.7441,45.6309],[9.7379,45.6526],[9.7321,45.66],[9.728,45.6632],[9.7147,45.668],[9.711,45.6701],[9.7079,45.6728],[9.707,45.6773],[9.7005,45.6808],[9.7138,45.6886],[9.7203,45.6942],[9.7218,45.6947],[9.7309,45.6918],[9.7347,45.6879],[9.7452,45.6884],[9.7491,45.6873]]]}},{"type":"Feature","properties":{"i":"016199","n":"Serina"},"geometry":{"type":"Polygon","coordinates":[[[9.7599,45.9296],[9.7609,45.9269],[9.7533,45.9245],[9.7516,45.9234],[9.7501,45.9204],[9.7521,45.9136],[9.755,45.9089],[9.7542,45.9019],[9.7521,45.8983],[9.749,45.8983],[9.7479,45.9062],[9.7421,45.9127],[9.7329,45.907],[9.7347,45.9022],[9.7426,45.8956],[9.7474,45.8951],[9.7532,45.8921],[9.7627,45.885],[9.7721,45.8833],[9.7758,45.8811],[9.7727,45.8729],[9.7492,45.8665],[9.7415,45.8607],[9.7369,45.8564],[9.7378,45.8532],[9.7365,45.8467],[9.7338,45.8424],[9.7308,45.8427],[9.7296,45.8469],[9.7243,45.8487],[9.721,45.849],[9.7164,45.8485],[9.7029,45.8448],[9.701,45.8396],[9.6972,45.8437],[9.6976,45.8465],[9.7005,45.8538],[9.7032,45.8578],[9.7082,45.8606],[9.7129,45.865],[9.7166,45.8735],[9.7191,45.8852],[9.7198,45.89],[9.7194,45.8956],[9.721,45.9058],[9.7112,45.9098],[9.7243,45.9309],[9.7244,45.9325],[9.7492,45.9285],[9.7599,45.9296]]]}},{"type":"Feature","properties":{"i":"016200","n":"Solto Collina"},"geometry":{"type":"Polygon","coordinates":[[[10.0526,45.8009],[10.0564,45.7982],[10.056,45.7933],[10.0638,45.7884],[10.0611,45.7838],[10.0486,45.785],[10.0414,45.784],[10.0368,45.7822],[10.0372,45.7806],[10.0318,45.7769],[10.0136,45.7684],[10.0061,45.7663],[10.0051,45.7623],[9.9947,45.7608],[9.9967,45.7709],[9.9954,45.7832],[9.9988,45.7865],[10.0031,45.7864],[10.0091,45.788],[10.017,45.7955],[10.0193,45.7988],[10.0189,45.7998],[10.0223,45.804],[10.0249,45.8012],[10.0298,45.7983],[10.0427,45.8006],[10.0499,45.7985],[10.0526,45.8009]]]}},{"type":"Feature","properties":{"i":"016201","n":"Songavazzo"},"geometry":{"type":"Polygon","coordinates":[[[10.088,45.8822],[10.0825,45.8741],[10.0814,45.8704],[10.0799,45.869],[10.0737,45.8663],[10.0594,45.8638],[10.0575,45.862],[10.0588,45.8591],[10.0552,45.8565],[10.0485,45.8546],[10.0396,45.8546],[10.034,45.8525],[10.0341,45.8558],[10.0273,45.8637],[10.0212,45.8655],[10.0141,45.8688],[10.0078,45.8745],[9.9889,45.8772],[9.9834,45.8755],[9.9801,45.8757],[9.9798,45.8774],[9.9897,45.8878],[10.0002,45.8902],[10.0035,45.8889],[10.0078,45.8855],[10.0062,45.885],[10.0054,45.8833],[10.0095,45.8784],[10.0137,45.8755],[10.0221,45.8724],[10.0306,45.8713],[10.0438,45.8736],[10.0544,45.8796],[10.0586,45.8835],[10.0635,45.8848],[10.0664,45.8865],[10.0828,45.882],[10.088,45.8822]]]}},{"type":"Feature","properties":{"i":"016202","n":"Sorisole"},"geometry":{"type":"Polygon","coordinates":[[[9.6758,45.767],[9.6762,45.7601],[9.6807,45.7531],[9.6649,45.7415],[9.6622,45.7379],[9.6551,45.735],[9.6439,45.732],[9.6392,45.7268],[9.6266,45.7286],[9.6167,45.7315],[9.632,45.7402],[9.6431,45.7526],[9.6448,45.756],[9.6445,45.7569],[9.6409,45.76],[9.6338,45.764],[9.637,45.7651],[9.6426,45.7685],[9.6458,45.7736],[9.6557,45.7745],[9.6579,45.7708],[9.6698,45.7701],[9.6758,45.767]]]}},{"type":"Feature","properties":{"i":"016203","n":"Sotto il Monte Giovanni XXIII"},"geometry":{"type":"Polygon","coordinates":[[[9.521,45.7165],[9.5182,45.7146],[9.5162,45.7105],[9.5172,45.7031],[9.5208,45.6989],[9.5313,45.6916],[9.5077,45.6962],[9.5008,45.6997],[9.4941,45.7037],[9.4919,45.7061],[9.4902,45.714],[9.4916,45.7158],[9.4931,45.7152],[9.4982,45.7163],[9.4997,45.7173],[9.5012,45.72],[9.507,45.7199],[9.5175,45.718],[9.521,45.7165]]]}},{"type":"Feature","properties":{"i":"016204","n":"Sovere"},"geometry":{"type":"Polygon","coordinates":[[[10.0557,45.8227],[10.0578,45.8213],[10.0578,45.8185],[10.057,45.8164],[10.0532,45.8131],[10.0417,45.8151],[10.0223,45.804],[10.0185,45.7996],[10.0162,45.7998],[9.9984,45.8093],[9.9915,45.8092],[9.9773,45.8114],[9.9757,45.8134],[9.9772,45.8188],[9.9817,45.8263],[9.9812,45.8294],[9.9795,45.832],[9.983,45.8312],[9.9878,45.8319],[10.0034,45.842],[10.0109,45.8451],[10.0204,45.8462],[10.0313,45.8515],[10.032,45.8484],[10.0275,45.8436],[10.0281,45.8391],[10.0328,45.8305],[10.0314,45.828],[10.0322,45.8267],[10.0356,45.8242],[10.0439,45.8251],[10.0557,45.8227]]]}},{"type":"Feature","properties":{"i":"016205","n":"Spinone al Lago"},"geometry":{"type":"Polygon","coordinates":[[[9.9348,45.77],[9.9291,45.7677],[9.9239,45.7609],[9.9105,45.7568],[9.9031,45.7624],[9.9149,45.7681],[9.9231,45.7704],[9.9267,45.7731],[9.9278,45.7752],[9.9348,45.77]]]}},{"type":"Feature","properties":{"i":"016206","n":"Spirano"},"geometry":{"type":"Polygon","coordinates":[[[9.6753,45.603],[9.6751,45.5993],[9.677,45.5931],[9.6841,45.5859],[9.687,45.5812],[9.6831,45.5763],[9.682,45.5737],[9.6831,45.5706],[9.6811,45.5631],[9.6789,45.5612],[9.6759,45.5633],[9.6739,45.5637],[9.6578,45.5619],[9.6551,45.5705],[9.653,45.5703],[9.6515,45.5739],[9.6515,45.5775],[9.6537,45.5776],[9.6527,45.5877],[9.6504,45.5937],[9.6553,45.6007],[9.6614,45.5999],[9.67,45.6026],[9.6753,45.603]]]}},{"type":"Feature","properties":{"i":"016207","n":"Stezzano"},"geometry":{"type":"Polygon","coordinates":[[[9.6587,45.6556],[9.6601,45.6533],[9.6666,45.6548],[9.6735,45.6483],[9.6768,45.6465],[9.6753,45.6462],[9.6704,45.6421],[9.6672,45.634],[9.6679,45.6298],[9.6488,45.627],[9.6448,45.6277],[9.6445,45.6294],[9.6399,45.636],[9.6336,45.6413],[9.6296,45.6412],[9.6285,45.6429],[9.6339,45.6582],[9.6375,45.6604],[9.642,45.6647],[9.6587,45.6556]]]}},{"type":"Feature","properties":{"i":"016208","n":"Strozza"},"geometry":{"type":"Polygon","coordinates":[[[9.5933,45.7788],[9.591,45.7771],[9.5897,45.7734],[9.5903,45.7667],[9.5916,45.7645],[9.5948,45.7625],[9.5963,45.7599],[9.5956,45.7589],[9.5909,45.7589],[9.58,45.762],[9.5731,45.7658],[9.5664,45.7677],[9.5683,45.7688],[9.569,45.7703],[9.5684,45.7727],[9.5668,45.774],[9.5663,45.7771],[9.5687,45.7795],[9.575,45.7822],[9.5912,45.7808],[9.5929,45.78],[9.5933,45.7788]]]}},{"type":"Feature","properties":{"i":"016209","n":"Suisio"},"geometry":{"type":"Polygon","coordinates":[[[9.5164,45.6649],[9.5237,45.6503],[9.5276,45.6486],[9.5121,45.6489],[9.4997,45.6478],[9.4903,45.6505],[9.4879,45.6553],[9.4872,45.6646],[9.4921,45.6639],[9.5068,45.6646],[9.508,45.6639],[9.5164,45.6649]]]}},{"type":"Feature","properties":{"i":"016210","n":"Taleggio"},"geometry":{"type":"Polygon","coordinates":[[[9.6162,45.9297],[9.6178,45.9169],[9.6096,45.9114],[9.6082,45.9089],[9.6099,45.8991],[9.613,45.8878],[9.6081,45.8808],[9.6082,45.8771],[9.6147,45.8678],[9.6149,45.865],[9.6105,45.8587],[9.598,45.8608],[9.5808,45.8593],[9.5718,45.8605],[9.5701,45.8624],[9.5656,45.8629],[9.5481,45.8584],[9.5397,45.8658],[9.5441,45.8737],[9.5519,45.8833],[9.5572,45.8958],[9.5555,45.8993],[9.5503,45.903],[9.5391,45.9087],[9.5283,45.9164],[9.5286,45.9224],[9.5295,45.9267],[9.5307,45.9282],[9.5401,45.9339],[9.5473,45.9344],[9.5689,45.9388],[9.5801,45.9439],[9.5801,45.9465],[9.5973,45.9413],[9.609,45.9322],[9.6162,45.9297]]]}},{"type":"Feature","properties":{"i":"016211","n":"Tavernola Bergamasca"},"geometry":{"type":"Polygon","coordinates":[[[10.0626,45.7246],[10.0591,45.7088],[10.0598,45.7044],[10.0648,45.693],[10.0655,45.6893],[10.0637,45.6835],[10.0587,45.6798],[10.0561,45.6785],[10.0468,45.6864],[10.0245,45.6975],[10.0145,45.6992],[10.0187,45.7033],[10.0207,45.7067],[10.0412,45.7209],[10.0432,45.7247],[10.0626,45.7246]]]}},{"type":"Feature","properties":{"i":"016212","n":"Telgate"},"geometry":{"type":"Polygon","coordinates":[[[9.8682,45.61],[9.8652,45.6106],[9.8615,45.6049],[9.8553,45.6037],[9.8409,45.6024],[9.8409,45.6038],[9.839,45.6046],[9.8324,45.6047],[9.8343,45.6298],[9.8355,45.6365],[9.8544,45.635],[9.8559,45.6367],[9.8581,45.6347],[9.8678,45.6201],[9.8649,45.6167],[9.8682,45.61]]]}},{"type":"Feature","properties":{"i":"016213","n":"Terno d'Isola"},"geometry":{"type":"Polygon","coordinates":[[[9.5313,45.6916],[9.5384,45.6908],[9.5433,45.6914],[9.5456,45.6929],[9.5469,45.6883],[9.54,45.6791],[9.5394,45.6771],[9.5239,45.6791],[9.5141,45.6783],[9.5079,45.683],[9.5115,45.691],[9.5141,45.6946],[9.5313,45.6916]]]}},{"type":"Feature","properties":{"i":"016214","n":"Torre Boldone"},"geometry":{"type":"Polygon","coordinates":[[[9.7186,45.7131],[9.7084,45.7076],[9.7029,45.7101],[9.6923,45.7232],[9.6863,45.732],[9.6915,45.7371],[9.6948,45.7367],[9.699,45.7344],[9.7109,45.7188],[9.7169,45.7156],[9.7186,45.7131]]]}},{"type":"Feature","properties":{"i":"016215","n":"Torre de' Busi"},"geometry":{"type":"Polygon","coordinates":[[[9.5162,45.7873],[9.5187,45.784],[9.5111,45.7812],[9.5001,45.7727],[9.4953,45.7724],[9.4836,45.7693],[9.4813,45.7645],[9.4811,45.7611],[9.4528,45.7814],[9.4511,45.7816],[9.4501,45.7854],[9.4514,45.7868],[9.4572,45.7882],[9.4598,45.7859],[9.4688,45.7817],[9.4744,45.7827],[9.4789,45.7845],[9.48,45.7857],[9.4775,45.7879],[9.481,45.793],[9.4867,45.7933],[9.4904,45.7922],[9.4951,45.793],[9.4964,45.7963],[9.5052,45.7908],[9.5162,45.7873]]]}},{"type":"Feature","properties":{"i":"016216","n":"Torre de' Roveri"},"geometry":{"type":"Polygon","coordinates":[[[9.7933,45.7058],[9.7994,45.6986],[9.7994,45.697],[9.7983,45.6958],[9.7967,45.6954],[9.7852,45.7009],[9.7812,45.7017],[9.7631,45.6935],[9.759,45.6939],[9.7562,45.6986],[9.757,45.7014],[9.7585,45.703],[9.764,45.707],[9.7682,45.7086],[9.7712,45.7087],[9.7713,45.7077],[9.7686,45.706],[9.7718,45.7049],[9.7857,45.7043],[9.7933,45.7058]]]}},{"type":"Feature","properties":{"i":"016217","n":"Torre Pallavicina"},"geometry":{"type":"Polygon","coordinates":[[[9.8899,45.4562],[9.8886,45.4499],[9.8896,45.4273],[9.8849,45.4282],[9.8811,45.4308],[9.8735,45.4332],[9.8645,45.4311],[9.8589,45.4334],[9.8536,45.4414],[9.8522,45.4468],[9.848,45.4512],[9.8451,45.4522],[9.8401,45.4514],[9.8351,45.448],[9.829,45.4529],[9.8277,45.4552],[9.8327,45.4636],[9.8566,45.4649],[9.8607,45.46],[9.8676,45.456],[9.8899,45.4562]]]}},{"type":"Feature","properties":{"i":"016218","n":"Trescore Balneario"},"geometry":{"type":"Polygon","coordinates":[[[9.8734,45.7094],[9.8606,45.7051],[9.8608,45.7037],[9.8636,45.703],[9.8649,45.7038],[9.8675,45.7035],[9.8718,45.6997],[9.8732,45.6944],[9.8717,45.6926],[9.8682,45.6923],[9.8587,45.6939],[9.8516,45.6924],[9.8493,45.6908],[9.8467,45.6839],[9.8491,45.6817],[9.8797,45.6777],[9.8927,45.6736],[9.8919,45.6711],[9.8813,45.6659],[9.8722,45.6683],[9.8725,45.6731],[9.8655,45.6762],[9.8459,45.6808],[9.8298,45.6831],[9.8248,45.6834],[9.8209,45.682],[9.8198,45.688],[9.8304,45.6929],[9.8325,45.6978],[9.8331,45.7018],[9.8293,45.7069],[9.835,45.7112],[9.8403,45.7215],[9.8414,45.7281],[9.8491,45.73],[9.8486,45.7284],[9.8492,45.7273],[9.858,45.7203],[9.8716,45.7128],[9.8734,45.7094]]]}},{"type":"Feature","properties":{"i":"016219","n":"Treviglio"},"geometry":{"type":"Polygon","coordinates":[[[9.621,45.5614],[9.6224,45.5566],[9.6145,45.556],[9.6097,45.5521],[9.6095,45.5504],[9.6181,45.5488],[9.6201,45.5463],[9.6198,45.5442],[9.6302,45.5353],[9.6337,45.5332],[9.6342,45.5317],[9.6339,45.5227],[9.6324,45.5167],[9.6292,45.5149],[9.6219,45.5077],[9.6217,45.5024],[9.6192,45.5017],[9.611,45.5025],[9.6053,45.5043],[9.5832,45.4983],[9.5826,45.5022],[9.5653,45.5082],[9.5602,45.5133],[9.557,45.5151],[9.554,45.5161],[9.5482,45.5153],[9.5484,45.5168],[9.5515,45.519],[9.5516,45.5213],[9.5486,45.5284],[9.5565,45.5295],[9.5581,45.5288],[9.5643,45.5309],[9.5637,45.5402],[9.5671,45.5427],[9.5655,45.5543],[9.5645,45.5552],[9.5814,45.5562],[9.5842,45.5597],[9.5898,45.562],[9.599,45.5626],[9.5972,45.5699],[9.6167,45.5636],[9.621,45.5614]]]}},{"type":"Feature","properties":{"i":"016220","n":"Treviolo"},"geometry":{"type":"Polygon","coordinates":[[[9.6355,45.6736],[9.6321,45.6727],[9.6254,45.6693],[9.6118,45.6594],[9.602,45.6595],[9.5825,45.6581],[9.5761,45.659],[9.5872,45.6801],[9.6063,45.6758],[9.6186,45.6814],[9.6278,45.6892],[9.6297,45.6882],[9.6378,45.6796],[9.6355,45.6736]]]}},{"type":"Feature","properties":{"i":"016221","n":"Ubiale Clanezzo"},"geometry":{"type":"Polygon","coordinates":[[[9.6289,45.7863],[9.6238,45.7831],[9.6153,45.7804],[9.6106,45.7752],[9.6094,45.7664],[9.604,45.7608],[9.5963,45.7599],[9.5948,45.7625],[9.5916,45.7645],[9.5903,45.7667],[9.5897,45.7734],[9.591,45.7771],[9.5933,45.7788],[9.5931,45.7821],[9.6016,45.7944],[9.6034,45.7958],[9.6174,45.8019],[9.6216,45.8007],[9.6248,45.7956],[9.6253,45.7934],[9.6247,45.7921],[9.6257,45.7892],[9.6289,45.7863]]]}},{"type":"Feature","properties":{"i":"016222","n":"Urgnano"},"geometry":{"type":"Polygon","coordinates":[[[9.7421,45.6226],[9.7425,45.6083],[9.7364,45.608],[9.7372,45.5995],[9.7334,45.5978],[9.7148,45.5929],[9.7009,45.5873],[9.6976,45.5851],[9.6897,45.5818],[9.687,45.5812],[9.6841,45.5859],[9.6763,45.5944],[9.6751,45.5993],[9.6753,45.603],[9.6776,45.6132],[9.6939,45.6162],[9.7073,45.6169],[9.7207,45.6191],[9.7269,45.6224],[9.7421,45.6226]]]}},{"type":"Feature","properties":{"i":"016223","n":"Valbondione"},"geometry":{"type":"Polygon","coordinates":[[[10.0958,46.0555],[10.0925,46.054],[10.0839,46.0458],[10.0806,46.0385],[10.0715,46.0291],[10.0639,46.0242],[10.0404,46.0137],[10.0292,46.0138],[10.0242,46.0124],[10.0216,46.0052],[10.0209,45.9969],[10.0216,45.9926],[10.0205,45.9904],[10.0157,45.9882],[10.0073,45.988],[10.004,45.9863],[9.991,45.9824],[9.9811,45.9832],[9.9848,45.9867],[9.9868,45.9901],[9.9853,45.9929],[9.983,46.0041],[9.9783,46.0082],[9.9448,46.019],[9.939,46.0196],[9.936,46.0226],[9.9339,46.0267],[9.9255,46.0319],[9.9157,46.0346],[9.9105,46.0373],[9.9066,46.0495],[9.9065,46.0541],[9.91,46.0577],[9.9223,46.0597],[9.936,46.0642],[9.9467,46.0665],[9.9576,46.0669],[9.9805,46.0653],[9.9847,46.0663],[9.9863,46.0705],[9.9915,46.0728],[10.0111,46.0726],[10.0113,46.0799],[10.0121,46.0817],[10.0174,46.0855],[10.0248,46.0873],[10.0327,46.0876],[10.0445,46.0848],[10.0543,46.0852],[10.0604,46.0892],[10.0688,46.0893],[10.0736,46.0881],[10.0851,46.0907],[10.0959,46.0913],[10.1008,46.0899],[10.1032,46.0879],[10.1041,46.0851],[10.1029,46.0805],[10.0927,46.0683],[10.0925,46.0624],[10.0958,46.0555]]]}},{"type":"Feature","properties":{"i":"016224","n":"Valbrembo"},"geometry":{"type":"Polygon","coordinates":[[[9.6203,45.7225],[9.6251,45.7099],[9.6014,45.7106],[9.588,45.7121],[9.5904,45.7207],[9.5956,45.7271],[9.6173,45.7217],[9.6203,45.7225]]]}},{"type":"Feature","properties":{"i":"016225","n":"Valgoglio"},"geometry":{"type":"Polygon","coordinates":[[[9.9177,45.9924],[9.9183,45.9879],[9.9209,45.9808],[9.9238,45.9763],[9.9246,45.9715],[9.9221,45.9604],[9.919,45.9559],[9.9169,45.9555],[9.9134,45.9554],[9.9002,45.9621],[9.8937,45.9635],[9.8908,45.9618],[9.8792,45.9603],[9.8602,45.9618],[9.8539,45.9632],[9.8379,45.9768],[9.838,45.9778],[9.8395,45.9783],[9.8386,45.9793],[9.8248,45.9838],[9.8253,45.9877],[9.8283,45.9902],[9.8401,45.9923],[9.841,45.9944],[9.8418,46.0023],[9.8504,46.0079],[9.8586,46.0102],[9.8647,46.0106],[9.8739,46.0088],[9.8799,46.0088],[9.8826,46.0095],[9.8864,46.0119],[9.8899,46.0111],[9.8932,46.0092],[9.8973,46.0034],[9.901,46.0018],[9.9099,46.0005],[9.9152,45.9982],[9.9177,45.9924]]]}},{"type":"Feature","properties":{"i":"016226","n":"Valleve"},"geometry":{"type":"Polygon","coordinates":[[[9.7189,46.0636],[9.7205,46.0599],[9.7148,46.0499],[9.712,46.0468],[9.7135,46.0455],[9.724,46.0404],[9.7503,46.0359],[9.7554,46.0334],[9.7652,46.0322],[9.754,46.0289],[9.7453,46.0243],[9.7472,46.018],[9.7451,46.0169],[9.7223,46.014],[9.7211,46.0142],[9.7148,46.0214],[9.7102,46.0247],[9.7,46.0276],[9.6964,46.033],[9.6905,46.0346],[9.6896,46.0383],[9.6867,46.0415],[9.6853,46.0462],[9.6862,46.0518],[9.6878,46.0544],[9.7044,46.0573],[9.7089,46.0605],[9.7084,46.0627],[9.7097,46.064],[9.7189,46.0636]]]}},{"type":"Feature","properties":{"i":"016227","n":"Valnegra"},"geometry":{"type":"Polygon","coordinates":[[[9.6958,45.9466],[9.694,45.9455],[9.6877,45.9457],[9.6791,45.9508],[9.6751,45.9547],[9.6784,45.9608],[9.6795,45.9657],[9.6856,45.9717],[9.6886,45.9717],[9.6891,45.9707],[9.6898,45.9676],[9.6881,45.9653],[9.6868,45.9652],[9.6884,45.9584],[9.6958,45.9466]]]}},{"type":"Feature","properties":{"i":"016229","n":"Valtorta"},"geometry":{"type":"Polygon","coordinates":[[[9.5269,46.0115],[9.5318,46.0114],[9.5466,46.0029],[9.565,45.9859],[9.5646,45.9829],[9.5676,45.979],[9.577,45.9741],[9.5824,45.9688],[9.5876,45.9657],[9.5851,45.9644],[9.5834,45.9606],[9.5822,45.951],[9.5808,45.9493],[9.5673,45.9527],[9.5318,45.9583],[9.526,45.9626],[9.5216,45.9649],[9.512,45.9671],[9.508,45.967],[9.501,45.9722],[9.4991,45.9757],[9.4998,45.9778],[9.4981,45.9907],[9.495,45.9982],[9.4864,46.0021],[9.4871,46.0077],[9.4902,46.0113],[9.4954,46.0124],[9.498,46.0117],[9.5144,46.0109],[9.5269,46.0115]]]}},{"type":"Feature","properties":{"i":"016230","n":"Vedeseta"},"geometry":{"type":"Polygon","coordinates":[[[9.5397,45.8658],[9.524,45.8703],[9.5225,45.8739],[9.5134,45.8812],[9.5103,45.8832],[9.506,45.8842],[9.5161,45.8853],[9.5178,45.8863],[9.5074,45.8933],[9.505,45.8977],[9.5053,45.8987],[9.5064,45.9007],[9.5164,45.9071],[9.528,45.9174],[9.5277,45.9225],[9.5291,45.9265],[9.5395,45.9409],[9.5409,45.9442],[9.5396,45.9501],[9.5368,45.9538],[9.5368,45.9572],[9.5673,45.9527],[9.5808,45.9493],[9.5801,45.9439],[9.573,45.9404],[9.5689,45.9388],[9.5473,45.9344],[9.5401,45.9339],[9.5328,45.9298],[9.5295,45.9267],[9.5283,45.9164],[9.5391,45.9087],[9.5503,45.903],[9.5555,45.8993],[9.5572,45.8958],[9.5519,45.8833],[9.5441,45.8737],[9.5397,45.8658]]]}},{"type":"Feature","properties":{"i":"016232","n":"Verdellino"},"geometry":{"type":"Polygon","coordinates":[[[9.6195,45.6155],[9.6214,45.6008],[9.6205,45.5895],[9.6154,45.5898],[9.5992,45.5968],[9.5959,45.6008],[9.5983,45.6016],[9.6026,45.607],[9.6134,45.6171],[9.6195,45.6155]]]}},{"type":"Feature","properties":{"i":"016233","n":"Verdello"},"geometry":{"type":"Polygon","coordinates":[[[9.6553,45.6007],[9.6504,45.5937],[9.6391,45.5922],[9.6346,45.591],[9.6317,45.5894],[9.6253,45.5818],[9.6202,45.5886],[9.6214,45.6008],[9.6195,45.6155],[9.6256,45.6156],[9.6363,45.6176],[9.6387,45.6199],[9.6435,45.6191],[9.6498,45.6073],[9.6553,45.6007]]]}},{"type":"Feature","properties":{"i":"016234","n":"Vertova"},"geometry":{"type":"Polygon","coordinates":[[[9.8599,45.8103],[9.8476,45.8032],[9.8437,45.8041],[9.8379,45.8067],[9.8359,45.8097],[9.829,45.8127],[9.8142,45.8149],[9.799,45.8193],[9.7936,45.8251],[9.7925,45.8281],[9.7902,45.83],[9.7864,45.8326],[9.7704,45.8403],[9.7699,45.8421],[9.7706,45.8479],[9.7772,45.8537],[9.7802,45.8581],[9.7886,45.8554],[9.7932,45.8482],[9.7893,45.8449],[9.7992,45.8403],[9.8045,45.8392],[9.835,45.8367],[9.8482,45.8199],[9.8561,45.8124],[9.8599,45.8103]]]}},{"type":"Feature","properties":{"i":"016235","n":"Viadanica"},"geometry":{"type":"Polygon","coordinates":[[[9.9951,45.7006],[9.9952,45.6931],[9.9943,45.6914],[9.99,45.6892],[9.9892,45.6862],[9.9852,45.6867],[9.9828,45.686],[9.9695,45.6782],[9.96,45.6804],[9.9562,45.6828],[9.9491,45.6822],[9.9516,45.6842],[9.952,45.6882],[9.9613,45.6942],[9.9818,45.7012],[9.9869,45.701],[9.9943,45.7023],[9.9951,45.7006]]]}},{"type":"Feature","properties":{"i":"016236","n":"Vigano San Martino"},"geometry":{"type":"Polygon","coordinates":[[[9.9101,45.7377],[9.9093,45.7333],[9.9018,45.7266],[9.8996,45.7222],[9.8707,45.7293],[9.8689,45.7309],[9.8699,45.7354],[9.8781,45.7388],[9.8881,45.7364],[9.8941,45.7362],[9.9101,45.7377]]]}},{"type":"Feature","properties":{"i":"016237","n":"Vigolo"},"geometry":{"type":"Polygon","coordinates":[[[10.0154,45.7381],[10.0163,45.7314],[10.019,45.7277],[10.021,45.7264],[10.0291,45.723],[10.043,45.7235],[10.0393,45.7193],[10.0207,45.7067],[10.0187,45.7033],[10.0145,45.6992],[9.9951,45.7006],[9.9878,45.7158],[9.9889,45.7332],[9.9873,45.7416],[9.9919,45.7428],[10.0025,45.7429],[10.0061,45.7425],[10.0154,45.7381]]]}},{"type":"Feature","properties":{"i":"016238","n":"Villa d'Adda"},"geometry":{"type":"Polygon","coordinates":[[[9.4814,45.7235],[9.4773,45.7089],[9.4734,45.7007],[9.469,45.7011],[9.4564,45.698],[9.4595,45.7025],[9.4586,45.7056],[9.4575,45.708],[9.4527,45.712],[9.4497,45.7159],[9.45,45.7197],[9.4485,45.7285],[9.4473,45.7314],[9.4569,45.7325],[9.4637,45.7288],[9.4647,45.7261],[9.4745,45.7239],[9.4814,45.7235]]]}},{"type":"Feature","properties":{"i":"016239","n":"Villa d'Almè"},"geometry":{"type":"Polygon","coordinates":[[[9.6338,45.764],[9.6409,45.76],[9.6448,45.7563],[9.6441,45.754],[9.6402,45.7488],[9.632,45.7402],[9.6276,45.7379],[9.6177,45.7443],[9.611,45.7433],[9.6064,45.7437],[9.605,45.748],[9.6076,45.7529],[9.6099,45.7552],[9.604,45.7608],[9.6094,45.7664],[9.6264,45.7635],[9.6338,45.764]]]}},{"type":"Feature","properties":{"i":"016240","n":"Villa di Serio"},"geometry":{"type":"Polygon","coordinates":[[[9.7666,45.7197],[9.75,45.718],[9.7403,45.7144],[9.7275,45.7145],[9.7282,45.7242],[9.7289,45.7261],[9.7309,45.7279],[9.7398,45.7326],[9.7475,45.7334],[9.7532,45.735],[9.7588,45.7293],[9.7626,45.7235],[9.7666,45.7197]]]}},{"type":"Feature","properties":{"i":"016241","n":"Villa d'Ogna"},"geometry":{"type":"Polygon","coordinates":[[[9.9645,45.9077],[9.9582,45.9085],[9.9502,45.9071],[9.9417,45.9028],[9.9342,45.8961],[9.933,45.8989],[9.9303,45.9001],[9.924,45.8994],[9.9232,45.8968],[9.9192,45.8938],[9.9177,45.8964],[9.9202,45.9016],[9.9108,45.9051],[9.9094,45.9079],[9.9037,45.9109],[9.9128,45.9104],[9.9259,45.9115],[9.9274,45.9131],[9.9262,45.918],[9.9311,45.9213],[9.9375,45.9214],[9.9356,45.9183],[9.9354,45.9125],[9.9381,45.9108],[9.941,45.9098],[9.9539,45.9152],[9.9577,45.9154],[9.9611,45.9123],[9.9645,45.9077]]]}},{"type":"Feature","properties":{"i":"016242","n":"Villongo"},"geometry":{"type":"Polygon","coordinates":[[[9.948,45.6813],[9.9431,45.6747],[9.9433,45.6685],[9.9423,45.6653],[9.938,45.6617],[9.9181,45.6657],[9.9111,45.6637],[9.907,45.6698],[9.9071,45.6775],[9.905,45.6774],[9.9062,45.6793],[9.9094,45.6787],[9.9298,45.6819],[9.9385,45.6893],[9.948,45.6813]]]}},{"type":"Feature","properties":{"i":"016243","n":"Vilminore di Scalve"},"geometry":{"type":"Polygon","coordinates":[[[10.1228,45.9956],[10.118,45.9937],[10.1123,45.9898],[10.1017,45.9889],[10.0995,45.9875],[10.0992,45.9862],[10.0965,45.9872],[10.0904,45.9819],[10.0687,45.9809],[10.0583,45.9826],[10.035,45.9697],[10.0287,45.975],[10.023,45.9814],[10.0225,45.9836],[10.0157,45.9856],[10.0148,45.9871],[10.0153,45.9881],[10.0205,45.9904],[10.0214,45.9916],[10.0209,45.9969],[10.0216,46.0052],[10.0242,46.0124],[10.0292,46.0138],[10.0404,46.0137],[10.0639,46.0242],[10.0715,46.0291],[10.0806,46.0385],[10.0839,46.0458],[10.0925,46.054],[10.0958,46.0555],[10.1026,46.0508],[10.1091,46.044],[10.1175,46.0186],[10.1188,46.0129],[10.1203,46.004],[10.1181,46.0028],[10.1184,45.9972],[10.1228,45.9956]]]}},{"type":"Feature","properties":{"i":"016244","n":"Zandobbio"},"geometry":{"type":"Polygon","coordinates":[[[9.8717,45.6926],[9.8881,45.6919],[9.8996,45.6858],[9.9062,45.6793],[9.905,45.6774],[9.8927,45.6736],[9.8797,45.6777],[9.8491,45.6817],[9.8467,45.6839],[9.8493,45.6908],[9.8516,45.6924],[9.8587,45.6939],[9.8682,45.6923],[9.8717,45.6926]]]}},{"type":"Feature","properties":{"i":"016245","n":"Zanica"},"geometry":{"type":"Polygon","coordinates":[[[9.7419,45.6304],[9.7421,45.6226],[9.7269,45.6224],[9.7207,45.6191],[9.7073,45.6169],[9.6939,45.6162],[9.6776,45.6132],[9.6766,45.6173],[9.6705,45.6296],[9.6679,45.6298],[9.6672,45.634],[9.6704,45.6421],[9.6753,45.6462],[9.685,45.6493],[9.6943,45.6548],[9.6985,45.6583],[9.7086,45.6606],[9.7052,45.6508],[9.7082,45.6434],[9.7142,45.635],[9.7219,45.631],[9.736,45.6301],[9.7419,45.6304]]]}},{"type":"Feature","properties":{"i":"016246","n":"Zogno"},"geometry":{"type":"Polygon","coordinates":[[[9.7185,45.8175],[9.729,45.8123],[9.7281,45.8069],[9.7313,45.804],[9.7271,45.7972],[9.7262,45.7931],[9.7295,45.7863],[9.7232,45.7835],[9.7131,45.7752],[9.6963,45.7646],[9.6916,45.7638],[9.6845,45.764],[9.6758,45.767],[9.6698,45.7701],[9.6579,45.7708],[9.6557,45.7745],[9.6458,45.7736],[9.6461,45.7796],[9.6494,45.7823],[9.6457,45.7875],[9.6327,45.7857],[9.6298,45.7865],[9.6282,45.7998],[9.6307,45.8051],[9.6312,45.8046],[9.6373,45.8089],[9.6457,45.8183],[9.6539,45.8185],[9.6601,45.8167],[9.6706,45.817],[9.6733,45.8179],[9.685,45.8279],[9.692,45.8292],[9.6949,45.8286],[9.6914,45.8221],[9.6889,45.8144],[9.6892,45.8093],[9.6907,45.8087],[9.705,45.8108],[9.7077,45.8083],[9.714,45.8062],[9.7158,45.8088],[9.7171,45.8146],[9.7185,45.8175]]]}},{"type":"Feature","properties":{"i":"016247","n":"Costa Serina"},"geometry":{"type":"Polygon","coordinates":[[[9.7704,45.8403],[9.7704,45.8358],[9.7692,45.8332],[9.7672,45.8318],[9.7667,45.8306],[9.7719,45.8154],[9.7696,45.8103],[9.7706,45.8063],[9.7684,45.8021],[9.7459,45.8119],[9.7453,45.8132],[9.7414,45.8157],[9.7379,45.817],[9.729,45.8123],[9.7185,45.8175],[9.7217,45.8254],[9.7242,45.8289],[9.7289,45.8407],[9.7308,45.8427],[9.7425,45.8426],[9.7446,45.8405],[9.75,45.8395],[9.7622,45.8391],[9.7704,45.8403]]]}},{"type":"Feature","properties":{"i":"016248","n":"Algua"},"geometry":{"type":"MultiPolygon","coordinates":[[[[9.7684,45.8021],[9.7595,45.7989],[9.7539,45.8013],[9.7468,45.7988],[9.736,45.7896],[9.7295,45.7863],[9.7262,45.7931],[9.7271,45.7972],[9.7313,45.804],[9.7281,45.8069],[9.729,45.8123],[9.7379,45.817],[9.7414,45.8157],[9.7453,45.8132],[9.7459,45.8119],[9.7684,45.8021]]],[[[9.7308,45.8427],[9.7289,45.8407],[9.7242,45.8289],[9.7217,45.8254],[9.7149,45.829],[9.7118,45.8328],[9.7031,45.8376],[9.701,45.8396],[9.7029,45.8448],[9.7164,45.8485],[9.7241,45.8488],[9.7291,45.8471],[9.7302,45.8462],[9.7308,45.8427]]]]}},{"type":"Feature","properties":{"i":"016249","n":"Cornalba"},"geometry":{"type":"Polygon","coordinates":[[[9.7802,45.8581],[9.7772,45.8537],[9.7706,45.8479],[9.7699,45.8421],[9.7704,45.8403],[9.7622,45.8391],[9.75,45.8395],[9.7446,45.8405],[9.7425,45.8426],[9.7338,45.8424],[9.7365,45.8467],[9.7378,45.8532],[9.7369,45.8564],[9.7492,45.8665],[9.7704,45.8724],[9.7787,45.8726],[9.7802,45.8581]]]}},{"type":"Feature","properties":{"i":"016250","n":"Medolago"},"geometry":{"type":"Polygon","coordinates":[[[9.5164,45.6649],[9.508,45.6639],[9.5068,45.6646],[9.4921,45.6639],[9.4872,45.6646],[9.4766,45.6693],[9.4738,45.6695],[9.4778,45.6742],[9.4881,45.673],[9.5079,45.683],[9.5141,45.6783],[9.511,45.6768],[9.5149,45.6728],[9.5172,45.6659],[9.5164,45.6649]]]}},{"type":"Feature","properties":{"i":"016251","n":"Solza"},"geometry":{"type":"Polygon","coordinates":[[[9.5001,45.6786],[9.4881,45.673],[9.4778,45.6742],[9.4769,45.6754],[9.4781,45.6774],[9.4842,45.6825],[9.489,45.6833],[9.5001,45.6786]]]}},{"type":"Feature","properties":{"i":"016252","n":"Sant'Omobono Terme"},"geometry":{"type":"Polygon","coordinates":[[[9.5322,45.8223],[9.5401,45.8239],[9.559,45.825],[9.5638,45.8259],[9.5642,45.8213],[9.5592,45.8202],[9.5551,45.8181],[9.5539,45.8077],[9.5469,45.8012],[9.5429,45.8019],[9.5272,45.7948],[9.5223,45.7933],[9.5182,45.7961],[9.5095,45.8048],[9.5054,45.8118],[9.5037,45.8131],[9.4887,45.8164],[9.4831,45.816],[9.4812,45.8145],[9.4731,45.825],[9.4742,45.8384],[9.4867,45.8422],[9.4913,45.8392],[9.4983,45.8392],[9.5016,45.8368],[9.5032,45.8341],[9.5018,45.8314],[9.5037,45.8288],[9.5097,45.8254],[9.5245,45.8193],[9.5327,45.8172],[9.5322,45.8223]]]}},{"type":"Feature","properties":{"i":"016253","n":"Val Brembilla"},"geometry":{"type":"Polygon","coordinates":[[[9.6105,45.8587],[9.6191,45.8448],[9.619,45.842],[9.6255,45.832],[9.63,45.8285],[9.6387,45.8249],[9.643,45.8222],[9.6457,45.8183],[9.6373,45.8089],[9.6312,45.8046],[9.6307,45.8051],[9.6282,45.7998],[9.6298,45.7865],[9.6289,45.7863],[9.6259,45.789],[9.6247,45.7921],[9.6253,45.7934],[9.6248,45.7956],[9.6212,45.8008],[9.6174,45.8019],[9.6016,45.7944],[9.5858,45.8013],[9.582,45.8069],[9.5802,45.8135],[9.5755,45.8171],[9.5695,45.8187],[9.5642,45.8213],[9.5638,45.8259],[9.564,45.8268],[9.5686,45.8256],[9.5762,45.8252],[9.5849,45.8316],[9.5867,45.8345],[9.5752,45.8356],[9.5633,45.8389],[9.5613,45.8447],[9.5577,45.8464],[9.5481,45.8584],[9.5656,45.8629],[9.5701,45.8624],[9.5718,45.8605],[9.5808,45.8593],[9.598,45.8608],[9.6105,45.8587]]]}}]}
