{"type":"FeatureCollection","fonte":"Confini comunali ISTAT via openpolis/geojson-italy — CC BY 4.0","features":[{"type":"Feature","properties":{"i":"017001","n":"Acquafredda"},"geometry":{"type":"Polygon","coordinates":[[[10.4284,45.3208],[10.4315,45.313],[10.4257,45.3049],[10.4244,45.3004],[10.4251,45.2966],[10.4202,45.295],[10.4078,45.2927],[10.3984,45.2858],[10.3971,45.2857],[10.3946,45.2897],[10.3887,45.2924],[10.3856,45.2958],[10.3864,45.2985],[10.3949,45.309],[10.3916,45.3137],[10.3924,45.3169],[10.398,45.3173],[10.4014,45.3238],[10.4284,45.3208]]]}},{"type":"Feature","properties":{"i":"017002","n":"Adro"},"geometry":{"type":"Polygon","coordinates":[[[10.0076,45.6113],[10.001,45.5997],[9.9972,45.5979],[9.9869,45.6069],[9.9764,45.6136],[9.9716,45.6127],[9.9739,45.609],[9.9551,45.6068],[9.9483,45.604],[9.9466,45.604],[9.9422,45.6047],[9.9305,45.6094],[9.9298,45.6153],[9.936,45.6191],[9.9456,45.6278],[9.947,45.6323],[9.9527,45.6376],[9.9612,45.6419],[9.978,45.6471],[9.9789,45.6467],[9.9747,45.6414],[9.9797,45.6321],[9.978,45.6235],[9.9797,45.6216],[9.9827,45.6202],[9.9924,45.6189],[9.9995,45.6135],[10.0076,45.6113]]]}},{"type":"Feature","properties":{"i":"017003","n":"Agnosine"},"geometry":{"type":"Polygon","coordinates":[[[10.3731,45.65],[10.3724,45.637],[10.374,45.6303],[10.3725,45.6274],[10.3612,45.6233],[10.3591,45.6211],[10.3594,45.6181],[10.3543,45.6182],[10.3524,45.6209],[10.3526,45.6225],[10.3419,45.6305],[10.3221,45.6386],[10.3232,45.6396],[10.3228,45.6425],[10.3181,45.6454],[10.3182,45.6497],[10.3197,45.653],[10.3272,45.6506],[10.3276,45.6543],[10.3331,45.6604],[10.3359,45.6616],[10.3414,45.6591],[10.348,45.6591],[10.3641,45.6617],[10.3676,45.6589],[10.3731,45.65]]]}},{"type":"Feature","properties":{"i":"017004","n":"Alfianello"},"geometry":{"type":"Polygon","coordinates":[[[10.1756,45.2844],[10.1765,45.2684],[10.1734,45.263],[10.1524,45.2507],[10.1518,45.2488],[10.1536,45.2432],[10.1538,45.2396],[10.145,45.2433],[10.1431,45.2419],[10.1412,45.2418],[10.1331,45.2437],[10.1259,45.2468],[10.125,45.2499],[10.1272,45.2503],[10.1309,45.2534],[10.1343,45.2592],[10.1292,45.2733],[10.1293,45.2751],[10.1312,45.2818],[10.1368,45.2838],[10.138,45.2908],[10.1461,45.2901],[10.1549,45.2847],[10.1572,45.2809],[10.1714,45.2796],[10.1726,45.2842],[10.1756,45.2844]]]}},{"type":"Feature","properties":{"i":"017005","n":"Anfo"},"geometry":{"type":"Polygon","coordinates":[[[10.5197,45.8014],[10.5134,45.7923],[10.5107,45.7865],[10.5135,45.7814],[10.5118,45.7717],[10.503,45.7636],[10.4894,45.755],[10.4841,45.7554],[10.4792,45.7579],[10.4748,45.7662],[10.4681,45.77],[10.4588,45.7716],[10.451,45.7709],[10.4427,45.7725],[10.4406,45.7745],[10.4432,45.7792],[10.441,45.7867],[10.4387,45.7882],[10.4377,45.7912],[10.438,45.7964],[10.4569,45.7999],[10.4648,45.8],[10.469,45.7978],[10.4911,45.8075],[10.5003,45.8126],[10.5046,45.8107],[10.5093,45.8067],[10.5197,45.8014]]]}},{"type":"Feature","properties":{"i":"017006","n":"Angolo Terme"},"geometry":{"type":"Polygon","coordinates":[[[10.1296,45.9366],[10.1421,45.9349],[10.149,45.9366],[10.1545,45.9363],[10.1591,45.9321],[10.1588,45.9275],[10.1599,45.9255],[10.1711,45.9242],[10.1787,45.9216],[10.1786,45.917],[10.1744,45.9146],[10.1729,45.9141],[10.1713,45.9166],[10.1684,45.9177],[10.1641,45.9187],[10.1611,45.9184],[10.1565,45.9169],[10.1513,45.9106],[10.1508,45.9086],[10.1519,45.9049],[10.1546,45.9021],[10.1616,45.8975],[10.1652,45.8936],[10.1676,45.887],[10.1548,45.8775],[10.1471,45.8707],[10.1434,45.8685],[10.1236,45.8773],[10.1121,45.883],[10.109,45.8857],[10.109,45.889],[10.1073,45.8938],[10.1017,45.8988],[10.0964,45.9074],[10.098,45.9121],[10.0932,45.9204],[10.097,45.929],[10.1042,45.9304],[10.1145,45.9362],[10.1145,45.9381],[10.1197,45.9366],[10.1263,45.9373],[10.1296,45.9366]]]}},{"type":"Feature","properties":{"i":"017007","n":"Artogne"},"geometry":{"type":"Polygon","coordinates":[[[10.2541,45.8351],[10.2463,45.8327],[10.2358,45.8333],[10.2279,45.8298],[10.2226,45.8201],[10.2224,45.8156],[10.2111,45.8084],[10.2095,45.8095],[10.2099,45.8118],[10.207,45.8151],[10.1746,45.8315],[10.1558,45.847],[10.1499,45.8492],[10.1458,45.8519],[10.1498,45.8631],[10.156,45.8661],[10.1667,45.8596],[10.1912,45.8538],[10.2235,45.8449],[10.2464,45.8432],[10.2532,45.8379],[10.2541,45.8351]]]}},{"type":"Feature","properties":{"i":"017008","n":"Azzano Mella"},"geometry":{"type":"Polygon","coordinates":[[[10.1292,45.4788],[10.1247,45.4768],[10.1202,45.4735],[10.1198,45.4723],[10.1215,45.4589],[10.1252,45.4518],[10.1243,45.438],[10.1225,45.437],[10.1198,45.4379],[10.1096,45.4377],[10.1052,45.4424],[10.0983,45.4446],[10.1007,45.4562],[10.1021,45.4592],[10.1053,45.4588],[10.1064,45.4604],[10.1054,45.4623],[10.1017,45.4659],[10.0912,45.4724],[10.0869,45.4782],[10.0941,45.4822],[10.099,45.4765],[10.1006,45.4728],[10.1052,45.4785],[10.1088,45.4846],[10.1142,45.4858],[10.1174,45.4857],[10.12,45.4871],[10.1272,45.4981],[10.1275,45.4964],[10.1317,45.4924],[10.1317,45.4851],[10.1292,45.4788]]]}},{"type":"Feature","properties":{"i":"017009","n":"Bagnolo Mella"},"geometry":{"type":"Polygon","coordinates":[[[10.207,45.4487],[10.2229,45.446],[10.2166,45.4314],[10.2324,45.4281],[10.2327,45.4233],[10.2321,45.4191],[10.2252,45.4121],[10.2238,45.4096],[10.2191,45.4106],[10.2136,45.4053],[10.2103,45.4053],[10.2036,45.4063],[10.2006,45.4075],[10.2014,45.409],[10.1973,45.4101],[10.1931,45.4084],[10.1877,45.4009],[10.1875,45.3993],[10.1716,45.3929],[10.1642,45.393],[10.163,45.3908],[10.1523,45.3941],[10.1437,45.4022],[10.1355,45.4055],[10.1435,45.4154],[10.1466,45.4209],[10.148,45.4255],[10.1458,45.4297],[10.1522,45.44],[10.1553,45.4433],[10.1605,45.4418],[10.1692,45.4416],[10.1918,45.4487],[10.207,45.4487]]]}},{"type":"Feature","properties":{"i":"017010","n":"Bagolino"},"geometry":{"type":"Polygon","coordinates":[[[10.5062,45.9034],[10.502,45.9003],[10.499,45.8995],[10.4959,45.8997],[10.4901,45.8871],[10.49,45.8846],[10.4911,45.8823],[10.5037,45.8736],[10.5023,45.871],[10.5016,45.8609],[10.5039,45.8557],[10.5066,45.8424],[10.5026,45.8351],[10.5024,45.8304],[10.5081,45.8239],[10.5185,45.8264],[10.5243,45.8271],[10.5284,45.8266],[10.5392,45.8212],[10.5433,45.8184],[10.5438,45.8171],[10.5434,45.8157],[10.5373,45.8108],[10.5297,45.8095],[10.5261,45.8056],[10.5197,45.8014],[10.5093,45.8067],[10.5046,45.8107],[10.5003,45.8126],[10.4911,45.8075],[10.469,45.7978],[10.4648,45.8],[10.4569,45.7999],[10.438,45.7964],[10.4048,45.8012],[10.4024,45.8019],[10.4105,45.8094],[10.4152,45.8114],[10.4174,45.8137],[10.4163,45.8174],[10.4007,45.8325],[10.3902,45.8359],[10.3876,45.8359],[10.3693,45.8425],[10.3709,45.8494],[10.3762,45.8593],[10.3755,45.8645],[10.3918,45.8729],[10.3977,45.8818],[10.4054,45.8909],[10.4164,45.8982],[10.424,45.8986],[10.4334,45.9019],[10.4381,45.9047],[10.4417,45.9102],[10.452,45.9129],[10.4598,45.9183],[10.4664,45.9193],[10.475,45.9194],[10.4888,45.9279],[10.4912,45.9332],[10.4964,45.9295],[10.5075,45.9248],[10.5086,45.9236],[10.5108,45.9156],[10.5062,45.9034]]]}},{"type":"Feature","properties":{"i":"017011","n":"Barbariga"},"geometry":{"type":"Polygon","coordinates":[[[10.0575,45.4197],[10.0574,45.4148],[10.0602,45.4145],[10.0657,45.4075],[10.0719,45.3976],[10.073,45.3943],[10.0714,45.3901],[10.0666,45.3884],[10.0654,45.3906],[10.0629,45.3871],[10.0589,45.3902],[10.0479,45.3917],[10.0395,45.391],[10.0341,45.3928],[10.0304,45.3963],[10.0261,45.4038],[10.0269,45.4057],[10.0228,45.4189],[10.0246,45.4274],[10.0361,45.4259],[10.0474,45.4256],[10.0504,45.4247],[10.0575,45.4197]]]}},{"type":"Feature","properties":{"i":"017012","n":"Barghe"},"geometry":{"type":"Polygon","coordinates":[[[10.4256,45.6747],[10.422,45.6721],[10.4109,45.6704],[10.4097,45.6677],[10.411,45.6653],[10.4087,45.6624],[10.4003,45.6742],[10.3991,45.6815],[10.397,45.6848],[10.3932,45.6881],[10.3889,45.6888],[10.3844,45.6908],[10.3884,45.695],[10.3941,45.6972],[10.3998,45.6978],[10.4061,45.6956],[10.4093,45.6909],[10.408,45.6888],[10.4188,45.6828],[10.4247,45.6823],[10.4256,45.6747]]]}},{"type":"Feature","properties":{"i":"017013","n":"Bassano Bresciano"},"geometry":{"type":"Polygon","coordinates":[[[10.1502,45.3211],[10.1461,45.3174],[10.1369,45.3146],[10.1277,45.3019],[10.1191,45.302],[10.1193,45.3039],[10.1151,45.31],[10.1191,45.3169],[10.1107,45.3202],[10.107,45.327],[10.1079,45.3376],[10.1088,45.3402],[10.1119,45.3412],[10.1183,45.3391],[10.1284,45.3375],[10.1399,45.3383],[10.1458,45.3367],[10.1532,45.3333],[10.1547,45.3321],[10.1547,45.3311],[10.1502,45.3211]]]}},{"type":"Feature","properties":{"i":"017014","n":"Bedizzole"},"geometry":{"type":"Polygon","coordinates":[[[10.4277,45.527],[10.4321,45.5238],[10.4343,45.5233],[10.4428,45.5235],[10.4514,45.5178],[10.4588,45.5146],[10.4633,45.509],[10.4641,45.5068],[10.4555,45.4956],[10.4457,45.489],[10.4417,45.4781],[10.4403,45.4708],[10.4306,45.4735],[10.4261,45.478],[10.4138,45.4789],[10.3837,45.4831],[10.3699,45.4868],[10.3743,45.4884],[10.378,45.4887],[10.3797,45.4904],[10.3821,45.5086],[10.3969,45.5099],[10.3997,45.5178],[10.4071,45.5234],[10.4115,45.5214],[10.416,45.523],[10.4162,45.5244],[10.419,45.5258],[10.4241,45.5271],[10.4277,45.527]]]}},{"type":"Feature","properties":{"i":"017015","n":"Berlingo"},"geometry":{"type":"Polygon","coordinates":[[[10.0515,45.5084],[10.051,45.5065],[10.0489,45.5045],[10.0472,45.5046],[10.0458,45.5035],[10.0441,45.498],[10.044,45.4938],[10.0406,45.495],[10.0388,45.4925],[10.0363,45.4912],[10.0343,45.4916],[10.032,45.494],[10.0316,45.499],[10.0271,45.4989],[10.0239,45.4954],[10.0222,45.5036],[10.018,45.5125],[10.0192,45.5166],[10.0314,45.516],[10.0339,45.5179],[10.0379,45.5188],[10.0378,45.5169],[10.0432,45.5118],[10.0515,45.5084]]]}},{"type":"Feature","properties":{"i":"017016","n":"Berzo Demo"},"geometry":{"type":"Polygon","coordinates":[[[10.3876,46.1127],[10.3695,46.1112],[10.3626,46.1117],[10.3581,46.1063],[10.3613,46.1024],[10.357,46.0903],[10.3526,46.0872],[10.346,46.0842],[10.3447,46.0837],[10.3392,46.0846],[10.3358,46.0823],[10.3252,46.0814],[10.3179,46.0823],[10.3081,46.0806],[10.3119,46.0897],[10.3143,46.0898],[10.3159,46.0908],[10.3119,46.1027],[10.312,46.1053],[10.314,46.1086],[10.3261,46.1121],[10.345,46.1243],[10.3502,46.1254],[10.3535,46.1252],[10.3574,46.1229],[10.363,46.1216],[10.3685,46.1218],[10.3773,46.1242],[10.3836,46.1199],[10.3876,46.1127]]]}},{"type":"Feature","properties":{"i":"017017","n":"Berzo Inferiore"},"geometry":{"type":"Polygon","coordinates":[[[10.3289,45.8749],[10.327,45.8748],[10.325,45.8735],[10.3147,45.861],[10.3099,45.8586],[10.2944,45.8683],[10.2861,45.8758],[10.2833,45.8803],[10.2758,45.9015],[10.2684,45.918],[10.2646,45.9245],[10.2588,45.9286],[10.2636,45.9333],[10.2826,45.9382],[10.2824,45.9369],[10.2863,45.9299],[10.2934,45.9245],[10.3008,45.9174],[10.3031,45.9132],[10.3109,45.9041],[10.3287,45.8854],[10.3259,45.8809],[10.3289,45.8749]]]}},{"type":"Feature","properties":{"i":"017018","n":"Bienno"},"geometry":{"type":"Polygon","coordinates":[[[10.4411,45.9097],[10.4381,45.9047],[10.4334,45.9019],[10.424,45.8986],[10.4164,45.8982],[10.4054,45.8909],[10.3977,45.8818],[10.3918,45.8729],[10.3755,45.8645],[10.3626,45.8682],[10.3399,45.8725],[10.3369,45.8663],[10.3289,45.8749],[10.3259,45.8809],[10.3287,45.8851],[10.3278,45.8866],[10.3109,45.9041],[10.3031,45.9132],[10.3008,45.9174],[10.2934,45.9245],[10.2863,45.9299],[10.2824,45.9369],[10.2826,45.9382],[10.2857,45.9468],[10.296,45.9474],[10.3047,45.9416],[10.3047,45.9381],[10.3058,45.9339],[10.3143,45.9332],[10.3248,45.9311],[10.3259,45.9293],[10.3382,45.9269],[10.3592,45.9256],[10.3714,45.9286],[10.3778,45.928],[10.3791,45.9262],[10.3768,45.9118],[10.3786,45.9105],[10.3846,45.9088],[10.399,45.9082],[10.4061,45.9063],[10.4173,45.9078],[10.4248,45.9103],[10.43,45.9111],[10.4378,45.9116],[10.4411,45.9097]]]}},{"type":"Feature","properties":{"i":"017019","n":"Bione"},"geometry":{"type":"Polygon","coordinates":[[[10.3751,45.6882],[10.3732,45.6852],[10.3639,45.6804],[10.362,45.678],[10.3641,45.672],[10.3681,45.6679],[10.3641,45.6617],[10.348,45.6591],[10.3414,45.6591],[10.3358,45.6616],[10.3331,45.6604],[10.3276,45.6543],[10.3272,45.6506],[10.3197,45.653],[10.3174,45.657],[10.3097,45.6638],[10.3058,45.6643],[10.2965,45.6626],[10.2987,45.6645],[10.2975,45.6692],[10.3001,45.6767],[10.31,45.6796],[10.3174,45.6839],[10.3423,45.6936],[10.3516,45.6961],[10.354,45.6952],[10.3608,45.6975],[10.3636,45.6971],[10.3658,45.6967],[10.3751,45.6882]]]}},{"type":"Feature","properties":{"i":"017020","n":"Borgo San Giacomo"},"geometry":{"type":"Polygon","coordinates":[[[10.0355,45.3496],[10.0216,45.3307],[10.0002,45.332],[9.9987,45.3373],[10.0003,45.34],[9.9928,45.3415],[9.9875,45.3386],[9.978,45.3279],[9.9749,45.32],[9.9723,45.3157],[9.9685,45.3123],[9.9692,45.3104],[9.9673,45.313],[9.9448,45.3205],[9.9406,45.3228],[9.9328,45.3289],[9.9325,45.33],[9.9346,45.3318],[9.9455,45.3342],[9.9451,45.3377],[9.9403,45.341],[9.9401,45.3421],[9.9412,45.3478],[9.9441,45.3491],[9.9442,45.3551],[9.947,45.3551],[9.9542,45.3612],[9.9616,45.3708],[9.9687,45.3759],[9.9917,45.3785],[9.9908,45.376],[9.9934,45.371],[10.0043,45.3666],[10.0092,45.3619],[10.0096,45.3553],[10.0148,45.3504],[10.0236,45.3478],[10.0243,45.3497],[10.0238,45.3512],[10.0355,45.3496]]]}},{"type":"Feature","properties":{"i":"017021","n":"Borgosatollo"},"geometry":{"type":"Polygon","coordinates":[[[10.2557,45.4808],[10.2595,45.4751],[10.2583,45.4696],[10.2568,45.4679],[10.2502,45.4672],[10.247,45.4657],[10.2475,45.4628],[10.2442,45.4614],[10.2426,45.4632],[10.229,45.4628],[10.2263,45.4649],[10.2249,45.4701],[10.224,45.4705],[10.2191,45.4709],[10.2179,45.4673],[10.2139,45.4745],[10.2189,45.4751],[10.2271,45.4825],[10.2329,45.4923],[10.2352,45.4929],[10.2355,45.496],[10.2342,45.4989],[10.2398,45.5015],[10.2426,45.5015],[10.2557,45.4808]]]}},{"type":"Feature","properties":{"i":"017022","n":"Borno"},"geometry":{"type":"Polygon","coordinates":[[[10.2251,45.9418],[10.2233,45.9409],[10.2148,45.9426],[10.2119,45.9422],[10.2048,45.9377],[10.2044,45.9354],[10.1998,45.9309],[10.1918,45.927],[10.1841,45.9265],[10.1797,45.9277],[10.1779,45.9303],[10.1785,45.9315],[10.1771,45.9336],[10.1733,45.9377],[10.1693,45.9405],[10.1506,45.9462],[10.1452,45.9471],[10.1367,45.9473],[10.1312,45.9431],[10.1293,45.939],[10.1289,45.9373],[10.1296,45.9366],[10.1263,45.9373],[10.1197,45.9366],[10.1145,45.9381],[10.1141,45.9398],[10.1159,45.948],[10.1189,45.9538],[10.1213,45.956],[10.1277,45.9597],[10.138,45.9633],[10.1601,45.9674],[10.1734,45.9711],[10.1781,45.9742],[10.1774,45.9812],[10.1765,45.9827],[10.1816,45.9868],[10.202,45.9836],[10.2106,45.9799],[10.2112,45.9774],[10.2177,45.9673],[10.2212,45.9634],[10.2253,45.9606],[10.2243,45.9509],[10.2257,45.945],[10.2251,45.9418]]]}},{"type":"Feature","properties":{"i":"017023","n":"Botticino"},"geometry":{"type":"Polygon","coordinates":[[[10.3356,45.5666],[10.3354,45.5608],[10.3388,45.5553],[10.3422,45.544],[10.3431,45.5374],[10.3361,45.5365],[10.3302,45.5339],[10.315,45.5302],[10.3068,45.5268],[10.3047,45.5228],[10.304,45.519],[10.2998,45.5194],[10.2962,45.5241],[10.2949,45.5293],[10.2853,45.5373],[10.2841,45.5455],[10.2844,45.5475],[10.2892,45.5548],[10.293,45.5576],[10.3022,45.5676],[10.3253,45.5803],[10.3306,45.5794],[10.3351,45.5704],[10.3356,45.5666]]]}},{"type":"Feature","properties":{"i":"017024","n":"Bovegno"},"geometry":{"type":"Polygon","coordinates":[[[10.3369,45.8663],[10.3343,45.8659],[10.332,45.864],[10.3201,45.8476],[10.2983,45.8261],[10.297,45.8164],[10.2945,45.8067],[10.2931,45.8047],[10.293,45.8021],[10.2942,45.8015],[10.2973,45.8013],[10.3157,45.8042],[10.3225,45.8025],[10.324,45.8008],[10.3249,45.7979],[10.3245,45.7846],[10.3122,45.7869],[10.3028,45.786],[10.2945,45.7832],[10.289,45.7801],[10.2861,45.7774],[10.2804,45.7687],[10.2805,45.7675],[10.2862,45.7639],[10.2871,45.762],[10.2694,45.7617],[10.2684,45.7614],[10.2682,45.7603],[10.2626,45.7668],[10.259,45.776],[10.2467,45.7872],[10.237,45.7927],[10.2317,45.7982],[10.2324,45.8002],[10.2224,45.8156],[10.2226,45.8201],[10.2279,45.8298],[10.2358,45.8333],[10.2463,45.8327],[10.2527,45.8342],[10.2616,45.8421],[10.2756,45.847],[10.2818,45.8507],[10.2946,45.8531],[10.3013,45.8533],[10.3075,45.8548],[10.3099,45.8586],[10.3147,45.861],[10.325,45.8735],[10.327,45.8748],[10.3289,45.8749],[10.3369,45.8663]]]}},{"type":"Feature","properties":{"i":"017025","n":"Bovezzo"},"geometry":{"type":"Polygon","coordinates":[[[10.2507,45.5838],[10.2419,45.5834],[10.2302,45.5896],[10.2377,45.6036],[10.2477,45.6144],[10.2592,45.6207],[10.2633,45.616],[10.2675,45.6035],[10.2544,45.5934],[10.2499,45.5854],[10.2507,45.5838]]]}},{"type":"Feature","properties":{"i":"017026","n":"Brandico"},"geometry":{"type":"Polygon","coordinates":[[[10.0576,45.465],[10.0611,45.4634],[10.0637,45.4608],[10.066,45.4451],[10.0492,45.442],[10.046,45.439],[10.0324,45.4416],[10.0257,45.4396],[10.0273,45.4476],[10.0263,45.4495],[10.0189,45.4561],[10.0345,45.4691],[10.0491,45.4658],[10.0576,45.465]]]}},{"type":"Feature","properties":{"i":"017027","n":"Braone"},"geometry":{"type":"Polygon","coordinates":[[[10.4308,45.96],[10.4298,45.9569],[10.4229,45.9488],[10.4133,45.9462],[10.4121,45.9469],[10.4108,45.9497],[10.4062,45.9533],[10.4039,45.9534],[10.3903,45.9605],[10.3784,45.9762],[10.3763,45.9778],[10.3619,45.9813],[10.3394,45.9832],[10.3346,45.9833],[10.322,45.9811],[10.3348,45.9934],[10.3653,45.9911],[10.3775,45.991],[10.3835,45.9894],[10.3949,45.9818],[10.3997,45.9768],[10.4065,45.973],[10.4239,45.9654],[10.4308,45.96]]]}},{"type":"Feature","properties":{"i":"017028","n":"Breno"},"geometry":{"type":"Polygon","coordinates":[[[10.4914,45.942],[10.4912,45.9332],[10.489,45.928],[10.475,45.9194],[10.4664,45.9193],[10.4598,45.9183],[10.452,45.9129],[10.4447,45.9113],[10.4411,45.9097],[10.4378,45.9116],[10.43,45.9111],[10.4248,45.9103],[10.4173,45.9078],[10.4061,45.9063],[10.399,45.9082],[10.3853,45.9087],[10.3769,45.9116],[10.3791,45.9262],[10.3778,45.928],[10.3714,45.9286],[10.3592,45.9256],[10.3382,45.9269],[10.3259,45.9293],[10.3248,45.9311],[10.3143,45.9332],[10.3058,45.9339],[10.3047,45.9381],[10.3047,45.9416],[10.296,45.9474],[10.2857,45.9468],[10.2793,45.9527],[10.2955,45.9613],[10.2952,45.9622],[10.2883,45.9657],[10.2924,45.9672],[10.2974,45.965],[10.3028,45.9648],[10.3144,45.972],[10.3161,45.9717],[10.317,45.97],[10.3359,45.9625],[10.3484,45.9551],[10.3504,45.9506],[10.3497,45.9473],[10.3502,45.9459],[10.3586,45.9434],[10.3646,45.9427],[10.3689,45.9338],[10.3748,45.929],[10.3794,45.9277],[10.4018,45.9405],[10.4082,45.9459],[10.4121,45.9469],[10.415,45.9463],[10.4229,45.9488],[10.4298,45.9569],[10.4308,45.96],[10.4348,45.9597],[10.4456,45.9629],[10.4515,45.9668],[10.452,45.9731],[10.4534,45.9766],[10.4762,45.9705],[10.4802,45.97],[10.4866,45.9712],[10.4886,45.9687],[10.4894,45.9638],[10.4846,45.9553],[10.4833,45.9505],[10.4847,45.9451],[10.4862,45.9428],[10.4914,45.942]]]}},{"type":"Feature","properties":{"i":"017029","n":"Brescia"},"geometry":{"type":"Polygon","coordinates":[[[10.2507,45.5838],[10.2602,45.5767],[10.2597,45.5718],[10.2686,45.5649],[10.2868,45.559],[10.2907,45.5563],[10.2846,45.548],[10.2841,45.5455],[10.2846,45.5404],[10.2853,45.5373],[10.2949,45.5293],[10.2962,45.5241],[10.2998,45.5194],[10.2992,45.5157],[10.2988,45.5151],[10.2967,45.5156],[10.2962,45.514],[10.293,45.5022],[10.2954,45.5001],[10.2937,45.4986],[10.2795,45.4915],[10.2718,45.4935],[10.2554,45.4806],[10.2426,45.5015],[10.2398,45.5015],[10.2342,45.4989],[10.2307,45.5011],[10.2223,45.5036],[10.2142,45.502],[10.2079,45.4878],[10.2062,45.4862],[10.1963,45.4832],[10.1944,45.4833],[10.1959,45.4874],[10.1954,45.4907],[10.1832,45.4922],[10.1707,45.4959],[10.1635,45.4968],[10.1542,45.5012],[10.1523,45.5078],[10.1551,45.5231],[10.1646,45.5266],[10.1778,45.5409],[10.175,45.5431],[10.1684,45.5377],[10.1628,45.5358],[10.1476,45.5407],[10.1521,45.5476],[10.1599,45.5543],[10.1612,45.5537],[10.1687,45.5569],[10.1747,45.5611],[10.1779,45.5658],[10.1797,45.5702],[10.1895,45.5728],[10.2003,45.5728],[10.2111,45.5711],[10.2111,45.5698],[10.2133,45.57],[10.2204,45.5806],[10.2213,45.5858],[10.2302,45.5896],[10.2419,45.5834],[10.2507,45.5838]]]}},{"type":"Feature","properties":{"i":"017030","n":"Brione"},"geometry":{"type":"Polygon","coordinates":[[[10.1756,45.6579],[10.1687,45.6542],[10.1671,45.6513],[10.1622,45.6357],[10.1658,45.6297],[10.1582,45.6254],[10.1564,45.6252],[10.1538,45.6271],[10.154,45.6286],[10.1553,45.6298],[10.1543,45.6334],[10.1522,45.6329],[10.1462,45.6302],[10.1437,45.6245],[10.1443,45.6233],[10.1416,45.618],[10.1398,45.6185],[10.145,45.6309],[10.1439,45.6335],[10.1399,45.6346],[10.1322,45.6412],[10.1331,45.6421],[10.1353,45.6499],[10.138,45.652],[10.1439,45.6499],[10.1547,45.6529],[10.1605,45.6555],[10.1578,45.6571],[10.1609,45.6612],[10.165,45.6609],[10.1686,45.6629],[10.1763,45.6618],[10.1783,45.6588],[10.1756,45.6579]]]}},{"type":"Feature","properties":{"i":"017031","n":"Caino"},"geometry":{"type":"Polygon","coordinates":[[[10.3594,45.6181],[10.362,45.6104],[10.362,45.6061],[10.3593,45.6016],[10.3575,45.6001],[10.3418,45.6013],[10.3298,45.5996],[10.321,45.5993],[10.3123,45.6017],[10.2987,45.607],[10.287,45.6231],[10.2892,45.6237],[10.2939,45.6291],[10.3011,45.6325],[10.31,45.6343],[10.3221,45.6386],[10.3419,45.6305],[10.3526,45.6225],[10.3524,45.6209],[10.3543,45.6182],[10.3594,45.6181]]]}},{"type":"Feature","properties":{"i":"017032","n":"Calcinato"},"geometry":{"type":"Polygon","coordinates":[[[10.4403,45.4708],[10.4429,45.4687],[10.4457,45.4378],[10.4547,45.4308],[10.4562,45.427],[10.4498,45.417],[10.4243,45.432],[10.4048,45.4424],[10.395,45.4442],[10.3936,45.4432],[10.3844,45.4445],[10.3724,45.4484],[10.363,45.4532],[10.3415,45.4619],[10.3556,45.4772],[10.3627,45.4875],[10.3699,45.4868],[10.3837,45.4831],[10.4138,45.4789],[10.4261,45.478],[10.4306,45.4735],[10.4403,45.4708]]]}},{"type":"Feature","properties":{"i":"017033","n":"Calvagese della Riviera"},"geometry":{"type":"Polygon","coordinates":[[[10.4668,45.5387],[10.4644,45.5362],[10.4653,45.5331],[10.4693,45.5298],[10.4815,45.5297],[10.4871,45.5275],[10.4841,45.5226],[10.4822,45.5216],[10.4817,45.5203],[10.483,45.5186],[10.486,45.5182],[10.4748,45.5065],[10.4641,45.5068],[10.4633,45.509],[10.4588,45.5146],[10.4514,45.5178],[10.4428,45.5235],[10.4343,45.5233],[10.4321,45.5238],[10.4277,45.527],[10.4332,45.5329],[10.4367,45.5423],[10.4365,45.5497],[10.4486,45.5488],[10.4504,45.5493],[10.4512,45.5503],[10.454,45.5505],[10.4616,45.5468],[10.4668,45.5387]]]}},{"type":"Feature","properties":{"i":"017034","n":"Calvisano"},"geometry":{"type":"Polygon","coordinates":[[[10.4031,45.3571],[10.4045,45.3445],[10.4026,45.3414],[10.3975,45.3254],[10.4014,45.3238],[10.3983,45.3175],[10.3924,45.3169],[10.3916,45.3137],[10.3716,45.3321],[10.365,45.3306],[10.3536,45.3262],[10.3489,45.3191],[10.3421,45.3192],[10.3318,45.3214],[10.3185,45.3256],[10.3147,45.3277],[10.3027,45.3568],[10.3025,45.3669],[10.317,45.3796],[10.3186,45.3831],[10.3209,45.4009],[10.3296,45.3944],[10.345,45.3858],[10.3644,45.3773],[10.3894,45.3622],[10.4031,45.3571]]]}},{"type":"Feature","properties":{"i":"017035","n":"Capo di Ponte"},"geometry":{"type":"Polygon","coordinates":[[[10.2969,46.0764],[10.298,46.0725],[10.2962,46.0645],[10.296,46.0589],[10.2987,46.0561],[10.304,46.0562],[10.3401,46.0479],[10.3447,46.044],[10.3494,46.0437],[10.3521,46.0461],[10.3563,46.0439],[10.3581,46.0384],[10.3572,46.0317],[10.3516,46.0259],[10.3464,46.0252],[10.3422,46.0214],[10.3429,46.0186],[10.3455,46.0158],[10.3388,46.0152],[10.3207,46.0303],[10.3128,46.0347],[10.3067,46.0362],[10.2929,46.037],[10.284,46.0364],[10.2802,46.0375],[10.2744,46.046],[10.2774,46.0471],[10.2794,46.0493],[10.278,46.0537],[10.271,46.0674],[10.279,46.0704],[10.2821,46.073],[10.2875,46.0753],[10.2915,46.0763],[10.2969,46.0764]]]}},{"type":"Feature","properties":{"i":"017036","n":"Capovalle"},"geometry":{"type":"Polygon","coordinates":[[[10.5472,45.7743],[10.5525,45.77],[10.5569,45.7682],[10.5599,45.7655],[10.567,45.7564],[10.5701,45.7508],[10.5709,45.7477],[10.5695,45.7412],[10.5632,45.7348],[10.563,45.7315],[10.565,45.7289],[10.5548,45.7214],[10.547,45.7185],[10.5452,45.7158],[10.5429,45.7173],[10.5325,45.7177],[10.517,45.7266],[10.5133,45.734],[10.51,45.7371],[10.5057,45.7394],[10.5031,45.7424],[10.5016,45.7523],[10.5077,45.7566],[10.5098,45.7564],[10.5206,45.7608],[10.5329,45.7734],[10.5394,45.7752],[10.5427,45.7739],[10.5472,45.7743]]]}},{"type":"Feature","properties":{"i":"017037","n":"Capriano del Colle"},"geometry":{"type":"Polygon","coordinates":[[[10.1553,45.4718],[10.154,45.4689],[10.1482,45.4628],[10.1467,45.459],[10.1465,45.456],[10.155,45.4547],[10.1581,45.4518],[10.1553,45.4433],[10.1522,45.44],[10.1458,45.4297],[10.148,45.4255],[10.1466,45.4209],[10.1397,45.4224],[10.1364,45.4193],[10.1334,45.4201],[10.129,45.4242],[10.1225,45.437],[10.1243,45.438],[10.1249,45.4398],[10.1254,45.4493],[10.1252,45.4518],[10.1215,45.4589],[10.12,45.4692],[10.1202,45.4735],[10.128,45.4783],[10.1327,45.4786],[10.1391,45.4822],[10.1437,45.4817],[10.1461,45.4772],[10.1492,45.4747],[10.1553,45.4718]]]}},{"type":"Feature","properties":{"i":"017038","n":"Capriolo"},"geometry":{"type":"Polygon","coordinates":[[[9.9777,45.6523],[9.9791,45.65],[9.978,45.6471],[9.9612,45.6419],[9.9527,45.6376],[9.947,45.6323],[9.9456,45.6278],[9.936,45.6191],[9.9216,45.6193],[9.9032,45.6228],[9.9022,45.6242],[9.9039,45.6305],[9.9133,45.6381],[9.9178,45.6433],[9.9158,45.6475],[9.9177,45.6508],[9.9225,45.6497],[9.9266,45.6464],[9.9293,45.6463],[9.9341,45.6494],[9.9382,45.6572],[9.9391,45.6567],[9.9389,45.6558],[9.935,45.6474],[9.9381,45.6464],[9.9434,45.6473],[9.9595,45.6462],[9.9708,45.6479],[9.9757,45.6502],[9.9777,45.6523]]]}},{"type":"Feature","properties":{"i":"017039","n":"Carpenedolo"},"geometry":{"type":"Polygon","coordinates":[[[10.4713,45.3323],[10.468,45.3345],[10.4648,45.3345],[10.4639,45.3336],[10.4658,45.3299],[10.4659,45.3252],[10.455,45.3249],[10.4534,45.3264],[10.4472,45.3271],[10.4464,45.3207],[10.4291,45.3216],[10.4284,45.3208],[10.4032,45.3232],[10.3975,45.3254],[10.4026,45.3414],[10.4046,45.3451],[10.4031,45.3571],[10.4035,45.3599],[10.4027,45.3621],[10.4007,45.3633],[10.4007,45.3642],[10.4015,45.3658],[10.4187,45.3736],[10.4269,45.3763],[10.4376,45.3779],[10.445,45.3803],[10.4503,45.3831],[10.4596,45.3786],[10.464,45.3707],[10.4685,45.3594],[10.468,45.3429],[10.4713,45.3323]]]}},{"type":"Feature","properties":{"i":"017040","n":"Castegnato"},"geometry":{"type":"Polygon","coordinates":[[[10.1264,45.5689],[10.1304,45.5653],[10.1299,45.562],[10.136,45.5564],[10.1416,45.5532],[10.1381,45.5499],[10.1291,45.5506],[10.1247,45.5387],[10.1059,45.5435],[10.1029,45.545],[10.1043,45.5508],[10.0982,45.5535],[10.0909,45.5542],[10.0907,45.5603],[10.0876,45.564],[10.0872,45.5656],[10.0941,45.5738],[10.1028,45.5702],[10.109,45.5696],[10.1114,45.5713],[10.1212,45.5731],[10.1264,45.5689]]]}},{"type":"Feature","properties":{"i":"017041","n":"Castelcovati"},"geometry":{"type":"Polygon","coordinates":[[[9.9481,45.5068],[9.9597,45.5055],[9.9662,45.5025],[9.9634,45.4927],[9.9652,45.4925],[9.9645,45.4892],[9.9616,45.4883],[9.9584,45.489],[9.9506,45.4855],[9.9453,45.4854],[9.9408,45.4861],[9.9309,45.4916],[9.9225,45.4926],[9.9221,45.496],[9.9255,45.5021],[9.9403,45.509],[9.9415,45.5107],[9.9442,45.511],[9.9477,45.508],[9.9481,45.5068]]]}},{"type":"Feature","properties":{"i":"017042","n":"Castel Mella"},"geometry":{"type":"Polygon","coordinates":[[[10.1551,45.5231],[10.1523,45.5078],[10.1542,45.5012],[10.1635,45.4968],[10.1437,45.4817],[10.1391,45.4822],[10.1327,45.4786],[10.1292,45.4788],[10.1317,45.4851],[10.1317,45.4924],[10.1275,45.4964],[10.1272,45.4981],[10.1291,45.5031],[10.1339,45.5102],[10.1365,45.5163],[10.1551,45.5231]]]}},{"type":"Feature","properties":{"i":"017043","n":"Castenedolo"},"geometry":{"type":"Polygon","coordinates":[[[10.2795,45.4915],[10.2859,45.4888],[10.3035,45.4781],[10.3154,45.4836],[10.3199,45.4891],[10.327,45.4843],[10.3356,45.477],[10.3501,45.4718],[10.3415,45.4619],[10.3348,45.4652],[10.3306,45.4614],[10.3214,45.4512],[10.3218,45.4477],[10.317,45.4372],[10.31,45.4374],[10.3103,45.4432],[10.3052,45.4464],[10.283,45.4516],[10.2769,45.4517],[10.2642,45.45],[10.2564,45.4537],[10.2502,45.4591],[10.2475,45.4628],[10.247,45.4657],[10.2502,45.4672],[10.2568,45.4679],[10.2583,45.4696],[10.2595,45.4751],[10.2557,45.4808],[10.2718,45.4935],[10.2795,45.4915]]]}},{"type":"Feature","properties":{"i":"017044","n":"Casto"},"geometry":{"type":"Polygon","coordinates":[[[10.3647,45.699],[10.3543,45.6953],[10.3516,45.6961],[10.3423,45.6936],[10.3174,45.6839],[10.31,45.6796],[10.3001,45.6767],[10.2975,45.6692],[10.2987,45.6645],[10.294,45.6607],[10.2649,45.6687],[10.2558,45.6727],[10.2526,45.6758],[10.2516,45.6781],[10.2521,45.6802],[10.2607,45.6838],[10.2686,45.6896],[10.2729,45.6912],[10.2789,45.6913],[10.2942,45.7039],[10.299,45.7098],[10.3018,45.7171],[10.3019,45.7197],[10.2976,45.7251],[10.3101,45.7242],[10.3121,45.7233],[10.3156,45.7194],[10.3218,45.7089],[10.3222,45.7041],[10.3266,45.7002],[10.3308,45.6986],[10.3479,45.7006],[10.354,45.7029],[10.3625,45.7014],[10.3647,45.699]]]}},{"type":"Feature","properties":{"i":"017045","n":"Castrezzato"},"geometry":{"type":"Polygon","coordinates":[[[10.0107,45.517],[10.0106,45.511],[10.0124,45.5073],[10.0128,45.4976],[10.0115,45.4954],[10.0073,45.4973],[10.0018,45.5032],[9.9986,45.5034],[9.9947,45.4938],[9.9857,45.4872],[9.9806,45.4876],[9.9634,45.4927],[9.9662,45.5025],[9.9597,45.5055],[9.9481,45.5068],[9.9539,45.51],[9.9546,45.5143],[9.9673,45.5241],[9.9676,45.5319],[9.9813,45.5294],[9.9863,45.5276],[9.9853,45.5218],[10.0054,45.5173],[10.0107,45.517]]]}},{"type":"Feature","properties":{"i":"017046","n":"Cazzago San Martino"},"geometry":{"type":"Polygon","coordinates":[[[10.0229,45.6053],[10.0302,45.6014],[10.0419,45.6031],[10.0461,45.6028],[10.0497,45.5999],[10.0548,45.5933],[10.0603,45.5879],[10.0592,45.5777],[10.0635,45.567],[10.0598,45.5669],[10.05,45.5503],[10.0513,45.547],[10.0575,45.5448],[10.0593,45.5384],[10.059,45.5361],[10.0491,45.524],[10.0424,45.5205],[10.0406,45.5201],[10.0376,45.5285],[10.0387,45.5343],[10.0431,45.5409],[10.0428,45.5497],[10.0375,45.5589],[10.0337,45.5621],[10.0248,45.5654],[10.0183,45.5714],[10.0102,45.576],[10.0083,45.5789],[10.0092,45.5809],[10.0087,45.5867],[10.0057,45.5914],[10.0024,45.5929],[10.0009,45.5956],[10.001,45.5997],[10.0076,45.6113],[10.0114,45.6092],[10.0172,45.6092],[10.0229,45.6053]]]}},{"type":"Feature","properties":{"i":"017047","n":"Cedegolo"},"geometry":{"type":"Polygon","coordinates":[[[10.4287,46.049],[10.4191,46.0482],[10.4132,46.0431],[10.4089,46.0434],[10.4074,46.0452],[10.4107,46.0524],[10.4101,46.0537],[10.4042,46.0566],[10.391,46.0606],[10.3846,46.0591],[10.372,46.0541],[10.3669,46.0487],[10.364,46.0478],[10.354,46.047],[10.3529,46.0478],[10.3535,46.0507],[10.3521,46.0567],[10.3501,46.0734],[10.3447,46.0837],[10.346,46.0842],[10.3485,46.0815],[10.3554,46.0775],[10.3652,46.0735],[10.3827,46.0698],[10.4015,46.0701],[10.4147,46.0665],[10.4182,46.0646],[10.4246,46.057],[10.4287,46.049]]]}},{"type":"Feature","properties":{"i":"017048","n":"Cellatica"},"geometry":{"type":"Polygon","coordinates":[[[10.1985,45.5906],[10.1954,45.5867],[10.1937,45.5801],[10.1906,45.5735],[10.1797,45.5702],[10.1779,45.5658],[10.1747,45.5611],[10.1687,45.5569],[10.1612,45.5537],[10.1599,45.5543],[10.1669,45.5611],[10.1675,45.5689],[10.165,45.5748],[10.1632,45.5764],[10.163,45.5833],[10.1727,45.5892],[10.1764,45.5929],[10.1769,45.5952],[10.1853,45.5942],[10.1985,45.5906]]]}},{"type":"Feature","properties":{"i":"017049","n":"Cerveno"},"geometry":{"type":"Polygon","coordinates":[[[10.3427,46.0117],[10.3438,46.0071],[10.342,46.0014],[10.3348,45.9934],[10.3232,45.9945],[10.3146,45.9937],[10.304,45.989],[10.2978,45.9827],[10.2884,45.9753],[10.2861,45.972],[10.2831,45.9702],[10.2742,45.9745],[10.2876,45.9984],[10.2875,46.0033],[10.2786,46.0182],[10.277,46.0199],[10.2711,46.0224],[10.2622,46.0208],[10.2587,46.0229],[10.2546,46.0255],[10.2551,46.0304],[10.2492,46.0358],[10.2334,46.0348],[10.2261,46.0411],[10.2257,46.0446],[10.2281,46.0482],[10.2314,46.0482],[10.2364,46.0506],[10.2405,46.0537],[10.2465,46.0598],[10.2623,46.0482],[10.2648,46.0418],[10.2693,46.0351],[10.2804,46.0244],[10.2886,46.0182],[10.3067,46.0122],[10.3124,46.0113],[10.3242,46.0126],[10.3427,46.0117]]]}},{"type":"Feature","properties":{"i":"017050","n":"Ceto"},"geometry":{"type":"Polygon","coordinates":[[[10.4534,45.9766],[10.452,45.9731],[10.4515,45.9668],[10.4456,45.9629],[10.4348,45.9597],[10.4308,45.96],[10.4239,45.9654],[10.4065,45.973],[10.3997,45.9768],[10.3949,45.9818],[10.3826,45.9898],[10.3775,45.991],[10.3653,45.9911],[10.3348,45.9934],[10.342,46.0014],[10.3437,46.0061],[10.3427,46.0117],[10.3455,46.0158],[10.3429,46.0186],[10.3422,46.0214],[10.3464,46.0252],[10.3516,46.0259],[10.3517,46.0232],[10.3532,46.0206],[10.3585,46.0131],[10.3612,46.0105],[10.3727,46.0068],[10.3831,46.0024],[10.3897,46.0026],[10.3944,46.0038],[10.406,46.0031],[10.4151,46.0008],[10.42,46.0011],[10.4367,46.0138],[10.4607,46.0273],[10.4721,46.0215],[10.4647,46.017],[10.4573,46.0091],[10.4574,46.0028],[10.453,45.9889],[10.4522,45.9803],[10.4534,45.9766]]]}},{"type":"Feature","properties":{"i":"017051","n":"Cevo"},"geometry":{"type":"Polygon","coordinates":[[[10.4048,46.1112],[10.3989,46.1044],[10.3953,46.0985],[10.3892,46.0813],[10.3893,46.0743],[10.3996,46.0728],[10.4093,46.0702],[10.4131,46.0676],[10.4212,46.0653],[10.451,46.0703],[10.4612,46.0704],[10.4705,46.0728],[10.4868,46.0827],[10.4909,46.082],[10.4947,46.0798],[10.5092,46.0752],[10.4894,46.0651],[10.483,46.0572],[10.4821,46.0497],[10.4851,46.0374],[10.4859,46.0301],[10.4844,46.024],[10.483,46.0216],[10.4721,46.0215],[10.4607,46.0273],[10.4557,46.0321],[10.4391,46.0432],[10.4351,46.0427],[10.4281,46.0464],[10.4274,46.0476],[10.4287,46.049],[10.4246,46.057],[10.4182,46.0646],[10.4154,46.0662],[10.4015,46.0701],[10.3827,46.0698],[10.3652,46.0735],[10.3554,46.0775],[10.3485,46.0815],[10.346,46.0842],[10.3526,46.0872],[10.357,46.0903],[10.3613,46.1024],[10.3581,46.1063],[10.3626,46.1117],[10.3695,46.1112],[10.3876,46.1127],[10.4048,46.1112]]]}},{"type":"Feature","properties":{"i":"017052","n":"Chiari"},"geometry":{"type":"Polygon","coordinates":[[[9.9436,45.5626],[9.943,45.5604],[9.9489,45.5529],[9.9529,45.5442],[9.9611,45.5361],[9.9676,45.5319],[9.9673,45.5241],[9.9546,45.5143],[9.9539,45.51],[9.9505,45.5077],[9.9481,45.5068],[9.9477,45.508],[9.9442,45.511],[9.9415,45.5107],[9.9403,45.509],[9.9255,45.5021],[9.9221,45.496],[9.9225,45.4926],[9.9187,45.4896],[9.9168,45.4894],[9.918,45.4968],[9.9115,45.4999],[9.9038,45.5004],[9.906,45.5036],[9.9054,45.5046],[9.8945,45.5066],[9.8872,45.5067],[9.8937,45.5153],[9.8941,45.5238],[9.8923,45.5258],[9.8769,45.5271],[9.8674,45.5371],[9.8676,45.5426],[9.8742,45.5524],[9.8789,45.5546],[9.8836,45.5527],[9.8872,45.5604],[9.8924,45.5594],[9.8981,45.5594],[9.8995,45.5615],[9.9024,45.5635],[9.9131,45.5612],[9.9262,45.5631],[9.9303,45.5644],[9.9436,45.5626]]]}},{"type":"Feature","properties":{"i":"017053","n":"Cigole"},"geometry":{"type":"Polygon","coordinates":[[[10.179,45.3354],[10.1794,45.3341],[10.1883,45.331],[10.1952,45.3298],[10.1939,45.3228],[10.1986,45.3202],[10.2033,45.3207],[10.2017,45.3171],[10.2019,45.3043],[10.1982,45.2986],[10.1988,45.2943],[10.2003,45.2918],[10.1812,45.2937],[10.1764,45.2939],[10.1737,45.2932],[10.1713,45.2947],[10.1672,45.3084],[10.1675,45.3128],[10.1719,45.3231],[10.1705,45.3281],[10.1719,45.3328],[10.1759,45.336],[10.179,45.3354]]]}},{"type":"Feature","properties":{"i":"017054","n":"Cimbergo"},"geometry":{"type":"Polygon","coordinates":[[[10.4607,46.0273],[10.4367,46.0138],[10.42,46.0011],[10.4151,46.0008],[10.406,46.0031],[10.3944,46.0038],[10.3897,46.0026],[10.3831,46.0024],[10.3727,46.0068],[10.3612,46.0105],[10.3585,46.0131],[10.3532,46.0206],[10.3516,46.0246],[10.3516,46.0259],[10.3565,46.0314],[10.3609,46.0282],[10.364,46.0272],[10.377,46.0266],[10.3823,46.0269],[10.4031,46.0309],[10.4047,46.0322],[10.4046,46.033],[10.3964,46.0362],[10.4022,46.0444],[10.4088,46.0482],[10.4077,46.0467],[10.4077,46.0442],[10.4089,46.0434],[10.4132,46.0431],[10.4191,46.0482],[10.4278,46.049],[10.4287,46.049],[10.4274,46.0476],[10.4281,46.0464],[10.4351,46.0427],[10.4391,46.0432],[10.4557,46.0321],[10.4607,46.0273]]]}},{"type":"Feature","properties":{"i":"017055","n":"Cividate Camuno"},"geometry":{"type":"Polygon","coordinates":[[[10.2826,45.9382],[10.2636,45.9333],[10.2588,45.9286],[10.2469,45.9324],[10.2462,45.9358],[10.247,45.9376],[10.262,45.9436],[10.2723,45.9442],[10.2779,45.9457],[10.2786,45.9464],[10.2793,45.9527],[10.2857,45.9468],[10.2826,45.9382]]]}},{"type":"Feature","properties":{"i":"017056","n":"Coccaglio"},"geometry":{"type":"Polygon","coordinates":[[[9.9804,45.5731],[9.9849,45.5688],[9.9844,45.5636],[9.9818,45.5591],[9.9861,45.5527],[9.9871,45.5491],[9.9869,45.5449],[9.9854,45.5439],[9.9817,45.5367],[9.9813,45.5294],[9.9676,45.5319],[9.9611,45.5361],[9.9529,45.5442],[9.9489,45.5529],[9.943,45.5604],[9.9436,45.5626],[9.9472,45.5625],[9.9547,45.572],[9.9596,45.5705],[9.969,45.5815],[9.9804,45.5731]]]}},{"type":"Feature","properties":{"i":"017057","n":"Collebeato"},"geometry":{"type":"Polygon","coordinates":[[[10.2213,45.5858],[10.2204,45.5806],[10.2133,45.57],[10.2111,45.5698],[10.2111,45.5711],[10.2003,45.5728],[10.1895,45.5728],[10.1916,45.5746],[10.1954,45.5867],[10.1985,45.5906],[10.2025,45.5931],[10.2021,45.5952],[10.2031,45.5971],[10.2047,45.5991],[10.2077,45.6009],[10.2152,45.5991],[10.2215,45.5942],[10.2224,45.5925],[10.2213,45.5858]]]}},{"type":"Feature","properties":{"i":"017058","n":"Collio"},"geometry":{"type":"Polygon","coordinates":[[[10.3755,45.8645],[10.3762,45.8593],[10.3709,45.8494],[10.3693,45.8425],[10.3876,45.8359],[10.3929,45.8352],[10.4011,45.8323],[10.4163,45.8174],[10.4177,45.8144],[10.4156,45.8116],[10.4105,45.8094],[10.4024,45.8019],[10.3991,45.8014],[10.3868,45.7961],[10.3846,45.7947],[10.3816,45.7911],[10.364,45.7925],[10.3575,45.7921],[10.3245,45.7846],[10.3249,45.7979],[10.324,45.8008],[10.3225,45.8025],[10.3157,45.8042],[10.2973,45.8013],[10.293,45.8021],[10.2931,45.8047],[10.2945,45.8067],[10.297,45.8164],[10.2983,45.8261],[10.3201,45.8476],[10.332,45.864],[10.3343,45.8659],[10.3369,45.8663],[10.3399,45.8725],[10.3626,45.8682],[10.3755,45.8645]]]}},{"type":"Feature","properties":{"i":"017059","n":"Cologne"},"geometry":{"type":"Polygon","coordinates":[[[9.969,45.5815],[9.9596,45.5705],[9.9547,45.572],[9.9472,45.5625],[9.9303,45.5644],[9.9262,45.5631],[9.9131,45.5612],[9.9024,45.5635],[9.8995,45.5615],[9.8986,45.5596],[9.8911,45.5595],[9.8937,45.5654],[9.8972,45.5671],[9.9026,45.5677],[9.9069,45.5734],[9.9091,45.5792],[9.908,45.5829],[9.9082,45.5852],[9.9108,45.5904],[9.9279,45.5939],[9.9408,45.5951],[9.9523,45.5888],[9.969,45.5815]]]}},{"type":"Feature","properties":{"i":"017060","n":"Comezzano-Cizzago"},"geometry":{"type":"Polygon","coordinates":[[[9.9723,45.4906],[9.97,45.4764],[9.9734,45.4687],[9.9749,45.4565],[9.9839,45.454],[9.9835,45.4507],[9.9804,45.4505],[9.9803,45.4451],[9.9776,45.4433],[9.9684,45.4424],[9.9657,45.4404],[9.9665,45.4371],[9.9641,45.4388],[9.9617,45.4468],[9.9593,45.4502],[9.9562,45.4506],[9.9525,45.4488],[9.9435,45.4557],[9.9372,45.4638],[9.9305,45.4659],[9.9279,45.4717],[9.9242,45.4861],[9.9233,45.4878],[9.9187,45.4896],[9.9225,45.4926],[9.9309,45.4916],[9.9408,45.4861],[9.9477,45.4853],[9.9506,45.4855],[9.9584,45.489],[9.9616,45.4883],[9.9645,45.4891],[9.9652,45.4925],[9.9723,45.4906]]]}},{"type":"Feature","properties":{"i":"017061","n":"Concesio"},"geometry":{"type":"Polygon","coordinates":[[[10.2321,45.637],[10.2368,45.6329],[10.246,45.6272],[10.2545,45.6264],[10.2555,45.6241],[10.2592,45.6207],[10.2477,45.6144],[10.2377,45.6036],[10.2302,45.5896],[10.2213,45.5858],[10.2224,45.5925],[10.2215,45.5942],[10.2152,45.5991],[10.2077,45.6009],[10.2047,45.5991],[10.2031,45.5971],[10.2021,45.5952],[10.2025,45.5931],[10.1985,45.5906],[10.1853,45.5942],[10.1768,45.5951],[10.1727,45.613],[10.1729,45.6211],[10.1864,45.6186],[10.2029,45.62],[10.2158,45.6241],[10.2206,45.6294],[10.2246,45.6356],[10.2282,45.637],[10.2321,45.637]]]}},{"type":"Feature","properties":{"i":"017062","n":"Corte Franca"},"geometry":{"type":"Polygon","coordinates":[[[10.0256,45.645],[10.0282,45.644],[10.0276,45.6418],[10.0218,45.6368],[10.0166,45.627],[10.0186,45.6254],[10.0232,45.6253],[10.0295,45.6195],[10.0266,45.6123],[10.026,45.6084],[10.0246,45.6061],[10.0229,45.6053],[10.0172,45.6092],[10.0114,45.6092],[10.0076,45.6113],[9.9995,45.6135],[9.9924,45.6189],[9.9827,45.6202],[9.9797,45.6216],[9.978,45.6235],[9.9797,45.6321],[9.9747,45.6414],[9.9789,45.6467],[9.978,45.6471],[9.9791,45.65],[9.9894,45.6517],[9.9936,45.6516],[10.0104,45.6462],[10.0256,45.645]]]}},{"type":"Feature","properties":{"i":"017063","n":"Corteno Golgi"},"geometry":{"type":"Polygon","coordinates":[[[10.2778,46.1398],[10.2586,46.1151],[10.2514,46.1052],[10.2499,46.1013],[10.2485,46.0998],[10.2415,46.0986],[10.2329,46.0944],[10.2229,46.0878],[10.2124,46.0856],[10.2039,46.0815],[10.1899,46.08],[10.185,46.081],[10.1807,46.0838],[10.1786,46.0864],[10.1794,46.0895],[10.1788,46.0915],[10.1748,46.0932],[10.1746,46.0969],[10.1713,46.103],[10.1649,46.1071],[10.1651,46.1126],[10.1718,46.1362],[10.1674,46.1414],[10.1633,46.1482],[10.1594,46.1595],[10.1634,46.1613],[10.1716,46.1631],[10.1746,46.1652],[10.1803,46.1783],[10.2036,46.1833],[10.225,46.1865],[10.2265,46.1874],[10.2266,46.1907],[10.2284,46.1922],[10.2463,46.1902],[10.2668,46.1799],[10.2702,46.1769],[10.271,46.1757],[10.2675,46.1749],[10.2638,46.1727],[10.2649,46.1716],[10.2939,46.1725],[10.3,46.1718],[10.2867,46.1595],[10.2778,46.1398]]]}},{"type":"Feature","properties":{"i":"017064","n":"Corzano"},"geometry":{"type":"Polygon","coordinates":[[[10.0189,45.4561],[10.0263,45.4495],[10.0273,45.4476],[10.0257,45.4396],[10.0324,45.4416],[10.0447,45.4395],[10.0485,45.4375],[10.0523,45.4276],[10.0556,45.4232],[10.0586,45.4229],[10.0575,45.4197],[10.0504,45.4247],[10.0474,45.4256],[10.0361,45.4259],[10.0246,45.4274],[10.0227,45.4193],[10.0241,45.4141],[10.0201,45.4141],[10.0181,45.415],[10.0179,45.417],[10.0161,45.4193],[9.9977,45.4396],[9.9835,45.4507],[9.9854,45.459],[9.9869,45.4609],[9.992,45.4611],[9.9954,45.4603],[10.0008,45.4567],[10.0148,45.4529],[10.0189,45.4561]]]}},{"type":"Feature","properties":{"i":"017065","n":"Darfo Boario Terme"},"geometry":{"type":"Polygon","coordinates":[[[10.2168,45.9044],[10.2098,45.8989],[10.2217,45.888],[10.2291,45.885],[10.2365,45.8834],[10.2467,45.8762],[10.2521,45.8709],[10.2524,45.8626],[10.2539,45.8549],[10.2521,45.8493],[10.2477,45.8513],[10.2296,45.8541],[10.2188,45.8607],[10.2136,45.8622],[10.2078,45.8621],[10.202,45.8636],[10.1949,45.8668],[10.1884,45.8683],[10.1672,45.8691],[10.1628,45.8698],[10.1583,45.8716],[10.156,45.8661],[10.1498,45.8631],[10.1434,45.8685],[10.1471,45.8707],[10.1548,45.8775],[10.1676,45.887],[10.1652,45.8936],[10.1616,45.8975],[10.1546,45.9021],[10.1519,45.9049],[10.1509,45.9096],[10.1565,45.9169],[10.1606,45.9183],[10.1641,45.9187],[10.1684,45.9177],[10.1713,45.9166],[10.1729,45.9141],[10.1786,45.917],[10.1787,45.9216],[10.1767,45.9228],[10.168,45.9246],[10.17,45.9261],[10.1723,45.9271],[10.1869,45.9236],[10.1913,45.9252],[10.1979,45.9236],[10.2167,45.9096],[10.2168,45.9044]]]}},{"type":"Feature","properties":{"i":"017066","n":"Dello"},"geometry":{"type":"Polygon","coordinates":[[[10.1225,45.437],[10.129,45.4242],[10.1334,45.4201],[10.1364,45.4193],[10.1397,45.4224],[10.1466,45.4209],[10.1435,45.4154],[10.1355,45.4056],[10.1385,45.4043],[10.1377,45.4011],[10.126,45.3989],[10.1138,45.4006],[10.112,45.4026],[10.1034,45.4001],[10.0991,45.3975],[10.0905,45.3941],[10.0762,45.3931],[10.073,45.394],[10.0719,45.3976],[10.0657,45.4075],[10.0602,45.4145],[10.0574,45.4148],[10.0571,45.4186],[10.0586,45.4229],[10.071,45.4281],[10.0721,45.4328],[10.0737,45.432],[10.0916,45.4347],[10.0965,45.4382],[10.0997,45.4423],[10.0983,45.4446],[10.1052,45.4424],[10.1096,45.4377],[10.1198,45.4379],[10.1225,45.437]]]}},{"type":"Feature","properties":{"i":"017067","n":"Desenzano del Garda"},"geometry":{"type":"Polygon","coordinates":[[[10.5787,45.5031],[10.5922,45.4671],[10.5978,45.4617],[10.6051,45.4595],[10.6099,45.4556],[10.6145,45.451],[10.6149,45.4471],[10.6183,45.4442],[10.6236,45.4436],[10.6273,45.4383],[10.6267,45.4349],[10.6099,45.4232],[10.6058,45.4186],[10.6024,45.4162],[10.6004,45.4153],[10.5918,45.415],[10.586,45.4117],[10.5846,45.4097],[10.5856,45.4048],[10.5917,45.3993],[10.5817,45.397],[10.5759,45.3967],[10.5673,45.4017],[10.5622,45.4102],[10.5636,45.4125],[10.5595,45.4205],[10.5513,45.4283],[10.5322,45.4402],[10.5155,45.4418],[10.5104,45.4501],[10.5148,45.456],[10.5093,45.4625],[10.5034,45.4651],[10.502,45.4697],[10.5038,45.4728],[10.5075,45.4734],[10.515,45.4788],[10.5189,45.4827],[10.5205,45.4875],[10.5208,45.4923],[10.5787,45.5031]]]}},{"type":"Feature","properties":{"i":"017068","n":"Edolo"},"geometry":{"type":"Polygon","coordinates":[[[10.3482,46.2037],[10.3505,46.2055],[10.3537,46.205],[10.3911,46.1923],[10.3986,46.1919],[10.3986,46.1965],[10.3994,46.1985],[10.4013,46.199],[10.4278,46.2046],[10.4326,46.2048],[10.4363,46.203],[10.4438,46.203],[10.4554,46.2049],[10.4601,46.2065],[10.4756,46.2023],[10.4896,46.1973],[10.5024,46.1953],[10.5039,46.1971],[10.5081,46.1978],[10.5119,46.1968],[10.5112,46.1942],[10.5125,46.1888],[10.5162,46.1841],[10.5137,46.1705],[10.5136,46.1644],[10.5147,46.1612],[10.5012,46.1564],[10.4962,46.156],[10.4913,46.1516],[10.4782,46.1501],[10.4632,46.152],[10.4494,46.1669],[10.4414,46.1728],[10.4323,46.1695],[10.4286,46.1668],[10.3982,46.1613],[10.3791,46.1684],[10.3472,46.1716],[10.339,46.1694],[10.3342,46.1607],[10.3334,46.1612],[10.3292,46.1604],[10.3178,46.1566],[10.2778,46.1398],[10.2867,46.1595],[10.3,46.1718],[10.2939,46.1725],[10.2649,46.1716],[10.2638,46.1727],[10.2643,46.1731],[10.2675,46.1749],[10.271,46.1757],[10.2668,46.1799],[10.2463,46.1902],[10.2284,46.1922],[10.2284,46.1982],[10.2297,46.1996],[10.2416,46.2023],[10.2534,46.2033],[10.2597,46.2051],[10.2682,46.2088],[10.2716,46.2111],[10.2819,46.2134],[10.2973,46.205],[10.308,46.202],[10.3306,46.1998],[10.3432,46.196],[10.3446,46.1959],[10.3456,46.1971],[10.3482,46.2037]]]}},{"type":"Feature","properties":{"i":"017069","n":"Erbusco"},"geometry":{"type":"Polygon","coordinates":[[[10.001,45.5997],[10.0009,45.5956],[10.0024,45.5929],[10.0057,45.5914],[10.0087,45.5867],[10.0092,45.5809],[10.0083,45.5789],[10.0048,45.5792],[9.9911,45.5778],[9.982,45.5746],[9.9804,45.5731],[9.969,45.5815],[9.9523,45.5888],[9.9408,45.5951],[9.9279,45.5939],[9.9108,45.5904],[9.9094,45.5916],[9.9158,45.6005],[9.9209,45.6034],[9.9296,45.6053],[9.9329,45.6086],[9.9422,45.6047],[9.9483,45.604],[9.9551,45.6068],[9.9739,45.609],[9.9716,45.6127],[9.9761,45.6137],[9.9869,45.6069],[9.9972,45.5979],[10.001,45.5997]]]}},{"type":"Feature","properties":{"i":"017070","n":"Esine"},"geometry":{"type":"Polygon","coordinates":[[[10.2588,45.9286],[10.2646,45.9245],[10.2684,45.918],[10.2758,45.9015],[10.2833,45.8803],[10.2861,45.8758],[10.2966,45.8666],[10.3099,45.8586],[10.3075,45.8548],[10.3013,45.8533],[10.2946,45.8531],[10.2818,45.8507],[10.2756,45.847],[10.2707,45.8455],[10.2685,45.8471],[10.2657,45.8512],[10.2662,45.8526],[10.2699,45.854],[10.2713,45.8559],[10.2714,45.8585],[10.2698,45.8632],[10.2674,45.8655],[10.257,45.8684],[10.2521,45.8709],[10.2467,45.8762],[10.2365,45.8834],[10.2291,45.885],[10.2217,45.888],[10.2098,45.8989],[10.2139,45.9027],[10.2198,45.9055],[10.2239,45.909],[10.229,45.9151],[10.2323,45.9233],[10.2427,45.9302],[10.2469,45.9324],[10.2588,45.9286]]]}},{"type":"Feature","properties":{"i":"017071","n":"Fiesse"},"geometry":{"type":"Polygon","coordinates":[[[10.3619,45.2459],[10.36,45.2434],[10.3594,45.2382],[10.3572,45.231],[10.3577,45.2252],[10.3614,45.2154],[10.3571,45.2151],[10.3436,45.2113],[10.3431,45.2075],[10.334,45.2053],[10.3177,45.2047],[10.317,45.2063],[10.3184,45.2151],[10.3055,45.2239],[10.3043,45.2291],[10.3086,45.2288],[10.3115,45.2274],[10.3114,45.226],[10.314,45.224],[10.3164,45.2309],[10.3144,45.2382],[10.3083,45.248],[10.3088,45.2513],[10.3274,45.2504],[10.3395,45.2479],[10.3481,45.2452],[10.3496,45.2439],[10.3619,45.2459]]]}},{"type":"Feature","properties":{"i":"017072","n":"Flero"},"geometry":{"type":"Polygon","coordinates":[[[10.1944,45.4833],[10.1926,45.4771],[10.1948,45.4729],[10.1899,45.4658],[10.1717,45.4653],[10.1592,45.4706],[10.1548,45.4717],[10.1492,45.4747],[10.1461,45.4772],[10.1437,45.4811],[10.1635,45.4968],[10.1707,45.4959],[10.1832,45.4922],[10.1954,45.4907],[10.1959,45.4874],[10.1944,45.4833]]]}},{"type":"Feature","properties":{"i":"017073","n":"Gambara"},"geometry":{"type":"Polygon","coordinates":[[[10.3371,45.2866],[10.3453,45.2808],[10.3469,45.2686],[10.3544,45.2597],[10.3545,45.2561],[10.3553,45.2541],[10.3619,45.2459],[10.3496,45.2439],[10.3481,45.2452],[10.3395,45.2479],[10.3274,45.2504],[10.3088,45.2513],[10.3083,45.248],[10.3144,45.2382],[10.3164,45.2309],[10.314,45.224],[10.3114,45.226],[10.3115,45.2274],[10.3086,45.2288],[10.3043,45.2291],[10.3055,45.2239],[10.2907,45.2265],[10.2783,45.2321],[10.2694,45.2417],[10.2663,45.2508],[10.2635,45.2515],[10.2637,45.2569],[10.2618,45.2634],[10.262,45.2654],[10.2677,45.2728],[10.2885,45.2756],[10.2905,45.2795],[10.2918,45.2797],[10.3012,45.2787],[10.3044,45.2804],[10.3078,45.2849],[10.3254,45.2843],[10.3342,45.2873],[10.3371,45.2866]]]}},{"type":"Feature","properties":{"i":"017074","n":"Gardone Riviera"},"geometry":{"type":"Polygon","coordinates":[[[10.631,45.6095],[10.6285,45.6021],[10.577,45.6128],[10.5592,45.6151],[10.5465,45.6203],[10.5443,45.6257],[10.5481,45.6319],[10.5479,45.6342],[10.5445,45.6392],[10.5325,45.6475],[10.5351,45.6709],[10.5335,45.6741],[10.5319,45.6751],[10.5454,45.6768],[10.5607,45.6697],[10.5662,45.6592],[10.5666,45.6521],[10.5681,45.6453],[10.5754,45.6392],[10.5835,45.6294],[10.5852,45.6251],[10.631,45.6095]]]}},{"type":"Feature","properties":{"i":"017075","n":"Gardone Val Trompia"},"geometry":{"type":"Polygon","coordinates":[[[10.2117,45.683],[10.204,45.6771],[10.199,45.6751],[10.1728,45.675],[10.1661,45.676],[10.1579,45.6794],[10.1555,45.6783],[10.1546,45.676],[10.1475,45.6784],[10.1458,45.6807],[10.1414,45.6835],[10.1417,45.6962],[10.1507,45.7079],[10.1532,45.7127],[10.162,45.7125],[10.1596,45.7193],[10.1608,45.7253],[10.1624,45.7254],[10.1612,45.7275],[10.1582,45.7288],[10.1617,45.7322],[10.1677,45.7296],[10.1757,45.7364],[10.1837,45.7421],[10.1906,45.7381],[10.1926,45.7359],[10.1933,45.7336],[10.191,45.7268],[10.1928,45.7245],[10.2061,45.725],[10.2074,45.7182],[10.2044,45.7019],[10.2007,45.6946],[10.2008,45.6905],[10.2117,45.683]]]}},{"type":"Feature","properties":{"i":"017076","n":"Gargnano"},"geometry":{"type":"Polygon","coordinates":[[[10.7275,45.7011],[10.702,45.6727],[10.6814,45.6547],[10.6557,45.6674],[10.6451,45.6705],[10.6355,45.6768],[10.6343,45.6788],[10.6303,45.6808],[10.6274,45.6814],[10.6167,45.6796],[10.6087,45.685],[10.6084,45.6872],[10.5917,45.6989],[10.5845,45.7013],[10.5698,45.7014],[10.5534,45.6986],[10.5338,45.7062],[10.5364,45.7091],[10.5429,45.7119],[10.547,45.7185],[10.5548,45.7214],[10.565,45.7289],[10.5717,45.7261],[10.5951,45.7325],[10.6048,45.7334],[10.6159,45.7395],[10.6252,45.743],[10.6416,45.7521],[10.6533,45.7472],[10.6669,45.7347],[10.6704,45.7323],[10.6842,45.7266],[10.688,45.7261],[10.708,45.7123],[10.7275,45.7011]]]}},{"type":"Feature","properties":{"i":"017077","n":"Gavardo"},"geometry":{"type":"Polygon","coordinates":[[[10.4461,45.6253],[10.45,45.6115],[10.4512,45.6038],[10.4433,45.6014],[10.4403,45.5986],[10.4425,45.5952],[10.4578,45.5908],[10.4755,45.5976],[10.4777,45.6001],[10.4775,45.6021],[10.487,45.6008],[10.4942,45.5973],[10.4957,45.5936],[10.4956,45.5892],[10.4938,45.5821],[10.4912,45.5803],[10.483,45.5805],[10.4825,45.577],[10.4782,45.5769],[10.459,45.5732],[10.4549,45.5716],[10.4537,45.5702],[10.4551,45.5684],[10.4543,45.5647],[10.452,45.563],[10.4435,45.5605],[10.4418,45.5554],[10.4398,45.5552],[10.4361,45.5567],[10.4334,45.5591],[10.4334,45.5616],[10.4268,45.5661],[10.4122,45.5645],[10.4047,45.5794],[10.4014,45.5812],[10.3999,45.5878],[10.4001,45.5907],[10.4029,45.5943],[10.4052,45.606],[10.4195,45.6072],[10.4207,45.6127],[10.419,45.615],[10.4162,45.6159],[10.4175,45.6221],[10.4327,45.6273],[10.4381,45.6275],[10.4382,45.6269],[10.4461,45.6253]]]}},{"type":"Feature","properties":{"i":"017078","n":"Ghedi"},"geometry":{"type":"Polygon","coordinates":[[[10.31,45.4374],[10.3096,45.4301],[10.313,45.4158],[10.3134,45.4111],[10.3209,45.4009],[10.3186,45.3831],[10.317,45.3796],[10.3025,45.3669],[10.3027,45.3568],[10.3137,45.3295],[10.3141,45.3279],[10.3124,45.3267],[10.3054,45.3278],[10.2967,45.328],[10.2954,45.3329],[10.2923,45.3391],[10.292,45.3482],[10.2814,45.3531],[10.2772,45.3479],[10.2709,45.3438],[10.2674,45.3428],[10.2646,45.3447],[10.2636,45.346],[10.2636,45.3481],[10.265,45.349],[10.2681,45.3544],[10.2695,45.3611],[10.2619,45.3624],[10.2538,45.3776],[10.2469,45.3869],[10.2453,45.3917],[10.2455,45.3971],[10.2204,45.403],[10.2244,45.4113],[10.2321,45.4191],[10.2327,45.4233],[10.2324,45.4274],[10.249,45.4232],[10.2525,45.4361],[10.2459,45.4545],[10.2442,45.4614],[10.2475,45.4628],[10.2502,45.4591],[10.2564,45.4537],[10.2642,45.45],[10.2769,45.4517],[10.283,45.4516],[10.3052,45.4464],[10.3103,45.4432],[10.31,45.4374]]]}},{"type":"Feature","properties":{"i":"017079","n":"Gianico"},"geometry":{"type":"Polygon","coordinates":[[[10.2521,45.8709],[10.257,45.8684],[10.2674,45.8655],[10.2698,45.8632],[10.2714,45.8585],[10.271,45.8551],[10.2688,45.8533],[10.2666,45.8528],[10.2657,45.8515],[10.2685,45.8471],[10.2707,45.8455],[10.2616,45.8421],[10.2541,45.8351],[10.2532,45.8379],[10.2464,45.8432],[10.2235,45.8449],[10.1912,45.8538],[10.1667,45.8596],[10.156,45.8661],[10.1583,45.8716],[10.1628,45.8698],[10.1672,45.8691],[10.1884,45.8683],[10.1949,45.8668],[10.202,45.8636],[10.2078,45.8621],[10.2136,45.8622],[10.2188,45.8607],[10.2296,45.8541],[10.2477,45.8513],[10.2521,45.8493],[10.2539,45.8549],[10.2524,45.8626],[10.2521,45.8709]]]}},{"type":"Feature","properties":{"i":"017080","n":"Gottolengo"},"geometry":{"type":"Polygon","coordinates":[[[10.2967,45.328],[10.2883,45.3278],[10.2865,45.3122],[10.294,45.3114],[10.299,45.3047],[10.2982,45.2939],[10.3008,45.2917],[10.3078,45.2882],[10.3078,45.2849],[10.3044,45.2804],[10.3012,45.2787],[10.2945,45.2799],[10.2905,45.2795],[10.2885,45.2756],[10.2677,45.2728],[10.2638,45.2672],[10.2609,45.2652],[10.258,45.2678],[10.2542,45.2748],[10.2402,45.2861],[10.237,45.2867],[10.2362,45.2878],[10.2395,45.2957],[10.2423,45.295],[10.2425,45.2955],[10.243,45.3166],[10.2474,45.3192],[10.2639,45.3254],[10.2678,45.337],[10.2683,45.3427],[10.2772,45.3479],[10.2814,45.353],[10.292,45.3482],[10.2923,45.3391],[10.2954,45.3329],[10.2967,45.328]]]}},{"type":"Feature","properties":{"i":"017081","n":"Gussago"},"geometry":{"type":"Polygon","coordinates":[[[10.1658,45.6297],[10.1738,45.6213],[10.1727,45.6209],[10.1727,45.613],[10.1768,45.5951],[10.1764,45.5929],[10.1727,45.5892],[10.163,45.5833],[10.1632,45.5764],[10.165,45.5748],[10.1675,45.5689],[10.1669,45.5611],[10.1532,45.5485],[10.1381,45.5499],[10.1416,45.5532],[10.136,45.5564],[10.1299,45.562],[10.1304,45.5653],[10.1264,45.5689],[10.1302,45.5712],[10.1296,45.5762],[10.1258,45.5837],[10.1309,45.5883],[10.132,45.5962],[10.13,45.5968],[10.1307,45.605],[10.1398,45.6185],[10.1416,45.618],[10.1443,45.6233],[10.1437,45.6245],[10.1462,45.6302],[10.1542,45.6335],[10.1553,45.6298],[10.154,45.6286],[10.1541,45.6263],[10.1568,45.6251],[10.1658,45.6297]]]}},{"type":"Feature","properties":{"i":"017082","n":"Idro"},"geometry":{"type":"Polygon","coordinates":[[[10.5454,45.7847],[10.5482,45.7819],[10.5516,45.7767],[10.5472,45.7743],[10.5427,45.7739],[10.5394,45.7752],[10.5329,45.7734],[10.5206,45.7608],[10.5098,45.7564],[10.5077,45.7566],[10.5016,45.7523],[10.5031,45.7424],[10.5057,45.7394],[10.51,45.7371],[10.5145,45.7318],[10.5093,45.7332],[10.4945,45.7283],[10.4841,45.726],[10.4713,45.7209],[10.4653,45.7213],[10.46,45.723],[10.4514,45.7288],[10.4481,45.7303],[10.4433,45.7307],[10.4429,45.7319],[10.4464,45.7358],[10.4476,45.7356],[10.454,45.739],[10.4646,45.7488],[10.4702,45.7566],[10.477,45.762],[10.4792,45.7579],[10.4841,45.7554],[10.4894,45.755],[10.503,45.7636],[10.5118,45.7717],[10.5135,45.7814],[10.5107,45.7863],[10.5114,45.7887],[10.5197,45.8014],[10.5261,45.8056],[10.5311,45.8044],[10.5337,45.8006],[10.533,45.788],[10.5378,45.7856],[10.5454,45.7847]]]}},{"type":"Feature","properties":{"i":"017083","n":"Incudine"},"geometry":{"type":"Polygon","coordinates":[[[10.3994,46.1985],[10.3986,46.1965],[10.3986,46.1919],[10.3911,46.1923],[10.3577,46.2039],[10.3509,46.2055],[10.3482,46.2037],[10.3533,46.2186],[10.3515,46.2214],[10.3458,46.2259],[10.3432,46.2303],[10.3418,46.2391],[10.3419,46.2624],[10.3384,46.2713],[10.3388,46.2765],[10.3397,46.2779],[10.3413,46.2785],[10.3447,46.2782],[10.3489,46.276],[10.3574,46.2604],[10.3704,46.2485],[10.3728,46.2404],[10.3726,46.2335],[10.3864,46.2209],[10.3915,46.2191],[10.3963,46.2061],[10.3958,46.2026],[10.3994,46.1985]]]}},{"type":"Feature","properties":{"i":"017084","n":"Irma"},"geometry":{"type":"Polygon","coordinates":[[[10.3192,45.7857],[10.3153,45.783],[10.3131,45.7782],[10.3147,45.7755],[10.3134,45.771],[10.3114,45.7676],[10.3013,45.7665],[10.29,45.7623],[10.2871,45.762],[10.2862,45.7639],[10.2804,45.7677],[10.2805,45.7691],[10.2861,45.7774],[10.289,45.7801],[10.294,45.783],[10.3028,45.786],[10.3081,45.7867],[10.3122,45.7869],[10.3192,45.7857]]]}},{"type":"Feature","properties":{"i":"017085","n":"Iseo"},"geometry":{"type":"Polygon","coordinates":[[[10.1005,45.6652],[10.106,45.6605],[10.0997,45.6584],[10.0841,45.6511],[10.0793,45.651],[10.0612,45.6478],[10.0573,45.6457],[10.0447,45.646],[10.0416,45.6467],[10.0406,45.6489],[10.0336,45.6504],[10.0266,45.6471],[10.0256,45.645],[10.0104,45.6462],[9.9936,45.6516],[9.9894,45.6517],[9.9791,45.65],[9.9777,45.6523],[9.9792,45.6532],[9.9801,45.6571],[9.9764,45.6633],[9.9732,45.6665],[9.9838,45.6693],[9.9998,45.6721],[10.0467,45.6753],[10.0556,45.6783],[10.0622,45.682],[10.064,45.6842],[10.0655,45.6893],[10.0807,45.6891],[10.0805,45.681],[10.0814,45.6789],[10.0869,45.6756],[10.1005,45.6652]]]}},{"type":"Feature","properties":{"i":"017086","n":"Isorella"},"geometry":{"type":"Polygon","coordinates":[[[10.3421,45.3192],[10.3413,45.3176],[10.3395,45.3026],[10.3419,45.3019],[10.337,45.2936],[10.3366,45.2884],[10.3371,45.2866],[10.3342,45.2873],[10.3254,45.2843],[10.3078,45.2849],[10.3078,45.2882],[10.3008,45.2917],[10.2982,45.2939],[10.299,45.3047],[10.294,45.3114],[10.2865,45.3122],[10.2883,45.3278],[10.3054,45.3278],[10.3124,45.3267],[10.3141,45.3279],[10.3137,45.3295],[10.3147,45.3277],[10.3185,45.3256],[10.3283,45.3223],[10.3421,45.3192]]]}},{"type":"Feature","properties":{"i":"017087","n":"Lavenone"},"geometry":{"type":"Polygon","coordinates":[[[10.4024,45.8019],[10.438,45.7964],[10.4377,45.7912],[10.4387,45.7882],[10.441,45.7867],[10.4432,45.7792],[10.4406,45.7745],[10.4412,45.7735],[10.4441,45.7721],[10.451,45.7709],[10.4588,45.7716],[10.4681,45.77],[10.4748,45.7662],[10.477,45.762],[10.4702,45.7566],[10.4646,45.7488],[10.454,45.739],[10.4476,45.7356],[10.4464,45.7358],[10.4429,45.7319],[10.4433,45.7307],[10.4356,45.7218],[10.4251,45.7259],[10.4198,45.7314],[10.4221,45.7334],[10.4237,45.7377],[10.4204,45.7426],[10.4079,45.7506],[10.402,45.7501],[10.3973,45.7531],[10.3946,45.7602],[10.401,45.7722],[10.3974,45.7874],[10.3937,45.7889],[10.3816,45.7911],[10.3846,45.7947],[10.3871,45.7962],[10.3991,45.8014],[10.4024,45.8019]]]}},{"type":"Feature","properties":{"i":"017088","n":"Leno"},"geometry":{"type":"Polygon","coordinates":[[[10.2683,45.3427],[10.2678,45.337],[10.2639,45.3254],[10.2474,45.3192],[10.243,45.3166],[10.2428,45.3115],[10.2283,45.316],[10.2153,45.3234],[10.2076,45.3245],[10.204,45.3239],[10.1999,45.3199],[10.1973,45.3206],[10.1937,45.3232],[10.1944,45.324],[10.1952,45.3298],[10.1883,45.331],[10.1794,45.3341],[10.179,45.3354],[10.1822,45.341],[10.1764,45.3516],[10.1758,45.3569],[10.1711,45.3682],[10.1761,45.3761],[10.1755,45.3804],[10.1684,45.3853],[10.1669,45.3856],[10.1633,45.3913],[10.1642,45.393],[10.1716,45.3929],[10.1875,45.3993],[10.1877,45.4009],[10.1931,45.4084],[10.1973,45.4101],[10.2014,45.409],[10.2006,45.4075],[10.2036,45.4063],[10.2103,45.4053],[10.2136,45.4053],[10.2191,45.4106],[10.2238,45.4096],[10.2204,45.403],[10.2455,45.3971],[10.2453,45.3917],[10.2469,45.3869],[10.2538,45.3776],[10.2619,45.3624],[10.2695,45.3611],[10.2681,45.3544],[10.265,45.349],[10.2636,45.3481],[10.2636,45.346],[10.2646,45.3447],[10.2683,45.3427]]]}},{"type":"Feature","properties":{"i":"017089","n":"Limone sul Garda"},"geometry":{"type":"Polygon","coordinates":[[[10.7988,45.836],[10.8008,45.8348],[10.8036,45.8344],[10.8254,45.8377],[10.8402,45.8328],[10.8345,45.8182],[10.8325,45.8156],[10.827,45.8111],[10.8148,45.804],[10.8081,45.7966],[10.777,45.8008],[10.7679,45.805],[10.757,45.8132],[10.7552,45.8181],[10.7551,45.8282],[10.7603,45.8376],[10.7642,45.8406],[10.7706,45.8426],[10.7772,45.843],[10.7838,45.8365],[10.7912,45.8335],[10.7957,45.8358],[10.7988,45.836]]]}},{"type":"Feature","properties":{"i":"017090","n":"Lodrino"},"geometry":{"type":"Polygon","coordinates":[[[10.2511,45.7383],[10.2534,45.7367],[10.2631,45.7332],[10.2811,45.7301],[10.2961,45.7301],[10.2976,45.7251],[10.3019,45.7197],[10.3018,45.7171],[10.299,45.7098],[10.2921,45.7019],[10.2789,45.6913],[10.2729,45.6912],[10.2686,45.6896],[10.2665,45.6965],[10.2599,45.6988],[10.253,45.6998],[10.2416,45.6991],[10.2405,45.7049],[10.2478,45.7168],[10.2464,45.7282],[10.2471,45.7329],[10.2458,45.7352],[10.2496,45.738],[10.2511,45.7383]]]}},{"type":"Feature","properties":{"i":"017091","n":"Lograto"},"geometry":{"type":"Polygon","coordinates":[[[10.0884,45.4994],[10.0969,45.496],[10.1057,45.4907],[10.1036,45.4852],[10.0977,45.486],[10.0938,45.4835],[10.0941,45.4822],[10.0869,45.4782],[10.0886,45.4836],[10.0868,45.4844],[10.074,45.4786],[10.0758,45.4731],[10.075,45.4677],[10.0664,45.4649],[10.066,45.4617],[10.057,45.4662],[10.0553,45.4708],[10.0555,45.4736],[10.0462,45.4859],[10.0466,45.4935],[10.044,45.4938],[10.0441,45.498],[10.0458,45.5035],[10.0472,45.5046],[10.0489,45.5045],[10.051,45.5065],[10.0515,45.5084],[10.0549,45.5082],[10.0631,45.5059],[10.0709,45.4993],[10.0772,45.4958],[10.0789,45.4954],[10.0884,45.4994]]]}},{"type":"Feature","properties":{"i":"017092","n":"Lonato del Garda"},"geometry":{"type":"Polygon","coordinates":[[[10.5208,45.4909],[10.5193,45.4833],[10.5181,45.4818],[10.5075,45.4734],[10.5038,45.4728],[10.502,45.4699],[10.5033,45.4652],[10.5093,45.4625],[10.5148,45.456],[10.5104,45.4501],[10.5155,45.4418],[10.5322,45.4402],[10.5513,45.4283],[10.5595,45.4205],[10.5636,45.4125],[10.5622,45.4102],[10.5673,45.4017],[10.5754,45.3967],[10.5817,45.397],[10.5917,45.3993],[10.5907,45.3968],[10.594,45.3957],[10.5971,45.3967],[10.6005,45.3951],[10.6016,45.392],[10.5979,45.3873],[10.5922,45.3851],[10.5854,45.3836],[10.58,45.3811],[10.5658,45.3873],[10.5559,45.388],[10.5481,45.3858],[10.524,45.4056],[10.5192,45.4088],[10.5114,45.4123],[10.494,45.415],[10.4926,45.4143],[10.4812,45.414],[10.4562,45.4155],[10.4536,45.4162],[10.4512,45.4186],[10.4562,45.427],[10.4547,45.4308],[10.4457,45.4378],[10.4429,45.4687],[10.4403,45.4708],[10.4417,45.4783],[10.4461,45.4895],[10.4555,45.4956],[10.4641,45.5068],[10.4748,45.5065],[10.4782,45.5056],[10.483,45.4993],[10.4829,45.4955],[10.4839,45.4934],[10.4904,45.4919],[10.4979,45.4933],[10.5047,45.4898],[10.5152,45.4892],[10.5208,45.4909]]]}},{"type":"Feature","properties":{"i":"017093","n":"Longhena"},"geometry":{"type":"Polygon","coordinates":[[[10.066,45.4451],[10.0688,45.4445],[10.0728,45.4352],[10.071,45.4281],[10.0586,45.4229],[10.0556,45.4232],[10.0523,45.4276],[10.0485,45.4375],[10.046,45.439],[10.0492,45.442],[10.066,45.4451]]]}},{"type":"Feature","properties":{"i":"017094","n":"Losine"},"geometry":{"type":"Polygon","coordinates":[[[10.3348,45.9934],[10.322,45.9811],[10.3161,45.9717],[10.3144,45.972],[10.3028,45.9648],[10.2974,45.965],[10.2924,45.9672],[10.2883,45.9657],[10.2831,45.9702],[10.2861,45.972],[10.2884,45.9753],[10.2978,45.9827],[10.304,45.989],[10.3146,45.9937],[10.3232,45.9945],[10.3348,45.9934]]]}},{"type":"Feature","properties":{"i":"017095","n":"Lozio"},"geometry":{"type":"Polygon","coordinates":[[[10.2742,45.9745],[10.2646,45.9717],[10.2547,45.9715],[10.2516,45.9753],[10.2451,45.9797],[10.2222,45.9805],[10.2091,45.9833],[10.2059,45.9858],[10.2063,45.9934],[10.2132,45.9931],[10.213,45.9952],[10.2086,45.9981],[10.2047,45.9992],[10.2035,45.9983],[10.1981,45.9983],[10.1933,45.9992],[10.1927,46.0008],[10.2,46.0052],[10.2062,46.0074],[10.237,46.0112],[10.2457,46.0116],[10.2501,46.0111],[10.2538,46.0124],[10.2614,46.0178],[10.2622,46.0208],[10.2711,46.0224],[10.277,46.0199],[10.2786,46.0182],[10.2875,46.0033],[10.2876,45.9984],[10.2742,45.9745]]]}},{"type":"Feature","properties":{"i":"017096","n":"Lumezzane"},"geometry":{"type":"Polygon","coordinates":[[[10.2521,45.6802],[10.2516,45.6781],[10.2526,45.6758],[10.2558,45.6727],[10.2705,45.667],[10.294,45.6607],[10.2965,45.6626],[10.3026,45.664],[10.3058,45.6643],[10.3106,45.6634],[10.3188,45.6553],[10.3197,45.653],[10.3182,45.6497],[10.3181,45.6454],[10.3228,45.6425],[10.3232,45.6395],[10.3221,45.6386],[10.31,45.6343],[10.3011,45.6325],[10.2939,45.6291],[10.2892,45.6237],[10.279,45.6199],[10.268,45.6241],[10.2555,45.6241],[10.2545,45.6264],[10.246,45.6272],[10.2368,45.6329],[10.2321,45.637],[10.2323,45.6446],[10.231,45.6458],[10.2318,45.6461],[10.2302,45.6493],[10.2268,45.6501],[10.2226,45.6576],[10.2312,45.6697],[10.2348,45.6765],[10.2401,45.6796],[10.2521,45.6802]]]}},{"type":"Feature","properties":{"i":"017097","n":"Maclodio"},"geometry":{"type":"Polygon","coordinates":[[[10.044,45.4938],[10.0466,45.4935],[10.0462,45.4859],[10.0555,45.4736],[10.0553,45.4708],[10.0576,45.465],[10.0491,45.4658],[10.0345,45.4691],[10.0354,45.4699],[10.035,45.4714],[10.0293,45.482],[10.0257,45.4926],[10.0239,45.4954],[10.0271,45.4989],[10.0315,45.499],[10.032,45.494],[10.0343,45.4916],[10.0363,45.4912],[10.0388,45.4925],[10.0406,45.495],[10.044,45.4938]]]}},{"type":"Feature","properties":{"i":"017098","n":"Magasa"},"geometry":{"type":"Polygon","coordinates":[[[10.6414,45.8019],[10.6496,45.8007],[10.6626,45.789],[10.6667,45.7829],[10.6691,45.7761],[10.6668,45.7727],[10.6546,45.7684],[10.6508,45.7646],[10.6508,45.7604],[10.6486,45.7558],[10.6452,45.7541],[10.6428,45.7616],[10.6416,45.7625],[10.6337,45.7623],[10.6247,45.7594],[10.6225,45.7596],[10.6202,45.7631],[10.6202,45.7685],[10.613,45.7702],[10.6045,45.7669],[10.6011,45.7697],[10.6046,45.7806],[10.6115,45.7877],[10.6133,45.7944],[10.613,45.7958],[10.6087,45.7986],[10.6019,45.7981],[10.5977,45.7997],[10.5993,45.8014],[10.6017,45.8031],[10.6114,45.8052],[10.6351,45.8067],[10.6414,45.8019]]]}},{"type":"Feature","properties":{"i":"017099","n":"Mairano"},"geometry":{"type":"Polygon","coordinates":[[[10.0869,45.4782],[10.0912,45.4724],[10.1019,45.4657],[10.1054,45.4623],[10.1064,45.4604],[10.1053,45.4588],[10.1021,45.4592],[10.1008,45.4564],[10.0983,45.4446],[10.0997,45.4423],[10.0965,45.4382],[10.0916,45.4347],[10.0737,45.432],[10.0721,45.4328],[10.0728,45.4352],[10.0688,45.4445],[10.066,45.4451],[10.0637,45.4608],[10.0611,45.4634],[10.0576,45.465],[10.057,45.4662],[10.066,45.4617],[10.0664,45.4649],[10.075,45.4677],[10.0758,45.4731],[10.074,45.4786],[10.0868,45.4844],[10.0886,45.4836],[10.0869,45.4782]]]}},{"type":"Feature","properties":{"i":"017100","n":"Malegno"},"geometry":{"type":"Polygon","coordinates":[[[10.2831,45.9702],[10.2883,45.9657],[10.2952,45.9622],[10.2955,45.9613],[10.2793,45.9527],[10.2783,45.9459],[10.2723,45.9442],[10.262,45.9436],[10.2578,45.9515],[10.2567,45.9558],[10.254,45.9613],[10.2512,45.9616],[10.2502,45.9632],[10.2503,45.965],[10.2527,45.9691],[10.2547,45.9715],[10.2646,45.9717],[10.2742,45.9745],[10.2831,45.9702]]]}},{"type":"Feature","properties":{"i":"017101","n":"Malonno"},"geometry":{"type":"Polygon","coordinates":[[[10.3342,46.1607],[10.3288,46.1491],[10.328,46.1416],[10.335,46.1315],[10.3434,46.1232],[10.3261,46.1121],[10.314,46.1086],[10.312,46.1053],[10.3119,46.1027],[10.3159,46.0908],[10.3143,46.0898],[10.3119,46.0897],[10.3084,46.0904],[10.2977,46.0944],[10.2746,46.0951],[10.2667,46.0978],[10.2593,46.0975],[10.2548,46.0964],[10.2485,46.0997],[10.2514,46.1052],[10.2586,46.1151],[10.2778,46.1398],[10.3178,46.1566],[10.3292,46.1604],[10.3334,46.1612],[10.3342,46.1607]]]}},{"type":"Feature","properties":{"i":"017102","n":"Manerba del Garda"},"geometry":{"type":"Polygon","coordinates":[[[10.6323,45.5685],[10.6354,45.5354],[10.5558,45.5287],[10.5486,45.5323],[10.5443,45.5355],[10.5373,45.5378],[10.5272,45.5358],[10.5272,45.5446],[10.5257,45.5468],[10.5258,45.5484],[10.5276,45.5499],[10.5307,45.5506],[10.5326,45.5519],[10.5314,45.564],[10.5439,45.5748],[10.5503,45.5737],[10.6317,45.5741],[10.6323,45.5685]]]}},{"type":"Feature","properties":{"i":"017103","n":"Manerbio"},"geometry":{"type":"Polygon","coordinates":[[[10.179,45.3354],[10.1759,45.336],[10.1719,45.3328],[10.1705,45.3281],[10.1719,45.3231],[10.1675,45.3128],[10.1635,45.313],[10.1582,45.3156],[10.1502,45.3211],[10.1548,45.332],[10.1458,45.3367],[10.1399,45.3383],[10.1284,45.3375],[10.1183,45.3391],[10.1119,45.3412],[10.1088,45.3402],[10.1079,45.3376],[10.1077,45.3314],[10.1051,45.3322],[10.1013,45.3374],[10.1042,45.3526],[10.1031,45.3547],[10.1031,45.3577],[10.1082,45.3625],[10.1199,45.3683],[10.1294,45.3746],[10.1329,45.3748],[10.1312,45.3722],[10.1359,45.3708],[10.1425,45.3738],[10.1442,45.3772],[10.1562,45.3808],[10.1589,45.3835],[10.1633,45.3913],[10.1669,45.3856],[10.1684,45.3853],[10.1755,45.3804],[10.1761,45.3761],[10.1711,45.3682],[10.1758,45.3569],[10.1764,45.3516],[10.1822,45.341],[10.179,45.3354]]]}},{"type":"Feature","properties":{"i":"017104","n":"Marcheno"},"geometry":{"type":"Polygon","coordinates":[[[10.2464,45.7282],[10.2478,45.7168],[10.2405,45.7049],[10.2416,45.6991],[10.253,45.6998],[10.2599,45.6988],[10.2665,45.6965],[10.2686,45.6896],[10.2607,45.6838],[10.2521,45.6802],[10.2445,45.6845],[10.2117,45.683],[10.2008,45.6905],[10.2007,45.6946],[10.2044,45.7019],[10.2074,45.7182],[10.2061,45.725],[10.1928,45.7245],[10.191,45.7268],[10.1933,45.7336],[10.1926,45.7359],[10.1867,45.7407],[10.1837,45.7421],[10.1817,45.7412],[10.1677,45.7296],[10.1617,45.7322],[10.1694,45.736],[10.1729,45.7365],[10.1744,45.7394],[10.1745,45.7423],[10.1715,45.7526],[10.1739,45.7534],[10.1782,45.7523],[10.1844,45.7489],[10.1938,45.7406],[10.2098,45.7372],[10.2196,45.732],[10.2314,45.7284],[10.2387,45.7246],[10.2464,45.7282]]]}},{"type":"Feature","properties":{"i":"017105","n":"Marmentino"},"geometry":{"type":"Polygon","coordinates":[[[10.2961,45.7301],[10.2811,45.7301],[10.2631,45.7332],[10.2534,45.7367],[10.2511,45.7383],[10.2511,45.7413],[10.248,45.7494],[10.251,45.753],[10.2632,45.7589],[10.2682,45.7603],[10.2686,45.7617],[10.29,45.7623],[10.3013,45.7665],[10.3114,45.7676],[10.3134,45.771],[10.3147,45.7755],[10.3131,45.7782],[10.3153,45.783],[10.3192,45.7857],[10.3245,45.7846],[10.337,45.7877],[10.3331,45.7845],[10.3289,45.7796],[10.3274,45.7756],[10.3279,45.7733],[10.3232,45.7673],[10.3194,45.7639],[10.3157,45.7587],[10.3112,45.7496],[10.3095,45.7411],[10.3071,45.7379],[10.3042,45.7367],[10.2961,45.7301]]]}},{"type":"Feature","properties":{"i":"017106","n":"Marone"},"geometry":{"type":"Polygon","coordinates":[[[10.0905,45.7703],[10.0949,45.7669],[10.0968,45.7555],[10.1013,45.7508],[10.1042,45.7438],[10.1086,45.7427],[10.1395,45.7432],[10.1543,45.7388],[10.1744,45.7432],[10.1744,45.7394],[10.1729,45.7365],[10.1694,45.736],[10.1641,45.7339],[10.1582,45.7288],[10.1431,45.7267],[10.1295,45.7285],[10.12,45.7313],[10.108,45.7274],[10.0975,45.7218],[10.0878,45.7276],[10.0641,45.7307],[10.0663,45.7407],[10.0658,45.7436],[10.0634,45.7497],[10.059,45.7541],[10.0568,45.7576],[10.0549,45.7633],[10.0552,45.7683],[10.0569,45.7747],[10.0599,45.7812],[10.0712,45.7767],[10.079,45.7758],[10.0905,45.7703]]]}},{"type":"Feature","properties":{"i":"017107","n":"Mazzano"},"geometry":{"type":"Polygon","coordinates":[[[10.3821,45.5086],[10.3797,45.4903],[10.378,45.4887],[10.3743,45.4884],[10.3699,45.4868],[10.3627,45.4875],[10.3556,45.4772],[10.3501,45.4718],[10.3356,45.477],[10.327,45.4843],[10.3228,45.4867],[10.3321,45.4961],[10.3456,45.5074],[10.3429,45.5126],[10.3424,45.5212],[10.3436,45.5343],[10.3672,45.5186],[10.3773,45.5105],[10.3796,45.509],[10.3821,45.5086]]]}},{"type":"Feature","properties":{"i":"017108","n":"Milzano"},"geometry":{"type":"Polygon","coordinates":[[[10.2003,45.2918],[10.1997,45.2892],[10.2012,45.282],[10.2059,45.2804],[10.2087,45.2752],[10.2113,45.256],[10.2095,45.2521],[10.2047,45.2535],[10.1765,45.2684],[10.1756,45.2844],[10.1764,45.2939],[10.2003,45.2918]]]}},{"type":"Feature","properties":{"i":"017109","n":"Moniga del Garda"},"geometry":{"type":"Polygon","coordinates":[[[10.6354,45.5354],[10.6367,45.5209],[10.5303,45.5158],[10.5213,45.5192],[10.5165,45.5216],[10.5159,45.5227],[10.5236,45.531],[10.5226,45.5336],[10.5272,45.5358],[10.5373,45.5378],[10.5443,45.5355],[10.5486,45.5323],[10.5558,45.5287],[10.6354,45.5354]]]}},{"type":"Feature","properties":{"i":"017110","n":"Monno"},"geometry":{"type":"Polygon","coordinates":[[[10.3391,46.2863],[10.3413,46.2785],[10.3389,46.2768],[10.3384,46.2713],[10.3419,46.2624],[10.3418,46.2391],[10.3432,46.2303],[10.3458,46.2259],[10.3515,46.2214],[10.3533,46.2186],[10.3478,46.2018],[10.3451,46.1964],[10.3432,46.196],[10.3306,46.1998],[10.308,46.202],[10.2973,46.205],[10.2819,46.2134],[10.2788,46.2159],[10.2801,46.2171],[10.2853,46.2205],[10.2947,46.2237],[10.2967,46.2309],[10.2968,46.2412],[10.3009,46.2496],[10.3117,46.2565],[10.3143,46.2599],[10.3157,46.277],[10.3208,46.2817],[10.3285,46.2871],[10.3348,46.2882],[10.3391,46.2863]]]}},{"type":"Feature","properties":{"i":"017111","n":"Monte Isola"},"geometry":{"type":"Polygon","coordinates":[[[10.0807,45.6891],[10.0655,45.6893],[10.0648,45.693],[10.0598,45.7044],[10.0591,45.7088],[10.0641,45.7307],[10.0878,45.7276],[10.1012,45.7196],[10.1028,45.7118],[10.0973,45.6936],[10.0927,45.6894],[10.0807,45.6891]]]}},{"type":"Feature","properties":{"i":"017112","n":"Monticelli Brusati"},"geometry":{"type":"Polygon","coordinates":[[[10.1148,45.6535],[10.1145,45.6498],[10.1083,45.6219],[10.1048,45.6116],[10.0868,45.612],[10.0754,45.616],[10.0789,45.6171],[10.0801,45.6184],[10.0852,45.636],[10.0841,45.6511],[10.0997,45.6584],[10.106,45.6605],[10.1126,45.6568],[10.1187,45.6555],[10.1148,45.6535]]]}},{"type":"Feature","properties":{"i":"017113","n":"Montichiari"},"geometry":{"type":"Polygon","coordinates":[[[10.3415,45.4619],[10.363,45.4532],[10.3724,45.4484],[10.3844,45.4445],[10.3936,45.4432],[10.395,45.4442],[10.4048,45.4424],[10.4243,45.432],[10.4497,45.417],[10.4504,45.4174],[10.467,45.4066],[10.4585,45.3921],[10.4488,45.3821],[10.4368,45.3777],[10.4269,45.3763],[10.4223,45.3749],[10.4015,45.3658],[10.4007,45.3633],[10.4027,45.3621],[10.4035,45.3599],[10.4031,45.3571],[10.394,45.3602],[10.3857,45.3643],[10.3644,45.3773],[10.345,45.3858],[10.3296,45.3944],[10.3205,45.4011],[10.3134,45.4111],[10.313,45.4158],[10.3096,45.4301],[10.31,45.4374],[10.3171,45.4373],[10.3218,45.4477],[10.3214,45.4512],[10.3348,45.4652],[10.3415,45.4619]]]}},{"type":"Feature","properties":{"i":"017114","n":"Montirone"},"geometry":{"type":"Polygon","coordinates":[[[10.2442,45.4614],[10.2459,45.4545],[10.2525,45.4361],[10.249,45.4232],[10.2347,45.4266],[10.2324,45.4274],[10.2324,45.4281],[10.2166,45.4314],[10.2229,45.446],[10.207,45.4487],[10.2141,45.4546],[10.2203,45.4673],[10.2179,45.4673],[10.2191,45.4709],[10.2249,45.4701],[10.2263,45.4649],[10.229,45.4628],[10.2426,45.4632],[10.2442,45.4614]]]}},{"type":"Feature","properties":{"i":"017115","n":"Mura"},"geometry":{"type":"Polygon","coordinates":[[[10.3784,45.7103],[10.3779,45.7078],[10.3762,45.7056],[10.3705,45.7015],[10.3647,45.699],[10.3625,45.7014],[10.354,45.7029],[10.3479,45.7006],[10.3308,45.6986],[10.3266,45.7002],[10.3222,45.7041],[10.3218,45.7089],[10.3156,45.7194],[10.3121,45.7233],[10.3101,45.7242],[10.3125,45.7281],[10.3163,45.7317],[10.3386,45.7332],[10.3425,45.732],[10.3585,45.7217],[10.3625,45.7165],[10.3784,45.7103]]]}},{"type":"Feature","properties":{"i":"017116","n":"Muscoline"},"geometry":{"type":"Polygon","coordinates":[[[10.4825,45.577],[10.4864,45.5734],[10.4825,45.569],[10.4813,45.5665],[10.4828,45.561],[10.4836,45.5597],[10.4866,45.5595],[10.4914,45.5562],[10.483,45.5512],[10.484,45.5493],[10.4866,45.5476],[10.4867,45.5465],[10.4858,45.5442],[10.4812,45.5413],[10.4793,45.5402],[10.471,45.5398],[10.4668,45.5387],[10.4616,45.5468],[10.454,45.5505],[10.4512,45.5503],[10.4504,45.5493],[10.4486,45.5488],[10.4365,45.5497],[10.437,45.5522],[10.4394,45.5542],[10.4413,45.5544],[10.4435,45.5605],[10.452,45.563],[10.4543,45.5647],[10.4551,45.5684],[10.4537,45.5702],[10.4549,45.5716],[10.459,45.5732],[10.4782,45.5769],[10.4825,45.577]]]}},{"type":"Feature","properties":{"i":"017117","n":"Nave"},"geometry":{"type":"Polygon","coordinates":[[[10.287,45.6231],[10.2987,45.607],[10.3123,45.6017],[10.321,45.5993],[10.3305,45.6001],[10.3316,45.597],[10.3282,45.5857],[10.3253,45.5803],[10.3022,45.5676],[10.293,45.5576],[10.2907,45.5563],[10.2868,45.559],[10.2686,45.5649],[10.2597,45.5718],[10.2602,45.5767],[10.2507,45.5838],[10.2499,45.5854],[10.2549,45.594],[10.2675,45.6035],[10.2633,45.616],[10.2555,45.6241],[10.268,45.6241],[10.279,45.6199],[10.287,45.6231]]]}},{"type":"Feature","properties":{"i":"017118","n":"Niardo"},"geometry":{"type":"Polygon","coordinates":[[[10.4121,45.9469],[10.4082,45.9459],[10.4018,45.9405],[10.3794,45.9277],[10.3748,45.929],[10.3689,45.9338],[10.3646,45.9427],[10.3586,45.9434],[10.3502,45.9459],[10.3497,45.9473],[10.3504,45.9506],[10.3484,45.9551],[10.3359,45.9625],[10.317,45.97],[10.3161,45.9717],[10.322,45.9811],[10.3276,45.9823],[10.3346,45.9833],[10.3394,45.9832],[10.3619,45.9813],[10.3686,45.98],[10.3772,45.9772],[10.3903,45.9605],[10.4039,45.9534],[10.4062,45.9533],[10.4108,45.9497],[10.4121,45.9469]]]}},{"type":"Feature","properties":{"i":"017119","n":"Nuvolento"},"geometry":{"type":"Polygon","coordinates":[[[10.4025,45.5462],[10.3987,45.5438],[10.3995,45.5421],[10.4042,45.5379],[10.4064,45.5283],[10.4043,45.527],[10.4071,45.5234],[10.3997,45.5178],[10.3815,45.535],[10.3791,45.54],[10.374,45.5454],[10.3712,45.5472],[10.3695,45.5475],[10.3688,45.5459],[10.3575,45.5486],[10.3551,45.5524],[10.3597,45.556],[10.3629,45.5566],[10.3638,45.5556],[10.364,45.5523],[10.3667,45.5512],[10.3685,45.551],[10.3799,45.5535],[10.3826,45.5628],[10.3864,45.5587],[10.4025,45.5462]]]}},{"type":"Feature","properties":{"i":"017120","n":"Nuvolera"},"geometry":{"type":"Polygon","coordinates":[[[10.3551,45.5524],[10.3575,45.5486],[10.3688,45.5459],[10.3695,45.5475],[10.3712,45.5472],[10.374,45.5454],[10.3791,45.54],[10.3815,45.535],[10.3997,45.5178],[10.3972,45.5101],[10.3821,45.5086],[10.3796,45.509],[10.3672,45.5186],[10.3436,45.5343],[10.3422,45.544],[10.3388,45.5553],[10.3354,45.5608],[10.3356,45.5666],[10.3394,45.567],[10.3453,45.5642],[10.3549,45.5557],[10.3551,45.5524]]]}},{"type":"Feature","properties":{"i":"017121","n":"Odolo"},"geometry":{"type":"Polygon","coordinates":[[[10.4058,45.6465],[10.4067,45.646],[10.4082,45.6421],[10.4057,45.6364],[10.4031,45.6327],[10.4012,45.6316],[10.3971,45.6297],[10.3898,45.6287],[10.3817,45.6225],[10.3792,45.6224],[10.3725,45.6274],[10.374,45.6303],[10.3724,45.637],[10.3731,45.65],[10.3745,45.6493],[10.3838,45.6529],[10.3869,45.6528],[10.391,45.6523],[10.4058,45.6465]]]}},{"type":"Feature","properties":{"i":"017122","n":"Offlaga"},"geometry":{"type":"Polygon","coordinates":[[[10.163,45.3908],[10.1589,45.3835],[10.1562,45.3808],[10.1442,45.3772],[10.1425,45.3738],[10.1359,45.3708],[10.1312,45.3722],[10.1329,45.3748],[10.1294,45.3746],[10.1199,45.3683],[10.1082,45.3625],[10.1031,45.3577],[10.1031,45.3547],[10.1042,45.3526],[10.0891,45.3643],[10.0867,45.3652],[10.0788,45.3658],[10.0732,45.3738],[10.0731,45.3762],[10.0636,45.3802],[10.0629,45.3871],[10.0654,45.3906],[10.0666,45.3884],[10.0714,45.3901],[10.073,45.394],[10.0762,45.3931],[10.0905,45.3941],[10.0991,45.3975],[10.1034,45.4001],[10.112,45.4026],[10.1138,45.4006],[10.126,45.3989],[10.1377,45.4011],[10.1385,45.4043],[10.1437,45.4022],[10.1523,45.3941],[10.163,45.3908]]]}},{"type":"Feature","properties":{"i":"017123","n":"Ome"},"geometry":{"type":"Polygon","coordinates":[[[10.1353,45.6499],[10.1331,45.6421],[10.1322,45.6412],[10.1399,45.6346],[10.1439,45.6335],[10.145,45.6309],[10.1411,45.6205],[10.1349,45.6117],[10.1171,45.6118],[10.1089,45.6103],[10.1039,45.6115],[10.1051,45.6124],[10.1083,45.6219],[10.1145,45.6498],[10.1148,45.6535],[10.1353,45.6499]]]}},{"type":"Feature","properties":{"i":"017124","n":"Ono San Pietro"},"geometry":{"type":"Polygon","coordinates":[[[10.3455,46.0158],[10.3427,46.0117],[10.3242,46.0126],[10.3124,46.0113],[10.3067,46.0122],[10.2886,46.0182],[10.2804,46.0244],[10.2693,46.0351],[10.2648,46.0418],[10.2623,46.0482],[10.2465,46.0598],[10.2663,46.0648],[10.271,46.0674],[10.278,46.0537],[10.2794,46.0493],[10.2774,46.0471],[10.2744,46.046],[10.2813,46.0367],[10.3067,46.0362],[10.3128,46.0347],[10.3207,46.0303],[10.3388,46.0152],[10.3455,46.0158]]]}},{"type":"Feature","properties":{"i":"017125","n":"Orzinuovi"},"geometry":{"type":"Polygon","coordinates":[[[9.9454,45.4323],[9.9474,45.434],[9.9507,45.43],[9.9575,45.4076],[9.9551,45.4016],[9.9597,45.399],[9.98,45.3966],[9.9831,45.3954],[9.9865,45.3925],[9.9883,45.3882],[9.9945,45.391],[10.0132,45.4063],[10.0261,45.4038],[10.0304,45.3963],[10.0262,45.3974],[10.0201,45.3966],[10.0197,45.3918],[10.0176,45.3885],[10.0076,45.3879],[10.0026,45.3893],[9.9966,45.3823],[9.9952,45.378],[9.9917,45.3785],[9.9687,45.3759],[9.9616,45.3708],[9.9542,45.3612],[9.947,45.3551],[9.9442,45.3551],[9.937,45.3647],[9.9252,45.3704],[9.926,45.3789],[9.9255,45.3825],[9.9208,45.3839],[9.9129,45.3846],[9.9121,45.38],[9.9138,45.3785],[9.9128,45.3746],[9.9013,45.3729],[9.8956,45.3643],[9.895,45.3611],[9.8894,45.3599],[9.8874,45.3623],[9.8869,45.3645],[9.8874,45.3787],[9.8889,45.3877],[9.893,45.3946],[9.891,45.4042],[9.8908,45.4137],[9.8895,45.4174],[9.8896,45.4273],[9.8914,45.4269],[9.895,45.4278],[9.8941,45.4331],[9.895,45.4354],[9.9029,45.4414],[9.9046,45.4414],[9.9136,45.4397],[9.9152,45.4347],[9.9454,45.4323]]]}},{"type":"Feature","properties":{"i":"017126","n":"Orzivecchi"},"geometry":{"type":"Polygon","coordinates":[[[9.9665,45.4371],[9.9692,45.4367],[9.9799,45.4209],[9.9817,45.417],[9.9772,45.4124],[9.9774,45.407],[9.9816,45.4063],[9.98,45.3966],[9.963,45.3982],[9.9597,45.399],[9.9551,45.4016],[9.9575,45.4076],[9.9509,45.4294],[9.9474,45.434],[9.9454,45.4323],[9.9487,45.4417],[9.9514,45.4453],[9.9525,45.4488],[9.9562,45.4506],[9.9593,45.4502],[9.9617,45.4468],[9.9641,45.4388],[9.9665,45.4371]]]}},{"type":"Feature","properties":{"i":"017127","n":"Ospitaletto"},"geometry":{"type":"Polygon","coordinates":[[[10.0876,45.564],[10.0907,45.5603],[10.0909,45.5542],[10.0982,45.5535],[10.1043,45.5508],[10.1029,45.545],[10.1059,45.5435],[10.0898,45.542],[10.0817,45.5391],[10.0702,45.5391],[10.0651,45.5377],[10.0593,45.5384],[10.0575,45.5448],[10.0513,45.547],[10.05,45.5503],[10.0598,45.5669],[10.0825,45.5629],[10.0876,45.564]]]}},{"type":"Feature","properties":{"i":"017128","n":"Ossimo"},"geometry":{"type":"Polygon","coordinates":[[[10.2547,45.9715],[10.2505,45.9654],[10.2502,45.9632],[10.2512,45.9616],[10.254,45.9613],[10.2567,45.9558],[10.2578,45.9515],[10.262,45.9436],[10.2558,45.9413],[10.2531,45.9418],[10.2422,45.9399],[10.2335,45.9361],[10.2289,45.9376],[10.2251,45.9418],[10.2257,45.945],[10.2243,45.9509],[10.2253,45.9606],[10.2212,45.9634],[10.2177,45.9673],[10.2112,45.9774],[10.2104,45.9801],[10.202,45.9836],[10.1816,45.9868],[10.1847,45.9877],[10.1888,45.9915],[10.1928,45.9995],[10.2002,45.9981],[10.2035,45.9983],[10.2047,45.9992],[10.2086,45.9981],[10.2134,45.9945],[10.2132,45.9931],[10.2063,45.9934],[10.2059,45.9858],[10.2091,45.9833],[10.2222,45.9805],[10.2451,45.9797],[10.2516,45.9753],[10.2547,45.9715]]]}},{"type":"Feature","properties":{"i":"017129","n":"Padenghe sul Garda"},"geometry":{"type":"Polygon","coordinates":[[[10.5159,45.5227],[10.5165,45.5216],[10.5213,45.5192],[10.5303,45.5158],[10.6367,45.5209],[10.6379,45.5083],[10.5759,45.5027],[10.5208,45.4923],[10.5208,45.4909],[10.5152,45.4892],[10.5047,45.4898],[10.4979,45.4933],[10.4904,45.4919],[10.4839,45.4934],[10.4829,45.4955],[10.483,45.4993],[10.4782,45.5056],[10.4748,45.5065],[10.486,45.5182],[10.4895,45.5204],[10.5043,45.5228],[10.5096,45.5213],[10.5159,45.5227]]]}},{"type":"Feature","properties":{"i":"017130","n":"Paderno Franciacorta"},"geometry":{"type":"Polygon","coordinates":[[[10.0883,45.5956],[10.0882,45.5943],[10.1019,45.5865],[10.1043,45.584],[10.1028,45.5815],[10.1006,45.5811],[10.0971,45.5781],[10.0872,45.5656],[10.0856,45.5684],[10.0776,45.5723],[10.0744,45.5729],[10.0706,45.5768],[10.0692,45.5784],[10.0677,45.5877],[10.0682,45.5902],[10.0702,45.5922],[10.0748,45.594],[10.0831,45.5964],[10.0863,45.5965],[10.0883,45.5956]]]}},{"type":"Feature","properties":{"i":"017131","n":"Paisco Loveno"},"geometry":{"type":"Polygon","coordinates":[[[10.2485,46.0998],[10.2548,46.0964],[10.2593,46.0975],[10.2667,46.0978],[10.2746,46.0951],[10.2977,46.0944],[10.3084,46.0904],[10.3119,46.0897],[10.3081,46.0806],[10.2969,46.0764],[10.2903,46.0761],[10.2838,46.0739],[10.279,46.0704],[10.2663,46.0648],[10.2465,46.0598],[10.24,46.0532],[10.2314,46.0482],[10.2119,46.0507],[10.21,46.0484],[10.2061,46.0461],[10.2029,46.0458],[10.198,46.0471],[10.1968,46.0498],[10.1927,46.0516],[10.1758,46.0516],[10.1712,46.0535],[10.1703,46.0546],[10.1696,46.057],[10.1754,46.0708],[10.1818,46.0799],[10.185,46.081],[10.1899,46.08],[10.2039,46.0815],[10.2124,46.0856],[10.2229,46.0878],[10.2329,46.0944],[10.2415,46.0986],[10.2485,46.0998]]]}},{"type":"Feature","properties":{"i":"017132","n":"Paitone"},"geometry":{"type":"Polygon","coordinates":[[[10.4016,45.5926],[10.4001,45.5907],[10.3999,45.5878],[10.4014,45.5812],[10.4047,45.5794],[10.4063,45.5766],[10.4122,45.5645],[10.4119,45.5603],[10.4143,45.5573],[10.414,45.5541],[10.4118,45.5519],[10.4025,45.5462],[10.3864,45.5587],[10.3826,45.5628],[10.3819,45.5647],[10.3817,45.5707],[10.3833,45.5812],[10.3884,45.5888],[10.3941,45.5909],[10.3948,45.5923],[10.3957,45.5927],[10.4016,45.5926]]]}},{"type":"Feature","properties":{"i":"017133","n":"Palazzolo sull'Oglio"},"geometry":{"type":"Polygon","coordinates":[[[9.936,45.6191],[9.9298,45.6153],[9.9305,45.6094],[9.9329,45.6086],[9.9314,45.6068],[9.9296,45.6053],[9.9209,45.6034],[9.9158,45.6005],[9.9093,45.592],[9.9108,45.5904],[9.9082,45.5852],[9.908,45.5829],[9.9091,45.5792],[9.9069,45.5734],[9.9026,45.5677],[9.8972,45.5671],[9.8937,45.5654],[9.8911,45.5595],[9.8872,45.5604],[9.8836,45.5527],[9.8789,45.5546],[9.8772,45.5575],[9.8754,45.5662],[9.8764,45.5702],[9.8724,45.5745],[9.8646,45.574],[9.8618,45.5848],[9.855,45.5841],[9.8554,45.5877],[9.8539,45.5958],[9.8509,45.5965],[9.8491,45.5988],[9.8506,45.6032],[9.8615,45.6049],[9.8652,45.6106],[9.8682,45.61],[9.8703,45.6077],[9.8738,45.6069],[9.876,45.6095],[9.8881,45.6028],[9.8916,45.6044],[9.895,45.6084],[9.9022,45.6242],[9.9032,45.6228],[9.9216,45.6193],[9.936,45.6191]]]}},{"type":"Feature","properties":{"i":"017134","n":"Paratico"},"geometry":{"type":"Polygon","coordinates":[[[9.9732,45.6665],[9.9764,45.6633],[9.9802,45.6567],[9.9792,45.6532],[9.9757,45.6502],[9.9708,45.6479],[9.9595,45.6462],[9.9434,45.6473],[9.9381,45.6464],[9.935,45.6474],[9.9391,45.6567],[9.9382,45.6572],[9.938,45.6617],[9.9423,45.6653],[9.9491,45.6661],[9.957,45.6657],[9.9615,45.6642],[9.9649,45.6639],[9.9687,45.6645],[9.9732,45.6665]]]}},{"type":"Feature","properties":{"i":"017135","n":"Paspardo"},"geometry":{"type":"Polygon","coordinates":[[[10.4088,46.0482],[10.4017,46.044],[10.3964,46.0362],[10.4046,46.033],[10.4035,46.0312],[10.3823,46.0269],[10.377,46.0266],[10.364,46.0272],[10.3579,46.0301],[10.3565,46.0314],[10.3572,46.0317],[10.3582,46.0372],[10.3571,46.0417],[10.3563,46.0439],[10.3521,46.0461],[10.3529,46.0478],[10.354,46.047],[10.364,46.0478],[10.3669,46.0487],[10.372,46.0541],[10.3846,46.0591],[10.391,46.0606],[10.4042,46.0566],[10.4101,46.0537],[10.4107,46.0524],[10.4088,46.0482]]]}},{"type":"Feature","properties":{"i":"017136","n":"Passirano"},"geometry":{"type":"Polygon","coordinates":[[[10.0754,45.616],[10.0868,45.612],[10.0878,45.6089],[10.0858,45.5993],[10.0891,45.5973],[10.0883,45.5956],[10.0863,45.5965],[10.0831,45.5964],[10.0702,45.5922],[10.0682,45.5902],[10.0677,45.5877],[10.0692,45.5784],[10.0706,45.5768],[10.0744,45.5729],[10.0776,45.5723],[10.0856,45.5684],[10.0876,45.564],[10.0825,45.5629],[10.0598,45.5669],[10.0635,45.567],[10.0592,45.5777],[10.0603,45.5879],[10.0548,45.5933],[10.0497,45.5999],[10.0461,45.6028],[10.0419,45.6031],[10.0302,45.6014],[10.0229,45.6053],[10.0246,45.6061],[10.026,45.6084],[10.0283,45.617],[10.0348,45.6159],[10.0496,45.6181],[10.0521,45.616],[10.0515,45.614],[10.0528,45.6127],[10.062,45.6117],[10.0623,45.6139],[10.0702,45.6213],[10.0751,45.6205],[10.0754,45.616]]]}},{"type":"Feature","properties":{"i":"017137","n":"Pavone del Mella"},"geometry":{"type":"Polygon","coordinates":[[[10.2428,45.3115],[10.2425,45.2955],[10.2423,45.295],[10.2395,45.2957],[10.2362,45.2878],[10.237,45.2867],[10.2108,45.2866],[10.2074,45.2862],[10.2059,45.2804],[10.2012,45.282],[10.1997,45.2892],[10.2003,45.2918],[10.1988,45.2943],[10.1982,45.2986],[10.2019,45.3043],[10.2017,45.3171],[10.2033,45.3207],[10.1999,45.3199],[10.204,45.3239],[10.2084,45.3246],[10.2153,45.3234],[10.2283,45.316],[10.2428,45.3115]]]}},{"type":"Feature","properties":{"i":"017138","n":"San Paolo"},"geometry":{"type":"Polygon","coordinates":[[[10.0304,45.3963],[10.0341,45.3928],[10.0395,45.391],[10.0479,45.3917],[10.0589,45.3902],[10.0629,45.3871],[10.0636,45.3802],[10.0731,45.3762],[10.0732,45.3738],[10.0567,45.375],[10.0528,45.3729],[10.0355,45.3496],[10.0238,45.3512],[10.0243,45.3497],[10.0236,45.3478],[10.0148,45.3504],[10.0096,45.3553],[10.0092,45.3619],[10.0043,45.3666],[9.9934,45.371],[9.9908,45.376],[9.9917,45.3785],[9.9952,45.378],[9.9966,45.3823],[10.0026,45.3893],[10.0076,45.3879],[10.0176,45.3885],[10.0197,45.3918],[10.0201,45.3966],[10.0262,45.3974],[10.0304,45.3963]]]}},{"type":"Feature","properties":{"i":"017139","n":"Pertica Alta"},"geometry":{"type":"Polygon","coordinates":[[[10.3891,45.7235],[10.3893,45.7168],[10.3804,45.7121],[10.3784,45.7103],[10.3625,45.7165],[10.3585,45.7217],[10.3425,45.732],[10.3392,45.7331],[10.3163,45.7317],[10.3125,45.7281],[10.3101,45.7242],[10.2976,45.7251],[10.2961,45.7301],[10.3042,45.7367],[10.3071,45.7379],[10.3095,45.7411],[10.3112,45.7496],[10.3157,45.7587],[10.3194,45.7639],[10.3232,45.7673],[10.3279,45.7733],[10.3274,45.7756],[10.3289,45.7796],[10.3331,45.7845],[10.3372,45.7877],[10.3375,45.7842],[10.3362,45.7758],[10.3409,45.7615],[10.3571,45.7469],[10.3659,45.7404],[10.3724,45.7392],[10.3775,45.7368],[10.3793,45.7346],[10.3791,45.7327],[10.3811,45.7297],[10.3868,45.7243],[10.3891,45.7235]]]}},{"type":"Feature","properties":{"i":"017140","n":"Pertica Bassa"},"geometry":{"type":"Polygon","coordinates":[[[10.3816,45.7911],[10.3937,45.7889],[10.3974,45.7874],[10.401,45.7722],[10.3946,45.7597],[10.398,45.7524],[10.402,45.7501],[10.4079,45.7506],[10.4204,45.7426],[10.4237,45.7377],[10.4221,45.7334],[10.4198,45.7314],[10.4109,45.7277],[10.3946,45.7239],[10.3881,45.7236],[10.3811,45.7297],[10.3791,45.7327],[10.3793,45.7346],[10.3775,45.7368],[10.3724,45.7392],[10.3659,45.7404],[10.3571,45.7469],[10.3409,45.7615],[10.3362,45.7758],[10.3375,45.7842],[10.3372,45.7877],[10.3623,45.7925],[10.3816,45.7911]]]}},{"type":"Feature","properties":{"i":"017141","n":"Pezzaze"},"geometry":{"type":"Polygon","coordinates":[[[10.2682,45.7603],[10.2632,45.7589],[10.251,45.753],[10.2357,45.7594],[10.2315,45.7604],[10.2247,45.7675],[10.2166,45.7696],[10.1989,45.7704],[10.1887,45.7673],[10.1771,45.7664],[10.1746,45.7672],[10.1852,45.7779],[10.1933,45.7902],[10.202,45.7967],[10.2107,45.8053],[10.2115,45.8068],[10.2111,45.8084],[10.2224,45.8156],[10.2324,45.8002],[10.2317,45.7982],[10.237,45.7927],[10.2467,45.7872],[10.259,45.776],[10.2626,45.7668],[10.2682,45.7603]]]}},{"type":"Feature","properties":{"i":"017142","n":"Pian Camuno"},"geometry":{"type":"Polygon","coordinates":[[[10.2095,45.8095],[10.2026,45.8098],[10.1949,45.8089],[10.1868,45.8114],[10.1855,45.819],[10.1791,45.8208],[10.1754,45.8213],[10.1701,45.82],[10.1612,45.8198],[10.1435,45.8269],[10.134,45.8345],[10.1223,45.8319],[10.1201,45.8298],[10.1214,45.836],[10.1458,45.8519],[10.1499,45.8492],[10.1558,45.847],[10.1746,45.8315],[10.207,45.8151],[10.2099,45.8118],[10.2095,45.8095]]]}},{"type":"Feature","properties":{"i":"017143","n":"Pisogne"},"geometry":{"type":"Polygon","coordinates":[[[10.2095,45.8095],[10.2115,45.8076],[10.2107,45.8053],[10.202,45.7967],[10.1933,45.7902],[10.1851,45.7778],[10.1775,45.7707],[10.167,45.7658],[10.1632,45.7611],[10.1605,45.7623],[10.1487,45.7708],[10.1174,45.7853],[10.1142,45.7808],[10.1078,45.7753],[10.0989,45.7713],[10.0936,45.7703],[10.0905,45.7703],[10.079,45.7758],[10.0712,45.7767],[10.0599,45.7812],[10.0638,45.7884],[10.0716,45.7974],[10.077,45.8009],[10.0955,45.8068],[10.1012,45.8096],[10.1081,45.8155],[10.121,45.8311],[10.1265,45.8332],[10.134,45.8345],[10.1435,45.8269],[10.1612,45.8198],[10.1701,45.82],[10.1754,45.8213],[10.1846,45.8195],[10.1859,45.8181],[10.1868,45.8114],[10.1949,45.8089],[10.2026,45.8098],[10.2095,45.8095]]]}},{"type":"Feature","properties":{"i":"017144","n":"Polaveno"},"geometry":{"type":"Polygon","coordinates":[[[10.1546,45.676],[10.1532,45.6684],[10.1609,45.6612],[10.1578,45.6571],[10.1605,45.6555],[10.1547,45.6529],[10.1439,45.6499],[10.138,45.652],[10.1353,45.6499],[10.1169,45.6527],[10.1148,45.6535],[10.1187,45.6555],[10.1098,45.658],[10.1005,45.6652],[10.1121,45.6658],[10.1207,45.6681],[10.1261,45.6703],[10.1327,45.6741],[10.1414,45.6835],[10.1458,45.6807],[10.1475,45.6784],[10.1546,45.676]]]}},{"type":"Feature","properties":{"i":"017145","n":"Polpenazze del Garda"},"geometry":{"type":"Polygon","coordinates":[[[10.5272,45.5446],[10.5157,45.5438],[10.5102,45.5412],[10.4962,45.5373],[10.492,45.5349],[10.4874,45.5309],[10.4871,45.5275],[10.4815,45.5297],[10.4693,45.5298],[10.4653,45.5331],[10.4644,45.5362],[10.4668,45.5387],[10.471,45.5398],[10.4793,45.5402],[10.4858,45.5442],[10.4866,45.5476],[10.484,45.5493],[10.483,45.5512],[10.489,45.5553],[10.4914,45.5562],[10.5089,45.5578],[10.5217,45.5605],[10.5314,45.564],[10.5326,45.5519],[10.5307,45.5506],[10.5276,45.5499],[10.5258,45.5484],[10.5257,45.5468],[10.5272,45.5446]]]}},{"type":"Feature","properties":{"i":"017146","n":"Pompiano"},"geometry":{"type":"Polygon","coordinates":[[[10.0241,45.4141],[10.0269,45.4057],[10.0261,45.4038],[10.0208,45.4051],[10.0123,45.4059],[9.9945,45.391],[9.9883,45.3882],[9.9865,45.3925],[9.9831,45.3954],[9.98,45.3966],[9.9816,45.4063],[9.9774,45.407],[9.9772,45.4124],[9.9817,45.417],[9.9799,45.4209],[9.9692,45.4367],[9.9665,45.4371],[9.9657,45.4405],[9.9684,45.4424],[9.9776,45.4433],[9.9808,45.446],[9.9804,45.4505],[9.9835,45.4507],[9.9977,45.4396],[10.0161,45.4193],[10.0179,45.417],[10.0181,45.415],[10.0202,45.4141],[10.0241,45.4141]]]}},{"type":"Feature","properties":{"i":"017147","n":"Poncarale"},"geometry":{"type":"Polygon","coordinates":[[[10.2139,45.4745],[10.2179,45.4673],[10.2203,45.4673],[10.2141,45.4546],[10.207,45.4487],[10.1918,45.4487],[10.1692,45.4416],[10.1605,45.4418],[10.1553,45.4433],[10.1581,45.4518],[10.155,45.4547],[10.1465,45.456],[10.1481,45.4626],[10.154,45.4689],[10.1553,45.4718],[10.1717,45.4653],[10.1899,45.4658],[10.1926,45.4693],[10.1991,45.4701],[10.2075,45.4751],[10.2139,45.4745]]]}},{"type":"Feature","properties":{"i":"017148","n":"Ponte di Legno"},"geometry":{"type":"Polygon","coordinates":[[[10.471,46.3547],[10.4868,46.3466],[10.4918,46.3424],[10.4955,46.3368],[10.4981,46.3348],[10.5118,46.3347],[10.5134,46.3359],[10.5157,46.3432],[10.521,46.3435],[10.5334,46.3394],[10.563,46.3273],[10.5646,46.3221],[10.5639,46.3195],[10.5649,46.313],[10.5727,46.3069],[10.5756,46.3056],[10.579,46.3005],[10.5796,46.2988],[10.5631,46.2874],[10.5605,46.2845],[10.562,46.2816],[10.5716,46.2763],[10.5763,46.2727],[10.5851,46.2487],[10.5849,46.2448],[10.5807,46.2396],[10.5746,46.237],[10.5689,46.2293],[10.5707,46.2246],[10.5704,46.2221],[10.5623,46.2146],[10.5494,46.2046],[10.545,46.194],[10.5414,46.1886],[10.537,46.1877],[10.5312,46.1852],[10.5196,46.1827],[10.5162,46.1841],[10.5125,46.1888],[10.5112,46.1942],[10.516,46.2039],[10.5168,46.2076],[10.5076,46.2125],[10.5061,46.2149],[10.5064,46.2217],[10.5101,46.2251],[10.5101,46.2263],[10.5077,46.2319],[10.5038,46.2374],[10.5002,46.2407],[10.4975,46.2396],[10.4964,46.2433],[10.4973,46.2565],[10.5008,46.2621],[10.5096,46.27],[10.51,46.2833],[10.509,46.2861],[10.493,46.2995],[10.4867,46.3013],[10.4761,46.3123],[10.4651,46.3209],[10.4549,46.321],[10.4408,46.3168],[10.433,46.3324],[10.4328,46.3371],[10.4594,46.352],[10.4643,46.3537],[10.471,46.3547]]]}},{"type":"Feature","properties":{"i":"017149","n":"Pontevico"},"geometry":{"type":"Polygon","coordinates":[[[10.1151,45.31],[10.1193,45.3039],[10.1191,45.302],[10.1258,45.3018],[10.1339,45.293],[10.138,45.2908],[10.1368,45.2838],[10.1312,45.2818],[10.1293,45.2751],[10.1292,45.2733],[10.1343,45.2592],[10.1309,45.2534],[10.1272,45.2503],[10.125,45.2499],[10.1259,45.2468],[10.1089,45.2475],[10.1063,45.2465],[10.1039,45.2465],[10.0997,45.2483],[10.0994,45.2492],[10.1007,45.2518],[10.0996,45.2531],[10.0906,45.2544],[10.0871,45.2587],[10.0839,45.2696],[10.0782,45.2708],[10.0721,45.2707],[10.0628,45.2743],[10.0624,45.2791],[10.0674,45.2933],[10.0627,45.2958],[10.0613,45.3001],[10.0654,45.302],[10.0803,45.3055],[10.0994,45.3069],[10.1101,45.3111],[10.1151,45.31]]]}},{"type":"Feature","properties":{"i":"017150","n":"Pontoglio"},"geometry":{"type":"Polygon","coordinates":[[[9.8789,45.5546],[9.8742,45.5524],[9.8676,45.5426],[9.863,45.5451],[9.8576,45.5462],[9.8547,45.543],[9.8533,45.54],[9.8502,45.541],[9.8366,45.5492],[9.8368,45.5552],[9.8405,45.5641],[9.8411,45.5682],[9.8436,45.5697],[9.8423,45.5729],[9.8417,45.579],[9.844,45.5828],[9.847,45.5841],[9.8618,45.5848],[9.8646,45.574],[9.8724,45.5745],[9.8764,45.5702],[9.8754,45.5662],[9.8772,45.5575],[9.8789,45.5546]]]}},{"type":"Feature","properties":{"i":"017151","n":"Pozzolengo"},"geometry":{"type":"Polygon","coordinates":[[[10.6546,45.4158],[10.6551,45.4106],[10.6531,45.4111],[10.65,45.4104],[10.6465,45.4072],[10.6422,45.3937],[10.6426,45.3904],[10.6333,45.385],[10.6174,45.3837],[10.6137,45.3827],[10.5979,45.3873],[10.6016,45.392],[10.6005,45.3951],[10.5971,45.3967],[10.594,45.3957],[10.5907,45.3968],[10.5917,45.3993],[10.5858,45.4043],[10.5846,45.4094],[10.5868,45.4125],[10.5907,45.4146],[10.5945,45.4154],[10.6004,45.4153],[10.6024,45.4162],[10.6058,45.4186],[10.6099,45.4232],[10.6267,45.4349],[10.6279,45.439],[10.6421,45.4437],[10.6468,45.441],[10.648,45.4305],[10.6474,45.4238],[10.644,45.4199],[10.6436,45.418],[10.6546,45.4158]]]}},{"type":"Feature","properties":{"i":"017152","n":"Pralboino"},"geometry":{"type":"Polygon","coordinates":[[[10.237,45.2867],[10.2402,45.2861],[10.2542,45.2748],[10.258,45.2678],[10.2609,45.2652],[10.262,45.2654],[10.2618,45.2634],[10.2637,45.2569],[10.2635,45.2515],[10.2575,45.2526],[10.2504,45.2508],[10.2483,45.2445],[10.246,45.2429],[10.2409,45.243],[10.2231,45.2402],[10.2208,45.2418],[10.2163,45.2426],[10.214,45.2439],[10.2138,45.246],[10.2113,45.2505],[10.2095,45.2521],[10.2113,45.256],[10.2087,45.2752],[10.2059,45.2804],[10.2074,45.2862],[10.2257,45.287],[10.237,45.2867]]]}},{"type":"Feature","properties":{"i":"017153","n":"Preseglie"},"geometry":{"type":"Polygon","coordinates":[[[10.4087,45.6624],[10.407,45.6596],[10.4048,45.6491],[10.4058,45.6465],[10.391,45.6523],[10.3869,45.6528],[10.3838,45.6529],[10.3745,45.6493],[10.3731,45.65],[10.3676,45.6589],[10.3641,45.6617],[10.3681,45.6679],[10.3641,45.672],[10.362,45.678],[10.3639,45.6804],[10.3732,45.6852],[10.3751,45.6882],[10.3844,45.6908],[10.3889,45.6888],[10.3925,45.6884],[10.397,45.6848],[10.3991,45.6815],[10.4003,45.6742],[10.4087,45.6624]]]}},{"type":"Feature","properties":{"i":"017155","n":"Prevalle"},"geometry":{"type":"Polygon","coordinates":[[[10.4418,45.5554],[10.441,45.5541],[10.4394,45.5542],[10.437,45.5522],[10.4367,45.5423],[10.4332,45.5329],[10.4277,45.527],[10.4241,45.5271],[10.419,45.5258],[10.4162,45.5244],[10.416,45.523],[10.4115,45.5214],[10.4071,45.5234],[10.4043,45.527],[10.4064,45.5283],[10.4042,45.5379],[10.3995,45.5421],[10.3987,45.5438],[10.4118,45.5519],[10.414,45.5541],[10.4143,45.5573],[10.4119,45.5603],[10.4122,45.5645],[10.4268,45.5661],[10.4334,45.5616],[10.4334,45.5591],[10.4361,45.5567],[10.4397,45.5553],[10.4418,45.5554]]]}},{"type":"Feature","properties":{"i":"017156","n":"Provaglio d'Iseo"},"geometry":{"type":"Polygon","coordinates":[[[10.0841,45.6511],[10.0852,45.636],[10.0822,45.6239],[10.0801,45.6184],[10.0789,45.6171],[10.0754,45.616],[10.0751,45.6205],[10.0702,45.6213],[10.0623,45.6139],[10.062,45.6117],[10.0557,45.6119],[10.0526,45.6128],[10.0515,45.6141],[10.0521,45.616],[10.0496,45.6181],[10.0348,45.6159],[10.0283,45.617],[10.0295,45.6195],[10.0232,45.6253],[10.0186,45.6254],[10.0167,45.6269],[10.0218,45.6368],[10.0276,45.6418],[10.0282,45.644],[10.0256,45.645],[10.0266,45.6471],[10.0336,45.6504],[10.0406,45.6489],[10.0416,45.6467],[10.0447,45.646],[10.0573,45.6457],[10.0612,45.6478],[10.0793,45.651],[10.0841,45.6511]]]}},{"type":"Feature","properties":{"i":"017157","n":"Provaglio Val Sabbia"},"geometry":{"type":"Polygon","coordinates":[[[10.4769,45.6922],[10.4825,45.6851],[10.4842,45.6774],[10.4756,45.6728],[10.463,45.6757],[10.4539,45.6758],[10.4486,45.6749],[10.4396,45.6681],[10.4349,45.6709],[10.4304,45.6694],[10.4256,45.6747],[10.4247,45.6823],[10.4188,45.6828],[10.408,45.6888],[10.4093,45.6909],[10.4061,45.6956],[10.3998,45.6978],[10.4022,45.6993],[10.4101,45.7011],[10.4215,45.7009],[10.4328,45.7031],[10.4442,45.7001],[10.456,45.6998],[10.462,45.6978],[10.4706,45.6925],[10.4769,45.6922]]]}},{"type":"Feature","properties":{"i":"017158","n":"Puegnago del Garda"},"geometry":{"type":"Polygon","coordinates":[[[10.5439,45.5748],[10.5314,45.564],[10.5217,45.5605],[10.5089,45.5578],[10.4914,45.5562],[10.4866,45.5595],[10.4836,45.5597],[10.4812,45.5662],[10.4825,45.569],[10.4864,45.5734],[10.4825,45.577],[10.483,45.5805],[10.4912,45.5803],[10.4938,45.5821],[10.4997,45.5817],[10.503,45.5832],[10.5118,45.5827],[10.5161,45.5807],[10.519,45.5807],[10.5259,45.5833],[10.5323,45.5877],[10.5439,45.5748]]]}},{"type":"Feature","properties":{"i":"017159","n":"Quinzano d'Oglio"},"geometry":{"type":"Polygon","coordinates":[[[10.0253,45.3357],[10.0277,45.3286],[10.0353,45.3194],[10.0372,45.309],[10.0369,45.3064],[10.032,45.2936],[10.0258,45.2914],[10.0219,45.2887],[10.0194,45.284],[10.0127,45.2863],[10.005,45.2867],[9.9994,45.289],[9.9949,45.2939],[9.9905,45.297],[9.9813,45.2999],[9.977,45.3045],[9.9747,45.3083],[9.9692,45.3104],[9.9685,45.3123],[9.9723,45.3157],[9.9749,45.32],[9.978,45.3279],[9.9875,45.3386],[9.9928,45.3415],[10.0005,45.3399],[9.9987,45.3373],[10.0002,45.332],[10.0216,45.3307],[10.0253,45.3357]]]}},{"type":"Feature","properties":{"i":"017160","n":"Remedello"},"geometry":{"type":"Polygon","coordinates":[[[10.3856,45.2958],[10.3887,45.2924],[10.3946,45.2897],[10.3977,45.2839],[10.3973,45.2815],[10.3947,45.278],[10.3906,45.2555],[10.3907,45.2547],[10.3973,45.2501],[10.3936,45.2456],[10.3835,45.2485],[10.3805,45.2477],[10.3784,45.2409],[10.3702,45.2411],[10.3617,45.2463],[10.3553,45.2541],[10.3545,45.2561],[10.3544,45.2597],[10.3469,45.2686],[10.3453,45.2808],[10.3371,45.2866],[10.3366,45.2884],[10.337,45.2936],[10.3419,45.3019],[10.3443,45.3004],[10.3513,45.2999],[10.3697,45.3],[10.384,45.2948],[10.3856,45.2958]]]}},{"type":"Feature","properties":{"i":"017161","n":"Rezzato"},"geometry":{"type":"Polygon","coordinates":[[[10.3436,45.5343],[10.3424,45.5212],[10.3429,45.5126],[10.3456,45.5074],[10.3321,45.4961],[10.3228,45.4867],[10.3199,45.4891],[10.3154,45.4836],[10.3035,45.4781],[10.2859,45.4888],[10.2795,45.4915],[10.2915,45.4969],[10.2954,45.5001],[10.293,45.5022],[10.2967,45.5156],[10.2988,45.5151],[10.2998,45.5194],[10.304,45.519],[10.3047,45.5228],[10.3068,45.5268],[10.315,45.5302],[10.3302,45.5339],[10.3361,45.5365],[10.3431,45.5374],[10.3436,45.5343]]]}},{"type":"Feature","properties":{"i":"017162","n":"Roccafranca"},"geometry":{"type":"Polygon","coordinates":[[[9.9525,45.4488],[9.9514,45.4453],[9.9487,45.4417],[9.9454,45.4323],[9.9152,45.4347],[9.9136,45.4397],[9.9029,45.4414],[9.895,45.4354],[9.8941,45.4331],[9.895,45.4278],[9.8914,45.4269],[9.8896,45.4273],[9.8886,45.4499],[9.8899,45.4562],[9.8915,45.4573],[9.8923,45.4608],[9.8904,45.4674],[9.8941,45.467],[9.8987,45.4699],[9.9074,45.4784],[9.9168,45.4894],[9.9187,45.4896],[9.9233,45.4878],[9.9279,45.4717],[9.9305,45.4659],[9.9372,45.4638],[9.9435,45.4557],[9.9525,45.4488]]]}},{"type":"Feature","properties":{"i":"017163","n":"Rodengo Saiano"},"geometry":{"type":"Polygon","coordinates":[[[10.1349,45.6117],[10.1307,45.605],[10.13,45.5968],[10.132,45.5962],[10.1309,45.5883],[10.1258,45.5837],[10.1296,45.5762],[10.1302,45.5712],[10.1264,45.5689],[10.1212,45.5731],[10.1114,45.5713],[10.109,45.5696],[10.1056,45.5697],[10.1028,45.5702],[10.0941,45.5738],[10.0971,45.5781],[10.1006,45.5811],[10.1028,45.5815],[10.1043,45.584],[10.1019,45.5865],[10.0882,45.5943],[10.0891,45.5973],[10.0858,45.5993],[10.0878,45.6089],[10.0868,45.612],[10.1039,45.6115],[10.1089,45.6103],[10.1171,45.6118],[10.1349,45.6117]]]}},{"type":"Feature","properties":{"i":"017164","n":"Roè Volciano"},"geometry":{"type":"Polygon","coordinates":[[[10.5228,45.6354],[10.524,45.633],[10.5219,45.6306],[10.5137,45.6254],[10.509,45.618],[10.5094,45.6149],[10.5011,45.6092],[10.4932,45.6076],[10.484,45.6033],[10.4833,45.6011],[10.4775,45.6021],[10.4759,45.6033],[10.4743,45.6074],[10.4749,45.6097],[10.4877,45.6216],[10.4953,45.6266],[10.5152,45.6335],[10.5228,45.6354]]]}},{"type":"Feature","properties":{"i":"017165","n":"Roncadelle"},"geometry":{"type":"Polygon","coordinates":[[[10.1551,45.5231],[10.1382,45.5166],[10.1398,45.5228],[10.1373,45.5254],[10.1143,45.5303],[10.1149,45.5409],[10.1247,45.5387],[10.1291,45.5506],[10.1532,45.5485],[10.1503,45.5454],[10.1476,45.5407],[10.1628,45.5358],[10.1684,45.5377],[10.175,45.5431],[10.1778,45.5409],[10.1646,45.5266],[10.1551,45.5231]]]}},{"type":"Feature","properties":{"i":"017166","n":"Rovato"},"geometry":{"type":"Polygon","coordinates":[[[10.0083,45.5789],[10.0102,45.576],[10.0183,45.5714],[10.0248,45.5654],[10.0337,45.5621],[10.0375,45.5589],[10.0428,45.5497],[10.0431,45.5409],[10.0387,45.5343],[10.0377,45.5307],[10.0376,45.5285],[10.0403,45.5219],[10.0379,45.5188],[10.0339,45.5179],[10.0314,45.516],[10.0054,45.5173],[9.9853,45.5218],[9.9863,45.5276],[9.9813,45.5294],[9.9817,45.5367],[9.9854,45.5439],[9.9869,45.5449],[9.9871,45.5491],[9.9861,45.5527],[9.9818,45.5591],[9.9844,45.5636],[9.9849,45.5688],[9.9804,45.5731],[9.982,45.5746],[9.9911,45.5778],[10.0048,45.5792],[10.0083,45.5789]]]}},{"type":"Feature","properties":{"i":"017167","n":"Rudiano"},"geometry":{"type":"Polygon","coordinates":[[[9.9168,45.4894],[9.9074,45.4784],[9.8987,45.4699],[9.8941,45.467],[9.8919,45.4669],[9.8904,45.4674],[9.8868,45.4727],[9.8826,45.4736],[9.8724,45.4863],[9.8726,45.4895],[9.8692,45.4953],[9.8719,45.4988],[9.8836,45.5041],[9.9038,45.5004],[9.9115,45.4999],[9.918,45.4968],[9.9168,45.4894]]]}},{"type":"Feature","properties":{"i":"017168","n":"Sabbio Chiese"},"geometry":{"type":"Polygon","coordinates":[[[10.4396,45.6681],[10.4391,45.6634],[10.4484,45.6488],[10.451,45.646],[10.4564,45.6435],[10.4673,45.6353],[10.4674,45.63],[10.4711,45.6281],[10.4709,45.6265],[10.4667,45.6246],[10.4599,45.6232],[10.4475,45.6247],[10.4382,45.6269],[10.4381,45.6275],[10.4321,45.6272],[10.4175,45.6221],[10.4162,45.6159],[10.4118,45.6206],[10.4141,45.6227],[10.4139,45.6233],[10.4049,45.6355],[10.4082,45.6421],[10.4067,45.646],[10.4048,45.648],[10.407,45.6596],[10.411,45.6653],[10.4098,45.6672],[10.4098,45.6687],[10.4116,45.6708],[10.422,45.6721],[10.4256,45.6747],[10.4304,45.6694],[10.4349,45.6709],[10.4396,45.6681]]]}},{"type":"Feature","properties":{"i":"017169","n":"Sale Marasino"},"geometry":{"type":"Polygon","coordinates":[[[10.1582,45.7288],[10.1612,45.7275],[10.1624,45.7254],[10.1608,45.7253],[10.1596,45.7193],[10.162,45.7125],[10.1532,45.7127],[10.1507,45.7079],[10.1417,45.6962],[10.1414,45.6835],[10.1359,45.6783],[10.1377,45.6888],[10.129,45.6923],[10.1246,45.691],[10.1228,45.69],[10.1229,45.6891],[10.115,45.6901],[10.1131,45.6906],[10.1074,45.6956],[10.0988,45.6989],[10.1028,45.7118],[10.1012,45.7196],[10.0975,45.7218],[10.108,45.7274],[10.12,45.7313],[10.1295,45.7285],[10.1431,45.7267],[10.1582,45.7288]]]}},{"type":"Feature","properties":{"i":"017170","n":"Salò"},"geometry":{"type":"Polygon","coordinates":[[[10.6285,45.6021],[10.6293,45.5954],[10.5589,45.6002],[10.5465,45.6006],[10.5405,45.6],[10.5313,45.5978],[10.5297,45.5966],[10.5275,45.591],[10.5287,45.5888],[10.5323,45.5877],[10.529,45.585],[10.5194,45.5808],[10.5165,45.5807],[10.5118,45.5827],[10.503,45.5832],[10.4997,45.5817],[10.4938,45.5821],[10.495,45.5854],[10.4957,45.5918],[10.4957,45.5936],[10.4942,45.5973],[10.487,45.6008],[10.4833,45.6011],[10.4832,45.6019],[10.484,45.6033],[10.4932,45.6076],[10.5011,45.6092],[10.5094,45.6149],[10.509,45.618],[10.5137,45.6254],[10.5224,45.6311],[10.524,45.633],[10.5228,45.6354],[10.5299,45.6396],[10.532,45.6426],[10.5325,45.6475],[10.5445,45.6392],[10.5479,45.6342],[10.5481,45.6319],[10.5443,45.6257],[10.5465,45.6203],[10.5592,45.6151],[10.577,45.6128],[10.6285,45.6021]]]}},{"type":"Feature","properties":{"i":"017171","n":"San Felice del Benaco"},"geometry":{"type":"Polygon","coordinates":[[[10.6293,45.5954],[10.6317,45.5741],[10.5501,45.5737],[10.5439,45.5748],[10.5323,45.5877],[10.5287,45.5888],[10.5275,45.591],[10.5297,45.5966],[10.5313,45.5978],[10.5465,45.6006],[10.6293,45.5954]]]}},{"type":"Feature","properties":{"i":"017172","n":"San Gervasio Bresciano"},"geometry":{"type":"Polygon","coordinates":[[[10.1675,45.3128],[10.1672,45.3084],[10.1713,45.2947],[10.1737,45.2932],[10.1764,45.2939],[10.1756,45.2844],[10.1726,45.2842],[10.1714,45.2796],[10.1572,45.2809],[10.1549,45.2847],[10.1461,45.2901],[10.138,45.2908],[10.1339,45.293],[10.1258,45.3018],[10.1277,45.3019],[10.1369,45.3146],[10.1461,45.3174],[10.1502,45.3211],[10.1582,45.3156],[10.1635,45.313],[10.1675,45.3128]]]}},{"type":"Feature","properties":{"i":"017173","n":"San Zeno Naviglio"},"geometry":{"type":"Polygon","coordinates":[[[10.2342,45.4989],[10.2355,45.496],[10.2352,45.4929],[10.2329,45.4923],[10.2271,45.4825],[10.2189,45.4751],[10.2154,45.4743],[10.2075,45.4751],[10.1991,45.4701],[10.1926,45.4693],[10.1948,45.4729],[10.1926,45.4771],[10.1944,45.4833],[10.2036,45.4851],[10.2079,45.4878],[10.2142,45.502],[10.2223,45.5036],[10.2307,45.5011],[10.2342,45.4989]]]}},{"type":"Feature","properties":{"i":"017174","n":"Sarezzo"},"geometry":{"type":"Polygon","coordinates":[[[10.2521,45.6802],[10.2401,45.6796],[10.2348,45.6765],[10.2312,45.6697],[10.2226,45.6576],[10.2268,45.6501],[10.2302,45.6493],[10.2318,45.6461],[10.2265,45.6439],[10.2094,45.6426],[10.2043,45.6402],[10.2007,45.6408],[10.1981,45.6471],[10.1987,45.6516],[10.1878,45.6544],[10.1838,45.6542],[10.1807,45.6551],[10.1756,45.6579],[10.1783,45.6588],[10.178,45.6601],[10.1763,45.6618],[10.1735,45.6627],[10.1686,45.6629],[10.165,45.6609],[10.161,45.6611],[10.1532,45.6684],[10.1549,45.6773],[10.1579,45.6794],[10.1661,45.676],[10.1728,45.675],[10.1978,45.675],[10.204,45.6771],[10.2117,45.683],[10.2445,45.6845],[10.2521,45.6802]]]}},{"type":"Feature","properties":{"i":"017175","n":"Saviore dell'Adamello"},"geometry":{"type":"Polygon","coordinates":[[[10.5543,46.1488],[10.5481,46.1462],[10.5466,46.1443],[10.5459,46.1418],[10.5496,46.1383],[10.5507,46.1237],[10.5479,46.1156],[10.5417,46.104],[10.5353,46.0974],[10.5224,46.0887],[10.5181,46.0828],[10.5092,46.0752],[10.4947,46.0798],[10.4909,46.082],[10.4868,46.0827],[10.4705,46.0728],[10.4612,46.0704],[10.451,46.0703],[10.4212,46.0653],[10.4131,46.0676],[10.4093,46.0702],[10.3996,46.0728],[10.3893,46.0743],[10.3892,46.0813],[10.3953,46.0985],[10.3989,46.1044],[10.4048,46.1112],[10.415,46.1138],[10.4252,46.1111],[10.4347,46.1104],[10.4374,46.1114],[10.4397,46.1137],[10.4406,46.1161],[10.4482,46.1204],[10.4609,46.121],[10.4731,46.1229],[10.4824,46.1283],[10.4935,46.1413],[10.4913,46.1516],[10.4936,46.1541],[10.4962,46.156],[10.5012,46.1564],[10.5144,46.1607],[10.5136,46.1644],[10.5137,46.1705],[10.5162,46.1841],[10.5187,46.1828],[10.5206,46.1828],[10.5312,46.1852],[10.537,46.1877],[10.5414,46.1886],[10.5546,46.1803],[10.5654,46.1667],[10.5605,46.1634],[10.5583,46.1606],[10.5554,46.1549],[10.5543,46.1488]]]}},{"type":"Feature","properties":{"i":"017176","n":"Sellero"},"geometry":{"type":"Polygon","coordinates":[[[10.3447,46.0837],[10.3501,46.0734],[10.3521,46.0567],[10.3535,46.0507],[10.3521,46.0461],[10.3494,46.0437],[10.3444,46.0441],[10.3402,46.0479],[10.3331,46.0497],[10.304,46.0562],[10.2987,46.0561],[10.296,46.0589],[10.2962,46.0645],[10.298,46.0725],[10.2969,46.0764],[10.3132,46.0819],[10.3311,46.0817],[10.3358,46.0823],[10.3392,46.0846],[10.3447,46.0837]]]}},{"type":"Feature","properties":{"i":"017177","n":"Seniga"},"geometry":{"type":"Polygon","coordinates":[[[10.2095,45.2521],[10.2113,45.2505],[10.2138,45.246],[10.214,45.2439],[10.2163,45.2426],[10.2208,45.2418],[10.2219,45.2385],[10.2218,45.2333],[10.2208,45.2262],[10.2198,45.2247],[10.2118,45.228],[10.2049,45.2294],[10.1893,45.2343],[10.1823,45.2374],[10.1804,45.239],[10.165,45.2422],[10.1635,45.2419],[10.1605,45.2393],[10.1538,45.2396],[10.1536,45.2432],[10.1518,45.2488],[10.1524,45.2507],[10.1734,45.263],[10.1765,45.2684],[10.2047,45.2535],[10.2095,45.2521]]]}},{"type":"Feature","properties":{"i":"017178","n":"Serle"},"geometry":{"type":"Polygon","coordinates":[[[10.3575,45.6001],[10.3648,45.5962],[10.3948,45.5923],[10.3941,45.5909],[10.3884,45.5888],[10.3833,45.5812],[10.3817,45.5707],[10.3819,45.5647],[10.3826,45.5628],[10.3799,45.5535],[10.3685,45.551],[10.3667,45.5512],[10.364,45.5523],[10.3638,45.5556],[10.3629,45.5566],[10.3597,45.556],[10.3551,45.5524],[10.3549,45.5557],[10.3453,45.5642],[10.3394,45.567],[10.3356,45.5666],[10.3351,45.5704],[10.3306,45.5794],[10.3253,45.5803],[10.3282,45.5857],[10.3316,45.597],[10.3305,45.6001],[10.3418,45.6013],[10.3575,45.6001]]]}},{"type":"Feature","properties":{"i":"017179","n":"Sirmione"},"geometry":{"type":"Polygon","coordinates":[[[10.6428,45.4626],[10.643,45.4576],[10.6447,45.4536],[10.6476,45.4514],[10.6477,45.4485],[10.6443,45.4449],[10.6306,45.4429],[10.6183,45.4442],[10.6149,45.4471],[10.6145,45.451],[10.6099,45.4556],[10.6051,45.4595],[10.5978,45.4617],[10.5922,45.4671],[10.5787,45.5031],[10.6379,45.5083],[10.6428,45.4626]]]}},{"type":"Feature","properties":{"i":"017180","n":"Soiano del Lago"},"geometry":{"type":"Polygon","coordinates":[[[10.5272,45.5446],[10.5272,45.5358],[10.5226,45.5336],[10.5236,45.531],[10.5155,45.5224],[10.5096,45.5213],[10.5043,45.5228],[10.4895,45.5204],[10.486,45.5182],[10.4825,45.5189],[10.4818,45.521],[10.4841,45.5226],[10.4868,45.5263],[10.4874,45.5309],[10.492,45.5349],[10.4962,45.5373],[10.5102,45.5412],[10.5157,45.5438],[10.5272,45.5446]]]}},{"type":"Feature","properties":{"i":"017181","n":"Sonico"},"geometry":{"type":"Polygon","coordinates":[[[10.4913,46.1516],[10.4935,46.1413],[10.4824,46.1283],[10.4731,46.1229],[10.4609,46.121],[10.4482,46.1204],[10.4406,46.1161],[10.4397,46.1137],[10.4374,46.1114],[10.4347,46.1104],[10.4252,46.1111],[10.415,46.1138],[10.4048,46.1112],[10.3876,46.1127],[10.3836,46.1199],[10.3773,46.1242],[10.3685,46.1218],[10.3633,46.1216],[10.3574,46.1229],[10.3535,46.1252],[10.3502,46.1254],[10.3435,46.1237],[10.335,46.1315],[10.3279,46.1426],[10.3288,46.1491],[10.3318,46.1563],[10.339,46.1694],[10.3475,46.1716],[10.3791,46.1684],[10.3982,46.1613],[10.4286,46.1668],[10.4323,46.1695],[10.4414,46.1728],[10.4494,46.1669],[10.4605,46.1542],[10.4637,46.1518],[10.479,46.1501],[10.4913,46.1516]]]}},{"type":"Feature","properties":{"i":"017182","n":"Sulzano"},"geometry":{"type":"Polygon","coordinates":[[[10.1359,45.6783],[10.134,45.6754],[10.1308,45.6726],[10.1207,45.6681],[10.1121,45.6658],[10.1005,45.6652],[10.0869,45.6756],[10.0814,45.6789],[10.0805,45.681],[10.0807,45.6891],[10.0927,45.6894],[10.0973,45.6936],[10.0988,45.6989],[10.1074,45.6956],[10.1131,45.6906],[10.115,45.6901],[10.1229,45.6891],[10.1228,45.69],[10.1246,45.691],[10.129,45.6923],[10.1377,45.6888],[10.1359,45.6783]]]}},{"type":"Feature","properties":{"i":"017183","n":"Tavernole sul Mella"},"geometry":{"type":"Polygon","coordinates":[[[10.251,45.753],[10.248,45.7494],[10.2511,45.7413],[10.2511,45.7383],[10.2496,45.738],[10.2458,45.7352],[10.2471,45.7329],[10.2464,45.7282],[10.2387,45.7246],[10.2314,45.7284],[10.2196,45.732],[10.2098,45.7372],[10.1938,45.7406],[10.1844,45.7489],[10.1782,45.7523],[10.1739,45.7534],[10.1715,45.7526],[10.1632,45.7611],[10.1675,45.7662],[10.1775,45.7707],[10.1746,45.7672],[10.1771,45.7664],[10.1887,45.7673],[10.1989,45.7704],[10.2166,45.7696],[10.2247,45.7675],[10.2315,45.7604],[10.2357,45.7594],[10.251,45.753]]]}},{"type":"Feature","properties":{"i":"017184","n":"Temù"},"geometry":{"type":"Polygon","coordinates":[[[10.5119,46.1968],[10.506,46.1978],[10.5039,46.1971],[10.5024,46.1953],[10.4896,46.1973],[10.4756,46.2023],[10.4601,46.2065],[10.4579,46.2119],[10.4546,46.2266],[10.4513,46.2485],[10.4564,46.2515],[10.4677,46.2549],[10.469,46.2632],[10.4687,46.2672],[10.4648,46.2722],[10.4658,46.2775],[10.4669,46.2776],[10.4717,46.2813],[10.4716,46.2821],[10.4699,46.2887],[10.4672,46.2914],[10.4584,46.2974],[10.4414,46.3168],[10.4549,46.321],[10.4651,46.3209],[10.4761,46.3123],[10.4867,46.3013],[10.493,46.2995],[10.509,46.2861],[10.51,46.2833],[10.5096,46.27],[10.5008,46.2621],[10.4973,46.2565],[10.4964,46.2433],[10.4975,46.2396],[10.5002,46.2407],[10.5038,46.2374],[10.5077,46.2319],[10.5101,46.2263],[10.5101,46.2251],[10.5064,46.2217],[10.5061,46.2149],[10.5076,46.2125],[10.5168,46.2076],[10.516,46.2039],[10.5119,46.1968]]]}},{"type":"Feature","properties":{"i":"017185","n":"Tignale"},"geometry":{"type":"Polygon","coordinates":[[[10.7631,45.7407],[10.7275,45.7011],[10.708,45.7123],[10.688,45.7261],[10.6842,45.7266],[10.6704,45.7323],[10.6669,45.7347],[10.6533,45.7472],[10.6416,45.7521],[10.6486,45.7558],[10.6508,45.7604],[10.6508,45.7646],[10.6546,45.7684],[10.6668,45.7727],[10.6691,45.7761],[10.6667,45.7829],[10.6734,45.7821],[10.6852,45.7832],[10.7001,45.7828],[10.7136,45.7806],[10.7206,45.7714],[10.7275,45.7643],[10.7365,45.7592],[10.747,45.7484],[10.7631,45.7407]]]}},{"type":"Feature","properties":{"i":"017186","n":"Torbole Casaglia"},"geometry":{"type":"Polygon","coordinates":[[[10.1382,45.5166],[10.1365,45.5163],[10.1339,45.5102],[10.1291,45.5031],[10.1256,45.4949],[10.12,45.4871],[10.1174,45.4857],[10.1142,45.4858],[10.1088,45.4846],[10.1052,45.4785],[10.1006,45.4728],[10.099,45.4765],[10.0941,45.4822],[10.0938,45.4835],[10.0985,45.4863],[10.1036,45.4852],[10.1057,45.4907],[10.0969,45.496],[10.0873,45.5005],[10.0887,45.5049],[10.0959,45.5119],[10.1021,45.5206],[10.1053,45.5311],[10.1142,45.5303],[10.1373,45.5254],[10.1398,45.5228],[10.1382,45.5166]]]}},{"type":"Feature","properties":{"i":"017187","n":"Toscolano-Maderno"},"geometry":{"type":"Polygon","coordinates":[[[10.6814,45.6547],[10.631,45.6095],[10.5852,45.6251],[10.5835,45.6294],[10.5754,45.6392],[10.5681,45.6453],[10.5666,45.6521],[10.5662,45.6592],[10.5607,45.6697],[10.5454,45.6768],[10.5319,45.6751],[10.5484,45.6834],[10.5522,45.6896],[10.552,45.6947],[10.5534,45.6986],[10.5698,45.7014],[10.5845,45.7013],[10.5925,45.6986],[10.6084,45.6872],[10.6087,45.685],[10.6167,45.6796],[10.6274,45.6814],[10.6303,45.6808],[10.6343,45.6788],[10.6355,45.6768],[10.6451,45.6705],[10.6557,45.6674],[10.6814,45.6547]]]}},{"type":"Feature","properties":{"i":"017188","n":"Travagliato"},"geometry":{"type":"Polygon","coordinates":[[[10.1059,45.5435],[10.1149,45.5409],[10.1143,45.5303],[10.1053,45.5311],[10.1021,45.5206],[10.0959,45.5119],[10.0882,45.504],[10.0873,45.5005],[10.0884,45.4994],[10.083,45.497],[10.0789,45.4954],[10.0772,45.4958],[10.0709,45.4993],[10.0631,45.5059],[10.0549,45.5082],[10.0515,45.5084],[10.0432,45.5118],[10.0378,45.5169],[10.0379,45.5188],[10.0403,45.5219],[10.0406,45.5201],[10.0424,45.5205],[10.0491,45.524],[10.059,45.5361],[10.0593,45.5384],[10.0651,45.5377],[10.0702,45.5391],[10.0817,45.5391],[10.0898,45.542],[10.1059,45.5435]]]}},{"type":"Feature","properties":{"i":"017189","n":"Tremosine sul Garda"},"geometry":{"type":"Polygon","coordinates":[[[10.7564,45.83],[10.7551,45.8282],[10.7548,45.8238],[10.7552,45.8181],[10.757,45.8132],[10.7679,45.805],[10.777,45.8008],[10.8081,45.7966],[10.772,45.7508],[10.7631,45.7407],[10.747,45.7484],[10.7365,45.7592],[10.7275,45.7643],[10.7206,45.7714],[10.7136,45.7806],[10.7001,45.7828],[10.6852,45.7832],[10.6734,45.7821],[10.6667,45.7829],[10.6626,45.789],[10.6496,45.8007],[10.6414,45.8019],[10.645,45.8037],[10.6507,45.8122],[10.6539,45.8206],[10.6545,45.8276],[10.6561,45.8323],[10.6771,45.8309],[10.6825,45.8326],[10.6904,45.8363],[10.6956,45.8399],[10.7068,45.8365],[10.711,45.8361],[10.7173,45.8369],[10.7225,45.8412],[10.7258,45.8421],[10.7356,45.8427],[10.7452,45.8399],[10.7485,45.8379],[10.7564,45.83]]]}},{"type":"Feature","properties":{"i":"017190","n":"Trenzano"},"geometry":{"type":"Polygon","coordinates":[[[10.0239,45.4954],[10.0257,45.4926],[10.0293,45.482],[10.0354,45.4699],[10.0189,45.4561],[10.0148,45.4529],[10.0008,45.4567],[9.9967,45.4597],[9.992,45.4611],[9.9869,45.4609],[9.9854,45.459],[9.9839,45.454],[9.9749,45.4565],[9.9734,45.4687],[9.97,45.4764],[9.9723,45.4906],[9.9806,45.4876],[9.9857,45.4872],[9.9947,45.4938],[9.9986,45.5034],[10.0018,45.5032],[10.0073,45.4973],[10.0115,45.4954],[10.0128,45.4976],[10.0124,45.5073],[10.0106,45.511],[10.0107,45.517],[10.0192,45.5166],[10.018,45.5125],[10.0222,45.5036],[10.0239,45.4954]]]}},{"type":"Feature","properties":{"i":"017191","n":"Treviso Bresciano"},"geometry":{"type":"Polygon","coordinates":[[[10.5145,45.7318],[10.517,45.7266],[10.5045,45.7202],[10.499,45.7139],[10.4943,45.7044],[10.4931,45.6966],[10.4839,45.6925],[10.4793,45.6919],[10.4706,45.6925],[10.4587,45.6991],[10.456,45.6998],[10.4442,45.7001],[10.4303,45.7036],[10.4276,45.71],[10.4291,45.7168],[10.4356,45.7218],[10.4433,45.7307],[10.4481,45.7303],[10.4514,45.7288],[10.46,45.723],[10.4653,45.7213],[10.4713,45.7209],[10.4841,45.726],[10.4945,45.7283],[10.5093,45.7332],[10.5145,45.7318]]]}},{"type":"Feature","properties":{"i":"017192","n":"Urago d'Oglio"},"geometry":{"type":"Polygon","coordinates":[[[9.8676,45.5426],[9.8674,45.5371],[9.8767,45.5272],[9.8923,45.5258],[9.8941,45.5238],[9.8937,45.5153],[9.8872,45.5067],[9.8945,45.5066],[9.9054,45.5046],[9.906,45.5036],[9.9038,45.5004],[9.8836,45.5041],[9.8719,45.4988],[9.8692,45.4953],[9.8637,45.4963],[9.8631,45.4978],[9.8647,45.4996],[9.8645,45.5041],[9.8625,45.5102],[9.8588,45.516],[9.8528,45.5198],[9.8533,45.54],[9.8547,45.543],[9.8576,45.5462],[9.863,45.5451],[9.8676,45.5426]]]}},{"type":"Feature","properties":{"i":"017193","n":"Vallio Terme"},"geometry":{"type":"Polygon","coordinates":[[[10.4162,45.6159],[10.419,45.615],[10.4207,45.6127],[10.4195,45.6072],[10.4052,45.606],[10.4029,45.5943],[10.4016,45.5926],[10.3979,45.5931],[10.3932,45.5924],[10.3648,45.5962],[10.3575,45.6001],[10.3593,45.6016],[10.362,45.6061],[10.362,45.6104],[10.3591,45.6211],[10.3612,45.6233],[10.3725,45.6274],[10.3792,45.6224],[10.3817,45.6225],[10.3898,45.6287],[10.3971,45.6297],[10.4012,45.6316],[10.4031,45.6327],[10.4049,45.6355],[10.4139,45.6233],[10.4141,45.6227],[10.4118,45.6206],[10.4162,45.6159]]]}},{"type":"Feature","properties":{"i":"017194","n":"Valvestino"},"geometry":{"type":"Polygon","coordinates":[[[10.6452,45.7541],[10.6252,45.743],[10.6159,45.7395],[10.6048,45.7334],[10.5951,45.7325],[10.5717,45.7261],[10.565,45.7289],[10.563,45.7315],[10.5634,45.7353],[10.5664,45.7374],[10.5701,45.7423],[10.5709,45.7484],[10.5701,45.7508],[10.567,45.7564],[10.5599,45.7655],[10.5569,45.7682],[10.5525,45.77],[10.5472,45.7743],[10.5516,45.7767],[10.5482,45.7819],[10.5454,45.7847],[10.5537,45.7839],[10.5643,45.7846],[10.5747,45.787],[10.5811,45.7895],[10.5824,45.7943],[10.5897,45.7981],[10.5977,45.7997],[10.6019,45.7981],[10.6087,45.7986],[10.613,45.7958],[10.6126,45.7902],[10.6115,45.7877],[10.6046,45.7806],[10.6011,45.7697],[10.6045,45.7669],[10.613,45.7702],[10.6202,45.7685],[10.6202,45.7631],[10.6225,45.7596],[10.6247,45.7594],[10.6337,45.7623],[10.6416,45.7625],[10.6428,45.7616],[10.6452,45.7541]]]}},{"type":"Feature","properties":{"i":"017195","n":"Verolanuova"},"geometry":{"type":"Polygon","coordinates":[[[10.0732,45.3738],[10.0788,45.3658],[10.0867,45.3652],[10.0891,45.3643],[10.1042,45.3526],[10.1013,45.3374],[10.1051,45.3322],[10.1077,45.3314],[10.107,45.327],[10.1107,45.3202],[10.1191,45.3169],[10.1151,45.31],[10.1101,45.3111],[10.0994,45.3069],[10.0803,45.3055],[10.0654,45.302],[10.0613,45.3001],[10.0578,45.314],[10.0709,45.34],[10.0753,45.3446],[10.0782,45.3508],[10.0709,45.3527],[10.0491,45.3456],[10.0368,45.3482],[10.0355,45.3496],[10.0528,45.3729],[10.0567,45.375],[10.0732,45.3738]]]}},{"type":"Feature","properties":{"i":"017196","n":"Verolavecchia"},"geometry":{"type":"Polygon","coordinates":[[[10.0613,45.3001],[10.0627,45.2958],[10.0674,45.2933],[10.0622,45.2768],[10.0495,45.2804],[10.0293,45.2768],[10.0194,45.284],[10.0219,45.2887],[10.0258,45.2914],[10.032,45.2936],[10.0369,45.3064],[10.0372,45.309],[10.0353,45.3194],[10.0277,45.3286],[10.0253,45.3357],[10.0355,45.349],[10.0491,45.3456],[10.0709,45.3527],[10.0782,45.3508],[10.0753,45.3446],[10.0709,45.34],[10.0578,45.314],[10.0613,45.3001]]]}},{"type":"Feature","properties":{"i":"017197","n":"Vestone"},"geometry":{"type":"Polygon","coordinates":[[[10.4356,45.7218],[10.4301,45.718],[10.4279,45.7133],[10.4276,45.71],[10.4303,45.7036],[10.4328,45.7031],[10.4297,45.702],[10.4215,45.7009],[10.4143,45.7014],[10.4077,45.7007],[10.4022,45.6993],[10.3998,45.6978],[10.3941,45.6972],[10.3884,45.695],[10.3844,45.6908],[10.3751,45.6882],[10.3658,45.6967],[10.3608,45.6975],[10.3705,45.7015],[10.3768,45.7061],[10.3784,45.7103],[10.3804,45.7121],[10.3893,45.7168],[10.3891,45.7235],[10.3946,45.7239],[10.4109,45.7277],[10.4198,45.7314],[10.4251,45.7259],[10.4356,45.7218]]]}},{"type":"Feature","properties":{"i":"017198","n":"Vezza d'Oglio"},"geometry":{"type":"Polygon","coordinates":[[[10.4408,46.3168],[10.4306,46.311],[10.4217,46.3008],[10.4194,46.2951],[10.424,46.2899],[10.4262,46.2847],[10.4237,46.2805],[10.4111,46.266],[10.4107,46.2563],[10.4214,46.2452],[10.424,46.2403],[10.4242,46.2394],[10.4222,46.2399],[10.4179,46.2386],[10.42,46.2313],[10.4251,46.2216],[10.4336,46.2101],[10.4326,46.2046],[10.4278,46.2046],[10.3994,46.1985],[10.3958,46.2026],[10.3963,46.2061],[10.3915,46.2191],[10.3864,46.2209],[10.3726,46.2335],[10.3728,46.2404],[10.3704,46.2485],[10.3574,46.2604],[10.3489,46.276],[10.3447,46.2782],[10.3413,46.2785],[10.3391,46.2863],[10.3469,46.2905],[10.3714,46.2936],[10.3864,46.3045],[10.3984,46.3162],[10.4197,46.3337],[10.4272,46.3365],[10.4328,46.3371],[10.433,46.3324],[10.4408,46.3168]]]}},{"type":"Feature","properties":{"i":"017199","n":"Villa Carcina"},"geometry":{"type":"Polygon","coordinates":[[[10.231,45.6458],[10.2323,45.6446],[10.2321,45.637],[10.2282,45.637],[10.2246,45.6356],[10.2206,45.6294],[10.2158,45.6241],[10.2029,45.62],[10.1864,45.6186],[10.1758,45.6204],[10.1738,45.6213],[10.1658,45.6297],[10.1622,45.6357],[10.1681,45.6535],[10.1756,45.6579],[10.1822,45.6544],[10.1878,45.6544],[10.1987,45.6516],[10.1981,45.6471],[10.2009,45.6408],[10.2043,45.6402],[10.2094,45.6426],[10.2265,45.6439],[10.231,45.6458]]]}},{"type":"Feature","properties":{"i":"017200","n":"Villachiara"},"geometry":{"type":"Polygon","coordinates":[[[9.9442,45.3551],[9.9441,45.3491],[9.9412,45.3478],[9.9401,45.3421],[9.9403,45.341],[9.9451,45.3377],[9.9455,45.3342],[9.9346,45.3318],[9.9326,45.3302],[9.9328,45.3289],[9.9305,45.3284],[9.9246,45.3309],[9.9212,45.3337],[9.9155,45.3363],[9.9114,45.3376],[9.9039,45.3376],[9.898,45.3385],[9.8941,45.3421],[9.8859,45.3558],[9.8833,45.3576],[9.8887,45.3606],[9.8894,45.3599],[9.8948,45.3609],[9.8956,45.3643],[9.9013,45.3729],[9.9128,45.3746],[9.9138,45.3785],[9.9121,45.38],[9.9129,45.3846],[9.9208,45.3839],[9.9255,45.3825],[9.926,45.3789],[9.9252,45.3704],[9.937,45.3647],[9.9442,45.3551]]]}},{"type":"Feature","properties":{"i":"017201","n":"Villanuova sul Clisi"},"geometry":{"type":"Polygon","coordinates":[[[10.4909,45.6235],[10.4826,45.6175],[10.4749,45.6097],[10.4743,45.6074],[10.4759,45.6033],[10.4777,45.6015],[10.4777,45.6001],[10.4755,45.5976],[10.4578,45.5908],[10.4425,45.5952],[10.4401,45.598],[10.4433,45.6014],[10.4512,45.6038],[10.45,45.6115],[10.4461,45.6253],[10.4563,45.6233],[10.4612,45.6233],[10.4687,45.6253],[10.4709,45.6265],[10.4711,45.6281],[10.4798,45.6293],[10.4865,45.627],[10.4909,45.6235]]]}},{"type":"Feature","properties":{"i":"017202","n":"Vione"},"geometry":{"type":"Polygon","coordinates":[[[10.4414,46.3168],[10.4584,46.2974],[10.4672,46.2914],[10.4699,46.2887],[10.4717,46.2813],[10.4669,46.2776],[10.4658,46.2775],[10.4648,46.2722],[10.4687,46.2672],[10.469,46.2632],[10.4677,46.2549],[10.4564,46.2515],[10.4513,46.2485],[10.4546,46.2266],[10.4579,46.2119],[10.4601,46.2065],[10.4554,46.2049],[10.4438,46.203],[10.4363,46.203],[10.4326,46.2046],[10.4336,46.2101],[10.4251,46.2216],[10.42,46.2313],[10.4179,46.2386],[10.4222,46.2399],[10.4242,46.2395],[10.4214,46.2452],[10.4107,46.2563],[10.4111,46.266],[10.4237,46.2805],[10.4262,46.2847],[10.424,46.2899],[10.4194,46.2951],[10.4217,46.3008],[10.4306,46.311],[10.4414,46.3168]]]}},{"type":"Feature","properties":{"i":"017203","n":"Visano"},"geometry":{"type":"Polygon","coordinates":[[[10.3916,45.3137],[10.3949,45.309],[10.3864,45.2985],[10.3856,45.2958],[10.384,45.2948],[10.3697,45.3],[10.3443,45.3004],[10.3395,45.3026],[10.3413,45.3176],[10.3421,45.3192],[10.3489,45.3191],[10.3536,45.3262],[10.365,45.3306],[10.3716,45.3321],[10.3916,45.3137]]]}},{"type":"Feature","properties":{"i":"017204","n":"Vobarno"},"geometry":{"type":"Polygon","coordinates":[[[10.5452,45.7158],[10.5425,45.7115],[10.5364,45.7091],[10.5338,45.7062],[10.5534,45.6986],[10.552,45.6947],[10.5522,45.6896],[10.5484,45.6834],[10.5319,45.6751],[10.5335,45.6741],[10.5351,45.6709],[10.532,45.6426],[10.5291,45.6389],[10.5228,45.6354],[10.5152,45.6335],[10.4953,45.6266],[10.4909,45.6235],[10.4865,45.627],[10.4801,45.6293],[10.4711,45.6281],[10.4674,45.63],[10.4673,45.6353],[10.4564,45.6435],[10.451,45.646],[10.4484,45.6488],[10.4391,45.6634],[10.4396,45.6681],[10.4486,45.6749],[10.4539,45.6758],[10.463,45.6757],[10.4756,45.6728],[10.4842,45.6774],[10.4825,45.6851],[10.4769,45.6922],[10.4839,45.6925],[10.4931,45.6966],[10.4943,45.7044],[10.499,45.7139],[10.5045,45.7202],[10.5142,45.7255],[10.517,45.7266],[10.5325,45.7177],[10.5429,45.7173],[10.5452,45.7158]]]}},{"type":"Feature","properties":{"i":"017205","n":"Zone"},"geometry":{"type":"Polygon","coordinates":[[[10.1632,45.7611],[10.1715,45.7526],[10.1744,45.7432],[10.1543,45.7388],[10.1395,45.7432],[10.1086,45.7427],[10.1042,45.7438],[10.1013,45.7508],[10.0968,45.7555],[10.0949,45.7669],[10.0905,45.7703],[10.0989,45.7713],[10.1078,45.7753],[10.1142,45.7808],[10.1174,45.7853],[10.1487,45.7708],[10.1605,45.7623],[10.1632,45.7611]]]}},{"type":"Feature","properties":{"i":"017206","n":"Piancogno"},"geometry":{"type":"Polygon","coordinates":[[[10.2251,45.9418],[10.2289,45.9376],[10.2339,45.936],[10.2422,45.9399],[10.2531,45.9418],[10.2558,45.9413],[10.247,45.9376],[10.2462,45.9358],[10.2469,45.9324],[10.2326,45.9237],[10.229,45.9151],[10.2239,45.909],[10.2198,45.9055],[10.2168,45.9044],[10.2167,45.9096],[10.1979,45.9236],[10.1913,45.9252],[10.1869,45.9236],[10.1723,45.9271],[10.168,45.9246],[10.1605,45.9254],[10.1588,45.9275],[10.1591,45.9321],[10.1552,45.9361],[10.149,45.9366],[10.1421,45.9349],[10.1324,45.9358],[10.1289,45.9373],[10.1312,45.9431],[10.1367,45.9473],[10.1452,45.9471],[10.1506,45.9462],[10.1693,45.9405],[10.1733,45.9377],[10.1771,45.9336],[10.1785,45.9315],[10.1779,45.9303],[10.1797,45.9277],[10.1833,45.9266],[10.1879,45.9266],[10.1918,45.927],[10.1998,45.9309],[10.2044,45.9354],[10.2048,45.9377],[10.2119,45.9422],[10.2148,45.9426],[10.2233,45.9409],[10.2251,45.9418]]]}}]}
