{"type":"FeatureCollection","fonte":"Confini comunali ISTAT via openpolis/geojson-italy — CC BY 4.0","features":[{"type":"Feature","properties":{"i":"021001","n":"Aldino"},"geometry":{"type":"Polygon","coordinates":[[[11.4769,46.3639],[11.4783,46.362],[11.4796,46.3561],[11.4769,46.3536],[11.4728,46.3518],[11.465,46.3516],[11.4621,46.35],[11.4593,46.3463],[11.4587,46.3408],[11.4545,46.3347],[11.4191,46.3254],[11.4043,46.325],[11.404,46.3261],[11.4017,46.3272],[11.3962,46.3272],[11.3891,46.3226],[11.3789,46.3273],[11.3914,46.3311],[11.3873,46.3329],[11.3815,46.334],[11.3772,46.3328],[11.3728,46.333],[11.365,46.3364],[11.3603,46.3404],[11.3486,46.3456],[11.3285,46.3463],[11.3137,46.3439],[11.3167,46.3541],[11.3232,46.3643],[11.3264,46.3717],[11.3262,46.3764],[11.3221,46.3883],[11.3223,46.3895],[11.3261,46.3915],[11.3347,46.3907],[11.34,46.397],[11.3396,46.4012],[11.3611,46.3952],[11.3642,46.3911],[11.3694,46.3869],[11.378,46.384],[11.383,46.3834],[11.3944,46.3858],[11.4021,46.3884],[11.4073,46.3863],[11.4217,46.3784],[11.4338,46.3752],[11.4468,46.3729],[11.4655,46.3712],[11.4732,46.3653],[11.4769,46.3639]]]}},{"type":"Feature","properties":{"i":"021002","n":"Andriano"},"geometry":{"type":"Polygon","coordinates":[[[11.2488,46.516],[11.2445,46.5134],[11.2373,46.5052],[11.2285,46.5062],[11.2254,46.5073],[11.222,46.5134],[11.2167,46.5176],[11.2115,46.5204],[11.2074,46.5208],[11.207,46.5237],[11.2194,46.5273],[11.2441,46.5279],[11.249,46.5268],[11.2488,46.516]]]}},{"type":"Feature","properties":{"i":"021003","n":"Anterivo"},"geometry":{"type":"Polygon","coordinates":[[[11.3589,46.2961],[11.3736,46.293],[11.385,46.2859],[11.3868,46.2801],[11.3897,46.2786],[11.3947,46.2738],[11.3976,46.2648],[11.3896,46.2623],[11.3773,46.262],[11.3739,46.2639],[11.3724,46.2639],[11.3702,46.2625],[11.3588,46.2657],[11.357,46.2706],[11.3572,46.2739],[11.3562,46.2764],[11.3489,46.2795],[11.3444,46.2803],[11.3419,46.2818],[11.3363,46.2896],[11.3403,46.2979],[11.3464,46.2945],[11.3589,46.2961]]]}},{"type":"Feature","properties":{"i":"021004","n":"Appiano sulla strada del vino"},"geometry":{"type":"Polygon","coordinates":[[[11.2488,46.516],[11.2469,46.5135],[11.25,46.5072],[11.2591,46.5026],[11.2686,46.5015],[11.2691,46.5001],[11.2711,46.4987],[11.2775,46.4975],[11.2814,46.4957],[11.2982,46.4829],[11.3014,46.4785],[11.3008,46.4704],[11.3014,46.458],[11.3024,46.4537],[11.307,46.4491],[11.3031,46.4477],[11.3063,46.4424],[11.3063,46.4396],[11.3056,46.4355],[11.2983,46.4167],[11.2916,46.4029],[11.2752,46.4142],[11.2627,46.426],[11.2616,46.4279],[11.2602,46.4346],[11.2594,46.4414],[11.2604,46.4435],[11.2547,46.4439],[11.2424,46.4426],[11.2379,46.439],[11.2347,46.4376],[11.2178,46.4419],[11.2161,46.4485],[11.213,46.4505],[11.2124,46.4554],[11.2183,46.4563],[11.2204,46.4603],[11.2204,46.4627],[11.2195,46.4682],[11.2171,46.4743],[11.2147,46.4776],[11.2122,46.4774],[11.2124,46.4816],[11.2108,46.4911],[11.2062,46.497],[11.1903,46.5062],[11.1837,46.5116],[11.2074,46.5208],[11.2115,46.5204],[11.2167,46.5176],[11.222,46.5134],[11.2254,46.5073],[11.2285,46.5062],[11.2373,46.5052],[11.2445,46.5134],[11.2488,46.516]]]}},{"type":"Feature","properties":{"i":"021005","n":"Avelengo"},"geometry":{"type":"Polygon","coordinates":[[[11.2888,46.6538],[11.2809,46.6546],[11.2768,46.6473],[11.2595,46.6386],[11.2574,46.6366],[11.2554,46.6331],[11.2438,46.6308],[11.2296,46.6313],[11.2223,46.6276],[11.2144,46.626],[11.2134,46.6329],[11.2111,46.6349],[11.2128,46.6367],[11.2125,46.6376],[11.2087,46.6419],[11.2064,46.6422],[11.2056,46.6459],[11.2066,46.6522],[11.2125,46.6611],[11.217,46.6628],[11.2285,46.6644],[11.2361,46.6676],[11.2397,46.6717],[11.2397,46.6761],[11.2465,46.6807],[11.251,46.6823],[11.2602,46.6822],[11.2639,46.689],[11.2755,46.702],[11.2783,46.6984],[11.2897,46.6922],[11.289,46.6894],[11.2824,46.6799],[11.2778,46.6762],[11.2844,46.661],[11.2862,46.6581],[11.2883,46.6574],[11.2912,46.6537],[11.2888,46.6538]]]}},{"type":"Feature","properties":{"i":"021006","n":"Badia"},"geometry":{"type":"Polygon","coordinates":[[[11.9512,46.6144],[11.9503,46.6104],[11.9513,46.6029],[11.9691,46.5811],[11.977,46.5758],[11.9881,46.5718],[11.9966,46.5666],[12.0016,46.5581],[12.014,46.5509],[12.0017,46.5359],[11.9984,46.5329],[11.9876,46.5453],[11.9678,46.5446],[11.952,46.5405],[11.9495,46.5392],[11.9455,46.5294],[11.94,46.5284],[11.9339,46.5279],[11.9294,46.5285],[11.9147,46.5329],[11.9161,46.5356],[11.9149,46.5426],[11.9028,46.5539],[11.8932,46.5583],[11.8797,46.5613],[11.8687,46.5672],[11.863,46.5681],[11.8591,46.5719],[11.8579,46.5736],[11.8558,46.5855],[11.8525,46.5914],[11.8484,46.5945],[11.8468,46.6043],[11.8469,46.6054],[11.8521,46.6106],[11.8616,46.6177],[11.8635,46.6242],[11.8692,46.6305],[11.8815,46.639],[11.8865,46.6372],[11.8898,46.6373],[11.8948,46.6401],[11.9001,46.6399],[11.9047,46.632],[11.9091,46.6303],[11.9192,46.6309],[11.9192,46.627],[11.9228,46.6231],[11.9273,46.6237],[11.9445,46.6176],[11.9512,46.6144]]]}},{"type":"Feature","properties":{"i":"021007","n":"Barbiano"},"geometry":{"type":"Polygon","coordinates":[[[11.5384,46.6138],[11.5345,46.6111],[11.534,46.6071],[11.5317,46.6008],[11.523,46.5846],[11.5235,46.5794],[11.5165,46.5811],[11.5016,46.5821],[11.4897,46.5918],[11.4852,46.594],[11.4655,46.5933],[11.4578,46.5952],[11.4512,46.599],[11.4486,46.6048],[11.4504,46.6176],[11.4561,46.6282],[11.46,46.6336],[11.4618,46.6312],[11.4668,46.6283],[11.4707,46.6299],[11.4819,46.6276],[11.4873,46.623],[11.4932,46.6203],[11.497,46.6214],[11.5117,46.6228],[11.5246,46.6199],[11.532,46.6172],[11.5384,46.6138]]]}},{"type":"Feature","properties":{"i":"021008","n":"Bolzano"},"geometry":{"type":"Polygon","coordinates":[[[11.3642,46.5272],[11.3556,46.514],[11.3577,46.512],[11.3664,46.5087],[11.3796,46.5076],[11.3865,46.5082],[11.3886,46.5059],[11.3864,46.5033],[11.3866,46.5023],[11.3879,46.5016],[11.3914,46.5009],[11.4017,46.5011],[11.4227,46.4924],[11.4276,46.4925],[11.4327,46.4941],[11.4287,46.4902],[11.4243,46.4889],[11.4199,46.4897],[11.4098,46.4941],[11.3955,46.4943],[11.3917,46.493],[11.3966,46.4858],[11.4039,46.4811],[11.4049,46.4721],[11.408,46.4667],[11.4165,46.4599],[11.4112,46.4541],[11.4095,46.4532],[11.4038,46.4526],[11.3985,46.4548],[11.3888,46.4534],[11.385,46.4504],[11.381,46.4494],[11.3784,46.4508],[11.3643,46.4693],[11.3594,46.4726],[11.3533,46.4708],[11.3445,46.4651],[11.3381,46.4661],[11.3347,46.4647],[11.3231,46.4576],[11.3213,46.453],[11.3212,46.4507],[11.3154,46.4463],[11.3085,46.447],[11.302,46.4548],[11.3008,46.4704],[11.3014,46.4785],[11.2982,46.4829],[11.2847,46.4937],[11.2788,46.4971],[11.2754,46.4978],[11.2891,46.5079],[11.2915,46.5087],[11.3009,46.506],[11.3103,46.5065],[11.3181,46.5091],[11.3209,46.5131],[11.3291,46.5192],[11.3374,46.5225],[11.3473,46.5234],[11.3552,46.5297],[11.3642,46.5272]]]}},{"type":"Feature","properties":{"i":"021009","n":"Braies"},"geometry":{"type":"Polygon","coordinates":[[[12.1833,46.6994],[12.185,46.6978],[12.1869,46.6923],[12.1828,46.6837],[12.1824,46.6797],[12.1855,46.6721],[12.1976,46.662],[12.203,46.6534],[12.2027,46.643],[12.1865,46.6396],[12.1835,46.6402],[12.1829,46.641],[12.173,46.6423],[12.164,46.6384],[12.1481,46.6342],[12.1464,46.6342],[12.1436,46.6355],[12.1305,46.6441],[12.1272,46.6447],[12.1128,46.6519],[12.11,46.6538],[12.1092,46.6556],[12.0783,46.6717],[12.0755,46.6744],[12.0683,46.6751],[12.0649,46.6742],[12.0581,46.6752],[12.037,46.6764],[12.0303,46.6784],[12.022,46.6827],[12.019,46.6855],[12.0232,46.693],[12.0273,46.6965],[12.0484,46.7018],[12.0554,46.7094],[12.0536,46.7131],[12.0666,46.7163],[12.0772,46.7233],[12.0779,46.7255],[12.0751,46.7317],[12.0797,46.7309],[12.0915,46.7309],[12.0956,46.7321],[12.0992,46.7358],[12.1138,46.7318],[12.1183,46.7311],[12.1254,46.7321],[12.1296,46.7331],[12.1308,46.7359],[12.1284,46.7361],[12.1273,46.7416],[12.1309,46.7438],[12.1428,46.7387],[12.1466,46.7349],[12.1512,46.7331],[12.164,46.714],[12.1643,46.7116],[12.1719,46.7082],[12.1773,46.7072],[12.1776,46.6997],[12.1783,46.6986],[12.1799,46.6981],[12.1833,46.6994]]]}},{"type":"Feature","properties":{"i":"021010","n":"Brennero"},"geometry":{"type":"Polygon","coordinates":[[[11.5381,46.9841],[11.5372,46.9798],[11.5266,46.974],[11.5234,46.9713],[11.5189,46.9646],[11.5104,46.9581],[11.5066,46.9525],[11.5022,46.9383],[11.4822,46.9366],[11.4532,46.9315],[11.4317,46.9366],[11.4192,46.9365],[11.3991,46.9351],[11.3899,46.9333],[11.3817,46.9267],[11.3737,46.9258],[11.3674,46.9261],[11.3528,46.921],[11.3444,46.9211],[11.3291,46.9284],[11.2917,46.9429],[11.2718,46.9512],[11.2658,46.9548],[11.2632,46.9575],[11.2631,46.9586],[11.2599,46.9605],[11.2558,46.9622],[11.25,46.9623],[11.2475,46.9632],[11.2413,46.9675],[11.2414,46.9696],[11.2486,46.9738],[11.2585,46.9776],[11.2865,46.9842],[11.2994,46.9839],[11.3114,46.9871],[11.3193,46.9924],[11.3322,46.9885],[11.3352,46.9866],[11.3422,46.9876],[11.3475,46.9902],[11.3583,46.9904],[11.3729,46.9808],[11.3807,46.9725],[11.3842,46.9704],[11.4011,46.965],[11.4058,46.9652],[11.4251,46.969],[11.4367,46.9744],[11.4427,46.9783],[11.4445,46.983],[11.4529,46.9921],[11.4555,46.9928],[11.4613,46.9923],[11.4671,46.9944],[11.4691,46.9973],[11.4711,47.0037],[11.4777,47.0103],[11.4799,47.011],[11.4987,47.0096],[11.5153,47.0021],[11.5324,46.9916],[11.534,46.9894],[11.5335,46.9877],[11.5381,46.9841]]]}},{"type":"Feature","properties":{"i":"021011","n":"Bressanone"},"geometry":{"type":"Polygon","coordinates":[[[11.6877,46.7445],[11.7021,46.7393],[11.7041,46.7402],[11.7032,46.7426],[11.7059,46.7447],[11.7149,46.7454],[11.7212,46.7423],[11.7216,46.7358],[11.7239,46.7311],[11.7387,46.7211],[11.7399,46.7176],[11.7413,46.712],[11.7411,46.7087],[11.7329,46.7005],[11.7335,46.6954],[11.7386,46.6926],[11.743,46.692],[11.7521,46.6943],[11.7595,46.6928],[11.7629,46.6903],[11.7766,46.6845],[11.7885,46.6706],[11.7913,46.6695],[11.7939,46.6695],[11.7916,46.6679],[11.766,46.6671],[11.7599,46.6651],[11.7495,46.6646],[11.7412,46.6657],[11.7302,46.6693],[11.7193,46.6697],[11.7036,46.6664],[11.6885,46.66],[11.6794,46.6578],[11.6709,46.6604],[11.6422,46.6723],[11.6359,46.6738],[11.6293,46.6693],[11.6166,46.6653],[11.613,46.6648],[11.6154,46.6658],[11.6186,46.6695],[11.6227,46.6794],[11.6274,46.6834],[11.6274,46.6853],[11.6242,46.6889],[11.6109,46.6981],[11.5937,46.7024],[11.584,46.709],[11.5962,46.7176],[11.6152,46.7266],[11.6241,46.7317],[11.6328,46.7307],[11.6379,46.7248],[11.65,46.7263],[11.6541,46.7285],[11.6566,46.732],[11.6575,46.7369],[11.6613,46.739],[11.6706,46.7476],[11.6726,46.7477],[11.6766,46.7445],[11.6779,46.7422],[11.6835,46.7416],[11.6877,46.7445]]]}},{"type":"Feature","properties":{"i":"021012","n":"Bronzolo"},"geometry":{"type":"Polygon","coordinates":[[[11.3425,46.4044],[11.3396,46.4012],[11.34,46.397],[11.3347,46.3907],[11.3261,46.3915],[11.3223,46.3895],[11.3221,46.3883],[11.316,46.3878],[11.3156,46.3848],[11.3179,46.3791],[11.311,46.377],[11.3075,46.3777],[11.3062,46.3825],[11.3109,46.386],[11.3122,46.3888],[11.2963,46.3912],[11.296,46.3919],[11.297,46.3951],[11.3074,46.4062],[11.3126,46.4099],[11.3151,46.4143],[11.3276,46.4125],[11.3351,46.4093],[11.3425,46.4044]]]}},{"type":"Feature","properties":{"i":"021013","n":"Brunico"},"geometry":{"type":"Polygon","coordinates":[[[11.989,46.8184],[11.9833,46.8118],[11.9758,46.7953],[11.975,46.7958],[11.9726,46.7948],[11.9673,46.7903],[11.9686,46.7894],[11.9839,46.7892],[11.9826,46.7892],[11.9808,46.7879],[11.9916,46.7846],[11.9895,46.7821],[11.9883,46.7763],[11.99,46.7718],[11.993,46.7677],[11.9941,46.7637],[11.9928,46.7609],[11.9912,46.76],[11.9883,46.7617],[11.9864,46.7616],[11.9784,46.758],[11.9772,46.7564],[11.9769,46.7537],[11.9734,46.7495],[11.9666,46.7434],[11.9589,46.7388],[11.946,46.745],[11.9344,46.7459],[11.9345,46.7507],[11.9367,46.7642],[11.9239,46.7768],[11.9156,46.7884],[11.911,46.7874],[11.9076,46.7898],[11.9067,46.799],[11.9035,46.8009],[11.9049,46.8032],[11.9159,46.8081],[11.9099,46.8185],[11.9151,46.8256],[11.9082,46.8392],[11.9016,46.8462],[11.9049,46.8471],[11.9141,46.8428],[11.9176,46.8398],[11.9235,46.8372],[11.9308,46.8364],[11.9388,46.8314],[11.9378,46.8271],[11.9396,46.8234],[11.9432,46.8214],[11.9666,46.824],[11.9774,46.8228],[11.989,46.8184]]]}},{"type":"Feature","properties":{"i":"021014","n":"Caines"},"geometry":{"type":"Polygon","coordinates":[[[11.1828,46.6954],[11.178,46.6905],[11.1751,46.691],[11.1644,46.6988],[11.1595,46.7072],[11.165,46.7133],[11.1673,46.7136],[11.169,46.7099],[11.1686,46.7056],[11.1723,46.7005],[11.1784,46.6963],[11.1828,46.6954]]]}},{"type":"Feature","properties":{"i":"021015","n":"Caldaro sulla strada del vino"},"geometry":{"type":"Polygon","coordinates":[[[11.2916,46.4029],[11.2919,46.3981],[11.2834,46.3873],[11.2739,46.3842],[11.2707,46.3809],[11.2753,46.3624],[11.2678,46.3603],[11.2681,46.3575],[11.2732,46.3588],[11.2763,46.3583],[11.2813,46.3545],[11.2768,46.35],[11.2756,46.3473],[11.2731,46.3467],[11.2708,46.3394],[11.2714,46.3352],[11.2628,46.3239],[11.2435,46.3305],[11.2459,46.3337],[11.2511,46.3375],[11.2608,46.3468],[11.2594,46.3537],[11.2565,46.3541],[11.2548,46.3597],[11.255,46.3634],[11.2532,46.3657],[11.2508,46.3667],[11.2472,46.3667],[11.2411,46.3655],[11.2368,46.3635],[11.2056,46.3672],[11.2028,46.3697],[11.2009,46.3734],[11.2066,46.3844],[11.2068,46.3875],[11.2089,46.3884],[11.2137,46.397],[11.2147,46.4032],[11.2141,46.4081],[11.2073,46.4166],[11.2091,46.4165],[11.2117,46.4194],[11.2118,46.4209],[11.2085,46.4243],[11.2056,46.426],[11.2074,46.4289],[11.2119,46.4329],[11.2147,46.4343],[11.2178,46.4419],[11.2347,46.4376],[11.2379,46.439],[11.2424,46.4426],[11.2547,46.4439],[11.2604,46.4435],[11.2594,46.4414],[11.2602,46.4346],[11.2616,46.4279],[11.2627,46.426],[11.2752,46.4142],[11.2916,46.4029]]]}},{"type":"Feature","properties":{"i":"021016","n":"Campo di Trens"},"geometry":{"type":"Polygon","coordinates":[[[11.5841,46.907],[11.5861,46.8983],[11.584,46.8866],[11.588,46.8845],[11.5934,46.8803],[11.5936,46.8776],[11.5921,46.8728],[11.5899,46.8685],[11.5861,46.8639],[11.5862,46.8579],[11.5894,46.854],[11.5932,46.8459],[11.5916,46.8415],[11.5885,46.8394],[11.5794,46.8358],[11.5789,46.834],[11.5799,46.8332],[11.5666,46.83],[11.5625,46.8311],[11.5518,46.8209],[11.5446,46.8196],[11.5383,46.8202],[11.5364,46.8228],[11.5384,46.8251],[11.5307,46.8291],[11.51,46.8295],[11.4992,46.8267],[11.488,46.8191],[11.4813,46.8126],[11.4821,46.808],[11.4726,46.8076],[11.467,46.8054],[11.4638,46.8055],[11.4553,46.81],[11.454,46.8151],[11.4429,46.819],[11.4371,46.8185],[11.4341,46.8204],[11.4337,46.8294],[11.4348,46.833],[11.4422,46.8386],[11.4425,46.8409],[11.4296,46.8575],[11.423,46.8682],[11.4247,46.8737],[11.4253,46.8812],[11.4246,46.8843],[11.4406,46.8833],[11.4513,46.8806],[11.4491,46.8846],[11.4509,46.8901],[11.456,46.8963],[11.4603,46.8982],[11.4636,46.8971],[11.465,46.8961],[11.4655,46.8943],[11.4741,46.8897],[11.4939,46.8881],[11.5199,46.8872],[11.5285,46.889],[11.5405,46.8962],[11.5569,46.9088],[11.5639,46.9091],[11.5808,46.9079],[11.5841,46.907]]]}},{"type":"Feature","properties":{"i":"021017","n":"Campo Tures"},"geometry":{"type":"Polygon","coordinates":[[[12.121,47.0067],[12.1266,46.9996],[12.1302,46.9935],[12.1294,46.99],[12.1366,46.983],[12.1379,46.98],[12.1357,46.9723],[12.1321,46.9642],[12.1311,46.9639],[12.1315,46.9629],[12.1363,46.9586],[12.1408,46.956],[12.1574,46.9507],[12.1613,46.9472],[12.1683,46.9373],[12.1674,46.9328],[12.1495,46.9158],[12.1441,46.914],[12.1397,46.9108],[12.1346,46.9025],[12.1263,46.8992],[12.1196,46.8977],[12.1174,46.9004],[12.1128,46.9029],[12.1067,46.903],[12.0935,46.8995],[12.0883,46.9001],[12.0845,46.8974],[12.0811,46.8927],[12.0807,46.8898],[12.0822,46.8884],[12.0823,46.8859],[12.0776,46.8837],[12.0698,46.8833],[12.0657,46.8855],[12.0574,46.8876],[12.0556,46.8894],[12.0549,46.893],[12.0486,46.8933],[12.034,46.892],[12.0084,46.8881],[11.9939,46.8805],[11.9773,46.8745],[11.95,46.8782],[11.9503,46.8818],[11.9377,46.8862],[11.9223,46.8811],[11.9136,46.8764],[11.9134,46.8799],[11.9089,46.8889],[11.9084,46.8927],[11.9196,46.8953],[11.9234,46.8983],[11.9266,46.9039],[11.9237,46.9056],[11.9211,46.9047],[11.9127,46.9128],[11.907,46.9146],[11.8928,46.9169],[11.8854,46.919],[11.8851,46.9198],[11.8857,46.9236],[11.8885,46.9265],[11.8906,46.9264],[11.9135,46.9359],[11.9261,46.9424],[11.9281,46.946],[11.9287,46.9494],[11.941,46.9487],[11.9657,46.9505],[11.9907,46.9594],[12.001,46.958],[12.0239,46.9606],[12.0454,46.9707],[12.0579,46.9786],[12.0691,46.9804],[12.0734,46.9835],[12.077,46.9884],[12.0831,46.9873],[12.0879,46.9881],[12.1022,46.9976],[12.1053,47.001],[12.1067,47.0054],[12.1087,47.0079],[12.121,47.0067]]]}},{"type":"Feature","properties":{"i":"021018","n":"Castelbello-Ciardes"},"geometry":{"type":"Polygon","coordinates":[[[10.9477,46.6693],[10.9507,46.6664],[10.9547,46.6587],[10.9578,46.6567],[10.9658,46.6557],[10.9736,46.6533],[10.9775,46.6501],[10.9756,46.6484],[10.9733,46.6479],[10.9612,46.6479],[10.9344,46.6526],[10.9525,46.6433],[10.9593,46.6419],[10.962,46.6438],[10.9657,46.6416],[10.9676,46.6324],[10.9637,46.6272],[10.9732,46.586],[10.9723,46.584],[10.9675,46.5799],[10.9557,46.5764],[10.9329,46.5742],[10.9304,46.5723],[10.9293,46.5774],[10.9141,46.5974],[10.8999,46.6021],[10.8904,46.6088],[10.8997,46.6146],[10.8981,46.6196],[10.8922,46.6221],[10.8825,46.6214],[10.8748,46.6244],[10.8744,46.6284],[10.8905,46.6327],[10.8929,46.6376],[10.8791,46.6569],[10.8876,46.6662],[10.8878,46.6683],[10.8927,46.671],[10.8974,46.6692],[10.9036,46.6643],[10.9071,46.6638],[10.9151,46.665],[10.9239,46.6704],[10.9371,46.6714],[10.9477,46.6693]]]}},{"type":"Feature","properties":{"i":"021019","n":"Castelrotto"},"geometry":{"type":"Polygon","coordinates":[[[11.6415,46.5778],[11.6435,46.5761],[11.6469,46.575],[11.6727,46.5732],[11.6924,46.564],[11.7055,46.5594],[11.7063,46.5582],[11.7052,46.5554],[11.6956,46.5472],[11.6949,46.5447],[11.6999,46.5341],[11.7049,46.5312],[11.7084,46.5209],[11.7158,46.5138],[11.7062,46.5102],[11.7023,46.5073],[11.689,46.5031],[11.6648,46.4975],[11.6469,46.4984],[11.6391,46.5018],[11.6328,46.4993],[11.6199,46.5006],[11.6179,46.5001],[11.6158,46.4985],[11.6006,46.5041],[11.5876,46.5105],[11.574,46.5208],[11.5721,46.5209],[11.5706,46.5192],[11.5702,46.5134],[11.5652,46.5092],[11.5617,46.5128],[11.5589,46.5174],[11.5515,46.5206],[11.5426,46.5231],[11.5393,46.5261],[11.5357,46.5345],[11.5348,46.5382],[11.5329,46.5405],[11.5125,46.55],[11.5133,46.5538],[11.5121,46.5575],[11.5124,46.5606],[11.5153,46.5643],[11.5183,46.5656],[11.5224,46.5748],[11.5236,46.58],[11.5294,46.5818],[11.5344,46.5859],[11.5355,46.5894],[11.5373,46.5909],[11.549,46.5939],[11.5513,46.5928],[11.5591,46.5945],[11.5622,46.5977],[11.5729,46.5947],[11.5861,46.5944],[11.6023,46.5962],[11.6142,46.5949],[11.624,46.5907],[11.6325,46.5852],[11.6415,46.5778]]]}},{"type":"Feature","properties":{"i":"021020","n":"Cermes"},"geometry":{"type":"Polygon","coordinates":[[[11.1736,46.6341],[11.1537,46.6252],[11.1479,46.6246],[11.1456,46.6259],[11.1209,46.6281],[11.1133,46.631],[11.1051,46.6332],[11.094,46.6349],[11.0932,46.6357],[11.0966,46.641],[11.1046,46.6397],[11.1274,46.639],[11.1401,46.6401],[11.1566,46.6396],[11.1736,46.6341]]]}},{"type":"Feature","properties":{"i":"021021","n":"Chienes"},"geometry":{"type":"Polygon","coordinates":[[[11.8637,46.8644],[11.8566,46.85],[11.8518,46.8492],[11.8446,46.8403],[11.8433,46.8374],[11.843,46.8315],[11.8461,46.827],[11.8468,46.8236],[11.8461,46.82],[11.8441,46.8177],[11.8416,46.8166],[11.8563,46.7998],[11.8533,46.7958],[11.858,46.7924],[11.8609,46.7886],[11.8627,46.7802],[11.861,46.7789],[11.8571,46.7773],[11.8439,46.7842],[11.833,46.7858],[11.82,46.7819],[11.8142,46.7823],[11.8114,46.7815],[11.8043,46.7766],[11.8002,46.7755],[11.795,46.7772],[11.7927,46.7861],[11.7895,46.7903],[11.7812,46.7934],[11.7682,46.7943],[11.7715,46.7957],[11.7721,46.8029],[11.7733,46.8062],[11.7789,46.8082],[11.7814,46.8126],[11.7817,46.8147],[11.7849,46.8162],[11.795,46.8184],[11.8009,46.8186],[11.8052,46.8178],[11.8144,46.8185],[11.8171,46.8196],[11.8185,46.8214],[11.8189,46.8232],[11.8296,46.8373],[11.8329,46.846],[11.8208,46.8587],[11.82,46.8649],[11.8233,46.8679],[11.8286,46.869],[11.8449,46.8694],[11.8549,46.8642],[11.8637,46.8644]]]}},{"type":"Feature","properties":{"i":"021022","n":"Chiusa"},"geometry":{"type":"Polygon","coordinates":[[[11.5425,46.7113],[11.5391,46.7085],[11.5397,46.7029],[11.5468,46.6941],[11.5522,46.6916],[11.5649,46.6813],[11.5672,46.6762],[11.5666,46.6725],[11.5707,46.6626],[11.5827,46.6572],[11.592,46.6545],[11.5937,46.6558],[11.5957,46.656],[11.5964,46.6544],[11.5985,46.6531],[11.614,46.6466],[11.6329,46.6427],[11.6398,46.6358],[11.6436,46.6277],[11.6429,46.6247],[11.6377,46.621],[11.6334,46.6204],[11.6145,46.6262],[11.6064,46.6339],[11.6043,46.637],[11.5983,46.6409],[11.594,46.6422],[11.5777,46.636],[11.5687,46.6366],[11.5583,46.6358],[11.5594,46.6387],[11.5567,46.6416],[11.5513,46.644],[11.5491,46.6471],[11.5499,46.6487],[11.5528,46.6514],[11.5611,46.652],[11.5578,46.6547],[11.5479,46.6579],[11.5303,46.6596],[11.4982,46.6556],[11.4743,46.6651],[11.4655,46.6697],[11.456,46.6766],[11.4569,46.6776],[11.4813,46.687],[11.49,46.6932],[11.4916,46.6954],[11.492,46.7033],[11.4935,46.7073],[11.5024,46.7136],[11.5051,46.7144],[11.5106,46.7182],[11.5114,46.7237],[11.5304,46.7154],[11.5367,46.7119],[11.5425,46.7113]]]}},{"type":"Feature","properties":{"i":"021023","n":"Cornedo all'Isarco"},"geometry":{"type":"Polygon","coordinates":[[[11.4947,46.4736],[11.5019,46.4715],[11.5169,46.4651],[11.5284,46.4638],[11.5288,46.4536],[11.5061,46.4399],[11.494,46.4363],[11.4764,46.4322],[11.474,46.4328],[11.4671,46.4371],[11.4613,46.4426],[11.4453,46.4507],[11.4165,46.4599],[11.408,46.4667],[11.4049,46.4721],[11.4039,46.4811],[11.3966,46.4858],[11.3917,46.493],[11.3955,46.4943],[11.4098,46.4941],[11.4199,46.4897],[11.4247,46.4889],[11.4289,46.4904],[11.4327,46.4941],[11.435,46.493],[11.4405,46.4944],[11.4443,46.4965],[11.4481,46.4968],[11.4509,46.4945],[11.4699,46.4913],[11.4762,46.4895],[11.4835,46.4844],[11.4947,46.4736]]]}},{"type":"Feature","properties":{"i":"021024","n":"Cortaccia sulla strada del vino"},"geometry":{"type":"Polygon","coordinates":[[[11.2487,46.307],[11.2492,46.3062],[11.2483,46.3008],[11.2434,46.2953],[11.234,46.2886],[11.2297,46.2893],[11.2251,46.288],[11.215,46.2923],[11.207,46.2973],[11.1939,46.2836],[11.1905,46.2768],[11.1656,46.2738],[11.156,46.2767],[11.1528,46.2756],[11.1497,46.2799],[11.1388,46.2833],[11.1437,46.2884],[11.1574,46.2893],[11.1628,46.2914],[11.1694,46.2993],[11.1785,46.3068],[11.1856,46.3174],[11.1905,46.3275],[11.1974,46.3321],[11.2036,46.3424],[11.2086,46.3437],[11.2226,46.3466],[11.2302,46.3262],[11.2352,46.323],[11.236,46.3198],[11.2325,46.3155],[11.2317,46.3118],[11.2487,46.307]]]}},{"type":"Feature","properties":{"i":"021025","n":"Cortina sulla strada del vino"},"geometry":{"type":"Polygon","coordinates":[[[11.2329,46.2693],[11.2302,46.2647],[11.2315,46.2606],[11.225,46.2578],[11.2231,46.2573],[11.2155,46.2619],[11.2143,46.2644],[11.2143,46.2696],[11.2178,46.275],[11.2249,46.2738],[11.2329,46.2693]]]}},{"type":"Feature","properties":{"i":"021026","n":"Corvara in Badia"},"geometry":{"type":"Polygon","coordinates":[[[11.9147,46.5329],[11.9119,46.533],[11.9027,46.5299],[11.8971,46.5265],[11.888,46.5228],[11.8514,46.5178],[11.8283,46.5089],[11.8253,46.5128],[11.8255,46.5218],[11.8183,46.5277],[11.8127,46.5302],[11.8119,46.5324],[11.8133,46.5377],[11.8135,46.5444],[11.8037,46.5548],[11.8035,46.5579],[11.8121,46.5599],[11.8302,46.5624],[11.8348,46.5642],[11.8393,46.5677],[11.8405,46.5797],[11.8484,46.5945],[11.8537,46.59],[11.8562,46.5846],[11.8579,46.5736],[11.863,46.5681],[11.8687,46.5672],[11.8797,46.5613],[11.8932,46.5583],[11.902,46.5544],[11.9149,46.5426],[11.9161,46.5356],[11.9147,46.5329]]]}},{"type":"Feature","properties":{"i":"021027","n":"Curon Venosta"},"geometry":{"type":"Polygon","coordinates":[[[10.7261,46.7977],[10.7177,46.7996],[10.7056,46.8001],[10.6931,46.7931],[10.6906,46.7924],[10.6833,46.7937],[10.6798,46.7958],[10.6752,46.8005],[10.6607,46.8042],[10.6558,46.8022],[10.6528,46.7995],[10.6498,46.7935],[10.6449,46.7869],[10.6269,46.7761],[10.6207,46.7701],[10.6182,46.7659],[10.6152,46.7642],[10.6036,46.762],[10.598,46.7643],[10.5899,46.7651],[10.5801,46.7637],[10.5734,46.7612],[10.57,46.7551],[10.5533,46.7432],[10.5563,46.7419],[10.5567,46.7367],[10.5518,46.7319],[10.5423,46.7382],[10.5366,46.7366],[10.5322,46.7393],[10.5274,46.7513],[10.5269,46.7533],[10.5279,46.754],[10.5161,46.7551],[10.5108,46.754],[10.5007,46.7535],[10.4908,46.7564],[10.4808,46.757],[10.4476,46.7483],[10.4465,46.7486],[10.4414,46.752],[10.4429,46.7548],[10.4439,46.7611],[10.442,46.7699],[10.4392,46.7749],[10.4324,46.7822],[10.4266,46.7858],[10.4251,46.7889],[10.4273,46.7941],[10.4295,46.7958],[10.4319,46.7971],[10.4396,46.7977],[10.4488,46.8023],[10.4559,46.8135],[10.4573,46.8173],[10.4586,46.8276],[10.4685,46.8469],[10.4697,46.8546],[10.4784,46.8587],[10.4956,46.8488],[10.5,46.8476],[10.5255,46.8463],[10.538,46.8487],[10.5526,46.8498],[10.5553,46.8484],[10.5563,46.8469],[10.5502,46.84],[10.5536,46.8396],[10.5645,46.8409],[10.5705,46.8424],[10.5719,46.844],[10.6006,46.8578],[10.616,46.8611],[10.6237,46.864],[10.6454,46.8654],[10.6558,46.8685],[10.663,46.8742],[10.6674,46.8757],[10.6756,46.87],[10.6889,46.8676],[10.6969,46.8627],[10.6964,46.8596],[10.6939,46.8568],[10.6935,46.8536],[10.6945,46.8522],[10.7022,46.8482],[10.7111,46.8469],[10.7164,46.8444],[10.7212,46.8392],[10.726,46.8375],[10.7343,46.8349],[10.7563,46.8314],[10.7634,46.8233],[10.7638,46.8224],[10.7628,46.8212],[10.7563,46.816],[10.7531,46.815],[10.7458,46.8044],[10.7334,46.7986],[10.7261,46.7977]]]}},{"type":"Feature","properties":{"i":"021028","n":"Dobbiaco"},"geometry":{"type":"Polygon","coordinates":[[[12.2805,46.7914],[12.2835,46.7833],[12.2849,46.7825],[12.311,46.7845],[12.3248,46.7819],[12.3298,46.7798],[12.3255,46.7759],[12.3141,46.7703],[12.3124,46.7609],[12.304,46.751],[12.3012,46.7501],[12.2958,46.7501],[12.2811,46.752],[12.2709,46.7511],[12.2607,46.7444],[12.2669,46.7359],[12.2577,46.7316],[12.2491,46.7302],[12.2456,46.7285],[12.2434,46.7254],[12.2436,46.7247],[12.2508,46.7228],[12.2539,46.7115],[12.2541,46.7035],[12.2561,46.6994],[12.2588,46.6969],[12.2757,46.6909],[12.2777,46.6886],[12.273,46.6822],[12.2668,46.6846],[12.2601,46.6841],[12.2564,46.682],[12.2569,46.6796],[12.2648,46.677],[12.2648,46.6702],[12.2618,46.669],[12.26,46.6673],[12.2605,46.6639],[12.2714,46.6496],[12.2823,46.6404],[12.2931,46.6402],[12.2994,46.6417],[12.3078,46.6419],[12.3159,46.63],[12.3151,46.6238],[12.3055,46.6192],[12.2861,46.6179],[12.2727,46.6209],[12.2634,46.628],[12.2602,46.6287],[12.2557,46.6272],[12.2322,46.614],[12.2124,46.609],[12.2109,46.6079],[12.2088,46.6042],[12.2045,46.6002],[12.1957,46.5952],[12.1922,46.5946],[12.1917,46.5965],[12.1945,46.6047],[12.1944,46.6195],[12.1865,46.6208],[12.1775,46.6273],[12.1713,46.6341],[12.1631,46.6362],[12.1482,46.6342],[12.164,46.6384],[12.173,46.6423],[12.1829,46.641],[12.1835,46.6402],[12.1865,46.6396],[12.202,46.6424],[12.2029,46.6433],[12.203,46.6534],[12.1976,46.662],[12.1855,46.6721],[12.1824,46.6797],[12.1828,46.6837],[12.1869,46.6923],[12.185,46.6978],[12.1833,46.6994],[12.1881,46.7013],[12.1893,46.71],[12.1873,46.7151],[12.189,46.7219],[12.1921,46.7283],[12.1973,46.7271],[12.1968,46.7316],[12.1866,46.7471],[12.1828,46.7466],[12.1768,46.7473],[12.1742,46.7496],[12.1755,46.7556],[12.1717,46.7575],[12.1989,46.7588],[12.2117,46.7616],[12.2163,46.7656],[12.2158,46.7688],[12.2231,46.7733],[12.2504,46.7798],[12.2546,46.7835],[12.267,46.7918],[12.2731,46.7905],[12.2805,46.7914]]]}},{"type":"Feature","properties":{"i":"021029","n":"Egna"},"geometry":{"type":"Polygon","coordinates":[[[11.3083,46.28],[11.3026,46.2791],[11.2959,46.2762],[11.285,46.2772],[11.2759,46.281],[11.2628,46.2847],[11.26,46.2818],[11.2599,46.2778],[11.2551,46.2673],[11.2521,46.2675],[11.2481,46.2691],[11.2461,46.2682],[11.245,46.2585],[11.2351,46.2618],[11.2302,46.2647],[11.2329,46.2693],[11.2325,46.2753],[11.2353,46.284],[11.234,46.2886],[11.2434,46.2953],[11.2483,46.3008],[11.2492,46.3062],[11.2487,46.307],[11.2628,46.3239],[11.2724,46.3254],[11.2789,46.3302],[11.2808,46.3332],[11.2823,46.3325],[11.2867,46.3231],[11.2839,46.317],[11.2898,46.3147],[11.2951,46.3153],[11.2995,46.3143],[11.3046,46.3069],[11.3046,46.2993],[11.3026,46.294],[11.3018,46.2927],[11.2933,46.2872],[11.2932,46.2856],[11.2973,46.2826],[11.3083,46.28]]]}},{"type":"Feature","properties":{"i":"021030","n":"Falzes"},"geometry":{"type":"Polygon","coordinates":[[[11.9029,46.8628],[11.9058,46.8556],[11.9119,46.8505],[11.9147,46.844],[11.9141,46.8428],[11.9049,46.8471],[11.9016,46.8462],[11.9082,46.8392],[11.9151,46.8256],[11.9099,46.8185],[11.9159,46.8081],[11.9049,46.8032],[11.9035,46.8009],[11.8957,46.8012],[11.891,46.7995],[11.8879,46.7972],[11.868,46.7998],[11.8604,46.8004],[11.8563,46.7998],[11.8416,46.8166],[11.8441,46.8177],[11.8461,46.82],[11.8468,46.8236],[11.8461,46.827],[11.8433,46.8306],[11.8429,46.8322],[11.8435,46.838],[11.8457,46.8419],[11.8518,46.8492],[11.8566,46.85],[11.8637,46.8644],[11.8756,46.8665],[11.8865,46.8661],[11.8892,46.8659],[11.8958,46.8629],[11.9029,46.8628]]]}},{"type":"Feature","properties":{"i":"021031","n":"Fiè allo Sciliar"},"geometry":{"type":"Polygon","coordinates":[[[11.6158,46.4985],[11.5924,46.5],[11.5786,46.4974],[11.5699,46.494],[11.5605,46.4921],[11.5478,46.4919],[11.5421,46.4833],[11.5306,46.4824],[11.5269,46.483],[11.526,46.4849],[11.5249,46.4852],[11.5205,46.485],[11.5112,46.4822],[11.4976,46.4757],[11.4947,46.4736],[11.4835,46.4844],[11.4762,46.4895],[11.4699,46.4913],[11.4509,46.4945],[11.4481,46.4967],[11.4783,46.5145],[11.4848,46.5217],[11.4931,46.5333],[11.4997,46.5372],[11.5125,46.55],[11.5329,46.5405],[11.5348,46.5382],[11.5357,46.5345],[11.5393,46.5261],[11.5426,46.5231],[11.5515,46.5206],[11.5589,46.5174],[11.5617,46.5128],[11.5652,46.5092],[11.5702,46.5134],[11.5706,46.5192],[11.5721,46.5209],[11.574,46.5208],[11.5876,46.5105],[11.6006,46.5041],[11.6158,46.4985]]]}},{"type":"Feature","properties":{"i":"021032","n":"Fortezza"},"geometry":{"type":"Polygon","coordinates":[[[11.6265,46.7864],[11.6279,46.7836],[11.6272,46.7823],[11.6255,46.7819],[11.6277,46.7786],[11.6326,46.776],[11.6385,46.7741],[11.6229,46.7672],[11.6151,46.7654],[11.606,46.765],[11.5985,46.7718],[11.5918,46.7645],[11.5771,46.7617],[11.5751,46.7676],[11.5747,46.7711],[11.5669,46.7722],[11.5549,46.777],[11.5503,46.7798],[11.5419,46.7815],[11.5306,46.7804],[11.529,46.7779],[11.5278,46.7736],[11.5252,46.7723],[11.5175,46.7713],[11.5123,46.7734],[11.5048,46.7789],[11.501,46.7802],[11.4967,46.7805],[11.493,46.7836],[11.4906,46.7869],[11.4893,46.7941],[11.4873,46.7993],[11.4821,46.808],[11.4811,46.812],[11.488,46.8191],[11.4992,46.8267],[11.51,46.8295],[11.5307,46.8291],[11.5384,46.8251],[11.5364,46.8228],[11.5383,46.8202],[11.5446,46.8196],[11.5518,46.8209],[11.5625,46.8311],[11.5666,46.83],[11.5799,46.8332],[11.5896,46.8342],[11.5986,46.8335],[11.6019,46.8319],[11.603,46.8165],[11.6129,46.8087],[11.6163,46.8072],[11.6211,46.8069],[11.6246,46.804],[11.6265,46.7864]]]}},{"type":"Feature","properties":{"i":"021033","n":"Funes"},"geometry":{"type":"Polygon","coordinates":[[[11.7916,46.6679],[11.7947,46.6614],[11.7952,46.6583],[11.7914,46.6546],[11.7921,46.6493],[11.7951,46.6478],[11.7988,46.6485],[11.8033,46.6472],[11.807,46.6449],[11.8083,46.6432],[11.8083,46.6327],[11.8045,46.6285],[11.7941,46.6237],[11.783,46.613],[11.7736,46.6125],[11.7692,46.6111],[11.7641,46.6087],[11.7623,46.6075],[11.7603,46.6047],[11.7574,46.6036],[11.7465,46.6018],[11.7279,46.6006],[11.7258,46.6006],[11.7223,46.6051],[11.7236,46.611],[11.7277,46.6128],[11.7254,46.6152],[11.7198,46.6166],[11.6949,46.6138],[11.6739,46.6037],[11.6625,46.6037],[11.6647,46.6077],[11.6651,46.6111],[11.6508,46.6195],[11.6475,46.6245],[11.6409,46.6229],[11.6429,46.6247],[11.6436,46.6277],[11.6398,46.6358],[11.6336,46.6422],[11.6303,46.6435],[11.614,46.6466],[11.5985,46.6531],[11.5952,46.6558],[11.6005,46.6568],[11.6082,46.6605],[11.6088,46.6627],[11.6101,46.6639],[11.6293,46.6693],[11.6359,46.6738],[11.6422,46.6723],[11.6709,46.6604],[11.6794,46.6578],[11.6885,46.66],[11.7036,46.6664],[11.7193,46.6697],[11.7302,46.6693],[11.7412,46.6657],[11.7495,46.6646],[11.7599,46.6651],[11.766,46.6671],[11.7916,46.6679]]]}},{"type":"Feature","properties":{"i":"021034","n":"Gais"},"geometry":{"type":"Polygon","coordinates":[[[12.0657,46.8855],[12.0601,46.8845],[12.0485,46.8781],[12.0377,46.8587],[12.0359,46.8534],[12.0295,46.8432],[12.0214,46.8359],[12.0155,46.8314],[11.9933,46.8213],[11.989,46.8184],[11.9774,46.8228],[11.9666,46.824],[11.9432,46.8214],[11.9396,46.8234],[11.9378,46.8271],[11.9388,46.8314],[11.9308,46.8364],[11.9235,46.8372],[11.9176,46.8398],[11.9141,46.8428],[11.9147,46.844],[11.9134,46.8477],[11.9119,46.8505],[11.9058,46.8556],[11.9029,46.8628],[11.9085,46.8674],[11.9097,46.8725],[11.9122,46.8758],[11.9223,46.8811],[11.9377,46.8862],[11.9503,46.8818],[11.95,46.8782],[11.9773,46.8745],[11.9939,46.8805],[12.0084,46.8881],[12.034,46.892],[12.054,46.8932],[12.0555,46.8925],[12.0556,46.8894],[12.0574,46.8876],[12.0657,46.8855]]]}},{"type":"Feature","properties":{"i":"021035","n":"Gargazzone"},"geometry":{"type":"Polygon","coordinates":[[[11.2084,46.5878],[11.2214,46.5739],[11.2128,46.5668],[11.2059,46.5638],[11.2052,46.5647],[11.1941,46.5688],[11.1919,46.5712],[11.1892,46.5752],[11.1872,46.5853],[11.1878,46.5881],[11.1924,46.589],[11.2027,46.5891],[11.2084,46.5878]]]}},{"type":"Feature","properties":{"i":"021036","n":"Glorenza"},"geometry":{"type":"Polygon","coordinates":[[[10.5704,46.674],[10.5723,46.6724],[10.5718,46.6684],[10.5693,46.6653],[10.5679,46.6583],[10.5697,46.6519],[10.5658,46.6508],[10.5614,46.6451],[10.5614,46.6428],[10.5603,46.6415],[10.5528,46.6392],[10.5341,46.6381],[10.5083,46.634],[10.5127,46.6413],[10.5172,46.6441],[10.527,46.657],[10.5316,46.6643],[10.5368,46.6688],[10.5442,46.6701],[10.5417,46.6774],[10.547,46.6796],[10.5704,46.674]]]}},{"type":"Feature","properties":{"i":"021037","n":"Laces"},"geometry":{"type":"Polygon","coordinates":[[[10.9304,46.5723],[10.9037,46.5682],[10.8935,46.5644],[10.8814,46.5578],[10.8707,46.5545],[10.8617,46.55],[10.8581,46.5439],[10.8398,46.5415],[10.8275,46.5585],[10.8129,46.5684],[10.8059,46.5722],[10.8054,46.5738],[10.8077,46.5756],[10.8104,46.576],[10.8132,46.5754],[10.8154,46.5762],[10.8162,46.5772],[10.8163,46.5801],[10.8158,46.5813],[10.7988,46.5865],[10.8018,46.5883],[10.803,46.5903],[10.8039,46.6038],[10.8062,46.6102],[10.7984,46.6126],[10.7907,46.6136],[10.7893,46.6144],[10.7894,46.616],[10.7902,46.6169],[10.8132,46.6194],[10.8208,46.6262],[10.832,46.6426],[10.8271,46.6575],[10.8287,46.6607],[10.8293,46.6648],[10.8304,46.6655],[10.8341,46.6654],[10.8449,46.6618],[10.8577,46.6601],[10.8709,46.661],[10.8739,46.6642],[10.8762,46.665],[10.8805,46.666],[10.8876,46.6662],[10.8791,46.6569],[10.8929,46.6376],[10.8905,46.6327],[10.8744,46.6284],[10.8748,46.6244],[10.8825,46.6214],[10.8922,46.6221],[10.8981,46.6196],[10.8997,46.6146],[10.8904,46.6088],[10.8999,46.6021],[10.9141,46.5974],[10.9293,46.5774],[10.9304,46.5723]]]}},{"type":"Feature","properties":{"i":"021038","n":"Lagundo"},"geometry":{"type":"MultiPolygon","coordinates":[[[[11.0932,46.6418],[11.0891,46.6355],[11.0778,46.6258],[11.0666,46.619],[11.0667,46.6275],[11.0643,46.6395],[11.0568,46.6483],[11.0496,46.662],[11.0619,46.6613],[11.0661,46.6575],[11.0693,46.6561],[11.0892,46.6491],[11.0932,46.6418]]],[[[11.1364,46.6897],[11.137,46.6859],[11.1456,46.6815],[11.1444,46.6738],[11.1412,46.6691],[11.139,46.6676],[11.1288,46.676],[11.121,46.6788],[11.1159,46.6723],[11.1146,46.6687],[11.115,46.6676],[11.0983,46.6715],[11.0957,46.6802],[11.0902,46.6853],[11.0852,46.6933],[11.0902,46.7107],[11.0846,46.718],[11.0845,46.7206],[11.0864,46.7219],[11.0933,46.7206],[11.1215,46.7124],[11.1239,46.7098],[11.1269,46.7046],[11.1275,46.7019],[11.1271,46.6992],[11.1244,46.6978],[11.1232,46.6963],[11.1239,46.6941],[11.1262,46.6912],[11.1315,46.6896],[11.1364,46.6897]]]]}},{"type":"Feature","properties":{"i":"021039","n":"Laion"},"geometry":{"type":"Polygon","coordinates":[[[11.6409,46.6229],[11.6475,46.6245],[11.6508,46.6195],[11.6651,46.6111],[11.6647,46.6077],[11.6625,46.6037],[11.6576,46.6035],[11.654,46.6021],[11.6506,46.598],[11.6432,46.5796],[11.6415,46.5778],[11.6325,46.5852],[11.624,46.5907],[11.6142,46.5949],[11.6023,46.5962],[11.5861,46.5944],[11.5729,46.5947],[11.5635,46.5975],[11.5573,46.5983],[11.5422,46.5987],[11.5366,46.5981],[11.5309,46.5994],[11.534,46.6071],[11.5345,46.6111],[11.5384,46.6138],[11.5402,46.6198],[11.5486,46.6257],[11.5536,46.6339],[11.5576,46.6356],[11.5687,46.6366],[11.5777,46.636],[11.5941,46.6422],[11.5983,46.6409],[11.6043,46.637],[11.6064,46.6339],[11.6145,46.6262],[11.6334,46.6204],[11.6377,46.621],[11.6409,46.6229]]]}},{"type":"Feature","properties":{"i":"021040","n":"Laives"},"geometry":{"type":"Polygon","coordinates":[[[11.3775,46.4522],[11.3751,46.4506],[11.3729,46.4462],[11.3725,46.4356],[11.3705,46.4314],[11.3645,46.4245],[11.3591,46.4151],[11.3605,46.41],[11.3571,46.4074],[11.3425,46.4044],[11.3351,46.4093],[11.3276,46.4125],[11.3151,46.4143],[11.3151,46.4172],[11.3135,46.4206],[11.3168,46.4251],[11.3235,46.4302],[11.3249,46.4324],[11.3085,46.447],[11.3154,46.4463],[11.3212,46.4507],[11.3213,46.453],[11.3231,46.4576],[11.3303,46.4624],[11.3381,46.4661],[11.3445,46.4651],[11.3533,46.4708],[11.3594,46.4726],[11.3643,46.4693],[11.3775,46.4522]]]}},{"type":"Feature","properties":{"i":"021041","n":"Lana"},"geometry":{"type":"Polygon","coordinates":[[[11.1733,46.6335],[11.1811,46.6223],[11.1842,46.6201],[11.1825,46.607],[11.187,46.5946],[11.1878,46.5881],[11.1872,46.5847],[11.1892,46.5752],[11.1941,46.5688],[11.192,46.5652],[11.1878,46.5629],[11.1798,46.5696],[11.1742,46.5723],[11.1716,46.572],[11.1694,46.5735],[11.1585,46.5866],[11.1521,46.5871],[11.1439,46.5795],[11.13,46.5721],[11.1225,46.5722],[11.1225,46.5743],[11.1197,46.5749],[11.1125,46.5713],[11.1092,46.5674],[11.1067,46.5673],[11.107,46.5702],[11.1121,46.5829],[11.1165,46.588],[11.1189,46.5896],[11.1172,46.5945],[11.1142,46.5986],[11.1169,46.6052],[11.1216,46.6061],[11.1298,46.6103],[11.1066,46.6174],[11.1059,46.6123],[11.1042,46.6116],[11.0993,46.6141],[11.0893,46.6211],[11.0823,46.6229],[11.0778,46.6258],[11.0891,46.6355],[11.0932,46.6418],[11.0966,46.641],[11.0932,46.6357],[11.094,46.6349],[11.1051,46.6332],[11.1209,46.6281],[11.1456,46.6259],[11.1479,46.6246],[11.1537,46.6252],[11.1733,46.6335]]]}},{"type":"Feature","properties":{"i":"021042","n":"Lasa"},"geometry":{"type":"Polygon","coordinates":[[[10.722,46.685],[10.7254,46.6813],[10.724,46.6775],[10.7077,46.6728],[10.7032,46.6706],[10.6981,46.6668],[10.6941,46.6598],[10.7,46.6492],[10.7104,46.6439],[10.7212,46.6346],[10.7251,46.626],[10.727,46.616],[10.7237,46.6104],[10.721,46.6101],[10.7204,46.604],[10.7237,46.5945],[10.7231,46.5915],[10.7162,46.5828],[10.7138,46.5786],[10.7144,46.5755],[10.7167,46.575],[10.7186,46.5663],[10.7171,46.562],[10.6983,46.5474],[10.6884,46.5382],[10.6799,46.5336],[10.6718,46.5298],[10.6617,46.5289],[10.6479,46.525],[10.6456,46.5221],[10.6411,46.5213],[10.639,46.5265],[10.6365,46.5371],[10.6477,46.5446],[10.6503,46.5519],[10.6505,46.5545],[10.6481,46.5579],[10.6469,46.5635],[10.6347,46.5639],[10.6075,46.5667],[10.6049,46.5703],[10.6089,46.5822],[10.6078,46.5898],[10.6081,46.6084],[10.6128,46.6153],[10.6211,46.6306],[10.6234,46.6369],[10.6278,46.6441],[10.6324,46.654],[10.632,46.6564],[10.6372,46.6604],[10.6459,46.6644],[10.6532,46.6701],[10.6537,46.6718],[10.6571,46.6737],[10.6691,46.6777],[10.6771,46.6787],[10.6841,46.6848],[10.6905,46.6865],[10.7092,46.6872],[10.7186,46.6865],[10.722,46.685]]]}},{"type":"Feature","properties":{"i":"021043","n":"Lauregno"},"geometry":{"type":"Polygon","coordinates":[[[11.0346,46.5138],[11.049,46.507],[11.0545,46.4952],[11.0619,46.4867],[11.0666,46.4723],[11.0745,46.4526],[11.0763,46.4459],[11.0749,46.4423],[11.0728,46.4415],[11.0676,46.4431],[11.0655,46.4451],[11.0614,46.4473],[11.0546,46.4495],[11.049,46.4494],[11.0501,46.4522],[11.0482,46.4545],[11.042,46.4608],[11.0318,46.4674],[11.0288,46.4713],[11.0283,46.4786],[11.0289,46.4799],[11.0337,46.4805],[11.0427,46.4838],[11.0438,46.4925],[11.0429,46.4973],[11.0347,46.5061],[11.0217,46.5143],[11.0264,46.5178],[11.0346,46.5138]]]}},{"type":"Feature","properties":{"i":"021044","n":"Luson"},"geometry":{"type":"Polygon","coordinates":[[[11.8061,46.7645],[11.8058,46.7613],[11.8075,46.7581],[11.8098,46.7581],[11.8116,46.7608],[11.814,46.7613],[11.8191,46.7587],[11.8196,46.756],[11.8186,46.7519],[11.8193,46.7501],[11.8271,46.7461],[11.8299,46.7401],[11.8288,46.73],[11.8323,46.7265],[11.8345,46.7201],[11.8365,46.7103],[11.8203,46.7013],[11.8183,46.6977],[11.8119,46.6983],[11.8057,46.6953],[11.802,46.6921],[11.7944,46.6801],[11.7936,46.6738],[11.7939,46.6695],[11.7913,46.6695],[11.7885,46.6706],[11.7766,46.6845],[11.7629,46.6903],[11.7595,46.6928],[11.7521,46.6943],[11.743,46.692],[11.7386,46.6926],[11.7335,46.6954],[11.7329,46.7005],[11.7411,46.7087],[11.7413,46.712],[11.7399,46.7176],[11.7387,46.7211],[11.7239,46.7311],[11.7216,46.7358],[11.7212,46.7423],[11.7149,46.7454],[11.7059,46.7447],[11.7032,46.7426],[11.7041,46.7402],[11.7021,46.7393],[11.6877,46.7445],[11.697,46.7594],[11.6983,46.7604],[11.7021,46.76],[11.7091,46.761],[11.7125,46.7627],[11.7329,46.7788],[11.7485,46.7828],[11.7538,46.7817],[11.8061,46.7645]]]}},{"type":"Feature","properties":{"i":"021045","n":"Magrè sulla strada del vino"},"geometry":{"type":"Polygon","coordinates":[[[11.234,46.2886],[11.2353,46.284],[11.2325,46.2753],[11.2329,46.2693],[11.2249,46.2738],[11.2178,46.275],[11.2143,46.2696],[11.2143,46.2644],[11.2151,46.2622],[11.22,46.2596],[11.2166,46.2578],[11.2075,46.2557],[11.2024,46.2556],[11.2008,46.2567],[11.1949,46.2581],[11.1743,46.2594],[11.1659,46.2629],[11.1528,46.2756],[11.156,46.2767],[11.1656,46.2738],[11.1905,46.2768],[11.1939,46.2836],[11.207,46.2973],[11.215,46.2923],[11.2251,46.288],[11.2297,46.2893],[11.234,46.2886]]]}},{"type":"Feature","properties":{"i":"021046","n":"Malles Venosta"},"geometry":{"type":"Polygon","coordinates":[[[10.7261,46.7977],[10.7313,46.7858],[10.7298,46.7651],[10.7338,46.7583],[10.7357,46.7474],[10.7347,46.7402],[10.7311,46.7362],[10.7312,46.7335],[10.7333,46.7287],[10.7243,46.7229],[10.7188,46.7158],[10.7169,46.7102],[10.7176,46.7083],[10.7256,46.7001],[10.7254,46.6883],[10.722,46.685],[10.7186,46.6865],[10.7092,46.6872],[10.6905,46.6865],[10.6841,46.6848],[10.6771,46.6787],[10.6691,46.6777],[10.6526,46.6717],[10.6191,46.6744],[10.6031,46.6774],[10.5874,46.6777],[10.5811,46.677],[10.571,46.6748],[10.5704,46.674],[10.547,46.6796],[10.5417,46.6774],[10.5442,46.6701],[10.5368,46.6688],[10.5316,46.6643],[10.527,46.657],[10.5172,46.6441],[10.5127,46.6413],[10.512,46.6436],[10.5082,46.6476],[10.4968,46.654],[10.4872,46.6605],[10.4845,46.6634],[10.4821,46.6685],[10.4737,46.675],[10.4662,46.6748],[10.4445,46.6776],[10.4243,46.6906],[10.4122,46.7008],[10.4089,46.7052],[10.4128,46.7068],[10.4156,46.709],[10.4176,46.716],[10.4173,46.7194],[10.41,46.7251],[10.402,46.7344],[10.4353,46.7524],[10.4409,46.7523],[10.4476,46.7483],[10.4808,46.757],[10.4908,46.7564],[10.5007,46.7535],[10.5108,46.754],[10.5161,46.7551],[10.5279,46.754],[10.5269,46.7533],[10.5274,46.7513],[10.5322,46.7393],[10.5366,46.7366],[10.5423,46.7382],[10.5518,46.7319],[10.5567,46.7367],[10.5563,46.7419],[10.5533,46.7432],[10.57,46.7551],[10.5734,46.7612],[10.5801,46.7637],[10.5899,46.7651],[10.598,46.7643],[10.6036,46.762],[10.6152,46.7642],[10.6182,46.7659],[10.6207,46.7701],[10.6269,46.7761],[10.6449,46.7869],[10.6498,46.7935],[10.6528,46.7995],[10.6558,46.8022],[10.6607,46.8042],[10.6752,46.8005],[10.6798,46.7958],[10.6833,46.7937],[10.6906,46.7924],[10.6931,46.7931],[10.7056,46.8001],[10.7177,46.7996],[10.7261,46.7977]]]}},{"type":"Feature","properties":{"i":"021047","n":"Marebbe"},"geometry":{"type":"Polygon","coordinates":[[[11.9589,46.7388],[11.9649,46.735],[11.9723,46.728],[11.9796,46.7239],[11.9847,46.7194],[11.9818,46.7164],[11.9802,46.7117],[11.9816,46.7105],[11.9866,46.7088],[12.0039,46.7048],[12.009,46.7073],[12.0118,46.71],[12.0203,46.7126],[12.0449,46.7122],[12.0536,46.7131],[12.0554,46.7094],[12.0495,46.7025],[12.0468,46.7013],[12.0283,46.6972],[12.0232,46.693],[12.0191,46.6853],[12.022,46.6827],[12.0303,46.6784],[12.037,46.6764],[12.0581,46.6752],[12.0649,46.6742],[12.0683,46.6751],[12.0696,46.6641],[12.0671,46.654],[12.0716,46.6461],[12.0714,46.6416],[12.0692,46.6401],[12.0657,46.627],[12.0604,46.6201],[12.0517,46.6145],[12.0466,46.6081],[12.0496,46.5995],[12.0498,46.5938],[12.0463,46.5841],[12.0438,46.5819],[12.0367,46.5788],[12.0342,46.5768],[12.0279,46.5653],[12.014,46.5509],[12.0016,46.5581],[11.9966,46.5666],[11.9881,46.5718],[11.977,46.5758],[11.9691,46.5811],[11.9532,46.5998],[11.9513,46.6029],[11.9506,46.6062],[11.9504,46.6114],[11.9529,46.6169],[11.9587,46.621],[11.97,46.6263],[11.9833,46.6306],[11.9902,46.6291],[11.9965,46.6259],[11.999,46.6269],[12.004,46.6309],[12.0003,46.6393],[11.9729,46.656],[11.9697,46.6607],[11.9643,46.6646],[11.9428,46.6764],[11.9341,46.6843],[11.9274,46.6831],[11.9257,46.6844],[11.9257,46.6888],[11.927,46.6896],[11.9135,46.6969],[11.9093,46.7019],[11.8994,46.7058],[11.8873,46.7071],[11.8843,46.7067],[11.8834,46.704],[11.8687,46.7],[11.8564,46.6933],[11.8558,46.6923],[11.8309,46.6923],[11.8217,46.6946],[11.8183,46.6977],[11.8203,46.7013],[11.8365,46.7103],[11.8345,46.7201],[11.8323,46.7265],[11.8288,46.73],[11.8369,46.7344],[11.8587,46.732],[11.8655,46.7332],[11.8683,46.7368],[11.8811,46.7431],[11.8993,46.7439],[11.9142,46.7422],[11.9344,46.7459],[11.946,46.745],[11.9589,46.7388]]]}},{"type":"Feature","properties":{"i":"021048","n":"Marlengo"},"geometry":{"type":"Polygon","coordinates":[[[11.1736,46.6341],[11.1566,46.6396],[11.1401,46.6401],[11.1274,46.639],[11.1108,46.6394],[11.1028,46.6398],[11.0932,46.6418],[11.1022,46.6528],[11.1071,46.6549],[11.1088,46.6546],[11.1101,46.6559],[11.1129,46.6604],[11.1159,46.6723],[11.121,46.6788],[11.1283,46.6763],[11.137,46.6699],[11.1417,46.6657],[11.1461,46.6573],[11.1723,46.6374],[11.1736,46.6341]]]}},{"type":"Feature","properties":{"i":"021049","n":"Martello"},"geometry":{"type":"Polygon","coordinates":[[[10.8398,46.5415],[10.8272,46.5327],[10.8165,46.5308],[10.8124,46.529],[10.8031,46.5155],[10.7901,46.5039],[10.7778,46.4977],[10.7695,46.4908],[10.765,46.486],[10.76,46.4864],[10.7447,46.4848],[10.7397,46.4818],[10.7169,46.463],[10.7103,46.4609],[10.6955,46.458],[10.6833,46.4504],[10.6648,46.4515],[10.6451,46.4478],[10.6381,46.4455],[10.6218,46.448],[10.6005,46.4687],[10.6022,46.4705],[10.6058,46.4776],[10.6109,46.484],[10.6158,46.4858],[10.6205,46.4856],[10.6257,46.4873],[10.6294,46.4919],[10.63,46.493],[10.6297,46.4967],[10.638,46.5099],[10.6406,46.5169],[10.6411,46.5213],[10.6456,46.5221],[10.6479,46.525],[10.6617,46.5289],[10.6718,46.5298],[10.6799,46.5336],[10.6884,46.5382],[10.6983,46.5474],[10.7171,46.562],[10.7315,46.5682],[10.7415,46.5702],[10.7456,46.5727],[10.7459,46.576],[10.7473,46.5774],[10.7569,46.5808],[10.7672,46.5826],[10.7775,46.5825],[10.7884,46.5838],[10.8,46.5865],[10.8158,46.5813],[10.8157,46.5765],[10.8132,46.5754],[10.8104,46.576],[10.8077,46.5756],[10.8054,46.5738],[10.8059,46.5722],[10.8129,46.5684],[10.8275,46.5585],[10.8398,46.5415]]]}},{"type":"Feature","properties":{"i":"021050","n":"Meltina"},"geometry":{"type":"Polygon","coordinates":[[[11.3207,46.6215],[11.3188,46.6209],[11.3107,46.6255],[11.3051,46.6218],[11.2948,46.6139],[11.2934,46.6088],[11.2949,46.606],[11.2945,46.604],[11.2844,46.5976],[11.2823,46.5912],[11.286,46.5848],[11.2893,46.5767],[11.2901,46.5713],[11.289,46.5707],[11.2892,46.562],[11.2832,46.5534],[11.2781,46.5515],[11.2722,46.5471],[11.2734,46.5422],[11.2603,46.5423],[11.2398,46.554],[11.2314,46.5607],[11.2297,46.565],[11.2084,46.5878],[11.2149,46.5919],[11.2338,46.5974],[11.2438,46.6012],[11.247,46.603],[11.2462,46.6051],[11.2582,46.6102],[11.2706,46.6122],[11.2728,46.6132],[11.2855,46.6233],[11.2896,46.6316],[11.2918,46.6407],[11.2946,46.6448],[11.2964,46.6419],[11.3024,46.6365],[11.3068,46.6365],[11.3164,46.6304],[11.3207,46.6215]]]}},{"type":"Feature","properties":{"i":"021051","n":"Merano"},"geometry":{"type":"Polygon","coordinates":[[[11.1771,46.6867],[11.1815,46.6854],[11.1848,46.6763],[11.1894,46.6719],[11.2073,46.6708],[11.2145,46.6713],[11.2295,46.6727],[11.2397,46.6761],[11.2397,46.6717],[11.2361,46.6676],[11.2285,46.6644],[11.217,46.6628],[11.2125,46.6611],[11.2066,46.6522],[11.2056,46.6459],[11.2064,46.6422],[11.2087,46.6419],[11.2128,46.6367],[11.2116,46.6352],[11.2091,46.634],[11.2028,46.627],[11.2048,46.617],[11.203,46.6218],[11.2007,46.6225],[11.1945,46.6225],[11.1842,46.6201],[11.1811,46.6223],[11.1733,46.6335],[11.1723,46.6374],[11.1467,46.6568],[11.1439,46.6607],[11.1417,46.6657],[11.139,46.6676],[11.1412,46.6691],[11.1444,46.6738],[11.1456,46.6815],[11.137,46.6859],[11.1364,46.6897],[11.1447,46.6894],[11.1619,46.6775],[11.1637,46.6728],[11.1686,46.672],[11.1719,46.6734],[11.1732,46.6756],[11.1767,46.6826],[11.1771,46.6867]]]}},{"type":"Feature","properties":{"i":"021052","n":"Monguelfo-Tesido"},"geometry":{"type":"Polygon","coordinates":[[[12.1537,46.7577],[12.1392,46.7591],[12.127,46.7581],[12.1277,46.7517],[12.1309,46.7438],[12.1273,46.7416],[12.1284,46.7361],[12.1308,46.7359],[12.1296,46.7331],[12.1183,46.7311],[12.0992,46.7358],[12.0956,46.7321],[12.0915,46.7309],[12.0797,46.7309],[12.0751,46.7317],[12.0709,46.7338],[12.0658,46.7401],[12.0743,46.7435],[12.0798,46.7482],[12.0836,46.7546],[12.0835,46.7586],[12.0802,46.7605],[12.0672,46.7643],[12.067,46.7673],[12.0652,46.7686],[12.0639,46.7687],[12.0642,46.7729],[12.0774,46.7788],[12.0853,46.781],[12.0902,46.7906],[12.0868,46.7905],[12.0893,46.7958],[12.102,46.804],[12.104,46.8048],[12.1103,46.8035],[12.1113,46.7998],[12.1165,46.7993],[12.1229,46.7996],[12.1261,46.8005],[12.1287,46.8025],[12.1297,46.8045],[12.126,46.8141],[12.1316,46.8235],[12.1372,46.8303],[12.1435,46.8301],[12.1549,46.8267],[12.1621,46.8276],[12.1694,46.8319],[12.1716,46.8277],[12.1775,46.822],[12.172,46.8161],[12.163,46.8162],[12.159,46.8137],[12.1601,46.8097],[12.1598,46.806],[12.1548,46.8018],[12.1483,46.8006],[12.1445,46.7956],[12.1444,46.7935],[12.1477,46.7893],[12.1524,46.7795],[12.1501,46.7729],[12.1555,46.7703],[12.1586,46.7662],[12.1536,46.7615],[12.1537,46.7577]]]}},{"type":"Feature","properties":{"i":"021053","n":"Montagna"},"geometry":{"type":"Polygon","coordinates":[[[11.3789,46.3273],[11.3739,46.3309],[11.3561,46.3391],[11.3545,46.3391],[11.3449,46.3335],[11.338,46.3329],[11.3231,46.323],[11.3204,46.3199],[11.3184,46.3143],[11.3196,46.3093],[11.3236,46.3021],[11.3232,46.2923],[11.3166,46.2857],[11.3083,46.28],[11.2973,46.2826],[11.2932,46.2856],[11.2933,46.2872],[11.3018,46.2927],[11.3026,46.294],[11.3046,46.2993],[11.3046,46.3069],[11.2995,46.3143],[11.2951,46.3153],[11.2898,46.3147],[11.2839,46.317],[11.2867,46.3231],[11.2823,46.3325],[11.2808,46.3332],[11.2798,46.3382],[11.2883,46.3395],[11.299,46.3394],[11.3038,46.3407],[11.3081,46.343],[11.3213,46.3456],[11.3305,46.3464],[11.3486,46.3456],[11.3603,46.3404],[11.365,46.3364],[11.3728,46.333],[11.3772,46.3328],[11.3815,46.334],[11.3873,46.3329],[11.3914,46.3311],[11.3789,46.3273]]]}},{"type":"Feature","properties":{"i":"021054","n":"Moso in Passiria"},"geometry":{"type":"Polygon","coordinates":[[[11.2133,46.8548],[11.2161,46.8517],[11.2185,46.8438],[11.2192,46.8365],[11.2159,46.827],[11.2119,46.8245],[11.206,46.8222],[11.1918,46.8258],[11.1925,46.8239],[11.1984,46.8203],[11.194,46.813],[11.1946,46.8039],[11.1962,46.802],[11.1955,46.7936],[11.1928,46.7868],[11.1813,46.7807],[11.1718,46.7769],[11.161,46.7742],[11.1556,46.7752],[11.1473,46.7724],[11.1345,46.782],[11.1186,46.7969],[11.115,46.7974],[11.1137,46.7953],[11.1163,46.7885],[11.1144,46.7803],[11.1119,46.775],[11.105,46.7718],[11.1001,46.7602],[11.1028,46.7546],[11.1034,46.7517],[11.1025,46.7496],[11.0977,46.7455],[11.0917,46.7433],[11.0824,46.7383],[11.0762,46.7312],[11.0607,46.7199],[11.0542,46.7214],[11.0494,46.7238],[11.0387,46.7338],[11.0378,46.744],[11.0353,46.7507],[11.0278,46.7537],[11.0233,46.7595],[11.0221,46.7652],[11.0249,46.7691],[11.025,46.7717],[11.0286,46.7791],[11.0352,46.7904],[11.0424,46.7996],[11.0419,46.8034],[11.0726,46.8187],[11.0817,46.8209],[11.0835,46.8222],[11.0814,46.8278],[11.078,46.8337],[11.0721,46.8404],[11.0725,46.8496],[11.0747,46.8577],[11.0816,46.866],[11.0884,46.8778],[11.1003,46.8901],[11.095,46.9075],[11.0959,46.9119],[11.098,46.9141],[11.1078,46.916],[11.11,46.9249],[11.12,46.9305],[11.1303,46.9282],[11.1406,46.9283],[11.1576,46.9359],[11.1652,46.9407],[11.1683,46.9447],[11.1704,46.9452],[11.1734,46.944],[11.179,46.9397],[11.1957,46.9341],[11.1986,46.9321],[11.2023,46.9274],[11.2021,46.926],[11.2002,46.9246],[11.1995,46.9218],[11.2023,46.9051],[11.2001,46.8932],[11.2009,46.8903],[11.2078,46.8789],[11.2096,46.8714],[11.2082,46.8611],[11.2087,46.8575],[11.21,46.8559],[11.2133,46.8548]]]}},{"type":"Feature","properties":{"i":"021055","n":"Nalles"},"geometry":{"type":"Polygon","coordinates":[[[11.2194,46.5273],[11.207,46.5237],[11.2074,46.5208],[11.1837,46.5116],[11.165,46.5177],[11.1657,46.5208],[11.1681,46.5228],[11.1735,46.5238],[11.1803,46.5279],[11.182,46.531],[11.1936,46.5416],[11.1955,46.5416],[11.2012,46.5448],[11.2031,46.5481],[11.2012,46.5588],[11.2003,46.5588],[11.2052,46.5647],[11.2079,46.5612],[11.2164,46.555],[11.2298,46.5421],[11.2312,46.5386],[11.2304,46.5366],[11.2227,46.5286],[11.2194,46.5273]]]}},{"type":"Feature","properties":{"i":"021056","n":"Naturno"},"geometry":{"type":"Polygon","coordinates":[[[11.0489,46.662],[11.0349,46.657],[11.0316,46.6529],[11.0466,46.6399],[11.0576,46.6267],[11.0666,46.619],[11.0778,46.6258],[11.0823,46.6229],[11.0794,46.6215],[11.073,46.6206],[11.0658,46.6167],[11.0616,46.611],[11.054,46.6089],[11.0424,46.6082],[11.0118,46.5993],[11.01,46.5995],[10.9948,46.5904],[10.9942,46.5893],[10.9946,46.5879],[10.9934,46.5872],[10.9902,46.5861],[10.9821,46.5853],[10.9732,46.5863],[10.9637,46.6272],[10.9676,46.6324],[10.9657,46.6416],[10.962,46.6438],[10.9593,46.6419],[10.9525,46.6433],[10.9344,46.6526],[10.9612,46.6479],[10.9756,46.6484],[10.9775,46.6501],[10.9736,46.6533],[10.9658,46.6557],[10.9578,46.6567],[10.9547,46.6587],[10.9507,46.6664],[10.9416,46.6738],[10.9414,46.6771],[10.9567,46.6872],[10.9622,46.6876],[10.9674,46.6858],[10.9687,46.6842],[10.9706,46.6835],[10.9822,46.6842],[10.9949,46.6891],[10.9974,46.6918],[10.998,46.6949],[11.0049,46.6939],[11.0183,46.6872],[11.0307,46.6778],[11.0445,46.6695],[11.0483,46.6646],[11.0489,46.662]]]}},{"type":"Feature","properties":{"i":"021057","n":"Naz-Sciaves"},"geometry":{"type":"Polygon","coordinates":[[[11.6705,46.7849],[11.6794,46.777],[11.6789,46.7752],[11.681,46.7716],[11.6827,46.7703],[11.6867,46.7694],[11.6907,46.7721],[11.6941,46.7722],[11.6983,46.7698],[11.7005,46.7637],[11.7008,46.7606],[11.6985,46.7605],[11.697,46.7594],[11.6884,46.7452],[11.6835,46.7416],[11.6779,46.7422],[11.6766,46.7445],[11.6726,46.7477],[11.6706,46.7476],[11.6613,46.739],[11.6575,46.7369],[11.6567,46.7407],[11.6531,46.7463],[11.6495,46.7491],[11.6525,46.755],[11.656,46.7587],[11.6514,46.764],[11.6415,46.7705],[11.6385,46.7741],[11.6326,46.776],[11.6277,46.7786],[11.6255,46.7819],[11.6272,46.7823],[11.6279,46.7836],[11.6265,46.7864],[11.6345,46.7867],[11.6463,46.785],[11.6484,46.7836],[11.6501,46.7808],[11.6542,46.7788],[11.6588,46.7779],[11.6602,46.7867],[11.6663,46.7864],[11.6705,46.7849]]]}},{"type":"Feature","properties":{"i":"021058","n":"Nova Levante"},"geometry":{"type":"Polygon","coordinates":[[[11.618,46.4409],[11.6198,46.4294],[11.6163,46.4216],[11.608,46.4102],[11.6017,46.3994],[11.6017,46.3898],[11.5993,46.3873],[11.5926,46.3836],[11.5775,46.3817],[11.5648,46.3816],[11.5635,46.3838],[11.5584,46.3861],[11.5518,46.3927],[11.5455,46.401],[11.5301,46.4132],[11.5277,46.4166],[11.5255,46.424],[11.5224,46.427],[11.4819,46.4254],[11.4808,46.4259],[11.4764,46.4322],[11.494,46.4363],[11.5061,46.4399],[11.5288,46.4536],[11.5304,46.4505],[11.5352,46.4495],[11.5502,46.4555],[11.5631,46.4625],[11.5855,46.4556],[11.5927,46.4496],[11.5964,46.4479],[11.618,46.4409]]]}},{"type":"Feature","properties":{"i":"021059","n":"Nova Ponente"},"geometry":{"type":"Polygon","coordinates":[[[11.4764,46.4322],[11.4816,46.4255],[11.5118,46.4261],[11.5224,46.427],[11.5255,46.424],[11.5277,46.4166],[11.5301,46.4132],[11.5455,46.401],[11.5518,46.3927],[11.5584,46.3861],[11.5635,46.3838],[11.5648,46.3816],[11.5625,46.3791],[11.5587,46.3676],[11.5566,46.3525],[11.5572,46.3509],[11.5525,46.3472],[11.5435,46.3478],[11.5332,46.353],[11.526,46.3542],[11.5239,46.3561],[11.5047,46.3599],[11.4754,46.3641],[11.4655,46.3712],[11.4468,46.3729],[11.4338,46.3752],[11.4217,46.3784],[11.4073,46.3863],[11.4021,46.3884],[11.3944,46.3858],[11.383,46.3834],[11.3786,46.3838],[11.3694,46.3869],[11.3642,46.3911],[11.3611,46.3952],[11.3396,46.4012],[11.3425,46.4044],[11.3537,46.4063],[11.3571,46.4074],[11.3605,46.41],[11.3591,46.4151],[11.3645,46.4245],[11.3705,46.4314],[11.3725,46.4356],[11.3729,46.4462],[11.3751,46.4506],[11.3775,46.4522],[11.3796,46.45],[11.3822,46.4494],[11.3866,46.4513],[11.3888,46.4534],[11.3985,46.4548],[11.4038,46.4526],[11.4095,46.4532],[11.4112,46.4541],[11.4165,46.4599],[11.4453,46.4507],[11.4613,46.4426],[11.4671,46.4371],[11.474,46.4328],[11.4764,46.4322]]]}},{"type":"Feature","properties":{"i":"021060","n":"Ora"},"geometry":{"type":"Polygon","coordinates":[[[11.3221,46.3883],[11.3252,46.3806],[11.3264,46.3717],[11.3232,46.3643],[11.3167,46.3541],[11.3137,46.3439],[11.3081,46.343],[11.3038,46.3407],[11.299,46.3394],[11.2883,46.3395],[11.2798,46.3382],[11.2787,46.3463],[11.2833,46.3485],[11.2933,46.3559],[11.296,46.3599],[11.2975,46.3675],[11.2922,46.3725],[11.2968,46.3875],[11.2963,46.3912],[11.3122,46.3888],[11.3109,46.386],[11.3062,46.3825],[11.3075,46.3777],[11.311,46.377],[11.3179,46.3791],[11.3156,46.3848],[11.316,46.3878],[11.3221,46.3883]]]}},{"type":"Feature","properties":{"i":"021061","n":"Ortisei"},"geometry":{"type":"Polygon","coordinates":[[[11.7258,46.6006],[11.7211,46.5916],[11.7215,46.5858],[11.7227,46.5837],[11.7073,46.5693],[11.6979,46.5648],[11.6886,46.5709],[11.6864,46.5693],[11.6881,46.566],[11.6727,46.5732],[11.6469,46.575],[11.6435,46.5761],[11.6415,46.5778],[11.6432,46.5796],[11.6494,46.5959],[11.654,46.6021],[11.6576,46.6035],[11.6739,46.6037],[11.6949,46.6138],[11.7198,46.6166],[11.7254,46.6152],[11.7277,46.6128],[11.7236,46.611],[11.7223,46.6051],[11.7258,46.6006]]]}},{"type":"Feature","properties":{"i":"021062","n":"Parcines"},"geometry":{"type":"Polygon","coordinates":[[[11.0371,46.7455],[11.0378,46.744],[11.0387,46.7338],[11.0486,46.7243],[11.0524,46.7221],[11.0607,46.7199],[11.0628,46.7181],[11.0648,46.7176],[11.0689,46.7179],[11.0864,46.7219],[11.0845,46.7206],[11.0843,46.7187],[11.0902,46.7107],[11.0852,46.6933],[11.0902,46.6853],[11.0957,46.6802],[11.0983,46.6715],[11.115,46.6676],[11.1124,46.6593],[11.1101,46.6559],[11.1088,46.6546],[11.1071,46.6549],[11.1022,46.6528],[11.0932,46.6418],[11.0893,46.649],[11.0693,46.6561],[11.0661,46.6575],[11.0619,46.6613],[11.0489,46.662],[11.0483,46.6646],[11.0445,46.6695],[11.0307,46.6778],[11.0183,46.6872],[11.0049,46.6939],[10.998,46.6949],[10.9952,46.6994],[10.9817,46.7061],[10.9715,46.7095],[10.9683,46.7124],[10.9703,46.7178],[10.9717,46.7192],[10.9845,46.726],[10.9857,46.7292],[10.9959,46.7346],[11.02,46.7427],[11.0371,46.7455]]]}},{"type":"Feature","properties":{"i":"021063","n":"Perca"},"geometry":{"type":"Polygon","coordinates":[[[11.9839,46.7892],[11.9686,46.7894],[11.9673,46.7903],[11.9726,46.7948],[11.975,46.7958],[11.9758,46.7953],[11.9833,46.8118],[11.9895,46.8189],[11.9933,46.8213],[12.0155,46.8314],[12.0295,46.8432],[12.0359,46.8534],[12.0377,46.8587],[12.0491,46.8787],[12.0616,46.8851],[12.0657,46.8855],[12.0698,46.8833],[12.0706,46.8814],[12.0699,46.8724],[12.0684,46.8706],[12.0636,46.8678],[12.0604,46.8569],[12.0525,46.8361],[12.0469,46.8256],[12.0409,46.8172],[12.0416,46.8102],[12.0434,46.8069],[12.0353,46.7967],[12.0187,46.7899],[12.0008,46.7846],[11.9839,46.7892]]]}},{"type":"Feature","properties":{"i":"021064","n":"Plaus"},"geometry":{"type":"Polygon","coordinates":[[[11.0489,46.662],[11.0496,46.662],[11.0568,46.6483],[11.0643,46.6395],[11.0667,46.6275],[11.0666,46.619],[11.0576,46.6267],[11.0466,46.6399],[11.0316,46.6529],[11.0349,46.657],[11.0489,46.662]]]}},{"type":"Feature","properties":{"i":"021065","n":"Ponte Gardena"},"geometry":{"type":"Polygon","coordinates":[[[11.5615,46.5974],[11.5605,46.5953],[11.5591,46.5945],[11.5513,46.5928],[11.549,46.5939],[11.5373,46.5909],[11.5355,46.5894],[11.5344,46.5859],[11.5294,46.5818],[11.5236,46.58],[11.523,46.5809],[11.5231,46.5849],[11.5309,46.5994],[11.5366,46.5981],[11.5457,46.5987],[11.5573,46.5983],[11.5615,46.5974]]]}},{"type":"Feature","properties":{"i":"021066","n":"Postal"},"geometry":{"type":"Polygon","coordinates":[[[11.2048,46.617],[11.2066,46.6148],[11.2086,46.6087],[11.2103,46.5921],[11.2127,46.5901],[11.2084,46.5878],[11.2027,46.5891],[11.1959,46.5892],[11.1878,46.5881],[11.187,46.5946],[11.1825,46.607],[11.1842,46.6201],[11.1945,46.6225],[11.1995,46.6227],[11.203,46.6218],[11.2048,46.617]]]}},{"type":"Feature","properties":{"i":"021067","n":"Prato allo Stelvio"},"geometry":{"type":"Polygon","coordinates":[[[10.621,46.6312],[10.6128,46.6153],[10.608,46.6081],[10.6079,46.5893],[10.6089,46.5822],[10.6049,46.5703],[10.6075,46.5667],[10.6347,46.5639],[10.6469,46.5635],[10.6481,46.5579],[10.6191,46.5558],[10.594,46.5581],[10.58,46.5572],[10.5725,46.5581],[10.5667,46.5706],[10.5597,46.5741],[10.5577,46.5776],[10.5573,46.5845],[10.5621,46.594],[10.5506,46.6163],[10.5373,46.616],[10.5179,46.6093],[10.5084,46.6103],[10.4923,46.6151],[10.5083,46.634],[10.5341,46.6381],[10.5545,46.6395],[10.5608,46.6419],[10.5614,46.6451],[10.5658,46.6508],[10.5697,46.6519],[10.5767,46.6456],[10.5873,46.6413],[10.5885,46.6416],[10.5982,46.6385],[10.6159,46.6305],[10.6174,46.6301],[10.621,46.6312]]]}},{"type":"Feature","properties":{"i":"021068","n":"Predoi"},"geometry":{"type":"Polygon","coordinates":[[[12.121,47.0067],[12.1087,47.0079],[12.1067,47.0054],[12.1053,47.001],[12.1022,46.9976],[12.0879,46.9881],[12.0831,46.9873],[12.077,46.9884],[12.0779,46.9886],[12.0784,46.99],[12.0754,46.9964],[12.068,47.0037],[12.0662,47.0068],[12.0665,47.0149],[12.0701,47.0249],[12.0666,47.0366],[12.0601,47.0505],[12.0595,47.0587],[12.0729,47.0598],[12.0845,47.0701],[12.0937,47.0766],[12.1037,47.078],[12.1201,47.0738],[12.1355,47.0797],[12.149,47.0797],[12.161,47.0816],[12.1799,47.0903],[12.1852,47.0915],[12.1872,47.0916],[12.2087,47.0862],[12.2162,47.0855],[12.224,47.0832],[12.2401,47.0693],[12.2402,47.0679],[12.2378,47.0656],[12.2271,47.0613],[12.2183,47.0589],[12.2168,47.0578],[12.2156,47.0544],[12.2158,47.0445],[12.2049,47.0272],[12.1793,47.0247],[12.173,47.0232],[12.1673,47.0207],[12.1472,47.0243],[12.1243,47.0108],[12.121,47.0067]]]}},{"type":"Feature","properties":{"i":"021069","n":"Proves"},"geometry":{"type":"Polygon","coordinates":[[[11.0217,46.5143],[11.0339,46.5068],[11.0429,46.4973],[11.0438,46.4925],[11.0427,46.4838],[11.0337,46.4805],[11.0291,46.4801],[11.0283,46.4786],[11.0288,46.4713],[11.0318,46.4674],[11.042,46.4608],[11.0501,46.4522],[11.0475,46.4465],[11.0424,46.4465],[11.0412,46.4472],[11.0311,46.4596],[11.0159,46.468],[11.0074,46.4745],[11.0059,46.4768],[10.9886,46.4835],[10.9787,46.4839],[10.9836,46.4887],[10.986,46.4946],[10.9863,46.497],[10.9855,46.498],[10.9908,46.5055],[10.9999,46.5115],[11.0081,46.5141],[11.0183,46.5132],[11.0217,46.5143]]]}},{"type":"Feature","properties":{"i":"021070","n":"Racines"},"geometry":{"type":"Polygon","coordinates":[[[11.3554,46.9219],[11.3567,46.9203],[11.3623,46.9175],[11.384,46.9144],[11.3902,46.9129],[11.3911,46.9119],[11.3898,46.9108],[11.3893,46.908],[11.3962,46.9026],[11.4052,46.8931],[11.4022,46.8911],[11.398,46.8903],[11.3793,46.8901],[11.3701,46.8932],[11.3654,46.8933],[11.3613,46.8904],[11.3612,46.8878],[11.3665,46.8836],[11.3686,46.883],[11.3734,46.8836],[11.3775,46.8863],[11.3898,46.8842],[11.4002,46.8844],[11.4132,46.8864],[11.4199,46.8845],[11.4246,46.8843],[11.4253,46.8812],[11.4247,46.8737],[11.423,46.8682],[11.4296,46.8575],[11.4425,46.8409],[11.4422,46.8386],[11.4348,46.833],[11.4337,46.8294],[11.4341,46.8204],[11.422,46.8175],[11.416,46.8179],[11.4131,46.817],[11.3969,46.8026],[11.3932,46.8007],[11.3716,46.8036],[11.3677,46.8053],[11.3599,46.8138],[11.35,46.8279],[11.3447,46.8287],[11.3403,46.8303],[11.329,46.8377],[11.3182,46.8406],[11.2953,46.8399],[11.2798,46.8413],[11.2478,46.8417],[11.2348,46.8496],[11.21,46.8559],[11.2087,46.8575],[11.2082,46.8611],[11.2096,46.8714],[11.2078,46.8789],[11.2009,46.8903],[11.2001,46.8932],[11.2023,46.9051],[11.1995,46.9218],[11.2002,46.9246],[11.2023,46.9265],[11.202,46.9285],[11.1957,46.9341],[11.179,46.9397],[11.1734,46.944],[11.1704,46.9452],[11.1683,46.9447],[11.1655,46.9468],[11.1632,46.9511],[11.1638,46.9608],[11.1653,46.9653],[11.1761,46.9625],[11.1904,46.97],[11.2025,46.9684],[11.2047,46.965],[11.2134,46.9658],[11.2272,46.9694],[11.2414,46.9696],[11.2413,46.967],[11.242,46.9665],[11.25,46.9623],[11.2558,46.9622],[11.26,46.9604],[11.2631,46.9586],[11.2632,46.9575],[11.2658,46.9548],[11.2718,46.9512],[11.3291,46.9284],[11.3444,46.9211],[11.3528,46.921],[11.3554,46.9219]]]}},{"type":"Feature","properties":{"i":"021071","n":"Rasun-Anterselva"},"geometry":{"type":"Polygon","coordinates":[[[12.2186,46.8739],[12.2197,46.8723],[12.2198,46.8704],[12.2149,46.8651],[12.2011,46.8599],[12.1947,46.8593],[12.1775,46.8639],[12.1703,46.861],[12.1677,46.8574],[12.1677,46.8557],[12.1687,46.8551],[12.1759,46.856],[12.1768,46.8555],[12.1859,46.8489],[12.1868,46.8466],[12.1863,46.8447],[12.1738,46.84],[12.1694,46.8319],[12.1621,46.8276],[12.1549,46.8267],[12.1435,46.8301],[12.1372,46.8303],[12.1316,46.8235],[12.126,46.8141],[12.1297,46.8045],[12.1287,46.8025],[12.1261,46.8005],[12.1229,46.7996],[12.1165,46.7993],[12.1113,46.7998],[12.1103,46.8035],[12.1055,46.8047],[12.104,46.8048],[12.0995,46.8027],[12.0893,46.7958],[12.0868,46.7905],[12.0902,46.7906],[12.0853,46.781],[12.0774,46.7788],[12.0647,46.7734],[12.0639,46.7687],[12.0621,46.7657],[12.0493,46.7649],[12.042,46.7696],[12.0371,46.7714],[12.0289,46.7726],[12.0132,46.7737],[11.9962,46.7734],[11.99,46.7718],[11.9883,46.7763],[11.9895,46.7821],[11.9916,46.7846],[11.9808,46.7879],[11.9826,46.7892],[11.9839,46.7892],[12.0008,46.7846],[12.0187,46.7899],[12.0353,46.7967],[12.0434,46.8069],[12.0416,46.8102],[12.0409,46.8172],[12.0469,46.8256],[12.0525,46.8361],[12.0604,46.8569],[12.0636,46.8678],[12.0684,46.8706],[12.0699,46.8724],[12.0706,46.8814],[12.0698,46.8833],[12.0776,46.8837],[12.0821,46.8856],[12.0822,46.8884],[12.0807,46.8898],[12.0811,46.8927],[12.0845,46.8974],[12.0883,46.9001],[12.0935,46.8995],[12.1067,46.903],[12.1128,46.9029],[12.1147,46.9024],[12.1174,46.9004],[12.1189,46.8981],[12.1206,46.8977],[12.1346,46.9025],[12.1397,46.9108],[12.1441,46.914],[12.16,46.9084],[12.1723,46.9088],[12.1823,46.9076],[12.1889,46.9063],[12.1936,46.9034],[12.1975,46.8986],[12.1986,46.8915],[12.2004,46.8885],[12.2083,46.88],[12.215,46.8742],[12.2186,46.8739]]]}},{"type":"Feature","properties":{"i":"021072","n":"Renon"},"geometry":{"type":"Polygon","coordinates":[[[11.5235,46.5794],[11.5224,46.5748],[11.5183,46.5656],[11.5153,46.5643],[11.5124,46.5606],[11.5121,46.5575],[11.5133,46.5538],[11.5125,46.55],[11.4997,46.5372],[11.4931,46.5333],[11.4848,46.5217],[11.4783,46.5145],[11.4481,46.4968],[11.4443,46.4965],[11.4405,46.4944],[11.435,46.493],[11.4327,46.4941],[11.4276,46.4925],[11.4237,46.4922],[11.4017,46.5011],[11.3914,46.5009],[11.3879,46.5016],[11.3866,46.5023],[11.3864,46.5033],[11.3886,46.5059],[11.3865,46.5082],[11.3796,46.5076],[11.3664,46.5087],[11.3577,46.512],[11.3556,46.514],[11.3631,46.525],[11.3684,46.5371],[11.3693,46.5632],[11.3723,46.5719],[11.3741,46.5728],[11.3787,46.57],[11.3821,46.57],[11.3957,46.5762],[11.3983,46.5788],[11.4016,46.5843],[11.399,46.5876],[11.3999,46.5926],[11.411,46.5944],[11.4017,46.5985],[11.3909,46.602],[11.3891,46.6061],[11.3928,46.6086],[11.4181,46.6186],[11.43,46.6226],[11.4336,46.6229],[11.438,46.6211],[11.46,46.6336],[11.4561,46.6282],[11.4504,46.6176],[11.4485,46.6066],[11.4486,46.6048],[11.4512,46.599],[11.4578,46.5952],[11.4655,46.5933],[11.4852,46.594],[11.4897,46.5918],[11.5016,46.5821],[11.5165,46.5811],[11.5235,46.5794]]]}},{"type":"Feature","properties":{"i":"021073","n":"Rifiano"},"geometry":{"type":"Polygon","coordinates":[[[11.2021,46.7268],[11.2008,46.7205],[11.1929,46.7201],[11.1933,46.7166],[11.1915,46.7099],[11.1828,46.6954],[11.1784,46.6963],[11.1723,46.7005],[11.1686,46.7056],[11.169,46.7099],[11.1673,46.7136],[11.165,46.7133],[11.1645,46.7163],[11.1599,46.7202],[11.1548,46.7223],[11.1505,46.7228],[11.1498,46.729],[11.1514,46.7299],[11.1502,46.7309],[11.1467,46.7326],[11.1371,46.735],[11.1227,46.7359],[11.1115,46.7378],[11.0977,46.7455],[11.1025,46.7496],[11.1034,46.7517],[11.1026,46.7554],[11.1001,46.7602],[11.1037,46.7693],[11.1059,46.7725],[11.1119,46.775],[11.1144,46.7803],[11.1163,46.7885],[11.1137,46.7953],[11.115,46.7974],[11.1186,46.7969],[11.1345,46.782],[11.1602,46.7638],[11.1613,46.7617],[11.1608,46.7607],[11.1595,46.7595],[11.1563,46.7592],[11.1559,46.7581],[11.1567,46.7574],[11.1683,46.7576],[11.1754,46.7616],[11.1882,46.7655],[11.2012,46.7659],[11.197,46.759],[11.1952,46.7576],[11.1942,46.7584],[11.1845,46.7533],[11.185,46.7526],[11.1911,46.7522],[11.1874,46.7478],[11.1746,46.749],[11.1681,46.7454],[11.1672,46.7399],[11.1714,46.7352],[11.1771,46.7331],[11.1975,46.729],[11.2021,46.7268]]]}},{"type":"Feature","properties":{"i":"021074","n":"Rio di Pusteria"},"geometry":{"type":"Polygon","coordinates":[[[11.6892,46.8128],[11.685,46.811],[11.6712,46.797],[11.6675,46.7903],[11.6705,46.7849],[11.6663,46.7864],[11.6602,46.7867],[11.6588,46.7779],[11.6542,46.7788],[11.6501,46.7808],[11.6484,46.7836],[11.6463,46.785],[11.6345,46.7867],[11.6265,46.7864],[11.6246,46.804],[11.6211,46.8069],[11.6163,46.8072],[11.6129,46.8087],[11.603,46.8165],[11.6021,46.831],[11.6014,46.8325],[11.5922,46.8344],[11.5799,46.8332],[11.5789,46.834],[11.5794,46.8358],[11.5885,46.8394],[11.5916,46.8415],[11.5932,46.8459],[11.5894,46.854],[11.5862,46.8579],[11.5861,46.8639],[11.5899,46.8685],[11.5921,46.8728],[11.5936,46.8776],[11.5934,46.8803],[11.588,46.8845],[11.584,46.8866],[11.5861,46.8983],[11.5841,46.907],[11.5973,46.9181],[11.6134,46.927],[11.6226,46.9258],[11.6331,46.9192],[11.6417,46.9071],[11.6403,46.8989],[11.6419,46.8907],[11.6471,46.8886],[11.6563,46.8915],[11.6612,46.8894],[11.6681,46.877],[11.6798,46.8694],[11.6874,46.8611],[11.6855,46.8508],[11.6853,46.8396],[11.6803,46.8296],[11.6833,46.8185],[11.6884,46.8149],[11.6892,46.8128]]]}},{"type":"Feature","properties":{"i":"021075","n":"Rodengo"},"geometry":{"type":"Polygon","coordinates":[[[11.7682,46.7943],[11.7812,46.7934],[11.7895,46.7903],[11.7927,46.7861],[11.795,46.7772],[11.8002,46.7755],[11.7979,46.7732],[11.8003,46.7702],[11.807,46.7653],[11.8061,46.7645],[11.8001,46.766],[11.7538,46.7817],[11.7485,46.7828],[11.7329,46.7788],[11.7117,46.7621],[11.7067,46.7604],[11.7021,46.76],[11.7008,46.7606],[11.7005,46.7637],[11.6985,46.7696],[11.6958,46.7716],[11.6907,46.7721],[11.6864,46.7694],[11.6814,46.7713],[11.6789,46.7752],[11.6794,46.777],[11.6699,46.7854],[11.6675,46.79],[11.6715,46.7975],[11.685,46.811],[11.6935,46.8144],[11.6995,46.8111],[11.7034,46.8077],[11.7191,46.8024],[11.7305,46.8004],[11.7373,46.8016],[11.749,46.8015],[11.7637,46.7955],[11.7682,46.7943]]]}},{"type":"Feature","properties":{"i":"021076","n":"Salorno"},"geometry":{"type":"Polygon","coordinates":[[[11.3083,46.28],[11.3109,46.2813],[11.3137,46.2793],[11.3159,46.2733],[11.3056,46.2588],[11.2943,46.2609],[11.2851,46.258],[11.2752,46.2519],[11.2634,46.2417],[11.2396,46.2284],[11.2064,46.2198],[11.2017,46.2229],[11.1827,46.2264],[11.1746,46.2327],[11.1746,46.2392],[11.1765,46.239],[11.1807,46.2432],[11.1821,46.2491],[11.1836,46.2513],[11.1861,46.2527],[11.1885,46.2526],[11.1899,46.25],[11.1963,46.2498],[11.1995,46.2538],[11.2024,46.2556],[11.2075,46.2557],[11.2166,46.2578],[11.22,46.2596],[11.2231,46.2573],[11.2296,46.2592],[11.2319,46.2611],[11.2302,46.2647],[11.2351,46.2618],[11.245,46.2585],[11.2461,46.2682],[11.2481,46.2691],[11.2521,46.2675],[11.2551,46.2673],[11.2599,46.2778],[11.26,46.2818],[11.2628,46.2847],[11.2759,46.281],[11.285,46.2772],[11.2959,46.2762],[11.3026,46.2791],[11.3083,46.28]]]}},{"type":"Feature","properties":{"i":"021077","n":"San Candido"},"geometry":{"type":"Polygon","coordinates":[[[12.3837,46.7166],[12.3702,46.7163],[12.3598,46.7175],[12.3546,46.7204],[12.3468,46.7204],[12.3444,46.7173],[12.3364,46.7152],[12.3286,46.7173],[12.3189,46.7183],[12.3155,46.711],[12.3155,46.7034],[12.3174,46.7002],[12.3222,46.6989],[12.3265,46.6936],[12.3279,46.6884],[12.3263,46.6752],[12.321,46.6696],[12.3175,46.6681],[12.3147,46.6615],[12.3164,46.6573],[12.321,46.6544],[12.3201,46.6512],[12.3078,46.6419],[12.2994,46.6417],[12.2931,46.6402],[12.2823,46.6404],[12.2714,46.6496],[12.2605,46.6639],[12.26,46.6673],[12.2618,46.669],[12.2648,46.6702],[12.2648,46.677],[12.2574,46.6794],[12.2564,46.6813],[12.2564,46.682],[12.2594,46.6839],[12.2643,46.6846],[12.2688,46.6842],[12.273,46.6822],[12.2777,46.6886],[12.2757,46.6909],[12.2588,46.6969],[12.2561,46.6994],[12.2541,46.7035],[12.2539,46.7115],[12.2508,46.7228],[12.2436,46.7247],[12.2434,46.7254],[12.2456,46.7285],[12.2491,46.7302],[12.2577,46.7316],[12.2669,46.7359],[12.2607,46.7444],[12.2709,46.7511],[12.2811,46.752],[12.2958,46.7501],[12.3012,46.7501],[12.304,46.751],[12.3124,46.7609],[12.3141,46.7703],[12.3255,46.7759],[12.3298,46.7798],[12.3521,46.7764],[12.3585,46.7737],[12.3585,46.7701],[12.367,46.7487],[12.3684,46.743],[12.3747,46.732],[12.3802,46.7196],[12.3837,46.7166]]]}},{"type":"Feature","properties":{"i":"021079","n":"San Genesio Atesino"},"geometry":{"type":"Polygon","coordinates":[[[11.3207,46.6215],[11.3319,46.6123],[11.3405,46.5997],[11.3541,46.5929],[11.3634,46.5893],[11.3713,46.5903],[11.3789,46.5888],[11.3802,46.5863],[11.3763,46.5746],[11.3753,46.5725],[11.3733,46.5728],[11.3723,46.5719],[11.3693,46.5632],[11.3684,46.5371],[11.3642,46.5272],[11.3552,46.5297],[11.3473,46.5234],[11.3374,46.5225],[11.3291,46.5192],[11.3209,46.5131],[11.3205,46.5116],[11.318,46.509],[11.3103,46.5065],[11.3009,46.506],[11.2915,46.5087],[11.2881,46.5069],[11.2772,46.5218],[11.2721,46.5356],[11.2726,46.5404],[11.2734,46.5422],[11.2722,46.5471],[11.2781,46.5515],[11.2832,46.5534],[11.2892,46.562],[11.289,46.5707],[11.2901,46.5713],[11.2893,46.5767],[11.286,46.5848],[11.2823,46.5912],[11.2844,46.5976],[11.2945,46.604],[11.2949,46.606],[11.2934,46.6088],[11.2948,46.6139],[11.3107,46.6255],[11.3188,46.6209],[11.3207,46.6215]]]}},{"type":"Feature","properties":{"i":"021080","n":"San Leonardo in Passiria"},"geometry":{"type":"Polygon","coordinates":[[[11.3716,46.8036],[11.3677,46.8006],[11.3395,46.792],[11.3259,46.791],[11.3189,46.789],[11.316,46.7831],[11.3088,46.7744],[11.3061,46.7736],[11.3042,46.7702],[11.3014,46.7637],[11.302,46.7564],[11.3012,46.7551],[11.2919,46.7518],[11.2832,46.7508],[11.2796,46.7527],[11.2779,46.7548],[11.2733,46.7561],[11.2651,46.7558],[11.2616,46.7518],[11.2535,46.7473],[11.2477,46.7487],[11.2327,46.7468],[11.2192,46.7392],[11.2162,46.7357],[11.2167,46.731],[11.2131,46.7245],[11.2008,46.7205],[11.2021,46.7268],[11.2032,46.7397],[11.2057,46.7419],[11.2103,46.7501],[11.2088,46.752],[11.218,46.7729],[11.2307,46.7848],[11.2367,46.8024],[11.2421,46.811],[11.242,46.8144],[11.2384,46.8166],[11.2106,46.8208],[11.2028,46.8199],[11.1979,46.8204],[11.1921,46.8243],[11.1919,46.8259],[11.206,46.8222],[11.2119,46.8245],[11.2159,46.827],[11.2192,46.8365],[11.2185,46.8438],[11.2161,46.8517],[11.2133,46.8548],[11.2348,46.8496],[11.2478,46.8417],[11.2798,46.8413],[11.2953,46.8399],[11.3182,46.8406],[11.329,46.8377],[11.3403,46.8303],[11.3447,46.8287],[11.35,46.8279],[11.3599,46.8138],[11.3677,46.8053],[11.3716,46.8036]]]}},{"type":"Feature","properties":{"i":"021081","n":"San Lorenzo di Sebato"},"geometry":{"type":"Polygon","coordinates":[[[11.9035,46.8009],[11.9067,46.799],[11.9076,46.7898],[11.911,46.7874],[11.9156,46.7884],[11.9239,46.7768],[11.9367,46.7642],[11.9345,46.7507],[11.9344,46.7459],[11.9142,46.7422],[11.8993,46.7439],[11.8811,46.7431],[11.8683,46.7368],[11.8647,46.733],[11.8561,46.7319],[11.8369,46.7344],[11.8288,46.73],[11.8299,46.7401],[11.8271,46.7461],[11.8193,46.7501],[11.8186,46.7519],[11.8196,46.756],[11.8191,46.7587],[11.814,46.7613],[11.8116,46.7608],[11.8098,46.7581],[11.8075,46.7581],[11.8058,46.7613],[11.8061,46.7645],[11.807,46.7653],[11.8064,46.7662],[11.8003,46.7702],[11.7979,46.7732],[11.7999,46.7753],[11.8043,46.7766],[11.8111,46.7814],[11.8142,46.7823],[11.82,46.7819],[11.833,46.7858],[11.8439,46.7842],[11.8576,46.7773],[11.8627,46.7802],[11.8609,46.7886],[11.858,46.7924],[11.8533,46.7958],[11.8563,46.7998],[11.8604,46.8004],[11.868,46.7998],[11.8879,46.7972],[11.891,46.7995],[11.8957,46.8012],[11.9035,46.8009]]]}},{"type":"Feature","properties":{"i":"021082","n":"San Martino in Badia"},"geometry":{"type":"Polygon","coordinates":[[[11.927,46.6896],[11.9197,46.6885],[11.9084,46.6818],[11.9035,46.6743],[11.8903,46.6497],[11.8847,46.6413],[11.8692,46.6305],[11.8635,46.6242],[11.8616,46.6177],[11.8521,46.6106],[11.8469,46.6054],[11.8484,46.5945],[11.8455,46.5943],[11.8207,46.5991],[11.8114,46.5982],[11.791,46.6005],[11.7867,46.602],[11.7835,46.6042],[11.7816,46.6095],[11.784,46.6146],[11.7941,46.6237],[11.8045,46.6285],[11.8083,46.6327],[11.8085,46.6417],[11.8078,46.6441],[11.8033,46.6472],[11.8001,46.6484],[11.7945,46.648],[11.7921,46.6493],[11.7913,46.6525],[11.7919,46.6553],[11.7952,46.6583],[11.7947,46.6614],[11.7916,46.6679],[11.7939,46.6695],[11.7936,46.6738],[11.7944,46.6801],[11.802,46.6921],[11.8057,46.6953],[11.8119,46.6983],[11.8183,46.6977],[11.8217,46.6946],[11.8309,46.6923],[11.8558,46.6923],[11.8564,46.6933],[11.8687,46.7],[11.8834,46.704],[11.8839,46.7065],[11.8868,46.7072],[11.8994,46.7058],[11.9093,46.7019],[11.9135,46.6969],[11.927,46.6896]]]}},{"type":"Feature","properties":{"i":"021083","n":"San Martino in Passiria"},"geometry":{"type":"Polygon","coordinates":[[[11.2021,46.7268],[11.1975,46.729],[11.1771,46.7331],[11.1714,46.7352],[11.1672,46.7399],[11.1681,46.7454],[11.1746,46.749],[11.1874,46.7478],[11.1911,46.7522],[11.185,46.7526],[11.1845,46.7533],[11.1942,46.7584],[11.1952,46.7576],[11.197,46.759],[11.2012,46.7659],[11.1882,46.7655],[11.1754,46.7616],[11.1683,46.7576],[11.1573,46.7572],[11.1559,46.7581],[11.1563,46.7592],[11.1604,46.76],[11.1613,46.7617],[11.1607,46.763],[11.1473,46.7724],[11.1556,46.7752],[11.161,46.7742],[11.1718,46.7769],[11.1813,46.7807],[11.1928,46.7868],[11.1955,46.7936],[11.1962,46.802],[11.1946,46.8039],[11.194,46.813],[11.1984,46.8203],[11.2028,46.8199],[11.2106,46.8208],[11.2384,46.8166],[11.242,46.8143],[11.2418,46.8097],[11.2367,46.8024],[11.2307,46.7848],[11.218,46.7729],[11.2088,46.752],[11.2103,46.7501],[11.2057,46.7419],[11.2032,46.7397],[11.2021,46.7268]]]}},{"type":"Feature","properties":{"i":"021084","n":"San Pancrazio"},"geometry":{"type":"Polygon","coordinates":[[[11.1067,46.5673],[11.1092,46.5635],[11.1088,46.5583],[11.1047,46.5485],[11.0957,46.5373],[11.0891,46.5374],[11.0866,46.5363],[11.0824,46.5314],[11.08,46.5309],[11.0673,46.5244],[11.0549,46.5163],[11.0441,46.5168],[11.0346,46.5138],[11.0264,46.5178],[11.0328,46.5216],[11.0401,46.5389],[11.0397,46.5463],[11.0382,46.5482],[11.0361,46.5631],[11.037,46.5688],[11.0351,46.5707],[11.0191,46.5802],[11.0102,46.5822],[11.0022,46.5827],[10.9946,46.5879],[10.9942,46.5893],[10.9948,46.5904],[11.0097,46.5994],[11.0118,46.5993],[11.0424,46.6082],[11.054,46.6089],[11.0616,46.611],[11.0658,46.6167],[11.073,46.6206],[11.0794,46.6215],[11.0823,46.6229],[11.0893,46.6211],[11.0993,46.6141],[11.1042,46.6116],[11.1059,46.6123],[11.1066,46.6174],[11.1298,46.6103],[11.1216,46.6061],[11.1169,46.6052],[11.1142,46.5986],[11.1172,46.5945],[11.1189,46.5896],[11.1165,46.588],[11.1121,46.5829],[11.107,46.5702],[11.1067,46.5673]]]}},{"type":"Feature","properties":{"i":"021085","n":"Santa Cristina Valgardena"},"geometry":{"type":"Polygon","coordinates":[[[11.783,46.613],[11.7816,46.6095],[11.7835,46.6042],[11.7894,46.6009],[11.7964,46.5998],[11.7966,46.5978],[11.7902,46.588],[11.7881,46.5866],[11.7842,46.5866],[11.7807,46.5883],[11.7753,46.5893],[11.773,46.5872],[11.7713,46.5838],[11.7595,46.5825],[11.7523,46.5787],[11.741,46.5718],[11.7265,46.5574],[11.7256,46.5543],[11.7261,46.5524],[11.7337,46.5435],[11.7372,46.5335],[11.7385,46.5145],[11.7335,46.5092],[11.7198,46.5102],[11.7185,46.5108],[11.7084,46.5209],[11.7049,46.5312],[11.6999,46.5341],[11.6949,46.5447],[11.6956,46.5472],[11.7052,46.5554],[11.7063,46.5582],[11.7028,46.5608],[11.6881,46.566],[11.6864,46.5693],[11.6886,46.5709],[11.6976,46.5647],[11.7073,46.5693],[11.7227,46.5837],[11.7215,46.5858],[11.7211,46.5916],[11.7258,46.6006],[11.7465,46.6018],[11.757,46.6035],[11.7603,46.6047],[11.7623,46.6075],[11.7692,46.6111],[11.7736,46.6125],[11.783,46.613]]]}},{"type":"Feature","properties":{"i":"021086","n":"Sarentino"},"geometry":{"type":"Polygon","coordinates":[[[11.4821,46.808],[11.4873,46.7993],[11.4893,46.7941],[11.4906,46.7869],[11.493,46.7836],[11.4967,46.7805],[11.4903,46.7783],[11.4871,46.771],[11.4891,46.7605],[11.4954,46.7534],[11.5067,46.7448],[11.5093,46.7306],[11.5083,46.7274],[11.5114,46.7237],[11.5106,46.7182],[11.5051,46.7144],[11.5024,46.7136],[11.4935,46.7073],[11.492,46.7033],[11.4913,46.6946],[11.4813,46.687],[11.4569,46.6776],[11.4477,46.6703],[11.4417,46.6709],[11.4345,46.6742],[11.4302,46.6743],[11.4281,46.6722],[11.4257,46.6649],[11.4222,46.66],[11.4125,46.6564],[11.4097,46.654],[11.4084,46.6516],[11.4088,46.649],[11.4285,46.6415],[11.432,46.6387],[11.4349,46.6351],[11.4353,46.6334],[11.4343,46.6301],[11.4281,46.6223],[11.3936,46.609],[11.3891,46.6061],[11.3909,46.602],[11.4017,46.5985],[11.411,46.5944],[11.3999,46.5926],[11.399,46.5876],[11.4016,46.5843],[11.3983,46.5788],[11.3957,46.5762],[11.3821,46.57],[11.3765,46.5709],[11.3746,46.5725],[11.3753,46.5725],[11.3763,46.5746],[11.3802,46.5863],[11.3789,46.5888],[11.3713,46.5903],[11.3634,46.5893],[11.3541,46.5929],[11.3405,46.5997],[11.3319,46.6123],[11.3207,46.6215],[11.3164,46.6304],[11.3068,46.6365],[11.3024,46.6365],[11.2964,46.6419],[11.2888,46.6538],[11.2912,46.6537],[11.2883,46.6574],[11.2862,46.6581],[11.2779,46.675],[11.2778,46.6762],[11.2824,46.6799],[11.2888,46.6892],[11.2897,46.6922],[11.2783,46.6984],[11.2755,46.702],[11.2772,46.7056],[11.2787,46.7169],[11.2772,46.7252],[11.2751,46.7264],[11.2734,46.7304],[11.2811,46.745],[11.2847,46.7502],[11.2919,46.7518],[11.3012,46.7551],[11.302,46.7564],[11.3014,46.7637],[11.3042,46.7702],[11.3061,46.7736],[11.3088,46.7744],[11.316,46.7831],[11.3189,46.789],[11.3259,46.791],[11.3395,46.792],[11.3677,46.8006],[11.3716,46.8036],[11.3932,46.8007],[11.3969,46.8026],[11.4131,46.817],[11.416,46.8179],[11.422,46.8175],[11.4341,46.8204],[11.4371,46.8185],[11.4429,46.819],[11.454,46.8151],[11.4553,46.81],[11.4638,46.8055],[11.467,46.8054],[11.4726,46.8076],[11.4821,46.808]]]}},{"type":"Feature","properties":{"i":"021087","n":"Scena"},"geometry":{"type":"Polygon","coordinates":[[[11.2858,46.7507],[11.2847,46.7502],[11.2811,46.745],[11.2734,46.7304],[11.2751,46.7264],[11.2772,46.7252],[11.2787,46.7169],[11.2772,46.7056],[11.2755,46.702],[11.2639,46.689],[11.2602,46.6822],[11.251,46.6823],[11.2442,46.6796],[11.2397,46.6761],[11.2295,46.6727],[11.2073,46.6708],[11.1894,46.6719],[11.1848,46.6763],[11.1815,46.6854],[11.1771,46.6867],[11.178,46.6905],[11.1854,46.6991],[11.1915,46.7099],[11.1933,46.7166],[11.1929,46.7201],[11.2008,46.7205],[11.2131,46.7245],[11.2167,46.731],[11.2162,46.7357],[11.2192,46.7392],[11.2327,46.7468],[11.2477,46.7487],[11.2535,46.7473],[11.2616,46.7518],[11.2651,46.7558],[11.2733,46.7561],[11.2779,46.7548],[11.2819,46.7512],[11.2858,46.7507]]]}},{"type":"Feature","properties":{"i":"021088","n":"Selva dei Molini"},"geometry":{"type":"Polygon","coordinates":[[[11.8097,46.9898],[11.8105,46.9859],[11.814,46.9796],[11.8141,46.9723],[11.8087,46.967],[11.8096,46.9619],[11.8123,46.9582],[11.8112,46.9505],[11.8262,46.9307],[11.8295,46.9226],[11.8293,46.9193],[11.8415,46.915],[11.8854,46.919],[11.9127,46.9128],[11.9211,46.9047],[11.9237,46.9056],[11.9266,46.9039],[11.9234,46.8983],[11.9196,46.8953],[11.9084,46.8927],[11.9089,46.8889],[11.9134,46.8799],[11.9136,46.8764],[11.9122,46.8758],[11.9097,46.8725],[11.9085,46.8674],[11.9029,46.8628],[11.8958,46.8629],[11.8892,46.8659],[11.8756,46.8665],[11.8637,46.8644],[11.8549,46.8642],[11.8449,46.8694],[11.8286,46.869],[11.8233,46.8679],[11.821,46.8703],[11.8122,46.8752],[11.8072,46.8771],[11.796,46.8789],[11.7916,46.8809],[11.7892,46.8864],[11.7858,46.8876],[11.7827,46.8874],[11.7787,46.8845],[11.7698,46.8824],[11.7656,46.8848],[11.7574,46.8931],[11.7538,46.8944],[11.7442,46.9012],[11.7391,46.9068],[11.7365,46.9132],[11.7384,46.9185],[11.7406,46.9322],[11.7394,46.9467],[11.7364,46.9511],[11.7357,46.9574],[11.7373,46.9595],[11.7471,46.9669],[11.7472,46.9689],[11.7659,46.9752],[11.7684,46.9802],[11.7717,46.9839],[11.7813,46.9915],[11.8037,46.9913],[11.8097,46.9898]]]}},{"type":"Feature","properties":{"i":"021089","n":"Selva di Val Gardena"},"geometry":{"type":"Polygon","coordinates":[[[11.8484,46.5945],[11.8405,46.5797],[11.8393,46.5677],[11.8348,46.5642],[11.8302,46.5624],[11.8121,46.5599],[11.8035,46.5579],[11.8037,46.5548],[11.8135,46.5444],[11.8124,46.5333],[11.8119,46.5324],[11.8082,46.5319],[11.8032,46.5294],[11.793,46.5213],[11.7906,46.515],[11.7816,46.5107],[11.7436,46.505],[11.7335,46.5092],[11.7385,46.5145],[11.7372,46.5335],[11.7337,46.5435],[11.7261,46.5524],[11.7256,46.5543],[11.7265,46.5574],[11.741,46.5718],[11.7595,46.5825],[11.7713,46.5838],[11.773,46.5872],[11.7753,46.5893],[11.7807,46.5883],[11.7842,46.5866],[11.7881,46.5866],[11.7902,46.588],[11.7966,46.5978],[11.7964,46.5998],[11.8114,46.5982],[11.8207,46.5991],[11.8455,46.5943],[11.8484,46.5945]]]}},{"type":"Feature","properties":{"i":"021091","n":"Senales"},"geometry":{"type":"Polygon","coordinates":[[[11.0221,46.7652],[11.0233,46.7595],[11.0278,46.7537],[11.0353,46.7507],[11.0371,46.7455],[11.02,46.7427],[10.9959,46.7346],[10.9857,46.7292],[10.9845,46.726],[10.9717,46.7192],[10.9703,46.7178],[10.9681,46.7132],[10.9715,46.7095],[10.9817,46.7061],[10.9952,46.6994],[10.998,46.6949],[10.9979,46.6929],[10.9959,46.69],[10.9817,46.684],[10.9706,46.6835],[10.9687,46.6842],[10.9674,46.6858],[10.9622,46.6876],[10.9553,46.6868],[10.9414,46.6771],[10.9416,46.6738],[10.9477,46.6693],[10.9371,46.6714],[10.9239,46.6704],[10.9151,46.665],[10.9083,46.6638],[10.9036,46.6643],[10.8974,46.6692],[10.8927,46.671],[10.8878,46.6683],[10.8876,46.6662],[10.8805,46.666],[10.8762,46.665],[10.8739,46.6642],[10.8709,46.661],[10.8577,46.6601],[10.8449,46.6618],[10.8323,46.6657],[10.8304,46.6655],[10.8293,46.6648],[10.8294,46.664],[10.8285,46.6641],[10.8224,46.6671],[10.8184,46.6702],[10.8191,46.6715],[10.8217,46.6733],[10.8249,46.6806],[10.8188,46.6814],[10.8101,46.6847],[10.8064,46.688],[10.8028,46.6929],[10.8013,46.6982],[10.8021,46.7011],[10.799,46.7053],[10.7861,46.7086],[10.7851,46.7117],[10.787,46.7127],[10.7871,46.714],[10.7854,46.7161],[10.7772,46.7206],[10.7724,46.7218],[10.7517,46.7187],[10.7383,46.7278],[10.7333,46.7287],[10.731,46.7342],[10.7315,46.737],[10.7347,46.7402],[10.7357,46.7474],[10.7338,46.7583],[10.7298,46.7651],[10.7313,46.7827],[10.7305,46.7879],[10.7594,46.7858],[10.7722,46.7896],[10.7833,46.7956],[10.7864,46.7964],[10.796,46.7912],[10.8108,46.7781],[10.8159,46.7753],[10.8257,46.7739],[10.8297,46.7758],[10.8321,46.7805],[10.8365,46.7819],[10.8403,46.7816],[10.8438,46.7783],[10.852,46.7744],[10.8659,46.7726],[10.8717,46.7655],[10.8822,46.7632],[10.8896,46.7639],[10.8912,46.7655],[10.8991,46.769],[10.9084,46.7697],[10.9163,46.7744],[10.9223,46.7749],[10.93,46.7735],[10.9453,46.775],[10.9531,46.7747],[10.9708,46.7723],[10.9841,46.7683],[10.9936,46.7671],[11.003,46.7684],[11.0136,46.7721],[11.0221,46.7652]]]}},{"type":"Feature","properties":{"i":"021092","n":"Sesto"},"geometry":{"type":"Polygon","coordinates":[[[12.3837,46.7166],[12.3876,46.7158],[12.3954,46.7108],[12.4109,46.7031],[12.4213,46.6991],[12.4428,46.6882],[12.4745,46.6866],[12.4774,46.683],[12.4776,46.6798],[12.4375,46.6689],[12.4274,46.6616],[12.4068,46.6442],[12.404,46.643],[12.3911,46.6416],[12.383,46.6437],[12.3798,46.6429],[12.3782,46.6385],[12.3784,46.6367],[12.3898,46.6275],[12.3888,46.6245],[12.3852,46.6228],[12.3719,46.6202],[12.3594,46.6197],[12.348,46.624],[12.3414,46.63],[12.3326,46.629],[12.3159,46.63],[12.3078,46.6419],[12.3201,46.6512],[12.321,46.6544],[12.3164,46.6573],[12.3147,46.6615],[12.3175,46.6681],[12.321,46.6696],[12.3263,46.6752],[12.3279,46.6884],[12.3265,46.6936],[12.3222,46.6989],[12.3174,46.7002],[12.3155,46.7034],[12.3155,46.711],[12.3189,46.7183],[12.3286,46.7173],[12.3364,46.7152],[12.3444,46.7173],[12.3468,46.7204],[12.3546,46.7204],[12.3598,46.7175],[12.3702,46.7163],[12.3837,46.7166]]]}},{"type":"Feature","properties":{"i":"021093","n":"Silandro"},"geometry":{"type":"Polygon","coordinates":[[[10.8294,46.664],[10.8271,46.6575],[10.832,46.6426],[10.8208,46.6262],[10.8132,46.6194],[10.7902,46.6169],[10.7894,46.616],[10.7893,46.6144],[10.7907,46.6136],[10.7984,46.6126],[10.8062,46.6102],[10.8039,46.6038],[10.8033,46.5918],[10.8018,46.5883],[10.7967,46.5856],[10.7884,46.5838],[10.7775,46.5825],[10.7672,46.5826],[10.7569,46.5808],[10.7473,46.5774],[10.7459,46.576],[10.7456,46.5727],[10.7415,46.5702],[10.7315,46.5682],[10.7171,46.562],[10.7186,46.5663],[10.7167,46.575],[10.7144,46.5755],[10.7138,46.5786],[10.7162,46.5828],[10.7231,46.5915],[10.7237,46.5945],[10.7204,46.604],[10.721,46.6101],[10.7237,46.6104],[10.727,46.616],[10.7251,46.626],[10.7212,46.6346],[10.7104,46.6439],[10.7,46.6492],[10.6941,46.6598],[10.6981,46.6668],[10.7013,46.6694],[10.7077,46.6728],[10.7224,46.6767],[10.724,46.6775],[10.725,46.6796],[10.7253,46.6814],[10.722,46.685],[10.7254,46.6883],[10.7255,46.7004],[10.7176,46.7083],[10.7169,46.7102],[10.7188,46.7158],[10.7243,46.7229],[10.7333,46.7287],[10.7383,46.7278],[10.7517,46.7187],[10.7724,46.7218],[10.7772,46.7206],[10.7841,46.717],[10.7871,46.7142],[10.787,46.7127],[10.7851,46.7117],[10.7861,46.7086],[10.799,46.7053],[10.8021,46.7011],[10.8013,46.6982],[10.8028,46.6929],[10.8064,46.688],[10.8101,46.6847],[10.8188,46.6814],[10.8249,46.6806],[10.8217,46.6733],[10.8191,46.6715],[10.8184,46.6702],[10.8224,46.6671],[10.8294,46.664]]]}},{"type":"Feature","properties":{"i":"021094","n":"Sluderno"},"geometry":{"type":"Polygon","coordinates":[[[10.6537,46.6718],[10.6532,46.6701],[10.6459,46.6644],[10.6372,46.6604],[10.632,46.6564],[10.6324,46.654],[10.621,46.6312],[10.6174,46.6301],[10.608,46.6336],[10.5982,46.6385],[10.5885,46.6416],[10.5873,46.6413],[10.5767,46.6456],[10.5697,46.6519],[10.5679,46.6583],[10.5693,46.6653],[10.5718,46.6684],[10.5723,46.6724],[10.5704,46.674],[10.571,46.6748],[10.5811,46.677],[10.5874,46.6777],[10.6031,46.6774],[10.6191,46.6744],[10.6537,46.6718]]]}},{"type":"Feature","properties":{"i":"021095","n":"Stelvio"},"geometry":{"type":"Polygon","coordinates":[[[10.6481,46.5579],[10.6493,46.557],[10.6506,46.5536],[10.6477,46.5446],[10.6365,46.5371],[10.6411,46.5193],[10.638,46.5099],[10.6297,46.4967],[10.6298,46.4925],[10.6257,46.4873],[10.6205,46.4856],[10.6158,46.4858],[10.6109,46.484],[10.6058,46.4776],[10.6022,46.4705],[10.6005,46.4687],[10.5921,46.4709],[10.5836,46.4718],[10.5761,46.4743],[10.5623,46.4818],[10.555,46.489],[10.5429,46.4921],[10.497,46.4974],[10.4823,46.4942],[10.4761,46.4955],[10.4759,46.4973],[10.473,46.5006],[10.4579,46.5106],[10.453,46.5283],[10.4532,46.532],[10.454,46.5334],[10.4621,46.5412],[10.4725,46.5437],[10.4746,46.5518],[10.4754,46.5602],[10.4745,46.5615],[10.4743,46.5642],[10.4795,46.5735],[10.4841,46.5783],[10.4858,46.5858],[10.4846,46.5945],[10.486,46.6016],[10.4887,46.6094],[10.4912,46.6113],[10.4923,46.6151],[10.5084,46.6103],[10.5179,46.6093],[10.5373,46.616],[10.5506,46.6163],[10.5621,46.594],[10.5573,46.5845],[10.5577,46.5776],[10.5597,46.5741],[10.5667,46.5706],[10.5725,46.5581],[10.58,46.5572],[10.594,46.5581],[10.6191,46.5558],[10.6481,46.5579]]]}},{"type":"Feature","properties":{"i":"021096","n":"Terento"},"geometry":{"type":"Polygon","coordinates":[[[11.8233,46.8679],[11.82,46.8649],[11.8208,46.8587],[11.8329,46.846],[11.8296,46.8373],[11.8189,46.8232],[11.8171,46.8196],[11.8144,46.8185],[11.8052,46.8178],[11.8009,46.8186],[11.795,46.8184],[11.7849,46.8162],[11.7817,46.8147],[11.7765,46.817],[11.7584,46.8195],[11.7316,46.82],[11.7321,46.8234],[11.7342,46.8251],[11.7337,46.836],[11.7395,46.8398],[11.7414,46.8458],[11.7374,46.8518],[11.7359,46.8582],[11.7417,46.8638],[11.7542,46.8702],[11.7584,46.8719],[11.7634,46.8726],[11.7684,46.8718],[11.7716,46.8732],[11.772,46.8767],[11.7698,46.8824],[11.7787,46.8845],[11.7827,46.8874],[11.7858,46.8876],[11.7892,46.8864],[11.7916,46.8809],[11.796,46.8789],[11.8072,46.8771],[11.8122,46.8752],[11.821,46.8703],[11.8233,46.8679]]]}},{"type":"Feature","properties":{"i":"021097","n":"Terlano"},"geometry":{"type":"Polygon","coordinates":[[[11.2734,46.5422],[11.2726,46.5404],[11.2721,46.5356],[11.2772,46.5218],[11.2881,46.5069],[11.2754,46.4978],[11.2702,46.4991],[11.2686,46.5015],[11.2591,46.5026],[11.25,46.5072],[11.2469,46.5135],[11.2488,46.516],[11.2489,46.5269],[11.2441,46.5279],[11.2194,46.5273],[11.2227,46.5286],[11.2304,46.5366],[11.2312,46.5386],[11.2298,46.5421],[11.2164,46.555],[11.2079,46.5612],[11.2059,46.5638],[11.2128,46.5668],[11.2214,46.5739],[11.2297,46.565],[11.2314,46.5607],[11.2398,46.554],[11.2603,46.5423],[11.2734,46.5422]]]}},{"type":"Feature","properties":{"i":"021098","n":"Termeno sulla strada del vino"},"geometry":{"type":"MultiPolygon","coordinates":[[[[11.2798,46.3382],[11.2808,46.3332],[11.2788,46.3301],[11.2724,46.3254],[11.2636,46.3244],[11.2714,46.3352],[11.2708,46.3394],[11.2731,46.3467],[11.2756,46.3473],[11.2787,46.3463],[11.2798,46.3382]]],[[[11.2628,46.3239],[11.2487,46.307],[11.232,46.3114],[11.2319,46.3143],[11.236,46.3198],[11.2352,46.323],[11.2302,46.3262],[11.2226,46.3466],[11.2036,46.3424],[11.1919,46.359],[11.1931,46.3645],[11.1947,46.3653],[11.1978,46.3648],[11.2017,46.3653],[11.2056,46.3672],[11.2368,46.3635],[11.2411,46.3655],[11.2472,46.3667],[11.2528,46.366],[11.2549,46.3636],[11.2548,46.3597],[11.2565,46.3541],[11.2594,46.3537],[11.2608,46.3468],[11.2511,46.3375],[11.2459,46.3337],[11.2435,46.3305],[11.2628,46.3239]]]]}},{"type":"Feature","properties":{"i":"021099","n":"Tesimo"},"geometry":{"type":"Polygon","coordinates":[[[11.1941,46.5688],[11.2052,46.5647],[11.2003,46.5588],[11.2012,46.5588],[11.2031,46.5481],[11.202,46.546],[11.1997,46.5438],[11.1955,46.5416],[11.1936,46.5416],[11.182,46.531],[11.1803,46.5279],[11.1735,46.5238],[11.1681,46.5228],[11.1657,46.5208],[11.165,46.5177],[11.1586,46.5233],[11.1528,46.5272],[11.1324,46.5286],[11.1147,46.5258],[11.1045,46.529],[11.1009,46.529],[11.0947,46.5349],[11.0957,46.5373],[11.1047,46.5485],[11.1088,46.5583],[11.1092,46.5635],[11.1067,46.5673],[11.1092,46.5674],[11.1125,46.5713],[11.1197,46.5749],[11.1225,46.5743],[11.1225,46.5722],[11.13,46.5721],[11.1439,46.5795],[11.1521,46.5871],[11.1585,46.5866],[11.1694,46.5735],[11.1716,46.572],[11.1742,46.5723],[11.1798,46.5696],[11.1878,46.5629],[11.192,46.5652],[11.1941,46.5688]]]}},{"type":"Feature","properties":{"i":"021100","n":"Tires"},"geometry":{"type":"Polygon","coordinates":[[[11.6328,46.4993],[11.6334,46.4953],[11.6392,46.493],[11.6422,46.4901],[11.6436,46.4876],[11.6479,46.4858],[11.6503,46.4831],[11.647,46.4804],[11.6446,46.4728],[11.643,46.4753],[11.6408,46.4752],[11.6352,46.4745],[11.6269,46.472],[11.626,46.4609],[11.6218,46.4547],[11.6178,46.4441],[11.618,46.4409],[11.5964,46.4479],[11.5927,46.4496],[11.5855,46.4556],[11.5631,46.4625],[11.5502,46.4555],[11.5344,46.4493],[11.5297,46.4511],[11.5288,46.4536],[11.5284,46.4638],[11.5169,46.4651],[11.5019,46.4715],[11.4947,46.4736],[11.4976,46.4757],[11.5112,46.4822],[11.5205,46.485],[11.5249,46.4852],[11.526,46.4849],[11.5269,46.483],[11.5306,46.4824],[11.5421,46.4833],[11.5478,46.4919],[11.5605,46.4921],[11.5699,46.494],[11.5786,46.4974],[11.5924,46.5],[11.6158,46.4985],[11.6186,46.5003],[11.6238,46.5006],[11.6328,46.4993]]]}},{"type":"Feature","properties":{"i":"021101","n":"Tirolo"},"geometry":{"type":"Polygon","coordinates":[[[11.165,46.7133],[11.1595,46.7074],[11.1599,46.7059],[11.1644,46.6988],[11.1751,46.691],[11.178,46.6905],[11.1769,46.6831],[11.1732,46.6756],[11.1719,46.6734],[11.1686,46.672],[11.1637,46.6728],[11.1619,46.6775],[11.1447,46.6894],[11.1383,46.6901],[11.134,46.6893],[11.1262,46.6912],[11.1239,46.6941],[11.1232,46.6963],[11.1244,46.6978],[11.1271,46.6992],[11.1271,46.704],[11.1239,46.7098],[11.1203,46.713],[11.0933,46.7206],[11.0864,46.7219],[11.0689,46.7179],[11.0628,46.7181],[11.0607,46.7199],[11.0762,46.7312],[11.0824,46.7383],[11.0917,46.7433],[11.0977,46.7455],[11.1115,46.7378],[11.1227,46.7359],[11.1371,46.735],[11.1499,46.7311],[11.1514,46.7299],[11.1498,46.729],[11.1505,46.7228],[11.1548,46.7223],[11.1599,46.7202],[11.1645,46.7163],[11.165,46.7133]]]}},{"type":"Feature","properties":{"i":"021102","n":"Trodena nel parco naturale"},"geometry":{"type":"Polygon","coordinates":[[[11.3789,46.3273],[11.3891,46.3226],[11.3962,46.3272],[11.4017,46.3272],[11.4044,46.3254],[11.3963,46.3097],[11.3849,46.3024],[11.3781,46.301],[11.3636,46.3016],[11.3607,46.3008],[11.3595,46.2996],[11.3589,46.2961],[11.3472,46.2945],[11.3381,46.2987],[11.3333,46.2975],[11.3321,46.2966],[11.332,46.2941],[11.3232,46.2926],[11.3236,46.3021],[11.3195,46.3096],[11.3185,46.3157],[11.3204,46.3199],[11.3231,46.323],[11.338,46.3329],[11.3449,46.3335],[11.3545,46.3391],[11.3561,46.3391],[11.3739,46.3309],[11.3789,46.3273]]]}},{"type":"Feature","properties":{"i":"021103","n":"Tubre"},"geometry":{"type":"Polygon","coordinates":[[[10.4089,46.7052],[10.4122,46.7008],[10.4243,46.6906],[10.4445,46.6776],[10.4662,46.6748],[10.4737,46.675],[10.4821,46.6685],[10.4845,46.6634],[10.4872,46.6605],[10.4968,46.654],[10.5082,46.6476],[10.512,46.6436],[10.5127,46.6413],[10.5083,46.634],[10.4923,46.6151],[10.4872,46.6156],[10.4606,46.6343],[10.4463,46.641],[10.4096,46.635],[10.404,46.636],[10.4006,46.6377],[10.4,46.6385],[10.4017,46.6412],[10.4,46.6458],[10.3931,46.655],[10.392,46.6597],[10.3922,46.6704],[10.3858,46.6809],[10.3876,46.6874],[10.3968,46.6958],[10.4025,46.7042],[10.4089,46.7052]]]}},{"type":"Feature","properties":{"i":"021104","n":"Ultimo"},"geometry":{"type":"Polygon","coordinates":[[[11.0264,46.5178],[11.0202,46.5134],[11.0081,46.5141],[10.9999,46.5115],[10.9908,46.5055],[10.9855,46.498],[10.9863,46.497],[10.986,46.4946],[10.9836,46.4887],[10.9787,46.4839],[10.9671,46.482],[10.9638,46.4802],[10.96,46.4737],[10.9566,46.4704],[10.9447,46.4671],[10.9397,46.4665],[10.9372,46.4671],[10.9313,46.4569],[10.9322,46.4536],[10.9156,46.4453],[10.9089,46.444],[10.8922,46.4447],[10.8872,46.4469],[10.8849,46.4501],[10.8688,46.442],[10.8658,46.4383],[10.8613,46.4361],[10.8525,46.4387],[10.8379,46.4391],[10.8222,46.4418],[10.8004,46.443],[10.7971,46.4448],[10.7896,46.4538],[10.7773,46.4723],[10.7683,46.4815],[10.765,46.486],[10.7695,46.4908],[10.7778,46.4977],[10.7901,46.5039],[10.7927,46.5062],[10.8031,46.5155],[10.811,46.5276],[10.815,46.5304],[10.8272,46.5327],[10.8398,46.5415],[10.8581,46.5439],[10.8617,46.55],[10.8707,46.5545],[10.8814,46.5578],[10.8935,46.5644],[10.9037,46.5682],[10.9304,46.5723],[10.9329,46.5742],[10.9576,46.5768],[10.9675,46.5799],[10.9723,46.584],[10.9732,46.5863],[10.9821,46.5853],[10.9902,46.5861],[10.9946,46.5879],[11.0022,46.5827],[11.0102,46.5822],[11.0191,46.5802],[11.0365,46.5696],[11.037,46.5688],[11.0361,46.5631],[11.0368,46.5567],[11.0382,46.5482],[11.0397,46.5463],[11.0401,46.5389],[11.0328,46.5216],[11.0264,46.5178]]]}},{"type":"Feature","properties":{"i":"021105","n":"Vadena"},"geometry":{"type":"Polygon","coordinates":[[[11.3151,46.4143],[11.3129,46.4102],[11.3074,46.4062],[11.2963,46.3939],[11.2968,46.3875],[11.2922,46.3725],[11.2975,46.3675],[11.296,46.3599],[11.2933,46.3559],[11.2833,46.3485],[11.2787,46.3463],[11.2752,46.3475],[11.2813,46.3545],[11.2763,46.3583],[11.2732,46.3588],[11.2681,46.3575],[11.2678,46.3603],[11.2753,46.3624],[11.2707,46.3809],[11.2739,46.3842],[11.2834,46.3873],[11.2919,46.3981],[11.2916,46.4029],[11.293,46.4067],[11.2983,46.4167],[11.3056,46.4355],[11.3063,46.4424],[11.3031,46.4477],[11.3063,46.449],[11.307,46.4491],[11.3085,46.447],[11.3249,46.4326],[11.3235,46.4302],[11.3168,46.4251],[11.3135,46.4206],[11.3151,46.4172],[11.3151,46.4143]]]}},{"type":"Feature","properties":{"i":"021106","n":"Valdaora"},"geometry":{"type":"Polygon","coordinates":[[[12.0639,46.7687],[12.0652,46.7686],[12.067,46.7673],[12.0672,46.7643],[12.0802,46.7605],[12.0835,46.7586],[12.084,46.7567],[12.0836,46.7546],[12.0798,46.7482],[12.0743,46.7435],[12.0658,46.7401],[12.0709,46.7338],[12.0751,46.7317],[12.0773,46.7279],[12.0776,46.7237],[12.0701,46.7181],[12.062,46.7149],[12.0449,46.7122],[12.0203,46.7126],[12.0118,46.71],[12.009,46.7073],[12.0039,46.7048],[11.9866,46.7088],[11.9807,46.7111],[11.9807,46.7145],[11.9824,46.7174],[11.9847,46.7194],[11.9796,46.7239],[11.9723,46.728],[11.9649,46.735],[11.9589,46.7388],[11.9666,46.7434],[11.9734,46.7495],[11.9769,46.7537],[11.9772,46.7564],[11.9784,46.758],[11.9864,46.7616],[11.9883,46.7617],[11.9912,46.76],[11.9925,46.7605],[11.9941,46.7637],[11.993,46.7677],[11.99,46.7718],[11.9962,46.7734],[12.0132,46.7737],[12.0289,46.7726],[12.0371,46.7714],[12.042,46.7696],[12.0493,46.7649],[12.0621,46.7657],[12.0639,46.7687]]]}},{"type":"Feature","properties":{"i":"021107","n":"Val di Vizze"},"geometry":{"type":"Polygon","coordinates":[[[11.7472,46.9689],[11.7471,46.9669],[11.7373,46.9595],[11.7357,46.9574],[11.7287,46.956],[11.725,46.9541],[11.7117,46.9513],[11.7097,46.9523],[11.7033,46.9528],[11.6809,46.9495],[11.66,46.9517],[11.631,46.946],[11.613,46.9361],[11.6134,46.927],[11.5973,46.9181],[11.5841,46.907],[11.5808,46.9079],[11.5639,46.9091],[11.5562,46.9086],[11.5405,46.8962],[11.5285,46.889],[11.5224,46.8877],[11.5199,46.8872],[11.4939,46.8881],[11.4741,46.8897],[11.4655,46.8943],[11.465,46.8961],[11.4636,46.8971],[11.4603,46.8982],[11.4564,46.8965],[11.4533,46.8935],[11.4509,46.8901],[11.4491,46.8846],[11.4448,46.8914],[11.4323,46.8991],[11.4303,46.9029],[11.4314,46.906],[11.441,46.9125],[11.4422,46.9129],[11.4441,46.9097],[11.4478,46.9101],[11.4607,46.9135],[11.4685,46.9204],[11.4758,46.924],[11.4872,46.9253],[11.4879,46.9249],[11.4878,46.9233],[11.4893,46.9233],[11.4932,46.9247],[11.5011,46.9327],[11.5025,46.9408],[11.5066,46.9525],[11.5104,46.9581],[11.5189,46.9646],[11.5234,46.9713],[11.5266,46.974],[11.5372,46.9798],[11.5381,46.9841],[11.5425,46.9852],[11.5442,46.9868],[11.5516,46.9898],[11.5713,46.9933],[11.5808,46.9971],[11.5805,47.0011],[11.582,47.002],[11.5889,47.0047],[11.5944,47.0055],[11.6157,47.012],[11.6281,47.0117],[11.6307,47.0072],[11.6352,47.0036],[11.6633,46.993],[11.6668,46.9925],[11.694,46.994],[11.7106,46.993],[11.7159,46.9882],[11.7296,46.972],[11.7472,46.9689]]]}},{"type":"Feature","properties":{"i":"021108","n":"Valle Aurina"},"geometry":{"type":"Polygon","coordinates":[[[12.0595,47.0587],[12.0601,47.0505],[12.0666,47.0366],[12.0701,47.0249],[12.0665,47.0149],[12.0662,47.0068],[12.068,47.0037],[12.0754,46.9964],[12.0783,46.9894],[12.0734,46.9835],[12.0691,46.9804],[12.0579,46.9786],[12.0454,46.9707],[12.0307,46.9635],[12.0239,46.9606],[12.002,46.9581],[11.9907,46.9594],[11.9657,46.9505],[11.941,46.9487],[11.9293,46.9495],[11.9287,46.9494],[11.9281,46.946],[11.9261,46.9424],[11.9135,46.9359],[11.8906,46.9264],[11.8885,46.9265],[11.8853,46.9227],[11.8849,46.9205],[11.8854,46.919],[11.8415,46.915],[11.8293,46.9193],[11.8295,46.9226],[11.8262,46.9307],[11.8112,46.9505],[11.8123,46.9582],[11.8096,46.9619],[11.8087,46.967],[11.8141,46.9723],[11.814,46.9796],[11.8105,46.9859],[11.8097,46.9898],[11.8315,46.9924],[11.8557,47.0036],[11.8619,47.0089],[11.8669,47.0112],[11.8875,47.0162],[11.9151,47.0315],[11.9321,47.0376],[11.9398,47.037],[11.9444,47.035],[11.9589,47.0424],[11.9708,47.0437],[11.9736,47.047],[11.9789,47.0498],[11.9939,47.0492],[12.0201,47.0468],[12.03,47.05],[12.0353,47.0579],[12.0425,47.061],[12.0557,47.061],[12.0595,47.0587]]]}},{"type":"Feature","properties":{"i":"021109","n":"Valle di Casies"},"geometry":{"type":"Polygon","coordinates":[[[12.2805,46.7914],[12.2731,46.7905],[12.267,46.7918],[12.2546,46.7835],[12.2504,46.7798],[12.2231,46.7733],[12.2158,46.7688],[12.2163,46.7656],[12.213,46.7621],[12.2084,46.7607],[12.1989,46.7588],[12.1793,46.7576],[12.1537,46.7577],[12.1536,46.7615],[12.1586,46.7662],[12.1555,46.7703],[12.1501,46.7729],[12.1524,46.7795],[12.1477,46.7893],[12.146,46.7909],[12.1443,46.7943],[12.145,46.797],[12.1483,46.8006],[12.1548,46.8018],[12.1598,46.806],[12.1601,46.8097],[12.159,46.8137],[12.163,46.8162],[12.172,46.8161],[12.1775,46.822],[12.1716,46.8277],[12.1694,46.8319],[12.1738,46.84],[12.1852,46.8441],[12.1865,46.8453],[12.1867,46.8478],[12.1855,46.8493],[12.1759,46.856],[12.1687,46.8551],[12.1677,46.8557],[12.1677,46.8574],[12.1703,46.861],[12.1775,46.8639],[12.1947,46.8593],[12.2011,46.8599],[12.2089,46.8623],[12.2149,46.8651],[12.2194,46.8695],[12.2198,46.8722],[12.2186,46.8739],[12.2216,46.8797],[12.2257,46.8787],[12.2317,46.8804],[12.2361,46.8846],[12.2362,46.8885],[12.2406,46.8904],[12.2675,46.8866],[12.2745,46.8832],[12.2773,46.8803],[12.2771,46.8769],[12.2753,46.8748],[12.2756,46.8729],[12.2837,46.8681],[12.2904,46.8617],[12.2901,46.8557],[12.291,46.8523],[12.2956,46.8459],[12.3067,46.8404],[12.306,46.8346],[12.3048,46.8329],[12.2906,46.8223],[12.2832,46.8146],[12.2881,46.8101],[12.2919,46.8035],[12.2882,46.796],[12.2805,46.7914]]]}},{"type":"Feature","properties":{"i":"021110","n":"Vandoies"},"geometry":{"type":"Polygon","coordinates":[[[11.7698,46.8824],[11.772,46.8767],[11.7716,46.8732],[11.7684,46.8718],[11.7634,46.8726],[11.7584,46.8719],[11.7542,46.8702],[11.7417,46.8638],[11.7359,46.8582],[11.7374,46.8518],[11.7414,46.8458],[11.7395,46.8398],[11.7337,46.836],[11.7342,46.8251],[11.7321,46.8234],[11.7315,46.8208],[11.7316,46.82],[11.7345,46.8195],[11.7429,46.8203],[11.7584,46.8195],[11.7765,46.817],[11.7817,46.8147],[11.7814,46.8126],[11.7789,46.8082],[11.7733,46.8062],[11.7721,46.8029],[11.7715,46.7957],[11.7682,46.7943],[11.7637,46.7955],[11.749,46.8015],[11.7263,46.8008],[11.7191,46.8024],[11.7034,46.8077],[11.6995,46.8111],[11.6935,46.8144],[11.6892,46.8128],[11.6884,46.8149],[11.6833,46.8185],[11.6824,46.8212],[11.6803,46.83],[11.6853,46.8396],[11.6855,46.8508],[11.6874,46.8611],[11.6798,46.8694],[11.6681,46.877],[11.6612,46.8894],[11.6563,46.8915],[11.6471,46.8886],[11.6419,46.8907],[11.6403,46.8989],[11.6417,46.9071],[11.6331,46.9192],[11.6226,46.9258],[11.6134,46.927],[11.613,46.9361],[11.631,46.946],[11.66,46.9517],[11.6809,46.9495],[11.7033,46.9528],[11.7097,46.9523],[11.7117,46.9513],[11.725,46.9541],[11.7287,46.956],[11.7357,46.9574],[11.7364,46.9511],[11.7394,46.9467],[11.7406,46.9322],[11.7366,46.9116],[11.7391,46.9068],[11.7442,46.9012],[11.7538,46.8944],[11.7574,46.8931],[11.7656,46.8848],[11.7698,46.8824]]]}},{"type":"Feature","properties":{"i":"021111","n":"Varna"},"geometry":{"type":"Polygon","coordinates":[[[11.6385,46.7741],[11.6415,46.7705],[11.6514,46.764],[11.656,46.7587],[11.6525,46.755],[11.6495,46.7491],[11.6531,46.7463],[11.6567,46.7407],[11.6575,46.7369],[11.6566,46.732],[11.6541,46.7285],[11.65,46.7263],[11.6379,46.7248],[11.6328,46.7307],[11.6241,46.7317],[11.6152,46.7266],[11.5962,46.7176],[11.584,46.709],[11.5796,46.7098],[11.5698,46.7062],[11.5647,46.7069],[11.5588,46.7096],[11.5486,46.7125],[11.5425,46.7113],[11.5367,46.7119],[11.5304,46.7154],[11.5114,46.7237],[11.5083,46.7274],[11.5093,46.7306],[11.5067,46.7448],[11.4954,46.7534],[11.4891,46.7605],[11.4871,46.771],[11.4903,46.7783],[11.4967,46.7805],[11.501,46.7802],[11.5048,46.7789],[11.5135,46.7727],[11.519,46.7712],[11.5258,46.7725],[11.5278,46.7736],[11.529,46.7779],[11.5306,46.7804],[11.5445,46.7813],[11.5503,46.7798],[11.5549,46.777],[11.5669,46.7722],[11.5747,46.7711],[11.5751,46.7676],[11.5771,46.7617],[11.5918,46.7645],[11.5985,46.7718],[11.6052,46.7655],[11.6079,46.7649],[11.6208,46.7665],[11.6385,46.7741]]]}},{"type":"Feature","properties":{"i":"021112","n":"Verano"},"geometry":{"type":"Polygon","coordinates":[[[11.2888,46.6538],[11.2946,46.6448],[11.2918,46.6407],[11.2879,46.6274],[11.2855,46.6233],[11.2728,46.6132],[11.2706,46.6122],[11.2582,46.6102],[11.2462,46.6051],[11.247,46.603],[11.2438,46.6012],[11.2338,46.5974],[11.2149,46.5919],[11.2127,46.5901],[11.2103,46.5921],[11.2086,46.6087],[11.2066,46.6148],[11.2048,46.617],[11.2028,46.627],[11.2094,46.6342],[11.2111,46.6349],[11.2134,46.6329],[11.2144,46.626],[11.2223,46.6276],[11.2296,46.6313],[11.2438,46.6308],[11.2554,46.6331],[11.2574,46.6366],[11.2595,46.6386],[11.2768,46.6473],[11.2809,46.6546],[11.2888,46.6538]]]}},{"type":"Feature","properties":{"i":"021113","n":"Villabassa"},"geometry":{"type":"Polygon","coordinates":[[[12.1717,46.7575],[12.1755,46.7556],[12.1742,46.7496],[12.1764,46.7474],[12.1827,46.7466],[12.1866,46.7471],[12.1959,46.7332],[12.1974,46.7279],[12.1973,46.7271],[12.1961,46.727],[12.1921,46.7283],[12.189,46.7219],[12.1873,46.7151],[12.1893,46.71],[12.1881,46.7013],[12.1799,46.6981],[12.1776,46.6997],[12.1773,46.7072],[12.1719,46.7082],[12.1643,46.7116],[12.164,46.714],[12.1512,46.7331],[12.1466,46.7349],[12.1428,46.7387],[12.1309,46.7438],[12.1277,46.7517],[12.1268,46.7571],[12.128,46.7585],[12.1392,46.7591],[12.1497,46.7576],[12.1717,46.7575]]]}},{"type":"Feature","properties":{"i":"021114","n":"Villandro"},"geometry":{"type":"Polygon","coordinates":[[[11.5583,46.6358],[11.5538,46.6341],[11.5486,46.6257],[11.5406,46.6202],[11.5384,46.6138],[11.532,46.6172],[11.5246,46.6199],[11.5117,46.6228],[11.497,46.6214],[11.4932,46.6203],[11.4873,46.623],[11.4819,46.6276],[11.4707,46.6299],[11.4668,46.6283],[11.4618,46.6312],[11.46,46.6336],[11.438,46.6211],[11.4336,46.6229],[11.4281,46.6223],[11.4343,46.6301],[11.4353,46.6327],[11.4346,46.6358],[11.432,46.6387],[11.4285,46.6415],[11.4088,46.649],[11.4084,46.6516],[11.4118,46.6561],[11.4222,46.66],[11.4257,46.6649],[11.4281,46.6722],[11.4302,46.6743],[11.4345,46.6742],[11.4417,46.6709],[11.4477,46.6703],[11.456,46.6766],[11.4655,46.6697],[11.4743,46.6651],[11.4982,46.6556],[11.5303,46.6596],[11.5479,46.6579],[11.5578,46.6547],[11.5611,46.652],[11.5528,46.6514],[11.5499,46.6487],[11.5491,46.6471],[11.5513,46.644],[11.5567,46.6416],[11.5594,46.6387],[11.5583,46.6358]]]}},{"type":"Feature","properties":{"i":"021115","n":"Vipiteno"},"geometry":{"type":"Polygon","coordinates":[[[11.4491,46.8846],[11.4513,46.8806],[11.4406,46.8833],[11.4199,46.8845],[11.4132,46.8864],[11.4002,46.8844],[11.3898,46.8842],[11.3775,46.8863],[11.3734,46.8836],[11.3686,46.883],[11.3665,46.8836],[11.3612,46.8878],[11.3613,46.8904],[11.3654,46.8933],[11.3701,46.8932],[11.3793,46.8901],[11.398,46.8903],[11.4022,46.8911],[11.4052,46.8931],[11.3962,46.9026],[11.3893,46.908],[11.3898,46.9108],[11.3911,46.9119],[11.3902,46.9129],[11.384,46.9144],[11.3623,46.9175],[11.3567,46.9203],[11.3554,46.9219],[11.3674,46.9261],[11.3737,46.9258],[11.3817,46.9267],[11.3899,46.9333],[11.3991,46.9351],[11.4192,46.9365],[11.4317,46.9366],[11.4532,46.9315],[11.4822,46.9366],[11.5022,46.9383],[11.5008,46.9323],[11.4915,46.9238],[11.4878,46.9233],[11.4879,46.9249],[11.4872,46.9253],[11.4762,46.9242],[11.4685,46.9204],[11.4607,46.9135],[11.4441,46.9097],[11.4422,46.9129],[11.4395,46.9119],[11.4313,46.9059],[11.4303,46.9029],[11.4323,46.8991],[11.4448,46.8914],[11.4491,46.8846]]]}},{"type":"Feature","properties":{"i":"021116","n":"Velturno"},"geometry":{"type":"Polygon","coordinates":[[[11.584,46.709],[11.5937,46.7024],[11.6109,46.6981],[11.6242,46.6889],[11.6274,46.6853],[11.6274,46.6834],[11.6227,46.6794],[11.6186,46.6695],[11.6154,46.6658],[11.6099,46.6638],[11.6082,46.6605],[11.6005,46.6568],[11.594,46.6559],[11.592,46.6545],[11.5827,46.6572],[11.5707,46.6626],[11.5666,46.6725],[11.5672,46.6762],[11.5649,46.6813],[11.5522,46.6916],[11.5468,46.6941],[11.5397,46.7029],[11.5391,46.7085],[11.5425,46.7113],[11.5486,46.7125],[11.5671,46.7063],[11.5713,46.7064],[11.5796,46.7098],[11.584,46.709]]]}},{"type":"Feature","properties":{"i":"021117","n":"La Valle"},"geometry":{"type":"Polygon","coordinates":[[[11.9512,46.6144],[11.9445,46.6176],[11.9273,46.6237],[11.9228,46.6231],[11.9192,46.627],[11.9192,46.6309],[11.9091,46.6303],[11.9047,46.632],[11.9001,46.6399],[11.8948,46.6401],[11.8898,46.6373],[11.8865,46.6372],[11.8815,46.639],[11.8847,46.6413],[11.8903,46.6497],[11.9035,46.6743],[11.9084,46.6818],[11.9197,46.6885],[11.927,46.6896],[11.9257,46.6888],[11.9261,46.684],[11.9274,46.6831],[11.9341,46.6843],[11.9428,46.6764],[11.9643,46.6646],[11.9697,46.6607],[11.9729,46.656],[12.0003,46.6393],[12.0038,46.6324],[12.0036,46.6301],[11.9968,46.6259],[11.989,46.6295],[11.9833,46.6306],[11.9788,46.6294],[11.9587,46.621],[11.9544,46.6185],[11.9512,46.6144]]]}},{"type":"Feature","properties":{"i":"021118","n":"Senale-San Felice"},"geometry":{"type":"Polygon","coordinates":[[[11.0957,46.5373],[11.0947,46.5349],[11.0953,46.5338],[11.0998,46.5295],[11.1045,46.529],[11.1147,46.5258],[11.1324,46.5286],[11.1528,46.5272],[11.1586,46.5233],[11.165,46.5177],[11.1818,46.5126],[11.187,46.5088],[11.1786,46.4988],[11.1729,46.4974],[11.1491,46.4856],[11.1307,46.4821],[11.1291,46.4825],[11.124,46.4884],[11.1138,46.4954],[11.1079,46.4967],[11.1041,46.4962],[11.0894,46.5018],[11.0885,46.503],[11.0884,46.5095],[11.0825,46.5318],[11.0866,46.5363],[11.0891,46.5374],[11.0957,46.5373]]]}}]}
