{"type":"FeatureCollection","fonte":"Confini comunali ISTAT via openpolis/geojson-italy — CC BY 4.0","features":[{"type":"Feature","properties":{"i":"004001","n":"Acceglio"},"geometry":{"type":"Polygon","coordinates":[[[7.0002,44.5382],[7.0135,44.5261],[7.0159,44.5143],[7.0153,44.5082],[7.0089,44.5037],[7.0067,44.4995],[7.0062,44.4962],[7.0077,44.4886],[7.0101,44.4856],[7.0122,44.4857],[7.0142,44.4847],[7.0198,44.4743],[7.0219,44.467],[7.029,44.4636],[7.0339,44.4622],[7.045,44.4508],[7.0445,44.4494],[7.0345,44.4406],[7.027,44.438],[7.0252,44.4362],[7.0197,44.426],[7.0198,44.4231],[7.018,44.4176],[7.016,44.416],[7.0108,44.4151],[7.008,44.4154],[6.9915,44.4076],[6.9929,44.405],[6.9886,44.4015],[6.9829,44.4009],[6.9804,44.4014],[6.9612,44.4117],[6.9454,44.4279],[6.9473,44.4276],[6.9484,44.4298],[6.9332,44.4402],[6.9172,44.4486],[6.912,44.4528],[6.9069,44.4656],[6.8975,44.471],[6.8895,44.4731],[6.8822,44.477],[6.8762,44.4815],[6.8728,44.4905],[6.8669,44.4945],[6.8614,44.5019],[6.8588,44.5087],[6.8538,44.5287],[6.8566,44.534],[6.8648,44.5373],[6.8815,44.554],[6.9041,44.5557],[6.9143,44.559],[6.9164,44.5617],[6.9249,44.552],[6.9369,44.5464],[6.9472,44.5502],[6.9569,44.5478],[6.9704,44.5431],[6.9828,44.5373],[6.993,44.5364],[6.9944,44.5378],[6.9974,44.5386],[7.0002,44.5382]]]}},{"type":"Feature","properties":{"i":"004002","n":"Aisone"},"geometry":{"type":"Polygon","coordinates":[[[7.2566,44.2615],[7.2534,44.2585],[7.2249,44.2539],[7.2181,44.248],[7.2212,44.2341],[7.2199,44.2316],[7.2124,44.2354],[7.2013,44.2442],[7.1999,44.2473],[7.199,44.2534],[7.1987,44.2621],[7.1963,44.2685],[7.1916,44.2769],[7.1896,44.2852],[7.1903,44.2874],[7.1941,44.2922],[7.1994,44.2964],[7.2066,44.2992],[7.2087,44.303],[7.2022,44.3161],[7.1952,44.32],[7.1902,44.3207],[7.1892,44.3215],[7.189,44.3299],[7.1877,44.334],[7.1919,44.3349],[7.1958,44.3341],[7.2135,44.3276],[7.2302,44.3251],[7.2544,44.3235],[7.2551,44.3219],[7.2548,44.3174],[7.2532,44.3086],[7.2499,44.3041],[7.244,44.2998],[7.2396,44.2911],[7.2402,44.2857],[7.2546,44.2757],[7.2557,44.2695],[7.2547,44.2658],[7.2566,44.2615]]]}},{"type":"Feature","properties":{"i":"004003","n":"Alba"},"geometry":{"type":"Polygon","coordinates":[[[8.0619,44.7006],[8.0608,44.6962],[8.061,44.6914],[8.0725,44.6878],[8.0739,44.6806],[8.0812,44.6764],[8.0888,44.6653],[8.0985,44.6581],[8.0956,44.6533],[8.0893,44.6508],[8.089,44.6492],[8.0946,44.645],[8.093,44.6427],[8.0894,44.6399],[8.0844,44.638],[8.0831,44.6383],[8.0781,44.6402],[8.0661,44.6471],[8.0597,44.6475],[8.0549,44.6498],[8.0539,44.6508],[8.0564,44.6531],[8.0641,44.655],[8.0637,44.6567],[8.0555,44.6619],[8.0442,44.6639],[8.0398,44.6738],[8.0254,44.6683],[8.0192,44.6634],[8.0194,44.6621],[8.0105,44.6587],[8.0095,44.6609],[8.002,44.6677],[7.9906,44.6695],[7.9879,44.6713],[7.984,44.6666],[7.9805,44.659],[7.9789,44.648],[7.9775,44.6462],[7.9717,44.6487],[7.9701,44.6507],[7.9683,44.6581],[7.9675,44.6596],[7.9664,44.6599],[7.9727,44.6636],[7.9794,44.6662],[7.9821,44.6688],[7.9867,44.6775],[7.9899,44.6862],[7.9938,44.69],[7.9938,44.692],[7.9859,44.6907],[7.9738,44.7092],[7.9686,44.7195],[7.9774,44.7215],[7.9906,44.722],[8.002,44.7273],[8.0054,44.7278],[8.0215,44.7219],[8.0456,44.7202],[8.0531,44.723],[8.0562,44.7287],[8.0557,44.7303],[8.0563,44.7321],[8.0579,44.7344],[8.0602,44.7341],[8.0665,44.7272],[8.0619,44.7195],[8.0577,44.7099],[8.0612,44.7067],[8.062,44.7046],[8.0619,44.7006]]]}},{"type":"Feature","properties":{"i":"004004","n":"Albaretto della Torre"},"geometry":{"type":"Polygon","coordinates":[[[8.0633,44.6078],[8.0839,44.5978],[8.0834,44.5958],[8.0823,44.5959],[8.0786,44.5971],[8.0744,44.6001],[8.0723,44.5974],[8.0769,44.5878],[8.0579,44.5889],[8.0477,44.592],[8.0431,44.5943],[8.0424,44.5958],[8.0489,44.6024],[8.0524,44.6079],[8.0521,44.6102],[8.0633,44.6078]]]}},{"type":"Feature","properties":{"i":"004005","n":"Alto"},"geometry":{"type":"Polygon","coordinates":[[[7.9789,44.1335],[7.9888,44.1332],[7.9908,44.1324],[7.9914,44.1314],[7.9909,44.1298],[7.9917,44.1274],[7.996,44.1265],[8.0033,44.1264],[8.007,44.1248],[8.0105,44.1221],[8.0124,44.1195],[8.0091,44.1177],[8.0028,44.1165],[8.0042,44.1142],[8.006,44.1134],[8.0156,44.1107],[8.0121,44.1054],[8.0077,44.1028],[8.0039,44.1024],[8.0028,44.1036],[7.9897,44.1086],[7.9715,44.1131],[7.9737,44.1188],[7.9671,44.1335],[7.9789,44.1335]]]}},{"type":"Feature","properties":{"i":"004006","n":"Argentera"},"geometry":{"type":"Polygon","coordinates":[[[6.9929,44.405],[7.0102,44.3971],[7.0196,44.3896],[7.024,44.3816],[7.0305,44.378],[7.0276,44.3731],[7.022,44.3731],[7.0142,44.3747],[7.0083,44.3723],[7.0007,44.3663],[6.9978,44.3622],[6.9927,44.3509],[6.9849,44.3423],[6.9574,44.3287],[6.9535,44.3221],[6.9529,44.3192],[6.9447,44.3216],[6.9319,44.3308],[6.9268,44.3332],[6.9188,44.3528],[6.9092,44.3567],[6.8975,44.3586],[6.8898,44.3608],[6.8877,44.3617],[6.8868,44.363],[6.8868,44.3648],[6.8882,44.3674],[6.8907,44.3683],[6.8966,44.3762],[6.8952,44.3973],[6.8972,44.4041],[6.893,44.4165],[6.8928,44.4202],[6.8935,44.4208],[6.9114,44.4237],[6.9223,44.4237],[6.9374,44.4294],[6.9454,44.4279],[6.9612,44.4117],[6.9804,44.4014],[6.9883,44.4014],[6.9929,44.405]]]}},{"type":"Feature","properties":{"i":"004007","n":"Arguello"},"geometry":{"type":"Polygon","coordinates":[[[8.0839,44.5978],[8.0881,44.5975],[8.1107,44.5915],[8.1189,44.5916],[8.1226,44.5904],[8.1242,44.5888],[8.124,44.588],[8.1148,44.5785],[8.1115,44.5761],[8.1034,44.5802],[8.0891,44.5852],[8.0811,44.5876],[8.0769,44.5878],[8.0723,44.5974],[8.0744,44.6001],[8.0786,44.5971],[8.0823,44.5959],[8.0834,44.5958],[8.0839,44.5978]]]}},{"type":"Feature","properties":{"i":"004008","n":"Bagnasco"},"geometry":{"type":"Polygon","coordinates":[[[8.0734,44.3225],[8.0769,44.3202],[8.0821,44.3112],[8.0787,44.3134],[8.076,44.314],[8.0713,44.3118],[8.0608,44.2999],[8.0636,44.2883],[8.0732,44.2887],[8.076,44.2875],[8.0808,44.2835],[8.082,44.2788],[8.0829,44.2778],[8.0886,44.2743],[8.09,44.2739],[8.0907,44.2748],[8.0874,44.2696],[8.0872,44.2671],[8.0818,44.2625],[8.0723,44.2589],[8.0631,44.2531],[8.0515,44.2662],[8.0448,44.2707],[8.0358,44.2747],[8.0227,44.2788],[8.003,44.2816],[8.0028,44.2907],[8.0085,44.2935],[8.0097,44.2952],[8.0076,44.2979],[8.0081,44.3004],[8.0144,44.3098],[8.0162,44.312],[8.0229,44.3141],[8.0333,44.3151],[8.0388,44.3279],[8.0408,44.331],[8.0528,44.3278],[8.0697,44.3216],[8.0734,44.3225]]]}},{"type":"Feature","properties":{"i":"004009","n":"Bagnolo Piemonte"},"geometry":{"type":"Polygon","coordinates":[[[7.3447,44.7828],[7.3473,44.7774],[7.3494,44.7641],[7.3493,44.758],[7.3485,44.7547],[7.3472,44.7532],[7.345,44.7518],[7.3337,44.7492],[7.3173,44.7426],[7.2898,44.7356],[7.2721,44.7335],[7.2589,44.7336],[7.2451,44.7317],[7.2249,44.7262],[7.2147,44.7258],[7.2101,44.724],[7.2021,44.7188],[7.1999,44.7256],[7.1878,44.7254],[7.1818,44.7266],[7.1795,44.7278],[7.1763,44.7313],[7.1661,44.7348],[7.1494,44.7433],[7.1514,44.7479],[7.1574,44.7568],[7.159,44.7605],[7.1726,44.7606],[7.1797,44.7599],[7.1932,44.7603],[7.2325,44.7695],[7.2361,44.7685],[7.2416,44.7689],[7.2827,44.7798],[7.2917,44.7811],[7.3113,44.7795],[7.3209,44.7796],[7.3401,44.7827],[7.3447,44.7828]]]}},{"type":"Feature","properties":{"i":"004010","n":"Baldissero d'Alba"},"geometry":{"type":"Polygon","coordinates":[[[7.939,44.7471],[7.9356,44.7355],[7.9334,44.7396],[7.9271,44.7434],[7.9083,44.7471],[7.9033,44.7548],[7.8909,44.7587],[7.8725,44.7613],[7.8545,44.7687],[7.8362,44.7808],[7.8399,44.7852],[7.8456,44.7881],[7.8513,44.7864],[7.8585,44.7863],[7.8783,44.7813],[7.912,44.7648],[7.9295,44.7599],[7.9356,44.7557],[7.939,44.7471]]]}},{"type":"Feature","properties":{"i":"004011","n":"Barbaresco"},"geometry":{"type":"Polygon","coordinates":[[[8.0889,44.7065],[8.082,44.7049],[8.0706,44.705],[8.0619,44.7006],[8.062,44.7046],[8.0612,44.7067],[8.0577,44.7099],[8.0619,44.7195],[8.0656,44.7249],[8.0665,44.7272],[8.065,44.7292],[8.0666,44.7313],[8.068,44.7322],[8.0704,44.7322],[8.0754,44.7366],[8.0807,44.7343],[8.0836,44.7349],[8.0919,44.7402],[8.0935,44.7367],[8.0937,44.7313],[8.092,44.7249],[8.0899,44.7228],[8.0878,44.7171],[8.0892,44.7133],[8.0913,44.7107],[8.0889,44.7065]]]}},{"type":"Feature","properties":{"i":"004012","n":"Barge"},"geometry":{"type":"MultiPolygon","coordinates":[[[[7.4667,44.7727],[7.4751,44.7681],[7.4743,44.7656],[7.472,44.7627],[7.4712,44.7624],[7.4692,44.7634],[7.467,44.7669],[7.4664,44.7685],[7.4667,44.7727]]],[[[7.4604,44.7592],[7.4598,44.7571],[7.457,44.7563],[7.4532,44.7569],[7.4511,44.759],[7.4458,44.7616],[7.4397,44.7624],[7.4398,44.7589],[7.4454,44.7536],[7.4477,44.7483],[7.4482,44.7381],[7.4494,44.7359],[7.4466,44.7369],[7.4433,44.7368],[7.4395,44.7347],[7.4388,44.7335],[7.4391,44.7321],[7.4323,44.7275],[7.4212,44.722],[7.4081,44.7181],[7.406,44.7166],[7.399,44.7174],[7.3963,44.7169],[7.3911,44.7149],[7.3882,44.7125],[7.3823,44.7097],[7.3635,44.7098],[7.3408,44.7054],[7.3395,44.7046],[7.3392,44.7031],[7.3406,44.7006],[7.341,44.6939],[7.3374,44.6901],[7.336,44.6841],[7.3384,44.6811],[7.3307,44.6782],[7.3212,44.6791],[7.3192,44.6809],[7.3087,44.6824],[7.3064,44.6888],[7.3004,44.6889],[7.2992,44.6905],[7.2989,44.6956],[7.2996,44.6988],[7.2861,44.7043],[7.2781,44.7045],[7.2698,44.7065],[7.2668,44.7088],[7.2643,44.7123],[7.2613,44.7143],[7.2487,44.7168],[7.2386,44.7174],[7.2289,44.7159],[7.2181,44.7129],[7.2098,44.7179],[7.2021,44.7188],[7.2101,44.724],[7.2147,44.7258],[7.2249,44.7262],[7.2451,44.7317],[7.2589,44.7336],[7.2721,44.7335],[7.2898,44.7356],[7.3173,44.7426],[7.3391,44.7509],[7.345,44.7518],[7.3666,44.752],[7.366,44.7572],[7.3688,44.7596],[7.3918,44.7622],[7.3979,44.762],[7.4095,44.7642],[7.4105,44.7657],[7.4157,44.7664],[7.4303,44.7641],[7.4376,44.7644],[7.4371,44.7674],[7.4377,44.7708],[7.4408,44.7769],[7.4424,44.7774],[7.4455,44.7767],[7.4597,44.7785],[7.4616,44.7777],[7.4647,44.7736],[7.4606,44.7734],[7.4591,44.7747],[7.4462,44.7739],[7.4492,44.7644],[7.4515,44.7608],[7.4557,44.7607],[7.4552,44.7635],[7.4584,44.7641],[7.4609,44.7632],[7.4604,44.7592]]]]}},{"type":"Feature","properties":{"i":"004013","n":"Barolo"},"geometry":{"type":"Polygon","coordinates":[[[7.9597,44.6264],[7.9604,44.6204],[7.9577,44.6193],[7.954,44.6102],[7.9494,44.6018],[7.9465,44.5996],[7.9456,44.601],[7.9353,44.6067],[7.9294,44.609],[7.9237,44.6098],[7.9207,44.6091],[7.919,44.6076],[7.9221,44.6192],[7.9415,44.6244],[7.9531,44.6267],[7.9597,44.6264]]]}},{"type":"Feature","properties":{"i":"004014","n":"Bastia Mondovì"},"geometry":{"type":"Polygon","coordinates":[[[7.9333,44.461],[7.9332,44.4588],[7.9319,44.4559],[7.9274,44.4531],[7.9213,44.4408],[7.9163,44.4372],[7.9029,44.4304],[7.8955,44.4286],[7.89,44.4284],[7.8857,44.4326],[7.8839,44.4359],[7.874,44.4432],[7.8762,44.4554],[7.8827,44.4592],[7.8845,44.4628],[7.8891,44.4674],[7.8896,44.4654],[7.8945,44.4632],[7.8939,44.465],[7.8951,44.468],[7.899,44.4689],[7.9017,44.468],[7.9032,44.464],[7.8997,44.4582],[7.9028,44.4538],[7.9058,44.4541],[7.9139,44.4605],[7.9182,44.4619],[7.9314,44.4618],[7.9333,44.461]]]}},{"type":"Feature","properties":{"i":"004015","n":"Battifollo"},"geometry":{"type":"Polygon","coordinates":[[[8.0408,44.331],[8.0388,44.3279],[8.0333,44.3151],[8.0229,44.3141],[8.0162,44.312],[8.0085,44.3015],[8.0076,44.2979],[8.0097,44.2952],[8.0085,44.2935],[8.0028,44.2907],[8.0037,44.2954],[7.9969,44.3068],[7.9969,44.3149],[7.9934,44.3189],[7.9991,44.324],[7.9997,44.3268],[7.9949,44.3321],[7.9979,44.3365],[7.9977,44.3383],[7.9959,44.3412],[8.0007,44.339],[8.0122,44.3381],[8.0178,44.3384],[8.0337,44.342],[8.0408,44.331]]]}},{"type":"Feature","properties":{"i":"004016","n":"Beinette"},"geometry":{"type":"Polygon","coordinates":[[[7.6812,44.3758],[7.6702,44.3494],[7.6637,44.3416],[7.6578,44.3374],[7.655,44.3434],[7.6508,44.3498],[7.6416,44.3539],[7.6358,44.3577],[7.6326,44.3617],[7.6309,44.3661],[7.6251,44.3711],[7.6201,44.3723],[7.6041,44.3788],[7.6405,44.3882],[7.647,44.3906],[7.6562,44.3912],[7.6576,44.3904],[7.6569,44.3898],[7.6596,44.387],[7.6709,44.3842],[7.6727,44.385],[7.6784,44.3839],[7.6819,44.3786],[7.6823,44.3771],[7.6812,44.3758]]]}},{"type":"Feature","properties":{"i":"004017","n":"Bellino"},"geometry":{"type":"Polygon","coordinates":[[[6.9673,44.6193],[6.9714,44.6158],[6.9729,44.6087],[6.9779,44.6055],[6.9908,44.5996],[6.9965,44.6004],[7.0115,44.6049],[7.0274,44.6053],[7.0461,44.5999],[7.0467,44.5983],[7.0445,44.5871],[7.0462,44.5793],[7.0478,44.5759],[7.054,44.5675],[7.0505,44.566],[7.04,44.5641],[7.026,44.5591],[7.0221,44.5555],[7.0213,44.5509],[7.0219,44.5494],[7.0117,44.5464],[7.003,44.5411],[7.0002,44.5382],[6.9974,44.5386],[6.9944,44.5378],[6.993,44.5364],[6.9828,44.5373],[6.9704,44.5431],[6.9569,44.5478],[6.9472,44.5502],[6.9374,44.5463],[6.9272,44.5504],[6.9249,44.552],[6.914,44.5642],[6.9125,44.5685],[6.9214,44.5698],[6.9332,44.5734],[6.9337,44.5774],[6.9327,44.5851],[6.9346,44.5976],[6.9377,44.6031],[6.9426,44.6051],[6.9501,44.6138],[6.949,44.6166],[6.9504,44.6194],[6.9565,44.6222],[6.9651,44.6188],[6.9673,44.6193]]]}},{"type":"Feature","properties":{"i":"004018","n":"Belvedere Langhe"},"geometry":{"type":"Polygon","coordinates":[[[7.9905,44.5123],[7.9972,44.5004],[7.9966,44.499],[7.9855,44.4965],[7.9768,44.4864],[7.9699,44.4825],[7.9643,44.4851],[7.9675,44.4881],[7.9674,44.4903],[7.9648,44.4928],[7.9633,44.4995],[7.9663,44.5],[7.9719,44.5028],[7.9761,44.5087],[7.9757,44.5119],[7.9766,44.5152],[7.98,44.5168],[7.986,44.511],[7.9884,44.5108],[7.9905,44.5123]]]}},{"type":"Feature","properties":{"i":"004019","n":"Bene Vagienna"},"geometry":{"type":"Polygon","coordinates":[[[7.8809,44.5732],[7.8783,44.568],[7.8658,44.5613],[7.8602,44.5601],[7.8546,44.5555],[7.8543,44.5539],[7.8577,44.5474],[7.8747,44.5452],[7.8776,44.5435],[7.8775,44.5378],[7.8765,44.5354],[7.8738,44.5334],[7.8703,44.5316],[7.8614,44.5293],[7.8632,44.5218],[7.858,44.5193],[7.8511,44.5139],[7.8492,44.5105],[7.8507,44.5068],[7.8505,44.5057],[7.8465,44.5028],[7.8367,44.5031],[7.8255,44.5013],[7.8224,44.4969],[7.8205,44.4925],[7.819,44.4912],[7.7977,44.4925],[7.786,44.497],[7.7795,44.5009],[7.7868,44.5089],[7.7868,44.5143],[7.7852,44.5186],[7.7813,44.5221],[7.7726,44.5268],[7.7904,44.5378],[7.7956,44.5419],[7.8019,44.5513],[7.8018,44.5551],[7.7982,44.5581],[7.808,44.5645],[7.812,44.5687],[7.8135,44.5707],[7.8163,44.5798],[7.8242,44.5838],[7.8274,44.5802],[7.8416,44.5809],[7.85,44.5697],[7.8627,44.5712],[7.8722,44.569],[7.8809,44.5732]]]}},{"type":"Feature","properties":{"i":"004020","n":"Benevello"},"geometry":{"type":"Polygon","coordinates":[[[8.1165,44.6205],[8.1081,44.6208],[8.0903,44.6184],[8.0848,44.6217],[8.0802,44.6224],[8.0834,44.6243],[8.0839,44.6311],[8.083,44.6346],[8.081,44.6358],[8.0781,44.6402],[8.0844,44.638],[8.0899,44.6401],[8.0946,44.645],[8.1035,44.6369],[8.1073,44.6361],[8.1124,44.6319],[8.119,44.6217],[8.1178,44.6202],[8.1165,44.6205]]]}},{"type":"Feature","properties":{"i":"004021","n":"Bergolo"},"geometry":{"type":"Polygon","coordinates":[[[8.1879,44.5536],[8.1888,44.5464],[8.1908,44.543],[8.1899,44.5402],[8.1844,44.5384],[8.1796,44.5393],[8.1722,44.5437],[8.1629,44.5561],[8.1618,44.5587],[8.1693,44.5615],[8.1712,44.5615],[8.1823,44.5535],[8.1879,44.5536]]]}},{"type":"Feature","properties":{"i":"004022","n":"Bernezzo"},"geometry":{"type":"Polygon","coordinates":[[[7.4314,44.3596],[7.4264,44.3581],[7.4204,44.3581],[7.4107,44.36],[7.3999,44.3606],[7.3934,44.3622],[7.3855,44.3667],[7.3727,44.3772],[7.3767,44.3842],[7.3862,44.3892],[7.3889,44.3922],[7.4175,44.3933],[7.4218,44.3962],[7.4324,44.3994],[7.4642,44.404],[7.474,44.408],[7.484,44.4153],[7.4854,44.4143],[7.489,44.4056],[7.4833,44.3987],[7.4799,44.3959],[7.4709,44.3921],[7.4636,44.3904],[7.4593,44.3902],[7.4521,44.3741],[7.4494,44.371],[7.4464,44.3683],[7.435,44.3637],[7.4304,44.3626],[7.4314,44.3596]]]}},{"type":"Feature","properties":{"i":"004023","n":"Bonvicino"},"geometry":{"type":"Polygon","coordinates":[[[8.0331,44.5155],[8.0338,44.5123],[8.039,44.5065],[8.04,44.5039],[8.0406,44.5007],[8.0393,44.4993],[8.034,44.4972],[8.0317,44.4981],[8.0229,44.4975],[8.0132,44.494],[8.003,44.4921],[7.9994,44.4926],[7.9944,44.4987],[7.9966,44.499],[7.9972,44.5004],[7.9905,44.5123],[8.0041,44.5115],[8.0086,44.5122],[8.0187,44.5169],[8.0222,44.5177],[8.0273,44.5176],[8.0331,44.5155]]]}},{"type":"Feature","properties":{"i":"004024","n":"Borgomale"},"geometry":{"type":"Polygon","coordinates":[[[8.0956,44.6533],[8.1088,44.6498],[8.1148,44.642],[8.1212,44.6424],[8.1238,44.6376],[8.1409,44.6253],[8.1514,44.6213],[8.1492,44.6156],[8.1449,44.6126],[8.134,44.6103],[8.1246,44.6128],[8.116,44.6164],[8.1157,44.6194],[8.1165,44.6205],[8.1178,44.6202],[8.119,44.6217],[8.1124,44.6319],[8.1073,44.6361],[8.1035,44.6369],[8.089,44.6492],[8.0897,44.651],[8.0956,44.6533]]]}},{"type":"Feature","properties":{"i":"004025","n":"Borgo San Dalmazzo"},"geometry":{"type":"Polygon","coordinates":[[[7.524,44.3473],[7.5235,44.3449],[7.5189,44.3393],[7.5133,44.3343],[7.5079,44.3321],[7.5029,44.326],[7.4942,44.3247],[7.4764,44.3203],[7.4621,44.3144],[7.4587,44.3098],[7.4573,44.3034],[7.4551,44.2998],[7.4527,44.2982],[7.4524,44.3015],[7.4498,44.3049],[7.4403,44.3045],[7.4297,44.3054],[7.4236,44.3087],[7.4216,44.3107],[7.4206,44.3129],[7.4244,44.3181],[7.4207,44.3193],[7.4218,44.3242],[7.4353,44.3254],[7.4393,44.3307],[7.4548,44.3358],[7.4646,44.3401],[7.4648,44.3445],[7.4673,44.3442],[7.4807,44.3463],[7.4846,44.3484],[7.4873,44.3532],[7.4899,44.3558],[7.509,44.3538],[7.5192,44.3512],[7.524,44.3473]]]}},{"type":"Feature","properties":{"i":"004026","n":"Bosia"},"geometry":{"type":"Polygon","coordinates":[[[8.1602,44.5975],[8.1478,44.5872],[8.1408,44.583],[8.132,44.5894],[8.1266,44.5905],[8.1278,44.5921],[8.1281,44.5957],[8.1274,44.5982],[8.1254,44.5997],[8.1277,44.6039],[8.134,44.6103],[8.1449,44.6126],[8.1487,44.6107],[8.1602,44.5975]]]}},{"type":"Feature","properties":{"i":"004027","n":"Bossolasco"},"geometry":{"type":"Polygon","coordinates":[[[8.0421,44.5533],[8.0513,44.5494],[8.0675,44.5465],[8.0835,44.5415],[8.0775,44.5368],[8.078,44.5354],[8.077,44.5328],[8.0726,44.527],[8.0595,44.5119],[8.0557,44.509],[8.0541,44.5052],[8.0518,44.5043],[8.04,44.5039],[8.039,44.5065],[8.0329,44.514],[8.0331,44.5155],[8.0374,44.5158],[8.0385,44.525],[8.0331,44.5372],[8.0239,44.5506],[8.0192,44.5508],[8.0162,44.5495],[8.0147,44.5526],[8.0297,44.5547],[8.0421,44.5533]]]}},{"type":"Feature","properties":{"i":"004028","n":"Boves"},"geometry":{"type":"Polygon","coordinates":[[[7.578,44.3595],[7.577,44.3567],[7.5772,44.3544],[7.5813,44.3396],[7.5829,44.3292],[7.5826,44.3272],[7.5815,44.3261],[7.5795,44.3153],[7.5812,44.3073],[7.5861,44.2975],[7.5892,44.2956],[7.5944,44.2824],[7.5885,44.2782],[7.5883,44.273],[7.5916,44.2655],[7.6005,44.2618],[7.6022,44.2572],[7.5987,44.2466],[7.6003,44.2431],[7.5944,44.2399],[7.59,44.2387],[7.5882,44.2425],[7.5885,44.244],[7.5865,44.2452],[7.5762,44.2445],[7.5714,44.2475],[7.5652,44.2524],[7.5536,44.2648],[7.5488,44.2732],[7.5459,44.28],[7.5487,44.2863],[7.5492,44.297],[7.543,44.3011],[7.5313,44.3057],[7.5209,44.3111],[7.5195,44.3134],[7.5121,44.321],[7.5085,44.3274],[7.5029,44.326],[7.5079,44.3321],[7.5133,44.3343],[7.5189,44.3393],[7.5235,44.3449],[7.5243,44.3484],[7.5356,44.3567],[7.5392,44.3567],[7.5579,44.3607],[7.5722,44.3614],[7.5782,44.3609],[7.578,44.3595]]]}},{"type":"Feature","properties":{"i":"004029","n":"Bra"},"geometry":{"type":"Polygon","coordinates":[[[7.843,44.7341],[7.8467,44.7328],[7.8605,44.7249],[7.8659,44.7179],[7.8692,44.7103],[7.8767,44.7016],[7.8828,44.6979],[7.9013,44.695],[7.9107,44.6944],[7.9149,44.6857],[7.9113,44.6831],[7.9008,44.6828],[7.8934,44.6789],[7.89,44.6755],[7.8885,44.6713],[7.8902,44.6687],[7.8895,44.6662],[7.8791,44.6693],[7.8613,44.6804],[7.8457,44.6789],[7.8156,44.6859],[7.8087,44.6863],[7.793,44.6847],[7.7838,44.6823],[7.7807,44.6801],[7.7699,44.6857],[7.7691,44.6913],[7.7563,44.6945],[7.7613,44.7067],[7.7619,44.7133],[7.7597,44.7189],[7.7598,44.7206],[7.7657,44.724],[7.7799,44.7399],[7.8104,44.7475],[7.8221,44.7459],[7.8266,44.7436],[7.8346,44.7375],[7.8393,44.735],[7.843,44.7341]]]}},{"type":"Feature","properties":{"i":"004030","n":"Briaglia"},"geometry":{"type":"Polygon","coordinates":[[[7.896,44.4084],[7.8949,44.4044],[7.8847,44.3986],[7.8909,44.3937],[7.8826,44.3864],[7.8778,44.3877],[7.8742,44.3899],[7.863,44.3939],[7.8555,44.3944],[7.8553,44.3986],[7.8599,44.4069],[7.8596,44.4132],[7.8611,44.4156],[7.8659,44.4155],[7.8713,44.4114],[7.887,44.4113],[7.8913,44.4088],[7.896,44.4084]]]}},{"type":"Feature","properties":{"i":"004031","n":"Briga Alta"},"geometry":{"type":"MultiPolygon","coordinates":[[[[7.7566,44.1647],[7.7465,44.1545],[7.7451,44.149],[7.7467,44.144],[7.746,44.1354],[7.7374,44.1281],[7.733,44.1274],[7.7288,44.1277],[7.7254,44.1255],[7.7231,44.1208],[7.7232,44.1152],[7.7188,44.109],[7.718,44.1036],[7.7329,44.0836],[7.7392,44.0835],[7.7549,44.085],[7.7594,44.0843],[7.754,44.0825],[7.7489,44.0796],[7.7379,44.0764],[7.7345,44.0736],[7.7306,44.0685],[7.729,44.0643],[7.7232,44.0606],[7.7143,44.0616],[7.7134,44.0735],[7.7153,44.079],[7.7182,44.082],[7.7128,44.0882],[7.7092,44.0909],[7.704,44.0933],[7.6965,44.0997],[7.6904,44.1085],[7.6713,44.1218],[7.6674,44.1298],[7.6721,44.1374],[7.6764,44.1415],[7.6787,44.1466],[7.6707,44.153],[7.6723,44.1596],[7.6764,44.1621],[7.6815,44.1672],[7.6846,44.1739],[7.6863,44.1741],[7.6922,44.1743],[7.6984,44.1727],[7.7034,44.1734],[7.712,44.1724],[7.7352,44.1761],[7.7484,44.172],[7.754,44.1682],[7.7566,44.1647]]],[[[7.6734,44.1773],[7.6692,44.1756],[7.645,44.1781],[7.636,44.1771],[7.6326,44.1736],[7.6302,44.1763],[7.6297,44.1787],[7.6299,44.1881],[7.6287,44.1917],[7.6252,44.1959],[7.6369,44.1921],[7.6533,44.1925],[7.6616,44.1889],[7.6614,44.1875],[7.6633,44.1842],[7.6716,44.1779],[7.6734,44.1773]]]]}},{"type":"Feature","properties":{"i":"004032","n":"Brondello"},"geometry":{"type":"Polygon","coordinates":[[[7.4246,44.5839],[7.4055,44.5836],[7.398,44.5847],[7.3755,44.5998],[7.3674,44.6012],[7.362,44.6005],[7.3593,44.5992],[7.3587,44.6012],[7.3638,44.6061],[7.37,44.607],[7.3811,44.6069],[7.398,44.6147],[7.4004,44.6144],[7.4033,44.6136],[7.4047,44.6118],[7.4115,44.6084],[7.4198,44.6077],[7.4223,44.6052],[7.4238,44.5998],[7.424,44.5945],[7.4231,44.5899],[7.4246,44.5839]]]}},{"type":"Feature","properties":{"i":"004033","n":"Brossasco"},"geometry":{"type":"Polygon","coordinates":[[[7.3211,44.6034],[7.3377,44.5975],[7.3476,44.5973],[7.3509,44.5904],[7.3538,44.5875],[7.3583,44.5848],[7.3843,44.5774],[7.3813,44.5764],[7.379,44.5639],[7.3756,44.5593],[7.3721,44.5569],[7.3686,44.5528],[7.3651,44.5463],[7.3652,44.5356],[7.3601,44.5397],[7.3593,44.545],[7.3416,44.554],[7.3494,44.5619],[7.3265,44.5753],[7.2934,44.5815],[7.2886,44.5835],[7.2791,44.5893],[7.2639,44.5904],[7.2581,44.5918],[7.2673,44.6003],[7.2732,44.6118],[7.2732,44.6149],[7.2845,44.6113],[7.2989,44.602],[7.303,44.6004],[7.3132,44.5993],[7.3199,44.6021],[7.3211,44.6034]]]}},{"type":"Feature","properties":{"i":"004034","n":"Busca"},"geometry":{"type":"Polygon","coordinates":[[[7.3652,44.5356],[7.3659,44.5315],[7.3586,44.5218],[7.3569,44.5174],[7.3674,44.5171],[7.3781,44.5181],[7.3857,44.5138],[7.4003,44.5136],[7.4096,44.516],[7.4235,44.5172],[7.4403,44.5221],[7.4445,44.525],[7.4505,44.5328],[7.4531,44.5408],[7.4608,44.5446],[7.4635,44.5446],[7.4771,44.5411],[7.482,44.5418],[7.4873,44.5444],[7.4921,44.5528],[7.5017,44.553],[7.5079,44.552],[7.5134,44.5504],[7.5153,44.5411],[7.514,44.5324],[7.5158,44.529],[7.5196,44.5278],[7.5278,44.5278],[7.5287,44.5089],[7.5186,44.5019],[7.5122,44.4908],[7.5096,44.4829],[7.5043,44.479],[7.5044,44.4774],[7.5107,44.471],[7.5002,44.4642],[7.4428,44.4624],[7.4427,44.4656],[7.4454,44.4724],[7.4453,44.4768],[7.4438,44.4808],[7.4413,44.481],[7.4391,44.4796],[7.4315,44.4902],[7.4207,44.5009],[7.4126,44.5022],[7.3988,44.4999],[7.3861,44.4993],[7.3792,44.5014],[7.3678,44.5095],[7.357,44.5079],[7.3326,44.5095],[7.3232,44.5153],[7.3265,44.5279],[7.3282,44.5315],[7.3398,44.5441],[7.3404,44.5494],[7.3389,44.5545],[7.3416,44.554],[7.3593,44.545],[7.3601,44.5397],[7.3652,44.5356]]]}},{"type":"Feature","properties":{"i":"004035","n":"Camerana"},"geometry":{"type":"Polygon","coordinates":[[[8.1651,44.4438],[8.1619,44.4364],[8.1633,44.4327],[8.1619,44.4255],[8.147,44.3994],[8.1481,44.3953],[8.1456,44.3936],[8.1288,44.3941],[8.1271,44.3963],[8.1233,44.3984],[8.1184,44.4001],[8.1165,44.3996],[8.1178,44.4027],[8.1172,44.4078],[8.1079,44.4185],[8.1027,44.4207],[8.1054,44.4257],[8.1037,44.4321],[8.1021,44.4334],[8.1004,44.4334],[8.1101,44.4458],[8.115,44.4419],[8.1183,44.4418],[8.1385,44.4526],[8.1497,44.4617],[8.1523,44.4605],[8.1559,44.4572],[8.1615,44.4501],[8.1651,44.4438]]]}},{"type":"Feature","properties":{"i":"004037","n":"Canale"},"geometry":{"type":"Polygon","coordinates":[[[8.0197,44.8168],[8.0229,44.8173],[8.0277,44.815],[8.0315,44.8107],[8.0454,44.7993],[8.0446,44.7954],[8.0392,44.7903],[8.0247,44.7871],[8.0151,44.7836],[8.0109,44.78],[8.0078,44.7784],[8.0022,44.7806],[7.9984,44.7837],[7.9955,44.7841],[7.9932,44.7834],[7.9884,44.7881],[7.9862,44.789],[7.9768,44.7867],[7.9771,44.7878],[7.9765,44.7885],[7.9688,44.7884],[7.9653,44.7897],[7.96,44.7935],[7.975,44.8],[7.9794,44.8027],[7.9806,44.8078],[7.9814,44.818],[7.9842,44.8232],[7.9875,44.8255],[7.9895,44.8255],[7.9936,44.8199],[8.0048,44.8151],[8.0148,44.8145],[8.0183,44.8153],[8.0197,44.8168]]]}},{"type":"Feature","properties":{"i":"004038","n":"Canosio"},"geometry":{"type":"Polygon","coordinates":[[[7.0889,44.3915],[7.0672,44.3879],[7.0584,44.3818],[7.0494,44.3807],[7.0464,44.378],[7.046,44.3749],[7.0425,44.3782],[7.0371,44.3797],[7.0305,44.378],[7.024,44.3816],[7.0191,44.39],[7.0102,44.3971],[6.9929,44.405],[6.9915,44.4076],[7.008,44.4154],[7.0149,44.4155],[7.018,44.4176],[7.0198,44.4231],[7.0197,44.426],[7.0236,44.4339],[7.0266,44.4376],[7.0345,44.4406],[7.0445,44.4494],[7.045,44.4508],[7.0562,44.4537],[7.0581,44.4554],[7.0566,44.4582],[7.0571,44.4595],[7.0635,44.4638],[7.0772,44.4673],[7.0816,44.4717],[7.0881,44.4833],[7.0928,44.4896],[7.0944,44.4853],[7.0956,44.4766],[7.0915,44.4547],[7.0921,44.4512],[7.0888,44.4417],[7.0841,44.4365],[7.0815,44.43],[7.0822,44.4198],[7.0838,44.4144],[7.0879,44.408],[7.0938,44.4043],[7.0959,44.4004],[7.0947,44.3965],[7.0889,44.3915]]]}},{"type":"Feature","properties":{"i":"004039","n":"Caprauna"},"geometry":{"type":"Polygon","coordinates":[[[7.9671,44.1335],[7.9737,44.1188],[7.9715,44.1131],[7.9647,44.1109],[7.962,44.1063],[7.9588,44.1041],[7.9542,44.1026],[7.9447,44.1019],[7.9424,44.1001],[7.9354,44.101],[7.926,44.1103],[7.925,44.1144],[7.9256,44.1173],[7.9286,44.1203],[7.9339,44.1303],[7.9347,44.1343],[7.9355,44.135],[7.9428,44.1374],[7.9511,44.1372],[7.962,44.1354],[7.9671,44.1335]]]}},{"type":"Feature","properties":{"i":"004040","n":"Caraglio"},"geometry":{"type":"Polygon","coordinates":[[[7.4745,44.4633],[7.4847,44.4343],[7.4886,44.4254],[7.484,44.4153],[7.4729,44.4074],[7.4638,44.4039],[7.4324,44.3994],[7.4218,44.3962],[7.4175,44.3933],[7.3887,44.3921],[7.391,44.3991],[7.3954,44.404],[7.3992,44.41],[7.3972,44.415],[7.3979,44.4268],[7.3992,44.4331],[7.3981,44.4372],[7.4004,44.4409],[7.4078,44.4424],[7.4156,44.4457],[7.4364,44.4563],[7.4426,44.46],[7.4428,44.4624],[7.4745,44.4633]]]}},{"type":"Feature","properties":{"i":"004041","n":"Caramagna Piemonte"},"geometry":{"type":"Polygon","coordinates":[[[7.749,44.8156],[7.7519,44.8123],[7.7556,44.8122],[7.7578,44.808],[7.7591,44.799],[7.7599,44.7975],[7.7595,44.7906],[7.7575,44.7885],[7.7548,44.7871],[7.7541,44.7832],[7.7577,44.7775],[7.7579,44.7745],[7.7471,44.7618],[7.736,44.7504],[7.7318,44.7436],[7.7289,44.7415],[7.725,44.7419],[7.7242,44.7458],[7.7203,44.7511],[7.72,44.7578],[7.7223,44.7624],[7.7222,44.7644],[7.7117,44.7685],[7.7014,44.7741],[7.6998,44.7858],[7.7045,44.7938],[7.7063,44.7985],[7.7047,44.8117],[7.7031,44.8141],[7.7063,44.8174],[7.7117,44.8172],[7.7215,44.8129],[7.749,44.8156]]]}},{"type":"Feature","properties":{"i":"004042","n":"Cardè"},"geometry":{"type":"Polygon","coordinates":[[[7.5001,44.7584],[7.498,44.757],[7.4996,44.7501],[7.5002,44.7417],[7.5002,44.7365],[7.4992,44.7329],[7.4916,44.7247],[7.4892,44.7202],[7.4783,44.7185],[7.4734,44.7168],[7.4636,44.708],[7.462,44.7095],[7.461,44.713],[7.4625,44.7134],[7.4624,44.7147],[7.4578,44.7167],[7.4475,44.7231],[7.4494,44.7359],[7.4482,44.7381],[7.4477,44.7483],[7.4454,44.7536],[7.4398,44.7589],[7.4397,44.7624],[7.4458,44.7616],[7.4511,44.759],[7.4532,44.7569],[7.457,44.7563],[7.4598,44.7571],[7.4604,44.7592],[7.4717,44.757],[7.4793,44.7597],[7.4812,44.7615],[7.4939,44.7651],[7.4993,44.7681],[7.5035,44.7616],[7.5001,44.7584]]]}},{"type":"Feature","properties":{"i":"004043","n":"Carrù"},"geometry":{"type":"Polygon","coordinates":[[[7.8891,44.4982],[7.8979,44.4917],[7.8944,44.4791],[7.8997,44.4764],[7.9004,44.4752],[7.8986,44.4729],[7.8891,44.4674],[7.8845,44.4628],[7.8815,44.4661],[7.8726,44.4625],[7.8512,44.4584],[7.8413,44.4556],[7.8231,44.4706],[7.8112,44.4768],[7.8078,44.4814],[7.8119,44.4917],[7.8197,44.4915],[7.8255,44.5013],[7.8367,44.5031],[7.8465,44.5028],[7.8489,44.5048],[7.8588,44.4985],[7.8706,44.4959],[7.8811,44.4943],[7.8859,44.4946],[7.8891,44.4982]]]}},{"type":"Feature","properties":{"i":"004044","n":"Cartignano"},"geometry":{"type":"Polygon","coordinates":[[[7.2969,44.4758],[7.2939,44.4703],[7.2882,44.4673],[7.2862,44.4688],[7.2774,44.4711],[7.2691,44.472],[7.2677,44.4732],[7.2671,44.4771],[7.2701,44.4837],[7.2767,44.4853],[7.2811,44.4827],[7.2877,44.4818],[7.2896,44.483],[7.2889,44.4871],[7.2861,44.4888],[7.2831,44.5061],[7.2807,44.5118],[7.2843,44.5243],[7.2854,44.5239],[7.2872,44.5175],[7.2924,44.5064],[7.2947,44.4952],[7.2993,44.4813],[7.2969,44.4758]]]}},{"type":"Feature","properties":{"i":"004045","n":"Casalgrasso"},"geometry":{"type":"Polygon","coordinates":[[[7.6514,44.8189],[7.6418,44.8133],[7.6393,44.8086],[7.6397,44.8062],[7.6421,44.8065],[7.6445,44.8045],[7.6465,44.7996],[7.6448,44.7986],[7.6428,44.7957],[7.6428,44.7841],[7.6411,44.7836],[7.6364,44.7841],[7.6351,44.7864],[7.6295,44.7892],[7.6193,44.7867],[7.6173,44.7926],[7.6182,44.7943],[7.6216,44.7946],[7.6205,44.8023],[7.6088,44.8078],[7.5976,44.8103],[7.5968,44.8232],[7.5928,44.8283],[7.5935,44.8341],[7.5968,44.8368],[7.6043,44.8384],[7.6081,44.8363],[7.6092,44.8336],[7.6123,44.8305],[7.6168,44.8285],[7.6193,44.8289],[7.6194,44.8297],[7.6196,44.8339],[7.6181,44.8349],[7.6175,44.8455],[7.6185,44.8472],[7.6209,44.847],[7.621,44.8393],[7.6274,44.8323],[7.6333,44.8329],[7.6391,44.8358],[7.6368,44.838],[7.637,44.8385],[7.6398,44.8409],[7.644,44.8428],[7.6478,44.8396],[7.6533,44.8314],[7.6524,44.8259],[7.6506,44.8227],[7.6514,44.8189]]]}},{"type":"Feature","properties":{"i":"004046","n":"Castagnito"},"geometry":{"type":"Polygon","coordinates":[[[8.0483,44.7629],[8.0525,44.7622],[8.0574,44.7601],[8.0606,44.7568],[8.0607,44.7548],[8.0751,44.7511],[8.0795,44.7443],[8.0843,44.739],[8.084,44.7351],[8.0807,44.7343],[8.0754,44.7366],[8.0738,44.735],[8.0639,44.742],[8.0547,44.7467],[8.0306,44.75],[8.0254,44.7487],[8.0224,44.7496],[8.0196,44.7516],[8.0264,44.7622],[8.0278,44.761],[8.0315,44.7608],[8.0405,44.7632],[8.0483,44.7629]]]}},{"type":"Feature","properties":{"i":"004047","n":"Casteldelfino"},"geometry":{"type":"Polygon","coordinates":[[[7.1155,44.5529],[7.0834,44.5646],[7.0673,44.5664],[7.0606,44.5662],[7.054,44.5675],[7.0478,44.5759],[7.0462,44.5793],[7.0445,44.5871],[7.0467,44.5983],[7.0462,44.5993],[7.051,44.5987],[7.0666,44.5995],[7.0732,44.6019],[7.0744,44.6028],[7.0762,44.6123],[7.0759,44.6173],[7.0775,44.6213],[7.0834,44.6268],[7.0887,44.6298],[7.1089,44.6362],[7.1131,44.628],[7.1195,44.6004],[7.1184,44.5804],[7.1163,44.5671],[7.1155,44.5529]]]}},{"type":"Feature","properties":{"i":"004049","n":"Castelletto Stura"},"geometry":{"type":"Polygon","coordinates":[[[7.6775,44.4406],[7.6721,44.4353],[7.6517,44.423],[7.6404,44.4075],[7.6352,44.3987],[7.6223,44.416],[7.6147,44.422],[7.6009,44.4291],[7.5969,44.4331],[7.6127,44.4423],[7.6394,44.4533],[7.6426,44.4555],[7.6475,44.4498],[7.6723,44.4403],[7.6775,44.4406]]]}},{"type":"Feature","properties":{"i":"004050","n":"Castelletto Uzzone"},"geometry":{"type":"Polygon","coordinates":[[[8.2167,44.4952],[8.2233,44.4857],[8.2183,44.4819],[8.2084,44.479],[8.2019,44.4783],[8.1979,44.4707],[8.1974,44.4676],[8.1905,44.4718],[8.1778,44.4766],[8.1712,44.4809],[8.168,44.4818],[8.1611,44.4813],[8.1607,44.4819],[8.1626,44.4882],[8.1647,44.5004],[8.1698,44.5024],[8.1715,44.5098],[8.1709,44.5128],[8.1817,44.5188],[8.1823,44.5137],[8.1896,44.5107],[8.1949,44.5108],[8.2029,44.508],[8.2128,44.4978],[8.2167,44.4952]]]}},{"type":"Feature","properties":{"i":"004051","n":"Castellinaldo d'Alba"},"geometry":{"type":"Polygon","coordinates":[[[8.054,44.7748],[8.0547,44.766],[8.0533,44.7649],[8.0483,44.7629],[8.0405,44.7632],[8.0315,44.7608],[8.0278,44.761],[8.0264,44.7622],[8.0264,44.7635],[8.0196,44.7655],[8.017,44.7673],[8.0154,44.7718],[8.0158,44.7749],[8.013,44.7787],[8.0109,44.78],[8.0151,44.7836],[8.0247,44.7871],[8.0391,44.7902],[8.0446,44.7954],[8.0446,44.7907],[8.0428,44.786],[8.0458,44.7792],[8.054,44.7748]]]}},{"type":"Feature","properties":{"i":"004052","n":"Castellino Tanaro"},"geometry":{"type":"Polygon","coordinates":[[[8.0021,44.4429],[8.0023,44.44],[8.0066,44.4336],[8.0137,44.4282],[8.0047,44.4119],[7.9958,44.4091],[7.992,44.4095],[7.9849,44.4119],[7.9791,44.4118],[7.9734,44.4129],[7.9723,44.4179],[7.97,44.4189],[7.9607,44.4183],[7.9605,44.419],[7.9647,44.4238],[7.9643,44.4272],[7.9629,44.4279],[7.9664,44.4357],[7.9667,44.4346],[7.9681,44.4346],[7.9752,44.4388],[7.9798,44.443],[7.9915,44.4454],[8.0021,44.4429]]]}},{"type":"Feature","properties":{"i":"004053","n":"Castelmagno"},"geometry":{"type":"Polygon","coordinates":[[[7.2343,44.4362],[7.2433,44.4335],[7.2428,44.4304],[7.2439,44.4287],[7.2517,44.4234],[7.2541,44.4197],[7.2521,44.4128],[7.2428,44.4043],[7.2412,44.395],[7.2372,44.3874],[7.2352,44.3796],[7.2108,44.3778],[7.2016,44.3754],[7.1899,44.3746],[7.1777,44.3774],[7.17,44.3803],[7.128,44.386],[7.1204,44.3862],[7.12,44.3928],[7.1239,44.3964],[7.1291,44.4086],[7.1333,44.415],[7.1396,44.418],[7.1701,44.417],[7.1898,44.4328],[7.1971,44.4371],[7.2239,44.4337],[7.2343,44.4362]]]}},{"type":"Feature","properties":{"i":"004054","n":"Castelnuovo di Ceva"},"geometry":{"type":"Polygon","coordinates":[[[8.1343,44.3321],[8.1249,44.3331],[8.1275,44.3331],[8.1304,44.3353],[8.1284,44.3358],[8.1265,44.3353],[8.1237,44.3368],[8.1195,44.3417],[8.118,44.3536],[8.1185,44.3567],[8.1221,44.36],[8.1254,44.3616],[8.1415,44.3681],[8.1451,44.3629],[8.1486,44.354],[8.145,44.3466],[8.1392,44.3426],[8.1343,44.3321]]]}},{"type":"Feature","properties":{"i":"004055","n":"Castiglione Falletto"},"geometry":{"type":"Polygon","coordinates":[[[7.9775,44.6462],[7.9822,44.6375],[7.9862,44.6245],[7.986,44.6222],[7.9708,44.6157],[7.9664,44.6148],[7.9604,44.6204],[7.9597,44.6264],[7.9606,44.6292],[7.9635,44.6354],[7.9664,44.6371],[7.9726,44.6437],[7.9717,44.6487],[7.9775,44.6462]]]}},{"type":"Feature","properties":{"i":"004056","n":"Castiglione Tinella"},"geometry":{"type":"Polygon","coordinates":[[[8.2066,44.7507],[8.2078,44.7465],[8.2079,44.739],[8.2095,44.7319],[8.2125,44.7281],[8.2158,44.7269],[8.2177,44.7281],[8.2192,44.7262],[8.2202,44.7233],[8.2167,44.7203],[8.2138,44.7183],[8.2013,44.7141],[8.1979,44.7137],[8.1818,44.7155],[8.1695,44.7212],[8.1655,44.7207],[8.1647,44.7184],[8.1595,44.7185],[8.1609,44.7227],[8.1617,44.7229],[8.1624,44.7215],[8.1658,44.7218],[8.1659,44.724],[8.1633,44.7328],[8.168,44.7335],[8.1704,44.7326],[8.1746,44.7334],[8.1785,44.7367],[8.1822,44.7481],[8.1816,44.7512],[8.2045,44.7496],[8.2066,44.7507]]]}},{"type":"Feature","properties":{"i":"004057","n":"Castino"},"geometry":{"type":"Polygon","coordinates":[[[8.1945,44.6286],[8.1957,44.6181],[8.1893,44.6104],[8.1756,44.6061],[8.1672,44.6017],[8.1634,44.5975],[8.1602,44.5975],[8.1487,44.6107],[8.1449,44.6126],[8.1492,44.6156],[8.1514,44.6213],[8.1409,44.6253],[8.1238,44.6376],[8.1212,44.6424],[8.1327,44.6446],[8.1369,44.6441],[8.1417,44.6468],[8.1463,44.6517],[8.1479,44.6524],[8.1522,44.6501],[8.1582,44.6433],[8.1618,44.6407],[8.1711,44.6298],[8.1773,44.6272],[8.182,44.6271],[8.1846,44.6285],[8.1923,44.6294],[8.1945,44.6286]]]}},{"type":"Feature","properties":{"i":"004058","n":"Cavallerleone"},"geometry":{"type":"Polygon","coordinates":[[[7.6854,44.7411],[7.6797,44.7315],[7.6755,44.7272],[7.6555,44.7197],[7.6443,44.713],[7.6377,44.7135],[7.6298,44.7158],[7.6244,44.7156],[7.6175,44.7276],[7.624,44.729],[7.626,44.7341],[7.6253,44.7452],[7.6231,44.7512],[7.6228,44.7545],[7.6235,44.7581],[7.6405,44.7518],[7.6458,44.751],[7.6669,44.7509],[7.6717,44.75],[7.6821,44.7457],[7.6854,44.7411]]]}},{"type":"Feature","properties":{"i":"004059","n":"Cavallermaggiore"},"geometry":{"type":"Polygon","coordinates":[[[7.7261,44.7367],[7.7363,44.7369],[7.7518,44.7308],[7.7657,44.724],[7.7598,44.7206],[7.7597,44.7189],[7.7619,44.7133],[7.7613,44.7067],[7.7563,44.6945],[7.7558,44.6912],[7.733,44.6881],[7.7173,44.6836],[7.7175,44.683],[7.7163,44.6812],[7.7126,44.6801],[7.6968,44.6775],[7.692,44.6818],[7.6793,44.6823],[7.6667,44.6844],[7.6661,44.6859],[7.6567,44.6887],[7.6448,44.6875],[7.637,44.6888],[7.634,44.6876],[7.6315,44.6921],[7.6219,44.7026],[7.6235,44.7068],[7.6244,44.7156],[7.6298,44.7158],[7.6377,44.7135],[7.6443,44.713],[7.6555,44.7197],[7.6755,44.7272],[7.6797,44.7315],[7.6854,44.7411],[7.6909,44.7411],[7.6927,44.7389],[7.6925,44.7368],[7.6962,44.7357],[7.7261,44.7367]]]}},{"type":"Feature","properties":{"i":"004060","n":"Celle di Macra"},"geometry":{"type":"Polygon","coordinates":[[[7.1983,44.4895],[7.2017,44.4885],[7.2091,44.4804],[7.2071,44.4595],[7.1991,44.4449],[7.1959,44.442],[7.1971,44.4371],[7.1898,44.4328],[7.1701,44.417],[7.147,44.4179],[7.1478,44.4242],[7.1577,44.4324],[7.1624,44.4468],[7.1592,44.4495],[7.1414,44.4502],[7.1326,44.4652],[7.1358,44.4678],[7.1488,44.47],[7.1633,44.4844],[7.1711,44.495],[7.1921,44.4941],[7.1975,44.4912],[7.1983,44.4895]]]}},{"type":"Feature","properties":{"i":"004061","n":"Centallo"},"geometry":{"type":"Polygon","coordinates":[[[7.6434,44.4557],[7.6394,44.4533],[7.6136,44.4428],[7.6008,44.454],[7.5895,44.4603],[7.5727,44.4612],[7.578,44.4752],[7.5768,44.4759],[7.563,44.4745],[7.562,44.4813],[7.5599,44.483],[7.5525,44.4802],[7.5512,44.4816],[7.5513,44.5098],[7.5503,44.52],[7.5484,44.5271],[7.5784,44.5297],[7.5857,44.5297],[7.5904,44.528],[7.5994,44.5199],[7.6028,44.5151],[7.6117,44.5056],[7.6192,44.5002],[7.6214,44.4974],[7.6403,44.4658],[7.6434,44.4557]]]}},{"type":"Feature","properties":{"i":"004062","n":"Ceresole Alba"},"geometry":{"type":"Polygon","coordinates":[[[7.8155,44.8531],[7.8175,44.8508],[7.8271,44.8439],[7.835,44.8392],[7.8493,44.8335],[7.8589,44.8342],[7.8596,44.8317],[7.8631,44.8277],[7.8642,44.8239],[7.8626,44.8205],[7.8599,44.8191],[7.8562,44.8092],[7.8558,44.8051],[7.8622,44.7984],[7.8565,44.7913],[7.85,44.7889],[7.8456,44.7881],[7.8399,44.7852],[7.8335,44.7862],[7.8184,44.7941],[7.7958,44.7994],[7.7862,44.7998],[7.777,44.805],[7.7662,44.8155],[7.7636,44.8197],[7.7645,44.8219],[7.7764,44.8375],[7.776,44.8389],[7.7787,44.8414],[7.7813,44.8431],[7.7882,44.8445],[7.7926,44.8443],[7.7951,44.8429],[7.7977,44.8427],[7.8119,44.8434],[7.8091,44.8549],[7.8155,44.8531]]]}},{"type":"Feature","properties":{"i":"004063","n":"Cerretto Langhe"},"geometry":{"type":"Polygon","coordinates":[[[8.0769,44.5878],[8.0811,44.5876],[8.0891,44.5852],[8.1034,44.5802],[8.1115,44.5761],[8.0967,44.5631],[8.0958,44.5597],[8.093,44.5594],[8.0883,44.5611],[8.0726,44.5699],[8.0547,44.5748],[8.0483,44.574],[8.0496,44.5764],[8.0475,44.5853],[8.0402,44.5942],[8.0431,44.5943],[8.0477,44.592],[8.0579,44.5889],[8.0769,44.5878]]]}},{"type":"Feature","properties":{"i":"004064","n":"Cervasca"},"geometry":{"type":"Polygon","coordinates":[[[7.506,44.3737],[7.4743,44.3693],[7.4747,44.3719],[7.4685,44.3703],[7.4544,44.3563],[7.4507,44.354],[7.4474,44.3571],[7.4355,44.3596],[7.4314,44.3596],[7.4304,44.3626],[7.435,44.3637],[7.4464,44.3683],[7.4494,44.371],[7.4521,44.3741],[7.4593,44.3902],[7.4636,44.3904],[7.4709,44.3921],[7.4799,44.3959],[7.4833,44.3987],[7.489,44.4056],[7.4871,44.4113],[7.4854,44.4143],[7.484,44.4153],[7.4886,44.4254],[7.4902,44.4273],[7.4926,44.4275],[7.4989,44.4258],[7.5005,44.4246],[7.5011,44.4065],[7.5001,44.4014],[7.5004,44.3949],[7.5078,44.3928],[7.5181,44.3845],[7.5128,44.3761],[7.506,44.3737]]]}},{"type":"Feature","properties":{"i":"004065","n":"Cervere"},"geometry":{"type":"Polygon","coordinates":[[[7.7885,44.607],[7.7871,44.6026],[7.7704,44.6046],[7.7662,44.6054],[7.7589,44.6092],[7.7578,44.6109],[7.7561,44.6115],[7.7287,44.6167],[7.7217,44.6159],[7.7122,44.6122],[7.712,44.6204],[7.717,44.6208],[7.7178,44.6228],[7.719,44.6235],[7.7291,44.6256],[7.7426,44.6267],[7.7496,44.6288],[7.7541,44.6278],[7.7647,44.6276],[7.7671,44.6319],[7.7703,44.6434],[7.7829,44.6509],[7.7928,44.6504],[7.8006,44.6485],[7.8113,44.6433],[7.8119,44.6375],[7.8071,44.6301],[7.7934,44.6217],[7.7904,44.6179],[7.7885,44.607]]]}},{"type":"Feature","properties":{"i":"004066","n":"Ceva"},"geometry":{"type":"Polygon","coordinates":[[[8.0472,44.4138],[8.0567,44.4125],[8.0611,44.4074],[8.0586,44.3874],[8.057,44.3841],[8.052,44.3792],[8.0516,44.3772],[8.0535,44.3764],[8.0571,44.3791],[8.0632,44.3779],[8.0631,44.3746],[8.0603,44.3713],[8.0592,44.371],[8.059,44.3693],[8.0604,44.3675],[8.0647,44.3653],[8.0742,44.3641],[8.0767,44.3617],[8.0772,44.3469],[8.0781,44.3424],[8.0796,44.3413],[8.0748,44.3404],[8.0725,44.3416],[8.0585,44.3552],[8.0541,44.3567],[8.0417,44.3497],[8.0337,44.342],[8.0313,44.3411],[8.0178,44.3384],[8.0122,44.3381],[8.0007,44.339],[7.9959,44.3412],[7.9961,44.3443],[7.9917,44.3545],[7.9864,44.3541],[7.9856,44.3567],[7.9884,44.3588],[7.9918,44.3591],[7.9957,44.3617],[7.987,44.3765],[7.9863,44.3803],[7.992,44.3959],[7.9873,44.4024],[7.9815,44.408],[7.9791,44.4118],[7.9849,44.4119],[7.992,44.4095],[7.9958,44.4091],[8.0047,44.4119],[8.0055,44.4091],[8.0073,44.4072],[8.0134,44.4044],[8.0158,44.4044],[8.0299,44.4078],[8.0472,44.4138]]]}},{"type":"Feature","properties":{"i":"004067","n":"Cherasco"},"geometry":{"type":"Polygon","coordinates":[[[7.8955,44.68],[7.9018,44.674],[7.8989,44.6714],[7.8979,44.6679],[7.8981,44.6644],[7.9044,44.6567],[7.9065,44.6367],[7.9043,44.6317],[7.9044,44.6179],[7.9034,44.6164],[7.9018,44.6145],[7.8921,44.6113],[7.8861,44.6134],[7.8837,44.618],[7.8767,44.6241],[7.8641,44.6241],[7.8588,44.6225],[7.8599,44.6108],[7.8505,44.604],[7.8455,44.6028],[7.8397,44.5991],[7.8223,44.5863],[7.8174,44.5916],[7.8171,44.5936],[7.8151,44.5963],[7.8086,44.6026],[7.8041,44.6001],[7.7988,44.6009],[7.7957,44.6017],[7.7885,44.607],[7.7904,44.6179],[7.7934,44.6217],[7.8024,44.6267],[7.8076,44.6308],[7.8119,44.6375],[7.8113,44.6433],[7.799,44.6491],[7.7928,44.6504],[7.7829,44.6509],[7.7703,44.6434],[7.7671,44.6319],[7.7647,44.6276],[7.7541,44.6278],[7.7496,44.6288],[7.7499,44.6337],[7.7554,44.6412],[7.758,44.6476],[7.7614,44.6532],[7.7668,44.6582],[7.7673,44.661],[7.767,44.6628],[7.7611,44.6679],[7.7605,44.6774],[7.7558,44.6912],[7.7563,44.6945],[7.7691,44.6913],[7.7699,44.6857],[7.7807,44.6801],[7.7838,44.6823],[7.793,44.6847],[7.8087,44.6863],[7.8156,44.6859],[7.8457,44.6789],[7.8613,44.6804],[7.8791,44.6693],[7.8895,44.6662],[7.8902,44.6687],[7.8885,44.6713],[7.89,44.6755],[7.8955,44.68]]]}},{"type":"Feature","properties":{"i":"004068","n":"Chiusa di Pesio"},"geometry":{"type":"Polygon","coordinates":[[[7.7157,44.3273],[7.7158,44.324],[7.7128,44.3196],[7.7088,44.3167],[7.7071,44.3165],[7.7001,44.3101],[7.6879,44.2913],[7.6832,44.2887],[7.6834,44.2845],[7.6886,44.2744],[7.6921,44.2684],[7.7022,44.2554],[7.7035,44.245],[7.7063,44.2391],[7.707,44.231],[7.7022,44.22],[7.708,44.2108],[7.7006,44.1974],[7.7001,44.1919],[7.7015,44.181],[7.7037,44.1759],[7.7034,44.1734],[7.6994,44.1727],[7.6922,44.1743],[7.6846,44.1739],[7.6716,44.1779],[7.6633,44.1842],[7.6614,44.1875],[7.6616,44.1889],[7.6533,44.1925],[7.6369,44.1921],[7.6252,44.1959],[7.6237,44.1996],[7.6213,44.2135],[7.6218,44.2204],[7.6157,44.2268],[7.6088,44.2371],[7.6034,44.2402],[7.6223,44.2457],[7.6325,44.2511],[7.6408,44.2579],[7.6443,44.2644],[7.6545,44.2905],[7.658,44.3063],[7.6566,44.3173],[7.652,44.332],[7.6526,44.3344],[7.6637,44.3416],[7.6702,44.3494],[7.6812,44.3758],[7.683,44.3752],[7.6848,44.3718],[7.7058,44.354],[7.711,44.3435],[7.7131,44.3376],[7.7116,44.3342],[7.7124,44.3299],[7.7157,44.3273]]]}},{"type":"Feature","properties":{"i":"004069","n":"Cigliè"},"geometry":{"type":"Polygon","coordinates":[[[7.9364,44.4599],[7.9348,44.4571],[7.9363,44.4489],[7.9422,44.4403],[7.9426,44.434],[7.9441,44.4304],[7.9416,44.4307],[7.9354,44.4291],[7.932,44.4244],[7.927,44.4201],[7.9258,44.4206],[7.9253,44.428],[7.9239,44.4297],[7.9214,44.4297],[7.9093,44.4257],[7.9024,44.4255],[7.898,44.4293],[7.9029,44.4304],[7.9205,44.44],[7.9226,44.4425],[7.9274,44.4531],[7.9319,44.4559],[7.9332,44.4588],[7.9333,44.461],[7.9364,44.4599]]]}},{"type":"Feature","properties":{"i":"004070","n":"Cissone"},"geometry":{"type":"Polygon","coordinates":[[[8.0422,44.5742],[8.0456,44.5711],[8.0478,44.5652],[8.0478,44.562],[8.0446,44.5543],[8.0421,44.5533],[8.0337,44.5546],[8.0274,44.5546],[8.0079,44.5508],[8.0053,44.558],[8.0205,44.5687],[8.0315,44.5757],[8.0365,44.5767],[8.0422,44.5742]]]}},{"type":"Feature","properties":{"i":"004071","n":"Clavesana"},"geometry":{"type":"Polygon","coordinates":[[[7.9643,44.4851],[7.9699,44.4825],[7.9656,44.4799],[7.9595,44.4796],[7.9561,44.4748],[7.9545,44.4754],[7.9527,44.475],[7.951,44.4729],[7.9498,44.4644],[7.949,44.4636],[7.9459,44.4631],[7.9425,44.4644],[7.9365,44.464],[7.9364,44.4599],[7.9314,44.4618],[7.9192,44.4622],[7.9149,44.4611],[7.9078,44.4554],[7.9039,44.4536],[7.9025,44.4539],[7.8997,44.4582],[7.9032,44.464],[7.9017,44.468],[7.899,44.4689],[7.8951,44.468],[7.8939,44.465],[7.8945,44.4632],[7.8895,44.4657],[7.8891,44.4674],[7.8986,44.4729],[7.9003,44.475],[7.8997,44.4764],[7.8954,44.4783],[7.8944,44.4799],[7.8979,44.4917],[7.8973,44.4966],[7.8987,44.4981],[7.9099,44.4977],[7.9139,44.4948],[7.9211,44.4933],[7.9435,44.4952],[7.9445,44.4918],[7.9477,44.4881],[7.9533,44.4856],[7.9562,44.486],[7.9576,44.4871],[7.9617,44.4872],[7.9643,44.4851]]]}},{"type":"Feature","properties":{"i":"004072","n":"Corneliano d'Alba"},"geometry":{"type":"Polygon","coordinates":[[[7.9625,44.7493],[7.9773,44.747],[7.9959,44.746],[8.0004,44.7441],[8.0026,44.7412],[8.0021,44.7364],[7.9978,44.734],[7.9919,44.7342],[7.9863,44.7367],[7.9854,44.7393],[7.98,44.7438],[7.9772,44.7438],[7.9712,44.7387],[7.9689,44.7304],[7.9732,44.7235],[7.9754,44.7216],[7.9774,44.7215],[7.9686,44.7195],[7.9683,44.7215],[7.9671,44.7224],[7.9456,44.7265],[7.9415,44.7264],[7.9368,44.7239],[7.9329,44.7244],[7.931,44.7252],[7.9283,44.7282],[7.9356,44.7355],[7.939,44.7471],[7.9625,44.7493]]]}},{"type":"Feature","properties":{"i":"004073","n":"Cortemilia"},"geometry":{"type":"Polygon","coordinates":[[[8.2413,44.5712],[8.2414,44.5692],[8.2402,44.5672],[8.2361,44.563],[8.2331,44.5616],[8.2163,44.565],[8.2113,44.5604],[8.2087,44.5591],[8.2018,44.558],[8.1913,44.5581],[8.1879,44.5536],[8.1823,44.5535],[8.1716,44.5614],[8.1693,44.5615],[8.1681,44.5676],[8.1626,44.5722],[8.1563,44.5758],[8.1503,44.578],[8.1426,44.5836],[8.158,44.596],[8.1602,44.5975],[8.1634,44.5975],[8.1672,44.6017],[8.1794,44.6077],[8.1893,44.6104],[8.1948,44.6087],[8.1977,44.6018],[8.1964,44.5939],[8.1991,44.5915],[8.2019,44.5896],[8.2067,44.5883],[8.2201,44.586],[8.2286,44.5773],[8.2397,44.5736],[8.2413,44.5712]]]}},{"type":"Feature","properties":{"i":"004074","n":"Cossano Belbo"},"geometry":{"type":"Polygon","coordinates":[[[8.2234,44.6731],[8.2242,44.6661],[8.2237,44.6594],[8.2196,44.6561],[8.2181,44.6515],[8.2116,44.6482],[8.2044,44.6392],[8.2044,44.6353],[8.1971,44.6317],[8.1871,44.6381],[8.185,44.6415],[8.1757,44.6465],[8.169,44.6477],[8.1671,44.6526],[8.1633,44.6571],[8.1666,44.6698],[8.1678,44.6791],[8.1745,44.6816],[8.1862,44.6888],[8.1889,44.6897],[8.2006,44.6881],[8.2038,44.6888],[8.2091,44.6869],[8.2134,44.6816],[8.2201,44.6752],[8.2234,44.6731]]]}},{"type":"Feature","properties":{"i":"004075","n":"Costigliole Saluzzo"},"geometry":{"type":"Polygon","coordinates":[[[7.526,44.5811],[7.527,44.5793],[7.5261,44.5741],[7.523,44.5657],[7.5166,44.5644],[7.5126,44.5571],[7.5106,44.5513],[7.5017,44.553],[7.4921,44.5528],[7.4873,44.5444],[7.482,44.5418],[7.4784,44.5413],[7.4635,44.5446],[7.4608,44.5446],[7.4531,44.5408],[7.4508,44.5435],[7.4496,44.5547],[7.4538,44.5551],[7.4637,44.558],[7.4781,44.5724],[7.485,44.5761],[7.4885,44.5776],[7.4965,44.5785],[7.5191,44.5834],[7.5239,44.5839],[7.5254,44.5829],[7.526,44.5811]]]}},{"type":"Feature","properties":{"i":"004076","n":"Cravanzana"},"geometry":{"type":"Polygon","coordinates":[[[8.1408,44.583],[8.1415,44.5808],[8.1405,44.5735],[8.1387,44.5693],[8.1373,44.5674],[8.1292,44.5612],[8.1222,44.5531],[8.119,44.5529],[8.0983,44.5584],[8.0958,44.5597],[8.0967,44.5631],[8.1148,44.5785],[8.124,44.588],[8.1242,44.5888],[8.1226,44.5904],[8.1266,44.5905],[8.132,44.5894],[8.1408,44.583]]]}},{"type":"Feature","properties":{"i":"004077","n":"Crissolo"},"geometry":{"type":"Polygon","coordinates":[[[7.1689,44.7337],[7.1704,44.7257],[7.1704,44.7195],[7.1728,44.711],[7.1717,44.7042],[7.1761,44.6934],[7.1776,44.6917],[7.181,44.6903],[7.1761,44.688],[7.1744,44.6835],[7.1667,44.6789],[7.1532,44.6769],[7.1363,44.6663],[7.1189,44.6618],[7.1036,44.6655],[7.09,44.6675],[7.0865,44.6748],[7.0739,44.6817],[7.0756,44.6849],[7.0752,44.6902],[7.066,44.7075],[7.0653,44.7138],[7.0695,44.7179],[7.0737,44.7183],[7.087,44.7151],[7.0922,44.7178],[7.0959,44.7209],[7.1129,44.7234],[7.1185,44.725],[7.1207,44.726],[7.1279,44.7379],[7.1308,44.7385],[7.1356,44.737],[7.1449,44.7405],[7.1494,44.7433],[7.1689,44.7337]]]}},{"type":"Feature","properties":{"i":"004078","n":"Cuneo"},"geometry":{"type":"Polygon","coordinates":[[[7.6136,44.4428],[7.5969,44.4331],[7.6009,44.4291],[7.6147,44.422],[7.6223,44.416],[7.6352,44.3987],[7.6355,44.3969],[7.6402,44.3923],[7.6405,44.3882],[7.6038,44.3788],[7.6041,44.3656],[7.6028,44.3635],[7.5908,44.3594],[7.5782,44.3595],[7.5782,44.3609],[7.5722,44.3614],[7.5516,44.3597],[7.5392,44.3567],[7.5356,44.3567],[7.5243,44.3484],[7.524,44.3473],[7.5192,44.3512],[7.509,44.3538],[7.4899,44.3558],[7.505,44.3706],[7.506,44.3737],[7.5128,44.3761],[7.5181,44.3845],[7.5078,44.3928],[7.5004,44.3949],[7.5001,44.4014],[7.5011,44.4065],[7.5005,44.4246],[7.4989,44.4258],[7.4926,44.4275],[7.4902,44.4273],[7.4886,44.4254],[7.4847,44.4343],[7.4745,44.4633],[7.5002,44.4642],[7.5183,44.4759],[7.5313,44.4794],[7.5515,44.4899],[7.5512,44.4819],[7.5521,44.4804],[7.5599,44.483],[7.562,44.4813],[7.563,44.4745],[7.5768,44.4759],[7.578,44.4752],[7.5727,44.4612],[7.5895,44.4603],[7.6008,44.454],[7.6136,44.4428]]]}},{"type":"Feature","properties":{"i":"004079","n":"Demonte"},"geometry":{"type":"Polygon","coordinates":[[[7.1204,44.3862],[7.128,44.386],[7.17,44.3803],[7.1777,44.3774],[7.1899,44.3746],[7.2016,44.3754],[7.2108,44.3778],[7.2352,44.3796],[7.2411,44.3679],[7.2515,44.3624],[7.2571,44.3631],[7.2586,44.365],[7.268,44.3677],[7.275,44.366],[7.279,44.3641],[7.2838,44.3606],[7.2858,44.3571],[7.2879,44.3555],[7.3013,44.3583],[7.3051,44.3575],[7.3082,44.3561],[7.3084,44.3508],[7.3213,44.3342],[7.3246,44.3315],[7.3379,44.3259],[7.3546,44.3223],[7.3573,44.3203],[7.3604,44.3175],[7.3593,44.3147],[7.3588,44.3087],[7.3797,44.2925],[7.3794,44.2905],[7.3651,44.2762],[7.3568,44.2763],[7.3393,44.2808],[7.321,44.2785],[7.3163,44.2795],[7.3127,44.2814],[7.3096,44.2813],[7.302,44.279],[7.3001,44.2766],[7.2967,44.2684],[7.2926,44.2631],[7.2859,44.2604],[7.2725,44.2626],[7.2632,44.2607],[7.2566,44.2615],[7.2547,44.2658],[7.2557,44.2695],[7.2546,44.2757],[7.2402,44.2857],[7.2396,44.2911],[7.244,44.2998],[7.2499,44.3041],[7.2532,44.3086],[7.2548,44.3174],[7.2551,44.3219],[7.2544,44.3235],[7.2302,44.3251],[7.2135,44.3276],[7.1924,44.3349],[7.1877,44.334],[7.1804,44.335],[7.1723,44.3387],[7.168,44.3442],[7.1644,44.346],[7.1573,44.3469],[7.1548,44.3458],[7.1493,44.3463],[7.1283,44.3527],[7.1205,44.3507],[7.1215,44.3533],[7.1184,44.3581],[7.1167,44.3587],[7.1157,44.3609],[7.116,44.3636],[7.1191,44.3684],[7.1096,44.3746],[7.1048,44.3767],[7.1015,44.3789],[7.1014,44.3804],[7.1029,44.3868],[7.1204,44.3862]]]}},{"type":"Feature","properties":{"i":"004080","n":"Diano d'Alba"},"geometry":{"type":"Polygon","coordinates":[[[8.0781,44.6402],[8.081,44.6358],[8.0793,44.6347],[8.0643,44.6428],[8.055,44.6491],[8.0481,44.6508],[8.0462,44.6484],[8.0439,44.641],[8.0384,44.637],[8.037,44.6331],[8.0318,44.6294],[8.0266,44.63],[8.0084,44.6282],[8.0068,44.6321],[8.0052,44.6332],[7.9945,44.6354],[7.9789,44.648],[7.9801,44.6551],[7.9897,44.6482],[8.0041,44.6521],[8.007,44.6542],[8.0068,44.6574],[8.0194,44.6621],[8.0192,44.6634],[8.0254,44.6683],[8.0398,44.6738],[8.0442,44.6639],[8.0555,44.6619],[8.0637,44.6567],[8.0641,44.655],[8.0564,44.6531],[8.0539,44.6508],[8.0549,44.6498],[8.0597,44.6475],[8.0661,44.6471],[8.0781,44.6402]]]}},{"type":"Feature","properties":{"i":"004081","n":"Dogliani"},"geometry":{"type":"Polygon","coordinates":[[[7.9918,44.5563],[7.9894,44.5513],[7.997,44.5454],[8.0079,44.5508],[8.0147,44.5526],[8.0162,44.5495],[8.0053,44.5467],[7.9977,44.5426],[7.9955,44.5407],[7.987,44.527],[7.993,44.5234],[7.9992,44.5163],[7.9981,44.5122],[7.9905,44.5123],[7.9884,44.5108],[7.986,44.511],[7.982,44.5146],[7.9815,44.5159],[7.9797,44.5167],[7.9766,44.5152],[7.9757,44.5119],[7.9761,44.5087],[7.9713,44.5022],[7.9663,44.5],[7.9571,44.4982],[7.9547,44.4984],[7.9513,44.5056],[7.9453,44.5098],[7.9405,44.5109],[7.9313,44.5208],[7.9267,44.5241],[7.9218,44.5262],[7.9149,44.535],[7.91,44.5483],[7.9099,44.5508],[7.9108,44.5531],[7.9142,44.5549],[7.9174,44.559],[7.9232,44.5616],[7.9345,44.5615],[7.9473,44.5665],[7.9506,44.5664],[7.9607,44.5616],[7.9729,44.5618],[7.9744,44.5629],[7.9792,44.562],[7.9911,44.5578],[7.9918,44.5563]]]}},{"type":"Feature","properties":{"i":"004082","n":"Dronero"},"geometry":{"type":"Polygon","coordinates":[[[7.4391,44.4796],[7.4429,44.4813],[7.4438,44.4808],[7.4453,44.4768],[7.4454,44.4717],[7.4427,44.4656],[7.4426,44.46],[7.4156,44.4457],[7.4078,44.4424],[7.4004,44.4409],[7.3988,44.4449],[7.3924,44.4462],[7.3822,44.4455],[7.3784,44.4475],[7.3689,44.4472],[7.3657,44.4419],[7.3594,44.4395],[7.3555,44.4405],[7.3534,44.4427],[7.3508,44.4437],[7.3454,44.4434],[7.3323,44.4372],[7.3268,44.4373],[7.322,44.4358],[7.3193,44.4295],[7.3074,44.4246],[7.2931,44.4269],[7.2884,44.4294],[7.2827,44.4346],[7.2783,44.4436],[7.2746,44.4452],[7.2696,44.4421],[7.2591,44.4376],[7.2444,44.4336],[7.2343,44.4362],[7.2341,44.4407],[7.2297,44.461],[7.2295,44.4682],[7.2322,44.4704],[7.2461,44.469],[7.2592,44.4704],[7.2658,44.4719],[7.2677,44.4732],[7.2691,44.472],[7.2774,44.4711],[7.2862,44.4688],[7.2882,44.4673],[7.2939,44.4703],[7.2969,44.4758],[7.2976,44.476],[7.3024,44.4743],[7.307,44.4702],[7.3092,44.4691],[7.3351,44.4633],[7.3394,44.4632],[7.3459,44.4699],[7.3513,44.4782],[7.3533,44.4845],[7.3566,44.4862],[7.3664,44.4767],[7.3733,44.471],[7.3769,44.4691],[7.3965,44.4681],[7.408,44.4686],[7.4391,44.4796]]]}},{"type":"Feature","properties":{"i":"004083","n":"Elva"},"geometry":{"type":"Polygon","coordinates":[[[7.1155,44.5529],[7.1282,44.5456],[7.1209,44.5395],[7.111,44.5295],[7.1025,44.517],[7.0899,44.5143],[7.0881,44.5178],[7.0847,44.5212],[7.0756,44.5239],[7.0662,44.5301],[7.0454,44.5473],[7.0318,44.5469],[7.0219,44.5494],[7.0213,44.5509],[7.0221,44.5555],[7.026,44.5591],[7.04,44.5641],[7.0505,44.566],[7.054,44.5675],[7.0606,44.5662],[7.0673,44.5664],[7.0834,44.5646],[7.1155,44.5529]]]}},{"type":"Feature","properties":{"i":"004084","n":"Entracque"},"geometry":{"type":"Polygon","coordinates":[[[7.4304,44.2543],[7.4538,44.2369],[7.4554,44.2273],[7.4577,44.2229],[7.4644,44.2181],[7.4676,44.218],[7.4691,44.2108],[7.4687,44.2025],[7.4729,44.1896],[7.4871,44.1726],[7.4908,44.164],[7.491,44.1608],[7.4937,44.1555],[7.4974,44.1541],[7.501,44.1537],[7.5038,44.1437],[7.4985,44.1421],[7.4839,44.1342],[7.4773,44.1337],[7.458,44.1266],[7.4443,44.1288],[7.4282,44.1304],[7.4259,44.1142],[7.4224,44.1133],[7.3968,44.1232],[7.3927,44.1256],[7.3869,44.1245],[7.3659,44.1171],[7.3605,44.1167],[7.3553,44.118],[7.3465,44.1357],[7.3433,44.1453],[7.3406,44.1465],[7.3299,44.144],[7.3162,44.1437],[7.31,44.148],[7.3082,44.1503],[7.3076,44.1523],[7.3072,44.1566],[7.309,44.1643],[7.3047,44.177],[7.3057,44.1823],[7.3075,44.1832],[7.3146,44.1818],[7.3189,44.1848],[7.3223,44.1891],[7.3224,44.195],[7.3256,44.1987],[7.331,44.2],[7.3386,44.2037],[7.3427,44.2067],[7.3442,44.2084],[7.3489,44.2188],[7.354,44.2239],[7.3588,44.2266],[7.3689,44.2365],[7.3712,44.249],[7.3695,44.2567],[7.3672,44.2608],[7.3767,44.2623],[7.3925,44.2636],[7.4051,44.2568],[7.4089,44.2535],[7.4145,44.2517],[7.4235,44.2513],[7.4304,44.2543]]]}},{"type":"Feature","properties":{"i":"004085","n":"Envie"},"geometry":{"type":"Polygon","coordinates":[[[7.406,44.7166],[7.4115,44.7069],[7.4126,44.7072],[7.4163,44.6986],[7.4162,44.6946],[7.4118,44.6839],[7.4059,44.6784],[7.3954,44.6771],[7.3798,44.6737],[7.3633,44.6659],[7.3568,44.6667],[7.3382,44.6726],[7.3374,44.6746],[7.3384,44.6811],[7.336,44.6841],[7.3374,44.6901],[7.341,44.6939],[7.3406,44.7006],[7.3392,44.7031],[7.3395,44.7046],[7.3408,44.7054],[7.3635,44.7098],[7.3823,44.7097],[7.3882,44.7125],[7.3911,44.7149],[7.3963,44.7169],[7.399,44.7174],[7.406,44.7166]]]}},{"type":"Feature","properties":{"i":"004086","n":"Farigliano"},"geometry":{"type":"Polygon","coordinates":[[[7.9633,44.4995],[7.9648,44.4928],[7.9674,44.4903],[7.9675,44.4881],[7.9643,44.4851],[7.9617,44.4872],[7.9576,44.4871],[7.9562,44.486],[7.9533,44.4856],[7.9477,44.4881],[7.9445,44.4918],[7.9435,44.4952],[7.9211,44.4933],[7.9139,44.4948],[7.9099,44.4977],[7.8987,44.4981],[7.8973,44.4966],[7.8979,44.4917],[7.8891,44.4982],[7.8909,44.5074],[7.8974,44.515],[7.9044,44.5164],[7.9073,44.5184],[7.9094,44.5229],[7.9098,44.5306],[7.9079,44.534],[7.9027,44.5384],[7.8956,44.5421],[7.8963,44.5446],[7.8986,44.5478],[7.9099,44.5508],[7.9111,44.5448],[7.9149,44.535],[7.9218,44.5262],[7.9267,44.5241],[7.9313,44.5208],[7.9405,44.5109],[7.9453,44.5098],[7.9513,44.5056],[7.9549,44.4982],[7.9633,44.4995]]]}},{"type":"Feature","properties":{"i":"004087","n":"Faule"},"geometry":{"type":"MultiPolygon","coordinates":[[[[7.5915,44.8083],[7.5862,44.8006],[7.5814,44.7979],[7.5774,44.7913],[7.5697,44.776],[7.5703,44.7714],[7.5602,44.7733],[7.558,44.7776],[7.5568,44.7884],[7.5541,44.7952],[7.5647,44.799],[7.5669,44.8026],[7.5644,44.8077],[7.5611,44.8089],[7.5597,44.8108],[7.5624,44.8127],[7.5657,44.8114],[7.5695,44.8129],[7.5724,44.8169],[7.5755,44.8196],[7.579,44.8143],[7.5776,44.8112],[7.5915,44.8083]]],[[[7.5976,44.8103],[7.5967,44.8099],[7.595,44.8123],[7.5943,44.8211],[7.5968,44.8232],[7.5976,44.8103]]]]}},{"type":"Feature","properties":{"i":"004088","n":"Feisoglio"},"geometry":{"type":"Polygon","coordinates":[[[8.119,44.5529],[8.1267,44.5455],[8.1259,44.5417],[8.1226,44.5395],[8.1234,44.5348],[8.1172,44.5353],[8.1099,44.5347],[8.1078,44.5337],[8.1068,44.531],[8.1027,44.5328],[8.0775,44.5368],[8.0835,44.5415],[8.0834,44.5444],[8.0895,44.5545],[8.0923,44.5564],[8.093,44.5594],[8.0958,44.5597],[8.0983,44.5584],[8.119,44.5529]]]}},{"type":"Feature","properties":{"i":"004089","n":"Fossano"},"geometry":{"type":"Polygon","coordinates":[[[7.7871,44.6026],[7.7831,44.5967],[7.7756,44.5782],[7.7756,44.5722],[7.7813,44.5662],[7.785,44.5636],[7.7982,44.5581],[7.8018,44.5551],[7.8019,44.5513],[7.7956,44.5419],[7.7904,44.5378],[7.7861,44.5356],[7.783,44.5353],[7.7661,44.5398],[7.7653,44.5441],[7.7664,44.5469],[7.7663,44.5495],[7.7644,44.5515],[7.7586,44.5543],[7.7548,44.5547],[7.7469,44.5533],[7.737,44.5497],[7.7332,44.5446],[7.7329,44.541],[7.7319,44.5394],[7.7323,44.5373],[7.7298,44.5311],[7.719,44.5169],[7.7061,44.506],[7.6902,44.4944],[7.6822,44.4839],[7.6744,44.4782],[7.6717,44.4778],[7.6695,44.4765],[7.6642,44.4704],[7.6543,44.464],[7.6472,44.4571],[7.6434,44.4557],[7.6403,44.4658],[7.6192,44.5002],[7.6117,44.5056],[7.6028,44.5151],[7.5994,44.5199],[7.5904,44.528],[7.5857,44.5297],[7.5784,44.5297],[7.583,44.5415],[7.5893,44.537],[7.6065,44.5387],[7.613,44.5411],[7.6133,44.5439],[7.6307,44.5505],[7.6357,44.5516],[7.6392,44.5545],[7.6417,44.5648],[7.6451,44.5722],[7.6519,44.5733],[7.661,44.5732],[7.6749,44.5705],[7.6815,44.5708],[7.6848,44.5721],[7.6809,44.5792],[7.6888,44.5824],[7.695,44.5885],[7.6978,44.589],[7.702,44.5982],[7.7027,44.6058],[7.7122,44.6122],[7.7217,44.6159],[7.7287,44.6167],[7.7493,44.613],[7.7578,44.6109],[7.7589,44.6092],[7.7666,44.6053],[7.7871,44.6026]]]}},{"type":"Feature","properties":{"i":"004090","n":"Frabosa Soprana"},"geometry":{"type":"Polygon","coordinates":[[[7.8344,44.2974],[7.8359,44.2948],[7.8363,44.2902],[7.831,44.2863],[7.8291,44.2841],[7.8289,44.2824],[7.8479,44.2585],[7.8504,44.2535],[7.849,44.2497],[7.84,44.2373],[7.8348,44.2223],[7.8324,44.221],[7.8294,44.2152],[7.8303,44.2128],[7.8255,44.2005],[7.8177,44.1901],[7.8162,44.1871],[7.817,44.1838],[7.8148,44.1822],[7.8062,44.1854],[7.8057,44.1884],[7.807,44.1917],[7.8024,44.2001],[7.7994,44.201],[7.7975,44.2051],[7.7966,44.2086],[7.7983,44.2145],[7.7942,44.2202],[7.7897,44.2146],[7.786,44.2133],[7.7811,44.2131],[7.7804,44.2164],[7.7678,44.2225],[7.761,44.2242],[7.7812,44.2304],[7.7867,44.2309],[7.7965,44.2371],[7.7969,44.243],[7.7937,44.2471],[7.7935,44.2614],[7.791,44.2699],[7.787,44.2752],[7.7858,44.2838],[7.7871,44.2905],[7.7932,44.2923],[7.8014,44.3018],[7.8056,44.3129],[7.805,44.3238],[7.8086,44.3275],[7.8097,44.3212],[7.813,44.3152],[7.8259,44.3082],[7.8317,44.303],[7.8286,44.3004],[7.8287,44.2997],[7.8344,44.2974]]]}},{"type":"Feature","properties":{"i":"004091","n":"Frabosa Sottana"},"geometry":{"type":"Polygon","coordinates":[[[7.8086,44.3275],[7.805,44.3238],[7.8056,44.3129],[7.8014,44.3018],[7.7932,44.2923],[7.7871,44.2905],[7.7858,44.2838],[7.787,44.2752],[7.791,44.2699],[7.7935,44.2614],[7.7937,44.2471],[7.7969,44.243],[7.7965,44.2371],[7.7867,44.2309],[7.7812,44.2304],[7.7558,44.2228],[7.7372,44.2326],[7.7389,44.2434],[7.7436,44.2496],[7.7475,44.2519],[7.7513,44.2517],[7.757,44.2564],[7.7605,44.2707],[7.761,44.279],[7.7644,44.2879],[7.7714,44.2964],[7.7734,44.3026],[7.7699,44.3154],[7.7656,44.3167],[7.7543,44.3246],[7.7537,44.3299],[7.7621,44.3371],[7.7839,44.3435],[7.7897,44.3409],[7.7941,44.3363],[7.8086,44.3275]]]}},{"type":"Feature","properties":{"i":"004092","n":"Frassino"},"geometry":{"type":"Polygon","coordinates":[[[7.2934,44.5815],[7.2953,44.5771],[7.2962,44.5672],[7.2908,44.5624],[7.2803,44.5591],[7.2776,44.5556],[7.2757,44.5469],[7.2725,44.5396],[7.2679,44.5343],[7.2584,44.5379],[7.248,44.5437],[7.2469,44.5635],[7.2471,44.5724],[7.2502,44.5833],[7.2522,44.5877],[7.2553,44.5914],[7.2573,44.593],[7.2585,44.5924],[7.2585,44.5916],[7.2626,44.5906],[7.2791,44.5893],[7.2886,44.5835],[7.2934,44.5815]]]}},{"type":"Feature","properties":{"i":"004093","n":"Gaiola"},"geometry":{"type":"Polygon","coordinates":[[[7.4153,44.3434],[7.4243,44.3322],[7.4237,44.3261],[7.4218,44.3242],[7.4207,44.3193],[7.4153,44.3212],[7.3968,44.3305],[7.3881,44.3328],[7.3867,44.3346],[7.387,44.3409],[7.3893,44.3445],[7.4014,44.3421],[7.4124,44.3443],[7.4153,44.3434]]]}},{"type":"Feature","properties":{"i":"004094","n":"Gambasca"},"geometry":{"type":"Polygon","coordinates":[[[7.3598,44.6372],[7.3549,44.6344],[7.3522,44.6293],[7.3441,44.6191],[7.3407,44.6171],[7.337,44.6135],[7.3309,44.6043],[7.3289,44.6028],[7.3253,44.6021],[7.3211,44.6034],[7.3246,44.6238],[7.3306,44.629],[7.3363,44.6316],[7.3385,44.6335],[7.3433,44.6437],[7.3532,44.6382],[7.3598,44.6372]]]}},{"type":"Feature","properties":{"i":"004095","n":"Garessio"},"geometry":{"type":"Polygon","coordinates":[[[8.0687,44.2273],[8.0662,44.2232],[8.0654,44.2169],[8.0678,44.2136],[8.0752,44.2057],[8.088,44.2032],[8.0948,44.1973],[8.0917,44.1883],[8.0922,44.1846],[8.0931,44.1837],[8.0924,44.1752],[8.0907,44.1731],[8.0855,44.1704],[8.0798,44.1634],[8.0745,44.1547],[8.0749,44.1526],[8.0743,44.1506],[8.0712,44.1469],[8.0673,44.1447],[8.0527,44.1427],[8.0429,44.1428],[8.041,44.1453],[8.0291,44.1538],[8.0165,44.1559],[8.0094,44.1556],[8.0059,44.1542],[7.989,44.1447],[7.9842,44.1481],[7.9697,44.1478],[7.9574,44.1563],[7.9622,44.16],[7.9698,44.1611],[7.9748,44.1639],[7.9761,44.1669],[7.9761,44.1707],[7.9722,44.1809],[7.9479,44.1786],[7.9332,44.1811],[7.925,44.1862],[7.8967,44.1885],[7.8741,44.192],[7.8655,44.1986],[7.8638,44.2032],[7.8616,44.2051],[7.8689,44.2068],[7.8715,44.2086],[7.8723,44.2102],[7.8716,44.2166],[7.8741,44.2131],[7.8776,44.203],[7.8861,44.2039],[7.8955,44.2098],[7.894,44.2134],[7.8944,44.2156],[7.8989,44.2253],[7.9083,44.2368],[7.9192,44.2438],[7.9285,44.2434],[7.9308,44.2427],[7.936,44.2433],[7.9451,44.2457],[7.9471,44.2475],[7.9535,44.2464],[7.9561,44.2444],[7.9652,44.2455],[7.9753,44.249],[7.9809,44.254],[7.993,44.2511],[8.0087,44.245],[8.0349,44.2303],[8.0518,44.2262],[8.0577,44.2258],[8.0687,44.2273]]]}},{"type":"Feature","properties":{"i":"004096","n":"Genola"},"geometry":{"type":"Polygon","coordinates":[[[7.7027,44.6058],[7.702,44.5982],[7.6978,44.589],[7.695,44.5885],[7.6888,44.5824],[7.6809,44.5792],[7.6848,44.5721],[7.6815,44.5708],[7.6723,44.5706],[7.6724,44.5714],[7.661,44.5732],[7.6519,44.5733],[7.6451,44.5722],[7.643,44.5766],[7.6376,44.5768],[7.6339,44.581],[7.6393,44.5845],[7.6469,44.5963],[7.6476,44.5991],[7.6528,44.6058],[7.6754,44.6023],[7.6877,44.602],[7.7027,44.6058]]]}},{"type":"Feature","properties":{"i":"004097","n":"Gorzegno"},"geometry":{"type":"Polygon","coordinates":[[[8.1234,44.5348],[8.1418,44.5326],[8.1442,44.5282],[8.1408,44.5241],[8.1418,44.5186],[8.1471,44.5134],[8.1503,44.5124],[8.1479,44.5061],[8.1442,44.5031],[8.1352,44.5048],[8.122,44.5013],[8.1188,44.4968],[8.1134,44.4922],[8.1014,44.4919],[8.0897,44.4987],[8.106,44.5228],[8.1039,44.5282],[8.1068,44.531],[8.1078,44.5337],[8.1099,44.5347],[8.115,44.5352],[8.1234,44.5348]]]}},{"type":"Feature","properties":{"i":"004098","n":"Gottasecca"},"geometry":{"type":"Polygon","coordinates":[[[8.1974,44.4676],[8.1958,44.465],[8.1964,44.4636],[8.2103,44.4555],[8.2071,44.4481],[8.1941,44.4482],[8.1877,44.4455],[8.1823,44.44],[8.167,44.4402],[8.1654,44.4413],[8.1651,44.4438],[8.1615,44.4501],[8.1559,44.4572],[8.1523,44.4605],[8.1497,44.4617],[8.1512,44.4638],[8.1505,44.47],[8.1521,44.4771],[8.1625,44.4816],[8.168,44.4818],[8.1712,44.4809],[8.1778,44.4766],[8.1905,44.4718],[8.1974,44.4676]]]}},{"type":"Feature","properties":{"i":"004099","n":"Govone"},"geometry":{"type":"Polygon","coordinates":[[[8.1306,44.8101],[8.1288,44.7913],[8.1324,44.7872],[8.1376,44.7834],[8.1375,44.7826],[8.1343,44.7814],[8.1301,44.7814],[8.1248,44.7772],[8.1242,44.7755],[8.1159,44.7713],[8.1117,44.7721],[8.1104,44.7733],[8.1044,44.7739],[8.1026,44.7713],[8.104,44.7676],[8.1042,44.764],[8.1023,44.7652],[8.0981,44.7655],[8.0944,44.7678],[8.0884,44.7778],[8.0856,44.7808],[8.0819,44.7831],[8.0795,44.7913],[8.0751,44.8012],[8.0711,44.8063],[8.0714,44.8078],[8.0727,44.8087],[8.0753,44.8086],[8.083,44.8138],[8.0865,44.8176],[8.0952,44.8222],[8.1005,44.8197],[8.107,44.81],[8.1095,44.8099],[8.1161,44.8137],[8.119,44.814],[8.1232,44.8138],[8.1306,44.8101]]]}},{"type":"Feature","properties":{"i":"004100","n":"Grinzane Cavour"},"geometry":{"type":"Polygon","coordinates":[[[8.0105,44.6587],[8.0068,44.6574],[8.007,44.6542],[8.0041,44.6521],[7.9897,44.6482],[7.9801,44.6551],[7.9805,44.659],[7.984,44.6666],[7.9879,44.6713],[7.9906,44.6695],[8.002,44.6677],[8.0095,44.6609],[8.0105,44.6587]]]}},{"type":"Feature","properties":{"i":"004101","n":"Guarene"},"geometry":{"type":"Polygon","coordinates":[[[8.0738,44.735],[8.0704,44.7322],[8.0673,44.7319],[8.065,44.7292],[8.0602,44.7341],[8.0579,44.7344],[8.0558,44.7311],[8.0559,44.7277],[8.0531,44.723],[8.0456,44.7202],[8.0215,44.7219],[8.006,44.7277],[8.002,44.7273],[7.9987,44.7342],[8.0021,44.7364],[8.0026,44.7412],[8.0004,44.7441],[8.0013,44.7449],[8.0073,44.7485],[8.0098,44.7482],[8.0124,44.7457],[8.0173,44.749],[8.0196,44.7516],[8.0224,44.7496],[8.0254,44.7487],[8.0306,44.75],[8.0547,44.7467],[8.0639,44.742],[8.0738,44.735]]]}},{"type":"Feature","properties":{"i":"004102","n":"Igliano"},"geometry":{"type":"Polygon","coordinates":[[[8.0273,44.4465],[8.0236,44.4458],[8.0226,44.4336],[8.0212,44.431],[8.0137,44.4282],[8.0066,44.4336],[8.0023,44.44],[8.0021,44.4429],[8.0065,44.4431],[8.0101,44.4451],[8.0113,44.4509],[8.0143,44.4536],[8.02,44.4544],[8.0273,44.4465]]]}},{"type":"Feature","properties":{"i":"004103","n":"Isasca"},"geometry":{"type":"Polygon","coordinates":[[[7.3909,44.5891],[7.3892,44.5885],[7.3857,44.5846],[7.3866,44.5826],[7.3859,44.5783],[7.3829,44.5776],[7.3583,44.5848],[7.3538,44.5875],[7.3509,44.5904],[7.3476,44.5973],[7.3667,44.6012],[7.3732,44.6003],[7.3755,44.5998],[7.3909,44.5891]]]}},{"type":"Feature","properties":{"i":"004104","n":"Lagnasco"},"geometry":{"type":"Polygon","coordinates":[[[7.5801,44.6537],[7.5801,44.651],[7.5862,44.6444],[7.5857,44.6346],[7.5802,44.6236],[7.5585,44.5995],[7.5559,44.6009],[7.5552,44.6039],[7.5557,44.6129],[7.5541,44.6175],[7.534,44.6143],[7.5292,44.6208],[7.5285,44.6278],[7.5319,44.6373],[7.5378,44.6495],[7.5486,44.6525],[7.5641,44.6552],[7.5801,44.6537]]]}},{"type":"Feature","properties":{"i":"004105","n":"La Morra"},"geometry":{"type":"Polygon","coordinates":[[[7.955,44.6666],[7.9591,44.6653],[7.96,44.6614],[7.9615,44.6596],[7.9675,44.6596],[7.9701,44.6507],[7.9717,44.6487],[7.9726,44.6437],[7.9664,44.6371],[7.9635,44.6354],[7.9597,44.6264],[7.9531,44.6267],[7.9415,44.6244],[7.9221,44.6192],[7.9166,44.6222],[7.912,44.6233],[7.9069,44.6231],[7.9046,44.6218],[7.9039,44.6235],[7.9043,44.6317],[7.9065,44.6367],[7.9044,44.6567],[7.8981,44.6644],[7.8979,44.6679],[7.8989,44.6714],[7.9018,44.674],[7.8955,44.68],[7.9008,44.6828],[7.9113,44.6831],[7.9141,44.6856],[7.9192,44.6786],[7.9155,44.6743],[7.9152,44.673],[7.9175,44.6641],[7.9192,44.6616],[7.9264,44.6564],[7.933,44.6567],[7.9347,44.6575],[7.935,44.6593],[7.9365,44.6604],[7.9457,44.6653],[7.955,44.6666]]]}},{"type":"Feature","properties":{"i":"004106","n":"Lequio Berria"},"geometry":{"type":"Polygon","coordinates":[[[8.1165,44.6205],[8.1157,44.6194],[8.116,44.6164],[8.1246,44.6128],[8.134,44.6103],[8.1256,44.601],[8.1254,44.5997],[8.1278,44.5974],[8.1283,44.5939],[8.1266,44.5905],[8.1226,44.5904],[8.1189,44.5916],[8.1107,44.5915],[8.0881,44.5975],[8.0839,44.5978],[8.0633,44.6078],[8.0706,44.6113],[8.0764,44.6154],[8.081,44.6206],[8.0802,44.6224],[8.0848,44.6217],[8.0903,44.6184],[8.1081,44.6208],[8.1165,44.6205]]]}},{"type":"Feature","properties":{"i":"004107","n":"Lequio Tanaro"},"geometry":{"type":"Polygon","coordinates":[[[7.9008,44.5741],[7.9114,44.5677],[7.903,44.5666],[7.9002,44.5623],[7.9006,44.5598],[7.9093,44.5533],[7.9108,44.5531],[7.9099,44.5508],[7.8986,44.5478],[7.8958,44.5437],[7.8956,44.5421],[7.8855,44.5362],[7.8759,44.5281],[7.8632,44.5218],[7.8614,44.5293],[7.8703,44.5316],[7.8757,44.5347],[7.8774,44.5375],[7.8777,44.5433],[7.8747,44.5452],[7.8577,44.5474],[7.8543,44.5539],[7.8547,44.5556],[7.8602,44.5601],[7.8658,44.5613],[7.8783,44.568],[7.8809,44.5734],[7.8935,44.5758],[7.9008,44.5741]]]}},{"type":"Feature","properties":{"i":"004108","n":"Lesegno"},"geometry":{"type":"Polygon","coordinates":[[[7.9791,44.4118],[7.9815,44.408],[7.9873,44.4024],[7.992,44.3959],[7.9863,44.3803],[7.9799,44.3823],[7.9743,44.3825],[7.9614,44.3787],[7.9571,44.3759],[7.9468,44.3746],[7.9428,44.3777],[7.9407,44.382],[7.9394,44.3896],[7.9433,44.3939],[7.9481,44.3957],[7.9484,44.3977],[7.9422,44.3994],[7.9424,44.402],[7.9462,44.4106],[7.9481,44.4138],[7.951,44.4165],[7.9648,44.419],[7.9695,44.419],[7.9723,44.4179],[7.9734,44.4129],[7.9791,44.4118]]]}},{"type":"Feature","properties":{"i":"004109","n":"Levice"},"geometry":{"type":"Polygon","coordinates":[[[8.1618,44.5587],[8.1629,44.5561],[8.1722,44.5437],[8.1796,44.5393],[8.1844,44.5384],[8.1862,44.535],[8.1797,44.5173],[8.1699,44.5124],[8.1528,44.5135],[8.1503,44.5124],[8.1471,44.5134],[8.1418,44.5186],[8.1408,44.5241],[8.1442,44.5282],[8.1418,44.5326],[8.1234,44.5348],[8.1225,44.5392],[8.1259,44.5417],[8.1267,44.5455],[8.1338,44.5445],[8.1402,44.5452],[8.1426,44.5481],[8.1385,44.5554],[8.1432,44.5595],[8.1552,44.5579],[8.1618,44.5587]]]}},{"type":"Feature","properties":{"i":"004110","n":"Limone Piemonte"},"geometry":{"type":"Polygon","coordinates":[[[7.6252,44.1959],[7.6287,44.1917],[7.6299,44.1881],[7.6297,44.1787],[7.6302,44.1763],[7.6326,44.1736],[7.6312,44.1716],[7.6275,44.1595],[7.6192,44.1494],[7.5997,44.1516],[7.5902,44.1508],[7.566,44.1551],[7.5645,44.1538],[7.5648,44.1518],[7.5563,44.1478],[7.5426,44.1455],[7.5388,44.1457],[7.535,44.1474],[7.5283,44.1428],[7.5259,44.1397],[7.5218,44.138],[7.5151,44.1384],[7.5077,44.1445],[7.5038,44.1437],[7.501,44.1537],[7.5035,44.1535],[7.5061,44.1546],[7.5138,44.1592],[7.515,44.1681],[7.5272,44.1721],[7.5285,44.1781],[7.5337,44.1939],[7.5463,44.2047],[7.5504,44.2178],[7.5641,44.2313],[7.5694,44.2347],[7.5807,44.2375],[7.5851,44.2397],[7.5882,44.2425],[7.59,44.2387],[7.5944,44.2399],[7.6003,44.2431],[7.6034,44.2402],[7.6088,44.2371],[7.6157,44.2268],[7.6218,44.2204],[7.6213,44.2135],[7.6237,44.1996],[7.6252,44.1959]]]}},{"type":"Feature","properties":{"i":"004111","n":"Lisio"},"geometry":{"type":"Polygon","coordinates":[[[7.9934,44.3189],[7.9969,44.3149],[7.9969,44.3068],[8.0037,44.2954],[8.0027,44.2874],[7.9883,44.2914],[7.9733,44.299],[7.9621,44.3011],[7.9564,44.3034],[7.9578,44.3101],[7.9817,44.3223],[7.9934,44.3189]]]}},{"type":"Feature","properties":{"i":"004112","n":"Macra"},"geometry":{"type":"Polygon","coordinates":[[[7.1905,44.5422],[7.188,44.5364],[7.1889,44.5309],[7.2038,44.5199],[7.2071,44.5159],[7.2192,44.5104],[7.2199,44.505],[7.2142,44.5002],[7.2003,44.4935],[7.1983,44.4895],[7.1975,44.4912],[7.1921,44.4941],[7.1711,44.495],[7.1633,44.4844],[7.1488,44.47],[7.1358,44.4678],[7.1299,44.4627],[7.1281,44.464],[7.1249,44.4671],[7.1242,44.4721],[7.1267,44.4766],[7.1328,44.4837],[7.1415,44.4913],[7.1522,44.4977],[7.1608,44.5016],[7.1641,44.5055],[7.1652,44.511],[7.1614,44.5265],[7.1621,44.5334],[7.161,44.5373],[7.1664,44.5402],[7.1727,44.5418],[7.1905,44.5422]]]}},{"type":"Feature","properties":{"i":"004113","n":"Magliano Alfieri"},"geometry":{"type":"Polygon","coordinates":[[[8.1042,44.764],[8.1043,44.7626],[8.1029,44.7605],[8.0951,44.7585],[8.0976,44.757],[8.0924,44.7527],[8.0835,44.7497],[8.0706,44.752],[8.0607,44.7548],[8.0606,44.7568],[8.0574,44.7601],[8.0525,44.7622],[8.0483,44.7629],[8.0547,44.766],[8.054,44.7748],[8.076,44.7799],[8.0819,44.7831],[8.0856,44.7808],[8.0884,44.7778],[8.0944,44.7678],[8.0981,44.7655],[8.1023,44.7652],[8.1042,44.764]]]}},{"type":"Feature","properties":{"i":"004114","n":"Magliano Alpi"},"geometry":{"type":"MultiPolygon","coordinates":[[[[7.8098,44.184],[7.8058,44.1827],[7.8027,44.179],[7.802,44.1758],[7.7927,44.1747],[7.7889,44.1756],[7.7858,44.1754],[7.7849,44.1744],[7.7746,44.1885],[7.7656,44.1953],[7.7561,44.2007],[7.7558,44.2081],[7.7588,44.2167],[7.7563,44.2199],[7.7558,44.2228],[7.761,44.2242],[7.7678,44.2225],[7.7804,44.2164],[7.7811,44.2131],[7.786,44.2133],[7.7897,44.2146],[7.7942,44.2202],[7.7983,44.2145],[7.7966,44.2086],[7.7975,44.2051],[7.7994,44.201],[7.8024,44.2001],[7.807,44.1917],[7.8057,44.1884],[7.8062,44.1854],[7.8098,44.184]]],[[[7.8119,44.4917],[7.8078,44.4814],[7.8112,44.4768],[7.8231,44.4706],[7.8413,44.4556],[7.8328,44.4541],[7.8085,44.4444],[7.797,44.4345],[7.7847,44.4345],[7.7736,44.4317],[7.7719,44.4361],[7.7737,44.4412],[7.7739,44.4448],[7.7727,44.4593],[7.7761,44.4624],[7.7864,44.4773],[7.7969,44.4894],[7.7977,44.4925],[7.8119,44.4917]]]]}},{"type":"Feature","properties":{"i":"004115","n":"Mango"},"geometry":{"type":"Polygon","coordinates":[[[8.1647,44.7184],[8.1641,44.7165],[8.165,44.7134],[8.1737,44.7017],[8.173,44.6979],[8.1753,44.6931],[8.1889,44.6897],[8.1862,44.6888],[8.1745,44.6816],[8.1678,44.6791],[8.1666,44.6698],[8.1633,44.6571],[8.1675,44.6519],[8.1522,44.6501],[8.1479,44.6524],[8.1463,44.6517],[8.1417,44.6468],[8.1384,44.6447],[8.1369,44.6441],[8.1327,44.6446],[8.1312,44.6484],[8.1309,44.6531],[8.1338,44.6527],[8.1354,44.6578],[8.129,44.6703],[8.1343,44.6762],[8.1338,44.692],[8.1316,44.6961],[8.1321,44.6975],[8.1418,44.6996],[8.1421,44.7024],[8.1467,44.7067],[8.1521,44.7094],[8.153,44.7114],[8.1522,44.7132],[8.1595,44.7185],[8.1647,44.7184]]]}},{"type":"Feature","properties":{"i":"004116","n":"Manta"},"geometry":{"type":"MultiPolygon","coordinates":[[[[7.5559,44.6009],[7.543,44.6037],[7.5403,44.6025],[7.5383,44.599],[7.5374,44.5987],[7.5341,44.5986],[7.5311,44.5995],[7.5304,44.6031],[7.5333,44.6088],[7.534,44.6143],[7.5541,44.6175],[7.5557,44.6129],[7.5552,44.6039],[7.5559,44.6009]]],[[[7.5288,44.622],[7.5294,44.6173],[7.5286,44.6165],[7.5167,44.6144],[7.5124,44.607],[7.4997,44.6056],[7.4783,44.6074],[7.4722,44.6055],[7.4598,44.6066],[7.4547,44.6082],[7.4511,44.6065],[7.4534,44.6133],[7.4592,44.6183],[7.4753,44.6193],[7.4883,44.6223],[7.495,44.6259],[7.5042,44.6263],[7.5089,44.6212],[7.5288,44.622]]]]}},{"type":"Feature","properties":{"i":"004117","n":"Marene"},"geometry":{"type":"Polygon","coordinates":[[[7.7558,44.6912],[7.7605,44.6774],[7.7611,44.6679],[7.767,44.6628],[7.7673,44.661],[7.7668,44.6582],[7.7614,44.6532],[7.758,44.6476],[7.7554,44.6412],[7.7499,44.6337],[7.7496,44.6288],[7.7426,44.6267],[7.7291,44.6256],[7.719,44.6235],[7.7178,44.6228],[7.717,44.6208],[7.7089,44.6207],[7.71,44.6258],[7.7136,44.6354],[7.7108,44.6391],[7.7073,44.6417],[7.7059,44.6418],[7.7007,44.6707],[7.6968,44.6775],[7.7126,44.6801],[7.7163,44.6812],[7.7175,44.683],[7.7173,44.6836],[7.733,44.6881],[7.7558,44.6912]]]}},{"type":"Feature","properties":{"i":"004118","n":"Margarita"},"geometry":{"type":"Polygon","coordinates":[[[7.7055,44.4107],[7.6918,44.4],[7.6909,44.397],[7.6912,44.3914],[7.6881,44.3906],[7.6853,44.3785],[7.683,44.3752],[7.6812,44.3758],[7.6823,44.3771],[7.6819,44.3786],[7.6784,44.3839],[7.6727,44.385],[7.6709,44.3842],[7.6596,44.387],[7.6569,44.3898],[7.6576,44.3904],[7.6562,44.3912],[7.647,44.3906],[7.6479,44.3972],[7.6612,44.4145],[7.6731,44.4171],[7.6879,44.4159],[7.7017,44.4125],[7.7055,44.4107]]]}},{"type":"Feature","properties":{"i":"004119","n":"Marmora"},"geometry":{"type":"Polygon","coordinates":[[[7.1326,44.4652],[7.1414,44.4502],[7.1592,44.4495],[7.1618,44.4477],[7.1624,44.4468],[7.1615,44.4433],[7.1577,44.4324],[7.1478,44.4242],[7.147,44.4179],[7.1396,44.418],[7.1333,44.415],[7.1291,44.4086],[7.1239,44.3964],[7.12,44.3928],[7.1204,44.3862],[7.1029,44.3868],[7.0889,44.3915],[7.0947,44.3965],[7.0959,44.4004],[7.0938,44.4043],[7.0879,44.408],[7.0838,44.4144],[7.0822,44.4198],[7.0815,44.43],[7.0841,44.4365],[7.0888,44.4417],[7.0921,44.4512],[7.0915,44.4547],[7.0956,44.4766],[7.0944,44.4853],[7.0928,44.4896],[7.096,44.4926],[7.1141,44.4802],[7.1179,44.4785],[7.1267,44.4766],[7.1242,44.4721],[7.1249,44.4671],[7.1299,44.4627],[7.1326,44.4652]]]}},{"type":"Feature","properties":{"i":"004120","n":"Marsaglia"},"geometry":{"type":"Polygon","coordinates":[[[8.02,44.4544],[8.0132,44.4529],[8.0113,44.4509],[8.0101,44.4451],[8.0091,44.444],[8.0031,44.4427],[7.9915,44.4454],[7.9798,44.443],[7.9752,44.4388],[7.9681,44.4346],[7.9667,44.4346],[7.9646,44.4402],[7.9589,44.4486],[7.9558,44.4509],[7.9517,44.458],[7.9499,44.4625],[7.9504,44.4708],[7.9528,44.4751],[7.9545,44.4754],[7.9561,44.4748],[7.9636,44.4672],[7.9656,44.4619],[7.9717,44.4586],[7.9744,44.4615],[7.9773,44.4632],[7.9881,44.462],[7.9942,44.4623],[7.9972,44.4626],[8.0034,44.4665],[8.0079,44.468],[8.0175,44.4672],[8.0259,44.4636],[8.0301,44.4579],[8.029,44.4557],[8.02,44.4544]]]}},{"type":"Feature","properties":{"i":"004121","n":"Martiniana Po"},"geometry":{"type":"Polygon","coordinates":[[[7.3914,44.6113],[7.3811,44.6069],[7.37,44.607],[7.3638,44.6061],[7.3587,44.6012],[7.3593,44.5992],[7.3476,44.5973],[7.3377,44.5975],[7.3253,44.6021],[7.3289,44.6028],[7.3309,44.6043],[7.337,44.6135],[7.3407,44.6171],[7.3441,44.6191],[7.3522,44.6293],[7.3549,44.6344],[7.3598,44.6372],[7.3687,44.6345],[7.3842,44.6315],[7.391,44.6283],[7.3906,44.6241],[7.3914,44.6113]]]}},{"type":"Feature","properties":{"i":"004122","n":"Melle"},"geometry":{"type":"Polygon","coordinates":[[[7.3416,44.554],[7.3389,44.5545],[7.3404,44.5494],[7.3398,44.5441],[7.3282,44.5315],[7.3265,44.5279],[7.3232,44.5153],[7.3133,44.5145],[7.2939,44.522],[7.2854,44.5239],[7.2743,44.5326],[7.2679,44.5343],[7.2725,44.5396],[7.2757,44.5469],[7.2776,44.5556],[7.2803,44.5591],[7.2908,44.5624],[7.2962,44.5672],[7.2953,44.5771],[7.2934,44.5815],[7.3265,44.5753],[7.3494,44.5619],[7.3416,44.554]]]}},{"type":"Feature","properties":{"i":"004123","n":"Moiola"},"geometry":{"type":"Polygon","coordinates":[[[7.4207,44.3193],[7.4243,44.3183],[7.4206,44.3132],[7.4216,44.3107],[7.4236,44.3087],[7.4142,44.3079],[7.402,44.3036],[7.4016,44.2984],[7.3942,44.2935],[7.3873,44.2924],[7.3797,44.2925],[7.3588,44.3087],[7.3593,44.3147],[7.3604,44.3175],[7.3546,44.3223],[7.3587,44.3284],[7.3707,44.3307],[7.3789,44.328],[7.385,44.3277],[7.3889,44.3291],[7.3923,44.3316],[7.3968,44.3305],[7.4153,44.3212],[7.4207,44.3193]]]}},{"type":"Feature","properties":{"i":"004124","n":"Mombarcaro"},"geometry":{"type":"Polygon","coordinates":[[[8.1014,44.4919],[8.0994,44.4919],[8.0975,44.4908],[8.0968,44.485],[8.1,44.482],[8.0982,44.4782],[8.0976,44.4673],[8.1001,44.4606],[8.1101,44.4458],[8.0989,44.4311],[8.0915,44.44],[8.084,44.4455],[8.066,44.4466],[8.0616,44.4475],[8.0549,44.4513],[8.0494,44.4567],[8.0432,44.4685],[8.0493,44.4755],[8.0519,44.4771],[8.0537,44.4744],[8.0586,44.4758],[8.0606,44.4778],[8.0693,44.4834],[8.0791,44.4964],[8.0897,44.4987],[8.1014,44.4919]]]}},{"type":"Feature","properties":{"i":"004125","n":"Mombasiglio"},"geometry":{"type":"Polygon","coordinates":[[[7.9863,44.3803],[7.987,44.3765],[7.9957,44.3617],[7.9918,44.3591],[7.9884,44.3588],[7.9859,44.3574],[7.9864,44.3541],[7.9875,44.3537],[7.9834,44.3508],[7.9763,44.3462],[7.9665,44.3417],[7.9653,44.3344],[7.9631,44.3294],[7.9558,44.3187],[7.9515,44.3174],[7.9465,44.3328],[7.9465,44.3358],[7.9484,44.3395],[7.9476,44.3424],[7.9405,44.3536],[7.9384,44.3618],[7.9377,44.3672],[7.9391,44.3705],[7.9453,44.3754],[7.9468,44.3746],[7.9571,44.3759],[7.9614,44.3787],[7.971,44.3819],[7.9765,44.3827],[7.9863,44.3803]]]}},{"type":"Feature","properties":{"i":"004126","n":"Monastero di Vasco"},"geometry":{"type":"Polygon","coordinates":[[[7.836,44.3583],[7.8398,44.344],[7.8403,44.3378],[7.8393,44.331],[7.8439,44.3278],[7.8466,44.3275],[7.8475,44.3259],[7.8474,44.3243],[7.8447,44.3219],[7.8371,44.3182],[7.8363,44.3167],[7.8341,44.31],[7.834,44.306],[7.835,44.3035],[7.8344,44.2974],[7.8287,44.2997],[7.8286,44.3004],[7.8317,44.303],[7.8259,44.3082],[7.813,44.3152],[7.8097,44.3212],[7.8086,44.3275],[7.7941,44.3363],[7.7897,44.3409],[7.7839,44.3435],[7.7928,44.351],[7.7973,44.3521],[7.802,44.3557],[7.8047,44.3593],[7.816,44.3604],[7.8263,44.3593],[7.8346,44.3597],[7.836,44.3583]]]}},{"type":"Feature","properties":{"i":"004127","n":"Monasterolo Casotto"},"geometry":{"type":"Polygon","coordinates":[[[7.9484,44.3395],[7.9465,44.3358],[7.9465,44.3328],[7.951,44.318],[7.9515,44.3174],[7.9558,44.3187],[7.9578,44.3101],[7.9564,44.3034],[7.9431,44.3043],[7.9409,44.2974],[7.9241,44.2939],[7.9213,44.2965],[7.9203,44.2995],[7.9222,44.3049],[7.9269,44.3083],[7.9302,44.3095],[7.931,44.3236],[7.9354,44.3315],[7.9363,44.3373],[7.9392,44.3393],[7.9484,44.3395]]]}},{"type":"Feature","properties":{"i":"004128","n":"Monasterolo di Savigliano"},"geometry":{"type":"Polygon","coordinates":[[[7.6235,44.7068],[7.6219,44.7026],[7.6275,44.6969],[7.6344,44.6878],[7.6388,44.6769],[7.6379,44.6722],[7.629,44.6703],[7.6141,44.6636],[7.5915,44.6583],[7.5902,44.6625],[7.5866,44.6866],[7.5874,44.6982],[7.5922,44.7003],[7.6172,44.7016],[7.6177,44.7019],[7.6153,44.7053],[7.619,44.7069],[7.6235,44.7068]]]}},{"type":"Feature","properties":{"i":"004129","n":"Monchiero"},"geometry":{"type":"Polygon","coordinates":[[[7.9414,44.5642],[7.9335,44.5612],[7.9287,44.562],[7.9232,44.5616],[7.9174,44.559],[7.9142,44.5549],[7.9108,44.5531],[7.9093,44.5533],[7.9006,44.5598],[7.9002,44.5623],[7.903,44.5666],[7.9115,44.5677],[7.913,44.5685],[7.9155,44.5749],[7.9321,44.5817],[7.9343,44.5794],[7.9392,44.5659],[7.9414,44.5642]]]}},{"type":"Feature","properties":{"i":"004130","n":"Mondovì"},"geometry":{"type":"Polygon","coordinates":[[[7.898,44.4293],[7.9024,44.4255],[7.9037,44.4221],[7.9028,44.4163],[7.896,44.4084],[7.8913,44.4088],[7.887,44.4113],[7.8713,44.4114],[7.8659,44.4155],[7.8605,44.4154],[7.8596,44.4132],[7.8599,44.4069],[7.8553,44.3986],[7.8556,44.3893],[7.8522,44.3852],[7.8362,44.3704],[7.8337,44.3664],[7.8363,44.3634],[7.8367,44.3598],[7.836,44.3583],[7.8346,44.3597],[7.8263,44.3593],[7.816,44.3604],[7.8047,44.3593],[7.802,44.3557],[7.7973,44.3521],[7.7928,44.351],[7.7806,44.3669],[7.7733,44.3732],[7.7621,44.3902],[7.7529,44.3935],[7.7507,44.3955],[7.7449,44.3971],[7.7419,44.3951],[7.7403,44.3922],[7.7287,44.3994],[7.7229,44.4014],[7.7176,44.3948],[7.7141,44.3881],[7.7087,44.3902],[7.6986,44.3917],[7.6912,44.3914],[7.6909,44.397],[7.6918,44.4],[7.7159,44.4179],[7.7207,44.42],[7.725,44.42],[7.7217,44.4165],[7.7322,44.4096],[7.7482,44.4019],[7.7509,44.4017],[7.7568,44.4086],[7.7656,44.4144],[7.7705,44.4158],[7.7746,44.426],[7.7746,44.4292],[7.7736,44.4317],[7.7847,44.4345],[7.797,44.4345],[7.8085,44.4444],[7.8165,44.4482],[7.8328,44.4541],[7.8726,44.4625],[7.8815,44.4661],[7.8845,44.4628],[7.8827,44.4592],[7.8762,44.4554],[7.874,44.4432],[7.8839,44.4359],[7.8857,44.4326],[7.89,44.4284],[7.898,44.4293]]]}},{"type":"Feature","properties":{"i":"004131","n":"Monesiglio"},"geometry":{"type":"Polygon","coordinates":[[[8.1521,44.4771],[8.1505,44.47],[8.1512,44.464],[8.1501,44.462],[8.1385,44.4526],[8.1172,44.4416],[8.115,44.4419],[8.1108,44.4446],[8.1001,44.4606],[8.0976,44.4673],[8.0982,44.4782],[8.1,44.482],[8.1294,44.4783],[8.1441,44.4741],[8.1484,44.4771],[8.1506,44.4776],[8.1521,44.4771]]]}},{"type":"Feature","properties":{"i":"004132","n":"Monforte d'Alba"},"geometry":{"type":"Polygon","coordinates":[[[7.9979,44.588],[8.0022,44.5833],[8.0045,44.5788],[8.0008,44.5659],[7.9918,44.5563],[7.9908,44.558],[7.9751,44.5628],[7.974,44.5629],[7.9729,44.5618],[7.9674,44.5614],[7.9607,44.5616],[7.9506,44.5664],[7.9473,44.5665],[7.9414,44.5642],[7.9406,44.5645],[7.939,44.5662],[7.9343,44.5794],[7.932,44.5819],[7.9337,44.585],[7.9355,44.5862],[7.9378,44.5871],[7.9463,44.5877],[7.9507,44.5904],[7.9505,44.5923],[7.9465,44.5996],[7.9494,44.6018],[7.954,44.6102],[7.9577,44.6193],[7.9604,44.6204],[7.9664,44.6148],[7.9708,44.6157],[7.9854,44.6215],[7.9895,44.603],[7.9942,44.5917],[7.9979,44.588]]]}},{"type":"Feature","properties":{"i":"004133","n":"Montà"},"geometry":{"type":"Polygon","coordinates":[[[7.979,44.8468],[7.9839,44.827],[7.9875,44.8255],[7.9842,44.8232],[7.9814,44.818],[7.9806,44.8078],[7.9794,44.8027],[7.975,44.8],[7.96,44.7935],[7.9455,44.7982],[7.9157,44.8134],[7.9026,44.8215],[7.9065,44.8239],[7.9081,44.8265],[7.9255,44.8356],[7.9434,44.8463],[7.9513,44.8476],[7.9541,44.8495],[7.9555,44.8525],[7.9647,44.8566],[7.9714,44.852],[7.9773,44.8504],[7.979,44.8468]]]}},{"type":"Feature","properties":{"i":"004134","n":"Montaldo di Mondovì"},"geometry":{"type":"Polygon","coordinates":[[[7.8818,44.325],[7.8778,44.3229],[7.8744,44.3139],[7.8734,44.2989],[7.8667,44.2861],[7.8679,44.2826],[7.8693,44.2814],[7.8703,44.2776],[7.8708,44.2724],[7.8698,44.2662],[7.8647,44.2639],[7.8517,44.2622],[7.8479,44.2585],[7.8289,44.2824],[7.8291,44.2841],[7.831,44.2863],[7.8363,44.2902],[7.8359,44.2948],[7.8344,44.2974],[7.835,44.3038],[7.834,44.306],[7.8341,44.31],[7.8363,44.3167],[7.8371,44.3182],[7.8444,44.3217],[7.8474,44.3243],[7.8473,44.327],[7.846,44.3277],[7.8468,44.3313],[7.8558,44.3356],[7.857,44.3338],[7.8678,44.3355],[7.8685,44.3387],[7.871,44.3402],[7.8873,44.3473],[7.8938,44.348],[7.8804,44.3338],[7.8792,44.3264],[7.8818,44.325]]]}},{"type":"Feature","properties":{"i":"004135","n":"Montaldo Roero"},"geometry":{"type":"Polygon","coordinates":[[[7.9598,44.7612],[7.9625,44.7493],[7.939,44.7471],[7.9356,44.7557],[7.929,44.7602],[7.912,44.7648],[7.8783,44.7813],[7.8585,44.7863],[7.8513,44.7864],[7.8456,44.7881],[7.85,44.7889],[7.8657,44.7876],[7.8839,44.7902],[7.8948,44.7876],[7.9093,44.7836],[7.9382,44.7689],[7.9481,44.7626],[7.9598,44.7612]]]}},{"type":"Feature","properties":{"i":"004136","n":"Montanera"},"geometry":{"type":"Polygon","coordinates":[[[7.7093,44.4655],[7.7093,44.4641],[7.7081,44.4632],[7.6775,44.4406],[7.6723,44.4403],[7.6475,44.4498],[7.6426,44.4555],[7.6472,44.4571],[7.6543,44.464],[7.6642,44.4704],[7.6695,44.4765],[7.6717,44.4778],[7.6972,44.4684],[7.7035,44.465],[7.7093,44.4655]]]}},{"type":"Feature","properties":{"i":"004137","n":"Montelupo Albese"},"geometry":{"type":"Polygon","coordinates":[[[8.0503,44.6127],[8.0472,44.6127],[8.0403,44.6103],[8.0208,44.6191],[8.0109,44.6207],[8.0091,44.6261],[8.0078,44.6274],[8.0084,44.6282],[8.0266,44.63],[8.0314,44.6293],[8.037,44.6331],[8.0384,44.637],[8.0439,44.641],[8.0477,44.6362],[8.0548,44.6178],[8.0538,44.6141],[8.0503,44.6127]]]}},{"type":"Feature","properties":{"i":"004138","n":"Montemale di Cuneo"},"geometry":{"type":"Polygon","coordinates":[[[7.4004,44.4409],[7.3981,44.4372],[7.3889,44.433],[7.3809,44.4257],[7.379,44.4236],[7.3783,44.4207],[7.3791,44.4179],[7.377,44.4171],[7.3752,44.417],[7.3708,44.4188],[7.3683,44.4213],[7.3428,44.4268],[7.338,44.4236],[7.3363,44.421],[7.3296,44.4292],[7.3271,44.4309],[7.3205,44.4323],[7.322,44.4358],[7.3268,44.4373],[7.3323,44.4372],[7.3454,44.4434],[7.3508,44.4437],[7.3534,44.4427],[7.3555,44.4405],[7.3582,44.4395],[7.3603,44.4397],[7.3657,44.4419],[7.3688,44.4471],[7.3697,44.4475],[7.3784,44.4475],[7.3822,44.4455],[7.3924,44.4462],[7.3988,44.4449],[7.4004,44.4409]]]}},{"type":"Feature","properties":{"i":"004139","n":"Monterosso Grana"},"geometry":{"type":"Polygon","coordinates":[[[7.3363,44.421],[7.3336,44.4152],[7.3345,44.4116],[7.3395,44.4023],[7.3447,44.3985],[7.3491,44.3881],[7.3477,44.3808],[7.3402,44.3736],[7.3411,44.3692],[7.3334,44.3667],[7.332,44.3647],[7.3303,44.3597],[7.3273,44.3577],[7.3196,44.3554],[7.3142,44.3553],[7.3082,44.3561],[7.3013,44.3583],[7.2879,44.3555],[7.2858,44.3571],[7.2838,44.3606],[7.279,44.3641],[7.275,44.366],[7.268,44.3677],[7.2586,44.365],[7.2571,44.3631],[7.2515,44.3624],[7.2411,44.3679],[7.2375,44.3762],[7.235,44.3791],[7.2604,44.3878],[7.2693,44.3934],[7.2788,44.3975],[7.2909,44.4088],[7.2962,44.4175],[7.2991,44.4203],[7.3079,44.425],[7.3193,44.4295],[7.3205,44.4323],[7.3271,44.4309],[7.3296,44.4292],[7.3363,44.421]]]}},{"type":"Feature","properties":{"i":"004140","n":"Monteu Roero"},"geometry":{"type":"MultiPolygon","coordinates":[[[[7.8984,44.8229],[7.8927,44.8208],[7.8922,44.8238],[7.8971,44.8241],[7.8984,44.8229]]],[[[7.9768,44.7867],[7.9862,44.789],[7.9884,44.7881],[7.9935,44.7829],[7.9925,44.7812],[7.9848,44.7769],[7.9799,44.7725],[7.9775,44.768],[7.973,44.7636],[7.9712,44.7628],[7.9598,44.7612],[7.9481,44.7626],[7.9382,44.7689],[7.9093,44.7836],[7.8948,44.7876],[7.8839,44.7902],[7.8657,44.7876],[7.85,44.7889],[7.8565,44.7913],[7.8622,44.7984],[7.8558,44.8051],[7.8562,44.8092],[7.8599,44.8191],[7.8626,44.8205],[7.8652,44.8268],[7.8723,44.8301],[7.8753,44.8293],[7.883,44.825],[7.8931,44.8166],[7.8933,44.8075],[7.8977,44.7999],[7.8997,44.7986],[7.9061,44.7987],[7.9102,44.7975],[7.9244,44.7917],[7.9311,44.7884],[7.9322,44.7871],[7.9449,44.7818],[7.9593,44.7792],[7.962,44.7789],[7.9704,44.7809],[7.9741,44.7827],[7.9768,44.7867]]]]}},{"type":"Feature","properties":{"i":"004141","n":"Montezemolo"},"geometry":{"type":"Polygon","coordinates":[[[8.1481,44.3953],[8.1504,44.3753],[8.1408,44.3712],[8.1415,44.3681],[8.1264,44.3621],[8.1236,44.366],[8.1208,44.3669],[8.119,44.3721],[8.1189,44.3749],[8.1218,44.3816],[8.1232,44.3904],[8.1165,44.3996],[8.1184,44.4001],[8.1233,44.3984],[8.1271,44.3963],[8.1288,44.3941],[8.1456,44.3936],[8.1481,44.3953]]]}},{"type":"Feature","properties":{"i":"004142","n":"Monticello d'Alba"},"geometry":{"type":"Polygon","coordinates":[[[7.9686,44.7195],[7.9738,44.7092],[7.9859,44.6907],[7.9691,44.6906],[7.967,44.6985],[7.9605,44.7096],[7.9521,44.7123],[7.9438,44.7124],[7.91,44.703],[7.907,44.7037],[7.9049,44.7056],[7.9068,44.7089],[7.91,44.7104],[7.9221,44.7244],[7.9283,44.7282],[7.931,44.7252],[7.9329,44.7244],[7.9368,44.7239],[7.9415,44.7264],[7.9456,44.7265],[7.9671,44.7224],[7.9683,44.7215],[7.9686,44.7195]]]}},{"type":"Feature","properties":{"i":"004143","n":"Moretta"},"geometry":{"type":"Polygon","coordinates":[[[7.5541,44.7952],[7.5568,44.7884],[7.558,44.7776],[7.5594,44.7742],[7.5612,44.773],[7.5703,44.7714],[7.577,44.7656],[7.5778,44.7632],[7.5768,44.7599],[7.5681,44.7517],[7.5478,44.7426],[7.5377,44.7362],[7.5375,44.7344],[7.5339,44.7364],[7.5287,44.7424],[7.5163,44.7462],[7.5033,44.7553],[7.5001,44.7584],[7.5035,44.7616],[7.4993,44.7681],[7.5026,44.7668],[7.508,44.7708],[7.5094,44.7755],[7.508,44.777],[7.5142,44.783],[7.5204,44.7842],[7.5245,44.7821],[7.5307,44.7818],[7.5333,44.785],[7.5329,44.7899],[7.5344,44.7939],[7.544,44.7965],[7.5494,44.7965],[7.5541,44.7952]]]}},{"type":"Feature","properties":{"i":"004144","n":"Morozzo"},"geometry":{"type":"Polygon","coordinates":[[[7.7288,44.462],[7.7108,44.4481],[7.7127,44.435],[7.7248,44.4308],[7.7303,44.4253],[7.725,44.42],[7.7207,44.42],[7.7159,44.4179],[7.7055,44.4107],[7.7017,44.4125],[7.6879,44.4159],[7.6731,44.4171],[7.6612,44.4145],[7.6479,44.3972],[7.647,44.3906],[7.6405,44.3882],[7.6405,44.3918],[7.6355,44.3969],[7.6352,44.3987],[7.6404,44.4075],[7.6517,44.423],[7.6721,44.4353],[7.6775,44.4406],[7.7093,44.4641],[7.7093,44.467],[7.7197,44.4677],[7.7232,44.4656],[7.7246,44.4639],[7.7288,44.462]]]}},{"type":"Feature","properties":{"i":"004145","n":"Murazzano"},"geometry":{"type":"Polygon","coordinates":[[[8.0518,44.5043],[8.0523,44.5011],[8.051,44.5003],[8.0487,44.5007],[8.0454,44.4977],[8.0466,44.4885],[8.0519,44.4771],[8.0493,44.4755],[8.0432,44.4685],[8.0494,44.4567],[8.0549,44.4513],[8.0616,44.4475],[8.0532,44.4415],[8.0482,44.4399],[8.0378,44.4461],[8.0316,44.4473],[8.0273,44.4465],[8.02,44.4544],[8.029,44.4557],[8.0301,44.457],[8.0259,44.4636],[8.024,44.4649],[8.0175,44.4672],[8.0079,44.468],[8.0034,44.4665],[7.9972,44.4626],[7.9881,44.462],[7.9773,44.4632],[7.9744,44.4615],[7.9717,44.4586],[7.9656,44.4619],[7.9636,44.4672],[7.9561,44.4748],[7.9595,44.4796],[7.9656,44.4799],[7.9768,44.4864],[7.9844,44.4957],[7.9868,44.497],[7.9944,44.4987],[7.9994,44.4926],[8.003,44.4921],[8.0132,44.494],[8.0229,44.4975],[8.0317,44.4981],[8.034,44.4972],[8.0401,44.4999],[8.0406,44.5012],[8.04,44.5039],[8.0518,44.5043]]]}},{"type":"Feature","properties":{"i":"004146","n":"Murello"},"geometry":{"type":"Polygon","coordinates":[[[7.6193,44.7836],[7.6235,44.7581],[7.6228,44.7545],[7.6231,44.7512],[7.6253,44.7452],[7.626,44.7341],[7.624,44.729],[7.6175,44.7276],[7.6183,44.7262],[7.6125,44.7223],[7.6086,44.7245],[7.6048,44.7295],[7.6019,44.7308],[7.5994,44.7295],[7.5906,44.7384],[7.589,44.742],[7.5884,44.7488],[7.5848,44.7558],[7.5785,44.7622],[7.577,44.7656],[7.5816,44.7671],[7.5817,44.7688],[7.58,44.7736],[7.5865,44.7791],[7.5916,44.7802],[7.6004,44.7804],[7.6149,44.784],[7.6193,44.7836]]]}},{"type":"Feature","properties":{"i":"004147","n":"Narzole"},"geometry":{"type":"Polygon","coordinates":[[[7.9046,44.6218],[7.9069,44.6231],[7.912,44.6233],[7.9166,44.6222],[7.9221,44.6192],[7.919,44.6076],[7.9016,44.5979],[7.8951,44.5959],[7.8951,44.5882],[7.9008,44.5741],[7.8935,44.5758],[7.8809,44.5734],[7.8722,44.569],[7.8627,44.5712],[7.85,44.5697],[7.8416,44.5809],[7.8274,44.5802],[7.8223,44.5863],[7.8397,44.5991],[7.8455,44.6028],[7.8505,44.604],[7.8599,44.6108],[7.8588,44.6225],[7.8641,44.6241],[7.8767,44.6241],[7.8837,44.618],[7.8861,44.6134],[7.8921,44.6113],[7.9018,44.6145],[7.9044,44.6179],[7.9046,44.6218]]]}},{"type":"Feature","properties":{"i":"004148","n":"Neive"},"geometry":{"type":"Polygon","coordinates":[[[8.1377,44.7382],[8.1355,44.7373],[8.1363,44.7327],[8.1455,44.7237],[8.1502,44.717],[8.153,44.7114],[8.1518,44.7091],[8.1467,44.7067],[8.1421,44.7024],[8.1418,44.6996],[8.1384,44.6984],[8.1352,44.7013],[8.1323,44.7007],[8.1171,44.712],[8.1147,44.7117],[8.1091,44.7087],[8.104,44.7076],[8.1049,44.7086],[8.1037,44.7093],[8.0969,44.7092],[8.0889,44.7065],[8.0913,44.7107],[8.0892,44.7133],[8.0878,44.7171],[8.0899,44.7228],[8.092,44.7249],[8.0932,44.7282],[8.0933,44.7374],[8.0919,44.7402],[8.0911,44.7401],[8.084,44.7351],[8.0843,44.739],[8.0795,44.7443],[8.0751,44.7511],[8.0835,44.7497],[8.0924,44.7527],[8.0976,44.757],[8.1129,44.7484],[8.1154,44.7477],[8.1176,44.7505],[8.1244,44.7496],[8.1319,44.747],[8.1355,44.744],[8.1377,44.7382]]]}},{"type":"Feature","properties":{"i":"004149","n":"Neviglie"},"geometry":{"type":"Polygon","coordinates":[[[8.1384,44.6984],[8.1321,44.6975],[8.1316,44.6961],[8.1338,44.692],[8.1343,44.6762],[8.129,44.6703],[8.1005,44.6937],[8.099,44.6958],[8.0985,44.6997],[8.104,44.7076],[8.1091,44.7087],[8.1147,44.7117],[8.1171,44.712],[8.1323,44.7007],[8.1352,44.7013],[8.1384,44.6984]]]}},{"type":"Feature","properties":{"i":"004150","n":"Niella Belbo"},"geometry":{"type":"Polygon","coordinates":[[[8.1068,44.531],[8.1039,44.5282],[8.106,44.5228],[8.0897,44.4987],[8.0791,44.4964],[8.077,44.498],[8.073,44.4989],[8.0611,44.4989],[8.0547,44.5],[8.0541,44.5059],[8.0557,44.509],[8.0595,44.5119],[8.0726,44.527],[8.077,44.5328],[8.078,44.5354],[8.0775,44.5368],[8.1027,44.5328],[8.1068,44.531]]]}},{"type":"Feature","properties":{"i":"004151","n":"Niella Tanaro"},"geometry":{"type":"Polygon","coordinates":[[[7.9629,44.4279],[7.9641,44.4275],[7.965,44.425],[7.9605,44.419],[7.961,44.4179],[7.951,44.4165],[7.9481,44.4138],[7.9435,44.4053],[7.9415,44.3978],[7.9289,44.3908],[7.9215,44.391],[7.9099,44.3932],[7.9051,44.3917],[7.9025,44.3896],[7.8909,44.3937],[7.8847,44.3986],[7.8949,44.4044],[7.896,44.4084],[7.8981,44.4115],[7.9028,44.4163],[7.9037,44.4221],[7.9024,44.4255],[7.9093,44.4257],[7.9214,44.4297],[7.9239,44.4297],[7.9253,44.428],[7.9258,44.4206],[7.927,44.4201],[7.932,44.4244],[7.9354,44.4291],[7.9429,44.4308],[7.9441,44.4304],[7.9435,44.4252],[7.9474,44.4215],[7.9507,44.4205],[7.9532,44.4223],[7.9565,44.4269],[7.9629,44.4279]]]}},{"type":"Feature","properties":{"i":"004152","n":"Novello"},"geometry":{"type":"Polygon","coordinates":[[[7.9465,44.5996],[7.9505,44.5923],[7.9507,44.5904],[7.9463,44.5877],[7.9378,44.5871],[7.9355,44.5862],[7.9337,44.585],[7.9321,44.5817],[7.9155,44.5749],[7.9141,44.5724],[7.9139,44.57],[7.9115,44.5677],[7.9008,44.5741],[7.8951,44.5882],[7.8951,44.5959],[7.9016,44.5979],[7.9207,44.6091],[7.9237,44.6098],[7.9294,44.609],[7.9353,44.6067],[7.9456,44.601],[7.9465,44.5996]]]}},{"type":"Feature","properties":{"i":"004153","n":"Nucetto"},"geometry":{"type":"Polygon","coordinates":[[[8.0748,44.3404],[8.0725,44.3278],[8.0725,44.3246],[8.0734,44.3225],[8.0697,44.3216],[8.0528,44.3278],[8.0408,44.331],[8.0337,44.342],[8.0417,44.3497],[8.0541,44.3567],[8.0585,44.3552],[8.0725,44.3416],[8.0748,44.3404]]]}},{"type":"Feature","properties":{"i":"004154","n":"Oncino"},"geometry":{"type":"Polygon","coordinates":[[[7.2069,44.686],[7.2127,44.6829],[7.21,44.6801],[7.2071,44.6789],[7.2065,44.6751],[7.2085,44.6589],[7.2134,44.6449],[7.2104,44.6402],[7.2082,44.6382],[7.2027,44.6357],[7.2001,44.6216],[7.1885,44.6184],[7.1797,44.6149],[7.1736,44.6167],[7.1685,44.6194],[7.157,44.6281],[7.1548,44.6289],[7.1455,44.6275],[7.136,44.6242],[7.1273,44.6246],[7.1131,44.628],[7.1069,44.64],[7.1055,44.6486],[7.1008,44.6584],[7.0945,44.6645],[7.09,44.6675],[7.1036,44.6655],[7.1189,44.6618],[7.1363,44.6663],[7.1532,44.6769],[7.1667,44.6789],[7.1744,44.6835],[7.1761,44.688],[7.181,44.6903],[7.1975,44.6835],[7.2069,44.686]]]}},{"type":"Feature","properties":{"i":"004155","n":"Ormea"},"geometry":{"type":"Polygon","coordinates":[[[7.8616,44.2051],[7.8638,44.2032],[7.8655,44.1986],[7.8741,44.192],[7.8967,44.1885],[7.925,44.1862],[7.9332,44.1811],[7.9479,44.1786],[7.9722,44.1809],[7.9761,44.1707],[7.9761,44.1669],[7.9748,44.1639],[7.9698,44.1611],[7.9622,44.16],[7.9574,44.1563],[7.9697,44.1478],[7.9842,44.1481],[7.989,44.1447],[7.9796,44.1385],[7.9788,44.1366],[7.9789,44.1335],[7.9671,44.1335],[7.962,44.1354],[7.9534,44.137],[7.9431,44.1375],[7.9394,44.1368],[7.9347,44.1343],[7.9339,44.1303],[7.9286,44.1203],[7.9256,44.1173],[7.925,44.1144],[7.926,44.1103],[7.9212,44.1087],[7.9161,44.1091],[7.9019,44.1077],[7.8839,44.1047],[7.8823,44.1088],[7.8769,44.114],[7.8685,44.1169],[7.862,44.1187],[7.8458,44.1207],[7.8398,44.1197],[7.816,44.1231],[7.7764,44.1386],[7.7638,44.1407],[7.746,44.1354],[7.7467,44.144],[7.7451,44.149],[7.7465,44.1545],[7.7566,44.1647],[7.7704,44.169],[7.7817,44.1693],[7.784,44.1716],[7.7858,44.1754],[7.7889,44.1756],[7.7927,44.1747],[7.802,44.1758],[7.8027,44.179],[7.8063,44.1831],[7.8098,44.184],[7.8148,44.1822],[7.817,44.1838],[7.8162,44.1871],[7.8195,44.1929],[7.8255,44.2005],[7.8303,44.2128],[7.8294,44.2152],[7.8324,44.221],[7.8348,44.2223],[7.8428,44.2159],[7.8616,44.2051]]]}},{"type":"Feature","properties":{"i":"004156","n":"Ostana"},"geometry":{"type":"Polygon","coordinates":[[[7.2021,44.7188],[7.2105,44.7176],[7.22,44.7117],[7.2241,44.7079],[7.2082,44.6912],[7.2061,44.6885],[7.2069,44.686],[7.1975,44.6835],[7.1776,44.6917],[7.176,44.6936],[7.1717,44.7042],[7.1728,44.711],[7.1704,44.7195],[7.1704,44.7257],[7.1689,44.7337],[7.1763,44.7313],[7.1801,44.7274],[7.1824,44.7264],[7.1878,44.7254],[7.1999,44.7256],[7.2021,44.7188]]]}},{"type":"Feature","properties":{"i":"004157","n":"Paesana"},"geometry":{"type":"Polygon","coordinates":[[[7.3087,44.6824],[7.3033,44.6805],[7.3021,44.6793],[7.2944,44.6707],[7.2956,44.6674],[7.2909,44.6629],[7.2718,44.6486],[7.2654,44.6456],[7.2546,44.6383],[7.2527,44.6345],[7.2485,44.6301],[7.2433,44.6285],[7.2422,44.624],[7.2465,44.6214],[7.2416,44.6197],[7.231,44.6188],[7.2001,44.6216],[7.2027,44.6357],[7.2082,44.6382],[7.2104,44.6402],[7.2134,44.6449],[7.2085,44.6589],[7.2065,44.6751],[7.2071,44.6789],[7.21,44.6801],[7.2127,44.6829],[7.2069,44.686],[7.2061,44.6882],[7.2241,44.7079],[7.2181,44.7129],[7.2289,44.7159],[7.2386,44.7174],[7.2487,44.7168],[7.2613,44.7143],[7.2643,44.7123],[7.2668,44.7088],[7.2698,44.7065],[7.2781,44.7045],[7.2861,44.7043],[7.2996,44.6988],[7.2989,44.6956],[7.2992,44.6905],[7.3004,44.6889],[7.3064,44.6888],[7.3087,44.6824]]]}},{"type":"Feature","properties":{"i":"004158","n":"Pagno"},"geometry":{"type":"Polygon","coordinates":[[[7.4301,44.6282],[7.4333,44.6253],[7.4375,44.6179],[7.4473,44.6115],[7.4513,44.6081],[7.4511,44.6065],[7.4406,44.5988],[7.4407,44.593],[7.438,44.5898],[7.4305,44.5844],[7.4246,44.5839],[7.4231,44.5899],[7.424,44.5945],[7.4237,44.6003],[7.4222,44.6053],[7.4198,44.6077],[7.4115,44.6084],[7.4047,44.6118],[7.4033,44.6136],[7.398,44.6147],[7.4117,44.6187],[7.4204,44.6234],[7.4236,44.6268],[7.4301,44.6282]]]}},{"type":"Feature","properties":{"i":"004159","n":"Pamparato"},"geometry":{"type":"Polygon","coordinates":[[[7.9241,44.2939],[7.9409,44.2974],[7.9398,44.2901],[7.944,44.2806],[7.9435,44.2784],[7.9421,44.2768],[7.9464,44.2672],[7.9509,44.2593],[7.952,44.2555],[7.9513,44.252],[7.9502,44.2501],[7.9451,44.2457],[7.9369,44.2434],[7.9308,44.2427],[7.9285,44.2434],[7.9192,44.2438],[7.9083,44.2368],[7.8973,44.2225],[7.894,44.2134],[7.8955,44.2098],[7.8861,44.2039],[7.8776,44.203],[7.8741,44.2131],[7.8716,44.2166],[7.8736,44.2201],[7.8793,44.2483],[7.8776,44.2606],[7.8896,44.2654],[7.8955,44.2757],[7.8965,44.2864],[7.8998,44.2881],[7.9027,44.2918],[7.9061,44.2992],[7.9144,44.2941],[7.9185,44.2926],[7.9224,44.2925],[7.9239,44.293],[7.9241,44.2939]]]}},{"type":"Feature","properties":{"i":"004160","n":"Paroldo"},"geometry":{"type":"Polygon","coordinates":[[[8.0989,44.4311],[8.0988,44.429],[8.0917,44.4185],[8.0866,44.4166],[8.0822,44.416],[8.0768,44.418],[8.0695,44.4181],[8.0651,44.4171],[8.0567,44.4125],[8.0472,44.4138],[8.0445,44.4171],[8.0435,44.4203],[8.0433,44.422],[8.0462,44.4262],[8.0453,44.4352],[8.0469,44.4395],[8.0532,44.4415],[8.0616,44.4475],[8.066,44.4466],[8.084,44.4455],[8.0915,44.44],[8.0989,44.4311]]]}},{"type":"Feature","properties":{"i":"004161","n":"Perletto"},"geometry":{"type":"Polygon","coordinates":[[[8.2176,44.6152],[8.2263,44.6024],[8.2324,44.6008],[8.2343,44.5986],[8.2306,44.5941],[8.2289,44.5936],[8.2331,44.5888],[8.2424,44.5819],[8.2456,44.5697],[8.2413,44.5712],[8.2397,44.5736],[8.2294,44.5768],[8.2201,44.586],[8.2019,44.5896],[8.1964,44.5939],[8.1977,44.6018],[8.1948,44.6087],[8.1893,44.6104],[8.1957,44.6181],[8.1968,44.6151],[8.206,44.6153],[8.215,44.6171],[8.2176,44.6152]]]}},{"type":"Feature","properties":{"i":"004162","n":"Perlo"},"geometry":{"type":"Polygon","coordinates":[[[8.1129,44.3333],[8.1078,44.333],[8.1059,44.3316],[8.1051,44.3266],[8.1091,44.3151],[8.1077,44.3127],[8.1049,44.3102],[8.102,44.3009],[8.0845,44.3066],[8.083,44.3083],[8.0783,44.3182],[8.0764,44.3208],[8.0734,44.3225],[8.0725,44.3246],[8.0748,44.3404],[8.0841,44.3421],[8.1101,44.3408],[8.1131,44.3397],[8.1144,44.3384],[8.1151,44.3359],[8.1129,44.3333]]]}},{"type":"Feature","properties":{"i":"004163","n":"Peveragno"},"geometry":{"type":"Polygon","coordinates":[[[7.6578,44.3374],[7.6526,44.3344],[7.652,44.332],[7.6566,44.3173],[7.658,44.3063],[7.6545,44.2905],[7.6443,44.2644],[7.6408,44.2579],[7.6325,44.2511],[7.6223,44.2457],[7.6034,44.2402],[7.5997,44.2436],[7.5987,44.2461],[7.6005,44.253],[7.6021,44.2559],[7.6005,44.2618],[7.5916,44.2655],[7.5883,44.273],[7.5885,44.2782],[7.5944,44.2824],[7.5892,44.2956],[7.5861,44.2975],[7.5812,44.3073],[7.5795,44.3153],[7.5815,44.3261],[7.5826,44.3272],[7.5829,44.3292],[7.5813,44.3396],[7.5772,44.3544],[7.577,44.3567],[7.578,44.3595],[7.5893,44.3592],[7.6028,44.3635],[7.6041,44.3656],[7.604,44.3789],[7.6201,44.3723],[7.6251,44.3711],[7.6309,44.3661],[7.6326,44.3617],[7.6358,44.3577],[7.6416,44.3539],[7.6508,44.3498],[7.655,44.3434],[7.6578,44.3374]]]}},{"type":"Feature","properties":{"i":"004164","n":"Pezzolo Valle Uzzone"},"geometry":{"type":"Polygon","coordinates":[[[8.2323,44.5617],[8.2368,44.5598],[8.2401,44.5553],[8.2413,44.5494],[8.2433,44.55],[8.246,44.5483],[8.2489,44.5414],[8.2528,44.5287],[8.2415,44.5208],[8.2272,44.516],[8.2242,44.5142],[8.217,44.4998],[8.2162,44.4973],[8.2167,44.4952],[8.2128,44.4978],[8.2029,44.508],[8.1949,44.5108],[8.1896,44.5107],[8.1823,44.5137],[8.1817,44.5188],[8.1797,44.5173],[8.1862,44.535],[8.1844,44.5384],[8.1897,44.54],[8.1906,44.5421],[8.1888,44.5464],[8.1879,44.5536],[8.1913,44.5581],[8.2061,44.5584],[8.2113,44.5604],[8.2146,44.564],[8.2169,44.5651],[8.2323,44.5617]]]}},{"type":"Feature","properties":{"i":"004165","n":"Pianfei"},"geometry":{"type":"Polygon","coordinates":[[[7.7403,44.3922],[7.7301,44.3844],[7.7231,44.3732],[7.7235,44.3678],[7.73,44.3649],[7.7308,44.3629],[7.7287,44.3569],[7.7253,44.3525],[7.7212,44.3501],[7.7179,44.3428],[7.7136,44.3317],[7.7157,44.3273],[7.7124,44.3299],[7.7116,44.3342],[7.7131,44.3376],[7.711,44.3435],[7.7058,44.354],[7.6852,44.3715],[7.683,44.3746],[7.6853,44.3785],[7.6881,44.3906],[7.6912,44.3914],[7.6986,44.3917],[7.7087,44.3902],[7.7141,44.3881],[7.7176,44.3948],[7.7229,44.4014],[7.7287,44.3994],[7.7403,44.3922]]]}},{"type":"Feature","properties":{"i":"004166","n":"Piasco"},"geometry":{"type":"Polygon","coordinates":[[[7.4781,44.5724],[7.4637,44.558],[7.4538,44.5551],[7.4425,44.5544],[7.435,44.5554],[7.4302,44.5573],[7.427,44.5573],[7.4213,44.5624],[7.4205,44.5656],[7.4213,44.5708],[7.4252,44.5729],[7.4284,44.577],[7.4287,44.579],[7.4271,44.584],[7.4315,44.5826],[7.4571,44.5824],[7.461,44.5815],[7.4702,44.5775],[7.4781,44.5724]]]}},{"type":"Feature","properties":{"i":"004167","n":"Pietraporzio"},"geometry":{"type":"Polygon","coordinates":[[[7.046,44.3749],[7.0446,44.3736],[7.0407,44.3657],[7.0483,44.3627],[7.0505,44.3583],[7.0489,44.3435],[7.0509,44.3377],[7.0549,44.3363],[7.057,44.3345],[7.0569,44.3278],[7.0535,44.3252],[7.0534,44.3166],[7.0572,44.3112],[7.0515,44.3081],[7.0386,44.3032],[7.0225,44.2982],[7.013,44.2935],[7.0104,44.2883],[7.0029,44.2825],[6.9957,44.2801],[6.9821,44.2868],[6.9784,44.2864],[6.9702,44.2893],[6.9634,44.2939],[6.9583,44.2955],[6.9563,44.2982],[6.9597,44.3066],[6.9568,44.3141],[6.9529,44.3192],[6.9535,44.3221],[6.9574,44.3287],[6.9849,44.3423],[6.9927,44.3509],[6.9978,44.3622],[7.0007,44.3663],[7.011,44.3738],[7.0145,44.3747],[7.022,44.3731],[7.0276,44.3731],[7.0305,44.378],[7.0371,44.3797],[7.0429,44.378],[7.046,44.3749]]]}},{"type":"Feature","properties":{"i":"004168","n":"Piobesi d'Alba"},"geometry":{"type":"Polygon","coordinates":[[[7.9987,44.7342],[8.002,44.7273],[7.9906,44.722],[7.9754,44.7216],[7.9726,44.7244],[7.9689,44.7304],[7.9712,44.7387],[7.9731,44.7409],[7.9777,44.7439],[7.98,44.7438],[7.9826,44.7419],[7.9854,44.7393],[7.9863,44.7367],[7.9919,44.7342],[7.9987,44.7342]]]}},{"type":"Feature","properties":{"i":"004169","n":"Piozzo"},"geometry":{"type":"Polygon","coordinates":[[[7.8891,44.4982],[7.8859,44.4946],[7.8811,44.4943],[7.8588,44.4985],[7.8489,44.5048],[7.8507,44.5067],[7.8492,44.5105],[7.8511,44.5139],[7.858,44.5193],[7.8759,44.5281],[7.8855,44.5362],[7.8956,44.5421],[7.9027,44.5384],[7.9091,44.5326],[7.9098,44.5306],[7.9097,44.5245],[7.9087,44.5205],[7.9073,44.5184],[7.9044,44.5164],[7.8974,44.515],[7.8915,44.5081],[7.8891,44.4982]]]}},{"type":"Feature","properties":{"i":"004170","n":"Pocapaglia"},"geometry":{"type":"Polygon","coordinates":[[[7.9068,44.7089],[7.9049,44.7056],[7.9029,44.705],[7.9032,44.7038],[7.9042,44.7009],[7.9115,44.6975],[7.9121,44.6952],[7.9107,44.6944],[7.9013,44.695],[7.8828,44.6979],[7.8767,44.7016],[7.8692,44.7103],[7.8659,44.7179],[7.8605,44.7249],[7.8467,44.7328],[7.843,44.7341],[7.8456,44.734],[7.8477,44.7359],[7.8494,44.7505],[7.8466,44.7536],[7.8421,44.7553],[7.843,44.7568],[7.854,44.7568],[7.8645,44.753],[7.8656,44.7506],[7.8786,44.7422],[7.8901,44.7316],[7.9096,44.7182],[7.9096,44.7164],[7.9068,44.7089]]]}},{"type":"Feature","properties":{"i":"004171","n":"Polonghera"},"geometry":{"type":"Polygon","coordinates":[[[7.6193,44.7867],[7.6193,44.7836],[7.6149,44.784],[7.6004,44.7804],[7.5916,44.7802],[7.5865,44.7791],[7.58,44.7736],[7.5817,44.7674],[7.5788,44.7659],[7.577,44.7656],[7.5703,44.7714],[7.5697,44.776],[7.5722,44.7818],[7.5814,44.7979],[7.5862,44.8006],[7.5915,44.8083],[7.5976,44.8103],[7.6088,44.8078],[7.6205,44.8023],[7.6216,44.7946],[7.6182,44.7943],[7.6173,44.7926],[7.6193,44.7867]]]}},{"type":"Feature","properties":{"i":"004172","n":"Pontechianale"},"geometry":{"type":"Polygon","coordinates":[[[7.0739,44.6817],[7.0865,44.6748],[7.09,44.6675],[7.0945,44.6645],[7.1008,44.6584],[7.1055,44.6486],[7.1069,44.64],[7.1089,44.6362],[7.0887,44.6298],[7.0834,44.6268],[7.0763,44.6194],[7.0762,44.6123],[7.0744,44.6028],[7.0666,44.5995],[7.051,44.5987],[7.0462,44.5993],[7.0383,44.6026],[7.0274,44.6053],[7.0115,44.6049],[6.9918,44.5995],[6.985,44.602],[6.9725,44.609],[6.9714,44.6158],[6.9673,44.6193],[6.9685,44.6203],[6.9685,44.6263],[6.9619,44.6295],[6.9549,44.6348],[6.9527,44.6378],[6.9528,44.6409],[6.9476,44.6526],[6.9479,44.6548],[6.9526,44.6596],[6.9583,44.6676],[6.9581,44.6713],[6.9598,44.675],[6.9648,44.6782],[6.9747,44.6803],[6.9889,44.6902],[6.9985,44.6906],[7.0004,44.6892],[7.0123,44.6891],[7.0223,44.6913],[7.0292,44.6916],[7.0359,44.6896],[7.0489,44.6831],[7.061,44.6801],[7.0711,44.6799],[7.0739,44.6817]]]}},{"type":"Feature","properties":{"i":"004173","n":"Pradleves"},"geometry":{"type":"Polygon","coordinates":[[[7.3074,44.4246],[7.2986,44.4198],[7.2962,44.4175],[7.2909,44.4088],[7.2788,44.3975],[7.2693,44.3934],[7.2604,44.3878],[7.235,44.3791],[7.2372,44.3874],[7.2412,44.395],[7.2428,44.4043],[7.2476,44.409],[7.2499,44.4102],[7.2521,44.4128],[7.2539,44.4177],[7.2539,44.4204],[7.2517,44.4234],[7.2449,44.4276],[7.243,44.43],[7.2433,44.4335],[7.2591,44.4376],[7.2696,44.4421],[7.2746,44.4452],[7.2783,44.4436],[7.2827,44.4346],[7.2884,44.4294],[7.2931,44.4269],[7.3074,44.4246]]]}},{"type":"Feature","properties":{"i":"004174","n":"Prazzo"},"geometry":{"type":"Polygon","coordinates":[[[7.0899,44.5143],[7.0899,44.512],[7.0914,44.5084],[7.0966,44.5049],[7.0994,44.501],[7.1015,44.494],[7.096,44.4926],[7.0928,44.4896],[7.0881,44.4833],[7.0816,44.4717],[7.0772,44.4673],[7.0635,44.4638],[7.0571,44.4595],[7.0566,44.4582],[7.0581,44.4554],[7.0562,44.4537],[7.045,44.4508],[7.0339,44.4622],[7.029,44.4636],[7.0219,44.467],[7.0198,44.4743],[7.0142,44.4847],[7.0122,44.4857],[7.0101,44.4856],[7.0077,44.4886],[7.0062,44.4962],[7.0067,44.4995],[7.0089,44.5037],[7.0153,44.5082],[7.0159,44.5143],[7.0135,44.5261],[7.0002,44.5384],[7.003,44.5411],[7.0117,44.5464],[7.0219,44.5494],[7.0318,44.5469],[7.045,44.5474],[7.0662,44.5301],[7.0756,44.5239],[7.0847,44.5212],[7.0881,44.5178],[7.0899,44.5143]]]}},{"type":"Feature","properties":{"i":"004175","n":"Priero"},"geometry":{"type":"Polygon","coordinates":[[[8.1264,44.3621],[8.1221,44.36],[8.1185,44.3567],[8.118,44.3536],[8.1188,44.3441],[8.1199,44.3411],[8.1237,44.3368],[8.1265,44.3353],[8.1284,44.3358],[8.1304,44.3353],[8.127,44.333],[8.1129,44.3333],[8.1151,44.3359],[8.1144,44.3384],[8.1131,44.3397],[8.1101,44.3408],[8.0841,44.3421],[8.079,44.3414],[8.0781,44.3424],[8.0772,44.3469],[8.0767,44.3617],[8.0742,44.3641],[8.0647,44.3653],[8.0683,44.3667],[8.07,44.3696],[8.0711,44.3722],[8.0713,44.3785],[8.0722,44.3809],[8.0784,44.3858],[8.0861,44.3871],[8.0956,44.3862],[8.1041,44.3872],[8.1168,44.3909],[8.1213,44.3937],[8.1232,44.3904],[8.1218,44.3816],[8.1189,44.3749],[8.119,44.3721],[8.1208,44.3669],[8.1236,44.366],[8.1264,44.3621]]]}},{"type":"Feature","properties":{"i":"004176","n":"Priocca"},"geometry":{"type":"Polygon","coordinates":[[[8.0711,44.8063],[8.0751,44.8012],[8.0795,44.7913],[8.0819,44.7831],[8.076,44.7799],[8.054,44.7748],[8.0458,44.7792],[8.0428,44.786],[8.0446,44.7907],[8.0454,44.7993],[8.0477,44.8049],[8.0535,44.8096],[8.0564,44.8107],[8.0609,44.81],[8.0711,44.8063]]]}},{"type":"Feature","properties":{"i":"004177","n":"Priola"},"geometry":{"type":"Polygon","coordinates":[[[8.0631,44.2531],[8.0806,44.2417],[8.081,44.2394],[8.0781,44.2341],[8.0693,44.2272],[8.0577,44.2258],[8.0518,44.2262],[8.0349,44.2303],[8.0087,44.245],[7.993,44.2511],[7.9809,44.254],[7.9807,44.2564],[7.9827,44.2619],[7.9939,44.2746],[7.9995,44.2779],[8.003,44.2816],[8.0227,44.2788],[8.0358,44.2747],[8.0448,44.2707],[8.0515,44.2662],[8.0631,44.2531]]]}},{"type":"Feature","properties":{"i":"004178","n":"Prunetto"},"geometry":{"type":"Polygon","coordinates":[[[8.1709,44.5128],[8.1715,44.5098],[8.1698,44.5024],[8.1647,44.5004],[8.1626,44.4882],[8.1607,44.4828],[8.1611,44.4813],[8.1521,44.4771],[8.1506,44.4776],[8.1484,44.4771],[8.1441,44.4741],[8.1294,44.4783],[8.1,44.482],[8.0968,44.485],[8.0975,44.4908],[8.0994,44.4919],[8.1134,44.4922],[8.1188,44.4968],[8.122,44.5013],[8.1352,44.5048],[8.1442,44.5031],[8.1485,44.5069],[8.1503,44.5124],[8.1528,44.5135],[8.168,44.5121],[8.1709,44.5128]]]}},{"type":"Feature","properties":{"i":"004179","n":"Racconigi"},"geometry":{"type":"Polygon","coordinates":[[[7.7031,44.8141],[7.7047,44.8117],[7.7063,44.7985],[7.7045,44.7938],[7.6998,44.7858],[7.7014,44.7741],[7.7117,44.7685],[7.7222,44.7644],[7.7223,44.7624],[7.72,44.7578],[7.7203,44.7511],[7.7242,44.7458],[7.7261,44.7367],[7.6962,44.7357],[7.6925,44.7368],[7.6927,44.7389],[7.6909,44.7411],[7.6854,44.7411],[7.6821,44.7457],[7.6717,44.75],[7.6669,44.7509],[7.6458,44.751],[7.6405,44.7518],[7.6235,44.7581],[7.6193,44.7867],[7.6295,44.7892],[7.6351,44.7864],[7.6364,44.7841],[7.6411,44.7836],[7.6429,44.7843],[7.6428,44.7957],[7.6448,44.7986],[7.6465,44.7996],[7.6445,44.8045],[7.6421,44.8065],[7.6397,44.8062],[7.6393,44.8069],[7.6393,44.8086],[7.6418,44.8133],[7.6514,44.8189],[7.6571,44.8164],[7.6608,44.8193],[7.6676,44.8206],[7.6743,44.8142],[7.6846,44.8102],[7.6901,44.812],[7.7031,44.8141]]]}},{"type":"Feature","properties":{"i":"004180","n":"Revello"},"geometry":{"type":"Polygon","coordinates":[[[7.4494,44.7359],[7.4475,44.7231],[7.4628,44.714],[7.4622,44.7131],[7.4596,44.7125],[7.453,44.7066],[7.452,44.6933],[7.4555,44.683],[7.4507,44.6738],[7.4488,44.6653],[7.4482,44.6581],[7.4412,44.6515],[7.432,44.6448],[7.4371,44.6379],[7.4382,44.635],[7.4341,44.6287],[7.4243,44.6271],[7.4227,44.6263],[7.4204,44.6234],[7.4117,44.6187],[7.398,44.6147],[7.3914,44.6113],[7.3906,44.6241],[7.391,44.6283],[7.3842,44.6315],[7.3687,44.6345],[7.3598,44.6372],[7.3563,44.6397],[7.3581,44.6434],[7.3735,44.6521],[7.3739,44.6544],[7.3729,44.6589],[7.3633,44.6659],[7.3798,44.6737],[7.3954,44.6771],[7.4059,44.6784],[7.4118,44.6839],[7.4162,44.6946],[7.4163,44.6986],[7.4126,44.7072],[7.4115,44.7069],[7.406,44.7166],[7.4081,44.7181],[7.4212,44.722],[7.4323,44.7275],[7.4391,44.7321],[7.4388,44.7335],[7.4395,44.7347],[7.4433,44.7368],[7.4466,44.7369],[7.4494,44.7359]]]}},{"type":"Feature","properties":{"i":"004181","n":"Rifreddo"},"geometry":{"type":"Polygon","coordinates":[[[7.3633,44.6659],[7.3729,44.6589],[7.3739,44.6544],[7.3731,44.6516],[7.3574,44.6427],[7.3563,44.6397],[7.3598,44.6372],[7.3535,44.6381],[7.3433,44.6437],[7.3431,44.6432],[7.3345,44.6519],[7.3359,44.6559],[7.3441,44.6706],[7.3568,44.6667],[7.3633,44.6659]]]}},{"type":"Feature","properties":{"i":"004182","n":"Rittana"},"geometry":{"type":"Polygon","coordinates":[[[7.4059,44.3599],[7.4037,44.3574],[7.4041,44.3497],[7.4062,44.3478],[7.4142,44.3445],[7.4153,44.3434],[7.4124,44.3443],[7.4014,44.3421],[7.3656,44.349],[7.3416,44.3614],[7.3349,44.3617],[7.331,44.3608],[7.332,44.3647],[7.3334,44.3667],[7.3411,44.3692],[7.3452,44.3677],[7.3532,44.3664],[7.3617,44.3696],[7.3657,44.3724],[7.3683,44.3755],[7.3727,44.3772],[7.3855,44.3667],[7.3934,44.3622],[7.4059,44.3599]]]}},{"type":"Feature","properties":{"i":"004183","n":"Roaschia"},"geometry":{"type":"Polygon","coordinates":[[[7.4816,44.2674],[7.488,44.2526],[7.4868,44.2422],[7.487,44.2311],[7.4836,44.2293],[7.4742,44.2268],[7.47,44.2222],[7.4674,44.218],[7.4644,44.2181],[7.4577,44.2229],[7.4554,44.2273],[7.4538,44.2369],[7.4304,44.2543],[7.4234,44.2657],[7.4282,44.2826],[7.4314,44.2901],[7.4378,44.2929],[7.4438,44.2869],[7.4502,44.2822],[7.4549,44.28],[7.457,44.2801],[7.4693,44.2725],[7.4816,44.2674]]]}},{"type":"Feature","properties":{"i":"004184","n":"Roascio"},"geometry":{"type":"Polygon","coordinates":[[[8.0462,44.4262],[8.0433,44.4214],[8.0445,44.4171],[8.0472,44.4138],[8.0299,44.4078],[8.0158,44.4044],[8.0134,44.4044],[8.0107,44.4055],[8.0073,44.4072],[8.0055,44.4091],[8.0047,44.4119],[8.0137,44.4282],[8.0212,44.431],[8.0237,44.4287],[8.0285,44.4269],[8.0462,44.4262]]]}},{"type":"Feature","properties":{"i":"004185","n":"Robilante"},"geometry":{"type":"Polygon","coordinates":[[[7.5536,44.2648],[7.5467,44.2641],[7.5404,44.2619],[7.5263,44.261],[7.5222,44.2622],[7.5183,44.2618],[7.4935,44.2567],[7.4855,44.2579],[7.4816,44.2674],[7.4863,44.2711],[7.4888,44.2757],[7.4887,44.2786],[7.4866,44.2802],[7.4832,44.286],[7.4928,44.2942],[7.4969,44.3033],[7.5001,44.3058],[7.5039,44.3079],[7.5103,44.3089],[7.5195,44.3134],[7.5209,44.3111],[7.5313,44.3057],[7.543,44.3011],[7.5492,44.297],[7.5487,44.2863],[7.5459,44.28],[7.5488,44.2732],[7.5536,44.2648]]]}},{"type":"Feature","properties":{"i":"004186","n":"Roburent"},"geometry":{"type":"Polygon","coordinates":[[[7.9061,44.2992],[7.9027,44.2918],[7.8998,44.2881],[7.8965,44.2864],[7.8955,44.2757],[7.8896,44.2654],[7.8776,44.2606],[7.8793,44.2483],[7.8736,44.2201],[7.8716,44.2166],[7.8723,44.2102],[7.8715,44.2086],[7.8689,44.2068],[7.8616,44.2051],[7.8428,44.2159],[7.8348,44.2223],[7.84,44.2373],[7.849,44.2497],[7.8504,44.2535],[7.8479,44.2585],[7.8517,44.2622],[7.8647,44.2639],[7.8698,44.2662],[7.8708,44.2724],[7.8703,44.2776],[7.8693,44.2814],[7.8679,44.2826],[7.8667,44.2861],[7.8734,44.2989],[7.8744,44.3139],[7.8778,44.3229],[7.8818,44.325],[7.8834,44.324],[7.9077,44.3047],[7.9061,44.2992]]]}},{"type":"Feature","properties":{"i":"004187","n":"Roccabruna"},"geometry":{"type":"Polygon","coordinates":[[[7.3232,44.5153],[7.3326,44.5095],[7.357,44.5079],[7.3571,44.5033],[7.3596,44.4934],[7.357,44.4895],[7.3566,44.4862],[7.3533,44.4845],[7.3513,44.4782],[7.3459,44.4699],[7.3394,44.4632],[7.3351,44.4633],[7.3092,44.4691],[7.307,44.4702],[7.3016,44.4747],[7.2969,44.4758],[7.2993,44.4813],[7.2947,44.4952],[7.2924,44.5064],[7.2872,44.5175],[7.2854,44.5239],[7.2939,44.522],[7.3133,44.5145],[7.3232,44.5153]]]}},{"type":"Feature","properties":{"i":"004188","n":"Rocca Cigliè"},"geometry":{"type":"Polygon","coordinates":[[[7.9498,44.4644],[7.9499,44.4625],[7.9517,44.458],[7.9547,44.4525],[7.9589,44.4486],[7.9646,44.4402],[7.9664,44.4357],[7.9629,44.4279],[7.9565,44.4269],[7.9532,44.4223],[7.9507,44.4205],[7.9474,44.4215],[7.9431,44.4258],[7.9441,44.4304],[7.9426,44.434],[7.9422,44.4403],[7.9363,44.4489],[7.9349,44.4567],[7.9364,44.4599],[7.9365,44.464],[7.9425,44.4644],[7.9459,44.4631],[7.949,44.4636],[7.9498,44.4644]]]}},{"type":"Feature","properties":{"i":"004189","n":"Rocca de' Baldi"},"geometry":{"type":"Polygon","coordinates":[[[7.7727,44.4593],[7.7739,44.4448],[7.7737,44.4412],[7.7719,44.4361],[7.7746,44.4292],[7.7746,44.426],[7.7705,44.4158],[7.7656,44.4144],[7.7568,44.4086],[7.7509,44.4017],[7.7493,44.4015],[7.7322,44.4096],[7.7217,44.4165],[7.7303,44.4253],[7.7248,44.4308],[7.7127,44.435],[7.7108,44.4481],[7.7288,44.462],[7.734,44.4629],[7.7383,44.4673],[7.7479,44.4699],[7.7573,44.4699],[7.7648,44.4679],[7.7727,44.4593]]]}},{"type":"Feature","properties":{"i":"004190","n":"Roccaforte Mondovì"},"geometry":{"type":"Polygon","coordinates":[[[7.7541,44.3304],[7.7535,44.3291],[7.7543,44.3246],[7.7656,44.3167],[7.7699,44.3154],[7.7734,44.3026],[7.7714,44.2964],[7.7644,44.2879],[7.761,44.279],[7.7605,44.2707],[7.757,44.2564],[7.7513,44.2517],[7.7475,44.2519],[7.7436,44.2496],[7.7389,44.2434],[7.7372,44.2326],[7.7558,44.2228],[7.7563,44.2199],[7.7588,44.2167],[7.7558,44.2081],[7.7561,44.2007],[7.7656,44.1953],[7.7746,44.1885],[7.7849,44.1744],[7.784,44.1716],[7.7817,44.1693],[7.7704,44.169],[7.7566,44.1647],[7.754,44.1682],[7.7484,44.172],[7.7352,44.1761],[7.712,44.1724],[7.7034,44.1734],[7.7037,44.1759],[7.7015,44.181],[7.7001,44.1919],[7.7006,44.1974],[7.708,44.2108],[7.7022,44.22],[7.707,44.231],[7.7063,44.2391],[7.7035,44.245],[7.7022,44.2554],[7.6921,44.2684],[7.6886,44.2744],[7.6834,44.2845],[7.6832,44.2887],[7.6879,44.2913],[7.7001,44.3101],[7.7071,44.3165],[7.7088,44.3167],[7.7128,44.3196],[7.7158,44.324],[7.7157,44.3273],[7.717,44.3287],[7.7239,44.3287],[7.7271,44.3262],[7.7337,44.3249],[7.7377,44.3268],[7.7389,44.3314],[7.7468,44.3353],[7.7497,44.3327],[7.7541,44.3304]]]}},{"type":"Feature","properties":{"i":"004191","n":"Roccasparvera"},"geometry":{"type":"Polygon","coordinates":[[[7.4314,44.3596],[7.4355,44.3596],[7.4474,44.3571],[7.453,44.3516],[7.4591,44.3439],[7.4633,44.3437],[7.4648,44.3445],[7.4646,44.3401],[7.4548,44.3358],[7.4393,44.3307],[7.4353,44.3254],[7.4218,44.3242],[7.4237,44.3261],[7.424,44.3328],[7.4142,44.3445],[7.4045,44.349],[7.4036,44.3508],[7.4037,44.3574],[7.4059,44.3599],[7.4107,44.36],[7.4204,44.3581],[7.4264,44.3581],[7.4314,44.3596]]]}},{"type":"Feature","properties":{"i":"004192","n":"Roccavione"},"geometry":{"type":"Polygon","coordinates":[[[7.5195,44.3134],[7.5103,44.3089],[7.5039,44.3079],[7.4969,44.3033],[7.4928,44.2942],[7.4832,44.286],[7.4866,44.2802],[7.4887,44.2787],[7.4888,44.2757],[7.4863,44.2711],[7.4816,44.2674],[7.4693,44.2725],[7.457,44.2801],[7.4549,44.28],[7.4502,44.2822],[7.4438,44.2869],[7.4378,44.2929],[7.4537,44.2987],[7.4573,44.3034],[7.4587,44.3098],[7.4617,44.3141],[7.4764,44.3203],[7.5085,44.3274],[7.5121,44.321],[7.5195,44.3134]]]}},{"type":"Feature","properties":{"i":"004193","n":"Rocchetta Belbo"},"geometry":{"type":"Polygon","coordinates":[[[8.1971,44.6317],[8.1945,44.6286],[8.1929,44.6293],[8.1897,44.6291],[8.1846,44.6285],[8.182,44.6271],[8.1773,44.6272],[8.1722,44.6293],[8.169,44.6317],[8.1618,44.6407],[8.1582,44.6433],[8.1522,44.6501],[8.1675,44.6519],[8.169,44.6477],[8.1757,44.6465],[8.185,44.6415],[8.1871,44.6381],[8.1971,44.6317]]]}},{"type":"Feature","properties":{"i":"004194","n":"Roddi"},"geometry":{"type":"Polygon","coordinates":[[[7.9664,44.6599],[7.9615,44.6596],[7.96,44.6614],[7.9591,44.6653],[7.955,44.6666],[7.9547,44.669],[7.9513,44.6753],[7.9396,44.6796],[7.9395,44.6828],[7.9369,44.6879],[7.9671,44.6914],[7.9691,44.6906],[7.9859,44.6907],[7.9936,44.6922],[7.9938,44.69],[7.9899,44.6862],[7.9867,44.6775],[7.9821,44.6688],[7.9794,44.6662],[7.9727,44.6636],[7.9664,44.6599]]]}},{"type":"Feature","properties":{"i":"004195","n":"Roddino"},"geometry":{"type":"Polygon","coordinates":[[[8.0402,44.5942],[8.0475,44.5853],[8.0496,44.5764],[8.0489,44.5745],[8.0422,44.5742],[8.0365,44.5767],[8.0299,44.5751],[8.0053,44.558],[8.0079,44.5508],[7.9974,44.5455],[7.9941,44.547],[7.9894,44.5513],[7.9918,44.5563],[8.0008,44.5659],[8.0045,44.5788],[8.0022,44.5833],[7.9979,44.588],[8.0036,44.5871],[8.0054,44.5881],[8.0055,44.5896],[8.0081,44.5926],[8.0119,44.5891],[8.0167,44.5882],[8.024,44.592],[8.0319,44.5945],[8.0356,44.5949],[8.0402,44.5942]]]}},{"type":"Feature","properties":{"i":"004196","n":"Rodello"},"geometry":{"type":"Polygon","coordinates":[[[8.081,44.6358],[8.083,44.6346],[8.0838,44.6318],[8.0834,44.6243],[8.0802,44.6224],[8.081,44.6206],[8.0764,44.6154],[8.0706,44.6113],[8.0633,44.6078],[8.0521,44.6102],[8.0503,44.6127],[8.0538,44.6141],[8.0548,44.6178],[8.0477,44.6362],[8.0439,44.641],[8.0462,44.6484],[8.0481,44.6508],[8.055,44.6491],[8.0566,44.6475],[8.0764,44.6358],[8.0793,44.6347],[8.081,44.6358]]]}},{"type":"Feature","properties":{"i":"004197","n":"Rossana"},"geometry":{"type":"Polygon","coordinates":[[[7.4496,44.5547],[7.4507,44.5438],[7.4531,44.5408],[7.4505,44.5328],[7.4445,44.525],[7.4403,44.5221],[7.4235,44.5172],[7.4096,44.516],[7.4003,44.5136],[7.3857,44.5138],[7.3781,44.5181],[7.3674,44.5171],[7.3569,44.5174],[7.3586,44.5218],[7.3659,44.5315],[7.3655,44.5348],[7.3732,44.5362],[7.3841,44.5344],[7.3899,44.5315],[7.3948,44.5319],[7.4079,44.5372],[7.4136,44.5432],[7.4167,44.5504],[7.4192,44.5532],[7.4238,44.554],[7.427,44.5573],[7.4302,44.5573],[7.435,44.5554],[7.4407,44.5546],[7.4496,44.5547]]]}},{"type":"Feature","properties":{"i":"004198","n":"Ruffia"},"geometry":{"type":"Polygon","coordinates":[[[7.6183,44.7262],[7.6244,44.7156],[7.6235,44.7068],[7.619,44.7069],[7.6153,44.7053],[7.6177,44.7019],[7.5922,44.7003],[7.5874,44.6982],[7.5805,44.6992],[7.5775,44.7053],[7.576,44.7111],[7.5776,44.7124],[7.5896,44.7127],[7.6009,44.7196],[7.6008,44.7262],[7.5994,44.7295],[7.6019,44.7308],[7.6048,44.7295],[7.6086,44.7245],[7.6125,44.7223],[7.6183,44.7262]]]}},{"type":"Feature","properties":{"i":"004199","n":"Sale delle Langhe"},"geometry":{"type":"Polygon","coordinates":[[[8.1165,44.3996],[8.1213,44.3937],[8.1168,44.3909],[8.1041,44.3872],[8.0956,44.3862],[8.0861,44.3871],[8.0784,44.3858],[8.0722,44.3809],[8.0713,44.3785],[8.0711,44.3722],[8.0683,44.3667],[8.0647,44.3653],[8.0604,44.3675],[8.059,44.3693],[8.0592,44.371],[8.0603,44.3713],[8.0631,44.3746],[8.0626,44.3825],[8.0636,44.3844],[8.0892,44.4091],[8.0959,44.4103],[8.1027,44.4207],[8.1079,44.4185],[8.1172,44.4078],[8.1178,44.4027],[8.1165,44.3996]]]}},{"type":"Feature","properties":{"i":"004200","n":"Sale San Giovanni"},"geometry":{"type":"Polygon","coordinates":[[[8.0632,44.3779],[8.0571,44.3791],[8.0535,44.3764],[8.0516,44.3772],[8.052,44.3792],[8.0576,44.3848],[8.059,44.3898],[8.0611,44.4074],[8.0567,44.4125],[8.0651,44.4171],[8.0695,44.4181],[8.0768,44.418],[8.0822,44.416],[8.0913,44.4182],[8.0988,44.429],[8.0989,44.4311],[8.1004,44.4334],[8.1029,44.4328],[8.105,44.4283],[8.1054,44.4247],[8.0959,44.4103],[8.0892,44.4091],[8.0642,44.3851],[8.0626,44.3825],[8.0632,44.3779]]]}},{"type":"Feature","properties":{"i":"004201","n":"Saliceto"},"geometry":{"type":"Polygon","coordinates":[[[8.2071,44.4481],[8.2217,44.4327],[8.2195,44.4263],[8.2133,44.4227],[8.208,44.4158],[8.2064,44.4043],[8.1936,44.4],[8.1865,44.3953],[8.18,44.3981],[8.1707,44.3948],[8.1698,44.3926],[8.1672,44.3897],[8.1619,44.3858],[8.1542,44.386],[8.1495,44.3848],[8.147,44.3994],[8.1619,44.4255],[8.1633,44.4327],[8.1619,44.4364],[8.1651,44.4438],[8.1654,44.4413],[8.167,44.4402],[8.1823,44.44],[8.1877,44.4455],[8.1941,44.4482],[8.2071,44.4481]]]}},{"type":"Feature","properties":{"i":"004202","n":"Salmour"},"geometry":{"type":"Polygon","coordinates":[[[7.8223,44.5863],[7.8242,44.5838],[7.8163,44.5798],[7.8135,44.5707],[7.812,44.5687],[7.808,44.5645],[7.7982,44.5581],[7.785,44.5636],[7.7813,44.5662],[7.7756,44.5722],[7.7756,44.5782],[7.7831,44.5967],[7.7871,44.6026],[7.7885,44.607],[7.7957,44.6017],[7.7988,44.6009],[7.8041,44.6001],[7.8086,44.6026],[7.8151,44.5963],[7.8171,44.5936],[7.8174,44.5916],[7.8223,44.5863]]]}},{"type":"Feature","properties":{"i":"004203","n":"Saluzzo"},"geometry":{"type":"Polygon","coordinates":[[[7.5163,44.7462],[7.518,44.7274],[7.5174,44.7224],[7.5184,44.7187],[7.5236,44.7136],[7.5245,44.7116],[7.5286,44.6899],[7.5325,44.6885],[7.5346,44.6841],[7.5394,44.664],[7.5486,44.6525],[7.5378,44.6495],[7.5369,44.6486],[7.5287,44.6286],[7.5288,44.622],[7.5089,44.6212],[7.5042,44.6263],[7.495,44.6259],[7.4883,44.6223],[7.4753,44.6193],[7.4592,44.6183],[7.4537,44.6137],[7.4513,44.6081],[7.4375,44.6179],[7.4333,44.6253],[7.4301,44.6282],[7.4347,44.629],[7.4382,44.6353],[7.432,44.6448],[7.4412,44.6515],[7.4483,44.6584],[7.4488,44.6653],[7.4507,44.6738],[7.4555,44.683],[7.452,44.6933],[7.4533,44.7071],[7.4596,44.7125],[7.461,44.713],[7.462,44.7095],[7.4642,44.708],[7.4673,44.712],[7.4734,44.7168],[7.4783,44.7185],[7.4892,44.7202],[7.4916,44.7247],[7.4992,44.7329],[7.5002,44.7365],[7.5002,44.7417],[7.4996,44.7501],[7.498,44.757],[7.5001,44.7584],[7.5033,44.7553],[7.5163,44.7462]]]}},{"type":"Feature","properties":{"i":"004204","n":"Sambuco"},"geometry":{"type":"Polygon","coordinates":[[[7.1029,44.3868],[7.1015,44.3789],[7.1191,44.3684],[7.116,44.3636],[7.1158,44.36],[7.117,44.3584],[7.1184,44.3581],[7.1215,44.3529],[7.1145,44.3418],[7.1174,44.3322],[7.1222,44.3236],[7.1227,44.3212],[7.1096,44.3099],[7.0996,44.303],[7.079,44.3047],[7.0621,44.3107],[7.0572,44.3112],[7.0534,44.3166],[7.0535,44.3252],[7.0569,44.3278],[7.057,44.3345],[7.0549,44.3363],[7.0509,44.3377],[7.0489,44.3435],[7.0505,44.3583],[7.0483,44.3627],[7.0407,44.3657],[7.0446,44.3736],[7.046,44.3749],[7.0464,44.378],[7.0506,44.3813],[7.0584,44.3818],[7.0672,44.3879],[7.0849,44.391],[7.0889,44.3915],[7.1029,44.3868]]]}},{"type":"Feature","properties":{"i":"004205","n":"Sampeyre"},"geometry":{"type":"Polygon","coordinates":[[[7.2001,44.6216],[7.2351,44.6188],[7.2439,44.6202],[7.2592,44.6273],[7.2694,44.6205],[7.2725,44.6175],[7.2733,44.6159],[7.2732,44.6118],[7.2673,44.6003],[7.2585,44.5924],[7.2573,44.593],[7.254,44.5902],[7.25,44.5828],[7.2471,44.5724],[7.2469,44.5635],[7.248,44.544],[7.2493,44.5428],[7.2348,44.5413],[7.2259,44.5382],[7.2186,44.5371],[7.2008,44.5387],[7.1905,44.5422],[7.1727,44.5418],[7.1664,44.5402],[7.1609,44.5373],[7.1582,44.5372],[7.1555,44.5375],[7.147,44.5417],[7.1282,44.5456],[7.1155,44.5529],[7.1163,44.5671],[7.1184,44.5804],[7.1195,44.6004],[7.113,44.628],[7.1273,44.6246],[7.136,44.6242],[7.1455,44.6275],[7.1548,44.6289],[7.157,44.6281],[7.1685,44.6194],[7.1788,44.6149],[7.2001,44.6216]]]}},{"type":"Feature","properties":{"i":"004206","n":"San Benedetto Belbo"},"geometry":{"type":"Polygon","coordinates":[[[8.0791,44.4964],[8.0693,44.4834],[8.0606,44.4778],[8.0586,44.4758],[8.0537,44.4744],[8.0466,44.4885],[8.0454,44.4977],[8.0487,44.5007],[8.0516,44.5004],[8.0526,44.5014],[8.0518,44.5043],[8.0541,44.5052],[8.0551,44.4997],[8.0611,44.4989],[8.073,44.4989],[8.077,44.498],[8.0791,44.4964]]]}},{"type":"Feature","properties":{"i":"004207","n":"San Damiano Macra"},"geometry":{"type":"Polygon","coordinates":[[[7.2493,44.5428],[7.2584,44.5379],[7.2743,44.5326],[7.2842,44.5248],[7.2807,44.5118],[7.2831,44.5061],[7.2861,44.4888],[7.2889,44.4871],[7.2896,44.483],[7.2877,44.4818],[7.2811,44.4827],[7.2767,44.4853],[7.2701,44.4837],[7.2671,44.4771],[7.2677,44.4732],[7.2658,44.4719],[7.2592,44.4704],[7.2461,44.469],[7.2322,44.4704],[7.2295,44.4682],[7.2297,44.461],[7.2341,44.4407],[7.2342,44.4361],[7.2239,44.4337],[7.1971,44.4371],[7.1959,44.442],[7.1991,44.4449],[7.2071,44.4595],[7.2091,44.4804],[7.2017,44.4885],[7.1983,44.4895],[7.2003,44.4935],[7.2142,44.5002],[7.2199,44.505],[7.2199,44.508],[7.2192,44.5104],[7.2071,44.5159],[7.2038,44.5199],[7.1889,44.5309],[7.1879,44.5355],[7.1892,44.5398],[7.1905,44.5422],[7.2008,44.5387],[7.2186,44.5371],[7.2259,44.5382],[7.2348,44.5413],[7.2493,44.5428]]]}},{"type":"Feature","properties":{"i":"004208","n":"Sanfrè"},"geometry":{"type":"Polygon","coordinates":[[[7.837,44.7622],[7.843,44.7568],[7.8421,44.7553],[7.8466,44.7536],[7.8494,44.7505],[7.8478,44.7362],[7.8471,44.7347],[7.8456,44.734],[7.8393,44.735],[7.8221,44.7459],[7.8104,44.7475],[7.7799,44.7399],[7.7657,44.724],[7.7518,44.7308],[7.765,44.7383],[7.7664,44.7436],[7.7733,44.7509],[7.7813,44.7542],[7.7893,44.7556],[7.793,44.7575],[7.7887,44.763],[7.7957,44.7673],[7.8053,44.7702],[7.8095,44.7691],[7.8117,44.7657],[7.8141,44.7644],[7.8343,44.7635],[7.837,44.7622]]]}},{"type":"Feature","properties":{"i":"004209","n":"Sanfront"},"geometry":{"type":"Polygon","coordinates":[[[7.3384,44.6811],[7.3378,44.6732],[7.3387,44.6723],[7.3441,44.6706],[7.3359,44.6559],[7.3345,44.6519],[7.3431,44.6432],[7.3385,44.6335],[7.3363,44.6316],[7.3306,44.629],[7.3246,44.6238],[7.3215,44.6046],[7.3199,44.6021],[7.3126,44.5993],[7.3019,44.6007],[7.2845,44.6113],[7.2732,44.6149],[7.2729,44.6169],[7.2712,44.6191],[7.2592,44.6273],[7.2465,44.6214],[7.2422,44.624],[7.2433,44.6285],[7.2485,44.6301],[7.2527,44.6345],[7.2546,44.6383],[7.2654,44.6456],[7.2718,44.6486],[7.2909,44.6629],[7.2956,44.6674],[7.2944,44.6707],[7.3033,44.6805],[7.3087,44.6824],[7.3192,44.6809],[7.3212,44.6791],[7.3307,44.6782],[7.3384,44.6811]]]}},{"type":"Feature","properties":{"i":"004210","n":"San Michele Mondovì"},"geometry":{"type":"Polygon","coordinates":[[[7.9453,44.3754],[7.9405,44.3722],[7.9377,44.3672],[7.9405,44.3536],[7.9476,44.3424],[7.9484,44.3395],[7.9392,44.3393],[7.9316,44.3428],[7.9289,44.3425],[7.905,44.355],[7.8956,44.3495],[7.8938,44.3568],[7.8952,44.3741],[7.8986,44.3832],[7.9025,44.3898],[7.9051,44.3917],[7.9099,44.3932],[7.9215,44.391],[7.9289,44.3908],[7.9383,44.3957],[7.9415,44.3978],[7.9422,44.3994],[7.9484,44.3977],[7.9481,44.3957],[7.9433,44.3939],[7.9394,44.3896],[7.9419,44.379],[7.9453,44.3754]]]}},{"type":"Feature","properties":{"i":"004211","n":"Sant'Albano Stura"},"geometry":{"type":"Polygon","coordinates":[[[7.7759,44.4625],[7.7727,44.4593],[7.7648,44.4679],[7.7573,44.4699],[7.7479,44.4699],[7.7386,44.4674],[7.7369,44.4666],[7.7346,44.4633],[7.7322,44.4621],[7.7288,44.462],[7.7246,44.4639],[7.7232,44.4656],[7.7197,44.4677],[7.7093,44.467],[7.7093,44.4655],[7.7047,44.4648],[7.6997,44.4665],[7.6972,44.4684],[7.6717,44.4778],[7.6744,44.4782],[7.6822,44.4839],[7.6902,44.4944],[7.7061,44.506],[7.719,44.5169],[7.7298,44.5311],[7.7323,44.5373],[7.7319,44.5394],[7.733,44.5393],[7.7358,44.5381],[7.7372,44.5366],[7.7408,44.5247],[7.7411,44.5188],[7.7387,44.5115],[7.7386,44.5086],[7.7451,44.4896],[7.7587,44.4826],[7.7678,44.4712],[7.7693,44.4673],[7.7759,44.4625]]]}},{"type":"Feature","properties":{"i":"004212","n":"Santa Vittoria d'Alba"},"geometry":{"type":"Polygon","coordinates":[[[7.9691,44.6906],[7.9671,44.6914],[7.9583,44.6907],[7.9149,44.6857],[7.9107,44.6944],[7.9121,44.6952],[7.9115,44.6975],[7.9042,44.7009],[7.9029,44.705],[7.9049,44.7056],[7.907,44.7037],[7.91,44.703],[7.9438,44.7124],[7.9521,44.7123],[7.9605,44.7096],[7.967,44.6985],[7.9691,44.6906]]]}},{"type":"Feature","properties":{"i":"004213","n":"Santo Stefano Belbo"},"geometry":{"type":"Polygon","coordinates":[[[8.2595,44.6966],[8.2457,44.6914],[8.2339,44.6829],[8.2273,44.6807],[8.2237,44.6765],[8.2234,44.6731],[8.2201,44.6752],[8.2134,44.6816],[8.2091,44.6869],[8.2038,44.6888],[8.2006,44.6881],[8.1948,44.6885],[8.1753,44.6931],[8.173,44.6979],[8.1737,44.7017],[8.165,44.7134],[8.1641,44.7165],[8.1646,44.7187],[8.1655,44.7207],[8.1695,44.7212],[8.1818,44.7155],[8.1925,44.7139],[8.2013,44.7141],[8.2138,44.7183],[8.2167,44.7203],[8.2202,44.7233],[8.2177,44.7281],[8.2223,44.7292],[8.2257,44.7249],[8.2292,44.7231],[8.2374,44.7233],[8.2445,44.726],[8.2449,44.7275],[8.2506,44.7311],[8.2568,44.7322],[8.2575,44.7212],[8.2621,44.7154],[8.2659,44.7126],[8.2662,44.7089],[8.261,44.7007],[8.2595,44.6966]]]}},{"type":"Feature","properties":{"i":"004214","n":"Santo Stefano Roero"},"geometry":{"type":"Polygon","coordinates":[[[7.8922,44.8238],[7.8927,44.8208],[7.8984,44.8229],[7.9026,44.8215],[7.9157,44.8134],[7.9455,44.7982],[7.9585,44.7942],[7.9653,44.7897],[7.9688,44.7884],[7.9765,44.7885],[7.9771,44.7878],[7.9768,44.7867],[7.9741,44.7827],[7.9696,44.7806],[7.962,44.7789],[7.9449,44.7818],[7.9322,44.7871],[7.9311,44.7884],[7.9244,44.7917],[7.9102,44.7975],[7.9061,44.7987],[7.8997,44.7986],[7.8981,44.7993],[7.8933,44.8075],[7.8931,44.8166],[7.883,44.825],[7.8753,44.8293],[7.8714,44.8299],[7.8652,44.8268],[7.8662,44.8301],[7.8754,44.8352],[7.8798,44.8346],[7.8818,44.8289],[7.8892,44.8243],[7.8922,44.8238]]]}},{"type":"Feature","properties":{"i":"004215","n":"Savigliano"},"geometry":{"type":"Polygon","coordinates":[[[7.6968,44.6775],[7.7007,44.6707],[7.7059,44.6418],[7.7073,44.6417],[7.7108,44.6391],[7.7136,44.6354],[7.71,44.6258],[7.7089,44.6207],[7.712,44.6204],[7.7122,44.6122],[7.7027,44.6058],[7.6877,44.602],[7.6754,44.6023],[7.6528,44.6058],[7.6476,44.5991],[7.6469,44.5963],[7.6393,44.5845],[7.6339,44.581],[7.6376,44.5768],[7.643,44.5766],[7.6451,44.5722],[7.6417,44.5648],[7.6389,44.5539],[7.6357,44.5516],[7.6307,44.5505],[7.6133,44.5439],[7.613,44.5411],[7.6065,44.5387],[7.5893,44.537],[7.5847,44.5398],[7.5803,44.5437],[7.5845,44.546],[7.592,44.5562],[7.5943,44.5602],[7.5967,44.5683],[7.602,44.5738],[7.5882,44.5795],[7.5759,44.5884],[7.5657,44.5911],[7.5599,44.5937],[7.5585,44.5995],[7.5802,44.6236],[7.5857,44.6346],[7.5862,44.6444],[7.5801,44.651],[7.5801,44.6537],[7.5915,44.6583],[7.6015,44.6601],[7.6151,44.6639],[7.629,44.6703],[7.6379,44.6722],[7.6388,44.6769],[7.634,44.6876],[7.6364,44.6887],[7.6448,44.6875],[7.6567,44.6887],[7.6661,44.6859],[7.6667,44.6844],[7.6793,44.6823],[7.692,44.6818],[7.6968,44.6775]]]}},{"type":"Feature","properties":{"i":"004216","n":"Scagnello"},"geometry":{"type":"Polygon","coordinates":[[[7.9959,44.3412],[7.9977,44.3383],[7.9979,44.3365],[7.9949,44.3321],[7.9997,44.3268],[7.9991,44.324],[7.9934,44.3189],[7.9817,44.3223],[7.9578,44.3101],[7.9558,44.3187],[7.9631,44.3294],[7.9653,44.3344],[7.9665,44.3417],[7.9763,44.3462],[7.9885,44.3545],[7.9901,44.3548],[7.9917,44.3545],[7.9935,44.3511],[7.9961,44.3443],[7.9959,44.3412]]]}},{"type":"Feature","properties":{"i":"004217","n":"Scarnafigi"},"geometry":{"type":"Polygon","coordinates":[[[7.5776,44.7124],[7.576,44.7108],[7.5775,44.7053],[7.5805,44.6992],[7.5874,44.6982],[7.5866,44.6866],[7.5902,44.6625],[7.5915,44.6583],[7.5801,44.6537],[7.5641,44.6552],[7.5486,44.6525],[7.5394,44.664],[7.5346,44.6841],[7.5325,44.6885],[7.5286,44.6899],[7.5236,44.7136],[7.5255,44.7112],[7.528,44.7109],[7.5394,44.7168],[7.5414,44.724],[7.5399,44.7317],[7.5436,44.7316],[7.5519,44.727],[7.557,44.7231],[7.5687,44.7195],[7.5734,44.7171],[7.5776,44.7124]]]}},{"type":"Feature","properties":{"i":"004218","n":"Serralunga d'Alba"},"geometry":{"type":"Polygon","coordinates":[[[8.0084,44.6282],[8.0078,44.6274],[8.0053,44.6273],[8.0053,44.6247],[8.01,44.6183],[8.0103,44.615],[8.0046,44.6036],[8.0066,44.6009],[8.0089,44.5946],[8.0081,44.5926],[8.0055,44.5896],[8.0054,44.5881],[8.0036,44.5871],[7.9988,44.5876],[7.9942,44.5917],[7.9895,44.603],[7.9863,44.6151],[7.9854,44.6215],[7.9862,44.6245],[7.9822,44.6375],[7.9775,44.6462],[7.9789,44.648],[7.9945,44.6354],[8.0052,44.6332],[8.0068,44.6321],[8.0084,44.6282]]]}},{"type":"Feature","properties":{"i":"004219","n":"Serravalle Langhe"},"geometry":{"type":"Polygon","coordinates":[[[8.093,44.5594],[8.0923,44.5564],[8.0895,44.5545],[8.0834,44.5444],[8.0835,44.5415],[8.0675,44.5465],[8.0513,44.5494],[8.0421,44.5533],[8.0446,44.5543],[8.0478,44.562],[8.0478,44.5641],[8.0456,44.5711],[8.0422,44.5742],[8.0547,44.5748],[8.0664,44.5719],[8.0746,44.569],[8.0768,44.5671],[8.093,44.5594]]]}},{"type":"Feature","properties":{"i":"004220","n":"Sinio"},"geometry":{"type":"Polygon","coordinates":[[[8.0503,44.6127],[8.0521,44.6102],[8.0524,44.6079],[8.0489,44.6024],[8.0424,44.5958],[8.0431,44.5943],[8.0319,44.5945],[8.024,44.592],[8.0167,44.5882],[8.0119,44.5891],[8.0081,44.5926],[8.0089,44.5946],[8.0078,44.5983],[8.0046,44.6036],[8.0103,44.615],[8.01,44.6183],[8.0053,44.6247],[8.0053,44.6273],[8.0082,44.6271],[8.0109,44.6207],[8.0208,44.6191],[8.0403,44.6103],[8.0472,44.6127],[8.0503,44.6127]]]}},{"type":"Feature","properties":{"i":"004221","n":"Somano"},"geometry":{"type":"Polygon","coordinates":[[[8.0331,44.5155],[8.0273,44.5176],[8.0222,44.5177],[8.0187,44.5169],[8.0086,44.5122],[8.0041,44.5115],[7.9981,44.5122],[7.9992,44.5163],[7.993,44.5234],[7.987,44.527],[7.9955,44.5407],[8.0011,44.5449],[8.0192,44.5508],[8.0239,44.5506],[8.0331,44.5372],[8.0385,44.525],[8.0374,44.5158],[8.0331,44.5155]]]}},{"type":"Feature","properties":{"i":"004222","n":"Sommariva del Bosco"},"geometry":{"type":"Polygon","coordinates":[[[7.7662,44.8155],[7.777,44.805],[7.7862,44.7998],[7.7958,44.7994],[7.8184,44.7941],[7.8335,44.7862],[7.8399,44.7852],[7.8362,44.7808],[7.839,44.768],[7.837,44.7622],[7.8343,44.7635],[7.8141,44.7644],[7.8117,44.7657],[7.8095,44.7691],[7.8053,44.7702],[7.7957,44.7673],[7.7911,44.7649],[7.7887,44.763],[7.793,44.7575],[7.7893,44.7556],[7.7813,44.7542],[7.7733,44.7509],[7.7664,44.7436],[7.765,44.7383],[7.7518,44.7308],[7.7363,44.7369],[7.7261,44.7367],[7.725,44.7419],[7.7289,44.7415],[7.7318,44.7436],[7.736,44.7504],[7.7471,44.7618],[7.7579,44.7745],[7.7577,44.7775],[7.7541,44.7832],[7.7548,44.7871],[7.7575,44.7885],[7.7595,44.7906],[7.7599,44.7975],[7.7591,44.799],[7.7578,44.808],[7.7556,44.8122],[7.7519,44.8123],[7.749,44.8156],[7.7662,44.8155]]]}},{"type":"Feature","properties":{"i":"004223","n":"Sommariva Perno"},"geometry":{"type":"Polygon","coordinates":[[[7.9356,44.7355],[7.9283,44.7282],[7.9221,44.7244],[7.91,44.7104],[7.9068,44.7089],[7.9096,44.7164],[7.9096,44.7182],[7.8901,44.7316],[7.8786,44.7422],[7.8656,44.7506],[7.8645,44.753],[7.854,44.7568],[7.843,44.7568],[7.837,44.7622],[7.839,44.768],[7.8362,44.7808],[7.8545,44.7687],[7.8725,44.7613],[7.8909,44.7587],[7.9033,44.7548],[7.9083,44.7471],[7.9271,44.7434],[7.9334,44.7396],[7.9356,44.7355]]]}},{"type":"Feature","properties":{"i":"004224","n":"Stroppo"},"geometry":{"type":"Polygon","coordinates":[[[7.161,44.5373],[7.1621,44.5334],[7.1614,44.5265],[7.1652,44.511],[7.1641,44.5055],[7.1608,44.5016],[7.1522,44.4977],[7.1415,44.4913],[7.1328,44.4837],[7.1267,44.4766],[7.1179,44.4785],[7.1141,44.4802],[7.096,44.4926],[7.1015,44.494],[7.1006,44.4981],[7.0966,44.5049],[7.0914,44.5084],[7.0899,44.512],[7.0899,44.5143],[7.1025,44.517],[7.111,44.5295],[7.1209,44.5395],[7.128,44.5456],[7.147,44.5417],[7.1555,44.5375],[7.161,44.5373]]]}},{"type":"Feature","properties":{"i":"004225","n":"Tarantasca"},"geometry":{"type":"Polygon","coordinates":[[[7.5496,44.5225],[7.5513,44.5098],[7.5515,44.4899],[7.5313,44.4794],[7.5192,44.4763],[7.5107,44.471],[7.51,44.4714],[7.5044,44.4774],[7.5043,44.479],[7.5096,44.4829],[7.5122,44.4908],[7.5186,44.5019],[7.5287,44.5089],[7.5278,44.5278],[7.5354,44.5261],[7.5364,44.5218],[7.5496,44.5225]]]}},{"type":"Feature","properties":{"i":"004226","n":"Torre Bormida"},"geometry":{"type":"Polygon","coordinates":[[[8.1693,44.5615],[8.1618,44.5587],[8.1552,44.5579],[8.1432,44.5595],[8.1385,44.5554],[8.1426,44.5481],[8.1389,44.5446],[8.1267,44.5455],[8.119,44.5529],[8.1226,44.5533],[8.1292,44.5612],[8.1373,44.5674],[8.1405,44.5735],[8.1415,44.5808],[8.1408,44.583],[8.1426,44.5836],[8.1503,44.578],[8.1563,44.5758],[8.162,44.5727],[8.167,44.5687],[8.1681,44.5676],[8.1693,44.5615]]]}},{"type":"Feature","properties":{"i":"004227","n":"Torre Mondovì"},"geometry":{"type":"Polygon","coordinates":[[[7.9392,44.3393],[7.9363,44.3373],[7.9354,44.3315],[7.931,44.3236],[7.9302,44.3095],[7.9269,44.3083],[7.9222,44.3049],[7.9203,44.2995],[7.9213,44.2965],[7.9241,44.2939],[7.9239,44.293],[7.9224,44.2925],[7.9159,44.2934],[7.9061,44.2992],[7.9077,44.3047],[7.8834,44.324],[7.8792,44.3264],[7.8802,44.3332],[7.8823,44.3363],[7.8956,44.3495],[7.905,44.355],[7.9289,44.3425],[7.9316,44.3428],[7.9392,44.3393]]]}},{"type":"Feature","properties":{"i":"004228","n":"Torre San Giorgio"},"geometry":{"type":"Polygon","coordinates":[[[7.5375,44.7344],[7.5399,44.7317],[7.5414,44.724],[7.5394,44.7168],[7.53,44.7115],[7.5255,44.7112],[7.5184,44.7187],[7.5174,44.7224],[7.518,44.7274],[7.5163,44.7462],[7.5287,44.7424],[7.5339,44.7364],[7.5375,44.7344]]]}},{"type":"Feature","properties":{"i":"004229","n":"Torresina"},"geometry":{"type":"Polygon","coordinates":[[[8.0482,44.4399],[8.0469,44.4395],[8.0453,44.4352],[8.0462,44.4262],[8.0285,44.4269],[8.0237,44.4287],[8.0212,44.431],[8.0226,44.4336],[8.0236,44.4458],[8.0316,44.4473],[8.0378,44.4461],[8.0482,44.4399]]]}},{"type":"Feature","properties":{"i":"004230","n":"Treiso"},"geometry":{"type":"Polygon","coordinates":[[[8.104,44.7076],[8.0985,44.6997],[8.099,44.6958],[8.1011,44.6926],[8.1025,44.6865],[8.0936,44.6783],[8.0954,44.6712],[8.1003,44.6634],[8.0985,44.6581],[8.0888,44.6653],[8.0812,44.6764],[8.0739,44.6806],[8.0725,44.6878],[8.061,44.6914],[8.0608,44.6962],[8.0619,44.7006],[8.0706,44.705],[8.082,44.7049],[8.0969,44.7092],[8.1037,44.7093],[8.1049,44.7086],[8.104,44.7076]]]}},{"type":"Feature","properties":{"i":"004231","n":"Trezzo Tinella"},"geometry":{"type":"Polygon","coordinates":[[[8.129,44.6703],[8.1354,44.6578],[8.1338,44.6527],[8.1309,44.6531],[8.1312,44.6484],[8.1327,44.6446],[8.1208,44.6423],[8.1148,44.642],[8.1088,44.6498],[8.0956,44.6533],[8.0991,44.6588],[8.1003,44.6634],[8.0954,44.6712],[8.0936,44.6783],[8.1025,44.6865],[8.1022,44.6895],[8.1005,44.6937],[8.129,44.6703]]]}},{"type":"Feature","properties":{"i":"004232","n":"Trinità"},"geometry":{"type":"Polygon","coordinates":[[[7.7861,44.5356],[7.7726,44.5268],[7.7813,44.5221],[7.7852,44.5186],[7.7868,44.5143],[7.7868,44.5089],[7.7795,44.5009],[7.786,44.497],[7.7977,44.4925],[7.7969,44.4894],[7.7864,44.4773],[7.7761,44.4624],[7.7693,44.4673],[7.7678,44.4712],[7.7587,44.4826],[7.7451,44.4896],[7.7386,44.5086],[7.7387,44.5115],[7.7411,44.5188],[7.7408,44.5247],[7.7372,44.5366],[7.7358,44.5381],[7.7319,44.5394],[7.7329,44.541],[7.7332,44.5446],[7.737,44.5497],[7.7469,44.5533],[7.7548,44.5547],[7.7586,44.5543],[7.7644,44.5515],[7.7663,44.5495],[7.7664,44.5469],[7.7653,44.5441],[7.7661,44.5398],[7.783,44.5353],[7.7861,44.5356]]]}},{"type":"Feature","properties":{"i":"004233","n":"Valdieri"},"geometry":{"type":"Polygon","coordinates":[[[7.4527,44.2983],[7.4314,44.2901],[7.4282,44.2826],[7.4234,44.2657],[7.4304,44.2543],[7.4235,44.2513],[7.4145,44.2517],[7.4089,44.2535],[7.4051,44.2568],[7.3925,44.2636],[7.3767,44.2623],[7.3672,44.2608],[7.3695,44.2567],[7.3712,44.249],[7.3689,44.2365],[7.3588,44.2266],[7.354,44.2239],[7.3489,44.2188],[7.3442,44.2084],[7.3427,44.2067],[7.3386,44.2037],[7.331,44.2],[7.3256,44.1987],[7.3224,44.195],[7.3223,44.1891],[7.3189,44.1848],[7.3146,44.1818],[7.3075,44.1832],[7.3057,44.1823],[7.3047,44.177],[7.309,44.1643],[7.3072,44.1566],[7.3076,44.1523],[7.3082,44.1503],[7.3105,44.1475],[7.3057,44.1446],[7.2921,44.1459],[7.2783,44.1417],[7.2596,44.1512],[7.2484,44.158],[7.2442,44.164],[7.2432,44.1716],[7.2372,44.1742],[7.2292,44.1688],[7.2189,44.1686],[7.206,44.1821],[7.199,44.1864],[7.1933,44.1879],[7.1901,44.1952],[7.1887,44.1989],[7.191,44.2001],[7.1977,44.2013],[7.2021,44.2037],[7.2097,44.2084],[7.2135,44.2133],[7.2143,44.2193],[7.2138,44.2226],[7.2212,44.2341],[7.2181,44.248],[7.2249,44.2539],[7.2534,44.2585],[7.2566,44.2615],[7.2632,44.2607],[7.2725,44.2626],[7.2859,44.2604],[7.2926,44.2631],[7.2967,44.2684],[7.3001,44.2766],[7.302,44.279],[7.3096,44.2813],[7.3127,44.2814],[7.3163,44.2795],[7.321,44.2785],[7.3393,44.2808],[7.3568,44.2763],[7.3651,44.2762],[7.3776,44.288],[7.3792,44.2901],[7.3797,44.2925],[7.3873,44.2924],[7.3942,44.2935],[7.4016,44.2984],[7.402,44.3036],[7.4142,44.3079],[7.4236,44.3087],[7.4297,44.3054],[7.4403,44.3045],[7.4498,44.3049],[7.4524,44.3015],[7.4527,44.2983]]]}},{"type":"Feature","properties":{"i":"004234","n":"Valgrana"},"geometry":{"type":"Polygon","coordinates":[[[7.3887,44.3921],[7.3862,44.3892],[7.3767,44.3842],[7.3727,44.3772],[7.3683,44.3755],[7.3657,44.3724],[7.3617,44.3696],[7.3532,44.3664],[7.3452,44.3677],[7.3411,44.3692],[7.3402,44.3736],[7.3477,44.3808],[7.3491,44.3881],[7.3447,44.3985],[7.3395,44.4023],[7.3345,44.4116],[7.3336,44.4152],[7.3366,44.4218],[7.338,44.4236],[7.3428,44.4268],[7.3683,44.4213],[7.3708,44.4188],[7.3752,44.417],[7.3774,44.4172],[7.3791,44.4179],[7.3783,44.4207],[7.379,44.4236],[7.3809,44.4257],[7.3889,44.433],[7.3981,44.4372],[7.3992,44.4331],[7.3978,44.4261],[7.3972,44.4146],[7.3992,44.41],[7.3954,44.404],[7.391,44.3991],[7.3887,44.3921]]]}},{"type":"Feature","properties":{"i":"004235","n":"Valloriate"},"geometry":{"type":"Polygon","coordinates":[[[7.3893,44.3445],[7.387,44.3409],[7.3867,44.3346],[7.3877,44.333],[7.3923,44.3316],[7.3921,44.331],[7.385,44.3277],[7.3789,44.328],[7.3707,44.3307],[7.3587,44.3284],[7.3546,44.3223],[7.3379,44.3259],[7.3246,44.3315],[7.3213,44.3342],[7.3084,44.3508],[7.3082,44.3561],[7.3196,44.3554],[7.3273,44.3577],[7.331,44.3608],[7.3349,44.3617],[7.3416,44.3614],[7.3656,44.349],[7.3893,44.3445]]]}},{"type":"Feature","properties":{"i":"004237","n":"Venasca"},"geometry":{"type":"Polygon","coordinates":[[[7.4246,44.5839],[7.4272,44.5839],[7.4287,44.579],[7.4284,44.577],[7.4252,44.5729],[7.4213,44.5708],[7.4205,44.5656],[7.4213,44.5624],[7.427,44.5572],[7.4238,44.554],[7.4192,44.5532],[7.4167,44.5504],[7.4136,44.5432],[7.4079,44.5372],[7.3976,44.5326],[7.3937,44.5317],[7.3899,44.5315],[7.3841,44.5344],[7.3799,44.5355],[7.3708,44.5362],[7.3655,44.5348],[7.3648,44.5368],[7.3651,44.5463],[7.3686,44.5528],[7.3721,44.5569],[7.3756,44.5593],[7.379,44.5639],[7.3813,44.5764],[7.3859,44.5783],[7.3866,44.5826],[7.3857,44.5846],[7.3892,44.5885],[7.3909,44.5891],[7.3961,44.5854],[7.4042,44.5837],[7.4246,44.5839]]]}},{"type":"Feature","properties":{"i":"004238","n":"Verduno"},"geometry":{"type":"Polygon","coordinates":[[[7.9369,44.6879],[7.9395,44.6828],[7.9396,44.6796],[7.9513,44.6753],[7.9547,44.669],[7.955,44.6666],[7.9457,44.6653],[7.9365,44.6604],[7.935,44.6593],[7.9347,44.6575],[7.933,44.6567],[7.9258,44.6566],[7.9192,44.6616],[7.9175,44.6641],[7.9152,44.673],[7.9155,44.6743],[7.9192,44.6786],[7.9141,44.6856],[7.9369,44.6879]]]}},{"type":"Feature","properties":{"i":"004239","n":"Vernante"},"geometry":{"type":"Polygon","coordinates":[[[7.5536,44.2648],[7.5652,44.2524],[7.5714,44.2475],[7.5762,44.2445],[7.5865,44.2452],[7.5885,44.244],[7.5882,44.2425],[7.5851,44.2397],[7.5807,44.2375],[7.5708,44.2353],[7.5668,44.2334],[7.5504,44.2178],[7.5463,44.2047],[7.5337,44.1939],[7.5285,44.1781],[7.5272,44.1721],[7.515,44.1681],[7.5138,44.1592],[7.5035,44.1535],[7.4946,44.1549],[7.491,44.1608],[7.4908,44.164],[7.4871,44.1726],[7.4729,44.1896],[7.4687,44.2025],[7.4691,44.2108],[7.4676,44.218],[7.4695,44.2214],[7.4742,44.2268],[7.4836,44.2293],[7.487,44.2311],[7.4868,44.2422],[7.488,44.2526],[7.4855,44.2579],[7.4935,44.2567],[7.5183,44.2618],[7.5222,44.2622],[7.5263,44.261],[7.5404,44.2619],[7.5467,44.2641],[7.5536,44.2648]]]}},{"type":"Feature","properties":{"i":"004240","n":"Verzuolo"},"geometry":{"type":"Polygon","coordinates":[[[7.534,44.6143],[7.5333,44.6088],[7.5304,44.6031],[7.5311,44.5995],[7.5341,44.5986],[7.5374,44.5987],[7.5383,44.599],[7.5403,44.6025],[7.543,44.6037],[7.5489,44.6026],[7.5555,44.601],[7.5585,44.5995],[7.5599,44.5937],[7.526,44.5811],[7.5254,44.5829],[7.5239,44.5839],[7.5133,44.5825],[7.4965,44.5785],[7.4873,44.5772],[7.4781,44.5724],[7.4702,44.5775],[7.461,44.5815],[7.4571,44.5824],[7.4315,44.5826],[7.4279,44.5838],[7.4318,44.5851],[7.4405,44.5925],[7.4406,44.5988],[7.4518,44.607],[7.4547,44.6082],[7.4598,44.6066],[7.4722,44.6055],[7.4783,44.6074],[7.4997,44.6056],[7.5124,44.607],[7.5167,44.6144],[7.5286,44.6165],[7.5294,44.6173],[7.5292,44.6208],[7.534,44.6143]]]}},{"type":"Feature","properties":{"i":"004241","n":"Vezza d'Alba"},"geometry":{"type":"Polygon","coordinates":[[[8.0109,44.78],[8.013,44.7787],[8.0158,44.7749],[8.0154,44.7718],[8.017,44.7673],[8.0196,44.7655],[8.0241,44.7646],[8.0268,44.7632],[8.0196,44.7516],[8.014,44.7467],[8.0124,44.7457],[8.0098,44.7482],[8.0073,44.7485],[8.0004,44.7441],[7.9959,44.746],[7.9773,44.747],[7.9625,44.7493],[7.9598,44.7612],[7.9712,44.7628],[7.973,44.7636],[7.9775,44.768],[7.9799,44.7725],[7.9848,44.7769],[7.9925,44.7812],[7.9932,44.7834],[7.9955,44.7841],[7.9984,44.7837],[8.0022,44.7806],[8.0078,44.7784],[8.0109,44.78]]]}},{"type":"Feature","properties":{"i":"004242","n":"Vicoforte"},"geometry":{"type":"Polygon","coordinates":[[[7.8909,44.3937],[7.9025,44.3896],[7.8986,44.3832],[7.8952,44.3741],[7.8938,44.3568],[7.8956,44.3495],[7.8938,44.348],[7.8873,44.3473],[7.871,44.3402],[7.8685,44.3387],[7.8678,44.3355],[7.857,44.3338],[7.8558,44.3356],[7.8535,44.3347],[7.8468,44.3313],[7.8459,44.3277],[7.8439,44.3278],[7.8398,44.3304],[7.8391,44.3315],[7.8401,44.3337],[7.8398,44.344],[7.836,44.3583],[7.8367,44.3598],[7.8363,44.3634],[7.8337,44.3664],[7.8362,44.3704],[7.8522,44.3852],[7.8556,44.3893],[7.8555,44.3944],[7.863,44.3939],[7.8742,44.3899],[7.8778,44.3877],[7.8826,44.3864],[7.8909,44.3937]]]}},{"type":"Feature","properties":{"i":"004243","n":"Vignolo"},"geometry":{"type":"Polygon","coordinates":[[[7.506,44.3737],[7.505,44.3706],[7.4873,44.3532],[7.4846,44.3484],[7.4807,44.3463],[7.4673,44.3442],[7.4648,44.3445],[7.4633,44.3437],[7.4591,44.3439],[7.4507,44.354],[7.4544,44.3563],[7.4685,44.3703],[7.4747,44.3719],[7.4743,44.3693],[7.506,44.3737]]]}},{"type":"Feature","properties":{"i":"004244","n":"Villafalletto"},"geometry":{"type":"Polygon","coordinates":[[[7.5882,44.5795],[7.57,44.5704],[7.5636,44.5659],[7.5578,44.5592],[7.5533,44.5562],[7.5631,44.552],[7.5649,44.5477],[7.5768,44.5451],[7.5803,44.5437],[7.583,44.5415],[7.5784,44.5297],[7.5484,44.5271],[7.5496,44.5225],[7.5364,44.5218],[7.5354,44.5261],[7.53,44.5278],[7.5196,44.5278],[7.5158,44.529],[7.514,44.5324],[7.5153,44.5411],[7.515,44.5441],[7.5134,44.5504],[7.5106,44.5513],[7.5126,44.5571],[7.5166,44.5644],[7.523,44.5657],[7.5261,44.5741],[7.527,44.5793],[7.526,44.5811],[7.5599,44.5937],[7.5657,44.5911],[7.5759,44.5884],[7.5882,44.5795]]]}},{"type":"Feature","properties":{"i":"004245","n":"Villanova Mondovì"},"geometry":{"type":"Polygon","coordinates":[[[7.7928,44.351],[7.7839,44.3435],[7.7621,44.3371],[7.7541,44.3304],[7.7463,44.3351],[7.7389,44.3314],[7.7377,44.3268],[7.7337,44.3249],[7.7271,44.3262],[7.7239,44.3287],[7.7179,44.3291],[7.7157,44.3273],[7.7136,44.3317],[7.7212,44.3501],[7.7253,44.3525],[7.7278,44.3556],[7.7308,44.3629],[7.73,44.3649],[7.7235,44.3678],[7.7231,44.3732],[7.7301,44.3844],[7.7403,44.3922],[7.7419,44.3951],[7.7449,44.3971],[7.7507,44.3955],[7.7529,44.3935],[7.7621,44.3902],[7.7733,44.3732],[7.7806,44.3669],[7.7928,44.351]]]}},{"type":"Feature","properties":{"i":"004246","n":"Villanova Solaro"},"geometry":{"type":"Polygon","coordinates":[[[7.5994,44.7295],[7.6008,44.7262],[7.6009,44.7196],[7.5896,44.7127],[7.5776,44.7124],[7.5734,44.7171],[7.5687,44.7195],[7.557,44.7231],[7.5519,44.727],[7.5436,44.7316],[7.5399,44.7317],[7.5373,44.7349],[7.5377,44.7362],[7.5478,44.7426],[7.5681,44.7517],[7.5768,44.7599],[7.5778,44.7632],[7.5848,44.7558],[7.5884,44.7488],[7.589,44.742],[7.5906,44.7384],[7.5994,44.7295]]]}},{"type":"Feature","properties":{"i":"004247","n":"Villar San Costanzo"},"geometry":{"type":"Polygon","coordinates":[[[7.4391,44.4796],[7.408,44.4686],[7.3965,44.4681],[7.3764,44.4692],[7.3664,44.4767],[7.3564,44.4866],[7.3574,44.4903],[7.3596,44.4934],[7.3571,44.5033],[7.357,44.5079],[7.3678,44.5095],[7.3792,44.5014],[7.3861,44.4993],[7.3988,44.4999],[7.4126,44.5022],[7.4207,44.5009],[7.4315,44.4902],[7.4391,44.4796]]]}},{"type":"Feature","properties":{"i":"004248","n":"Vinadio"},"geometry":{"type":"Polygon","coordinates":[[[7.1877,44.334],[7.189,44.3299],[7.1892,44.3215],[7.1902,44.3207],[7.1952,44.32],[7.2022,44.3161],[7.2087,44.303],[7.2066,44.2992],[7.1994,44.2964],[7.1941,44.2922],[7.1903,44.2874],[7.1896,44.2852],[7.1916,44.2769],[7.1963,44.2685],[7.1987,44.2621],[7.1999,44.2473],[7.2013,44.2442],[7.2124,44.2354],[7.2199,44.2316],[7.2138,44.2226],[7.2143,44.2193],[7.2135,44.2133],[7.2097,44.2084],[7.1977,44.2013],[7.191,44.2001],[7.1887,44.1989],[7.1892,44.1993],[7.1879,44.2006],[7.1861,44.2012],[7.1839,44.1999],[7.1766,44.1984],[7.1721,44.2018],[7.1607,44.2071],[7.1472,44.2001],[7.1441,44.2002],[7.138,44.2029],[7.1184,44.2151],[7.1027,44.2202],[7.0938,44.2208],[7.0906,44.2225],[7.0891,44.2274],[7.0864,44.2293],[7.0696,44.2336],[7.0568,44.2294],[7.0543,44.2299],[7.0474,44.2281],[7.0375,44.2241],[7.0341,44.2241],[7.0273,44.2315],[7.0228,44.2332],[7.0135,44.2332],[7.0085,44.2356],[7.0008,44.2432],[6.997,44.2494],[6.9967,44.2584],[6.9946,44.277],[6.9952,44.2797],[7.0029,44.2825],[7.0104,44.2883],[7.013,44.2935],[7.0225,44.2982],[7.0386,44.3032],[7.0515,44.3081],[7.0572,44.3112],[7.0621,44.3107],[7.079,44.3047],[7.0996,44.303],[7.1096,44.3099],[7.1208,44.3189],[7.1227,44.3212],[7.1222,44.3236],[7.1174,44.3322],[7.1145,44.3418],[7.1205,44.3507],[7.1283,44.3527],[7.1493,44.3463],[7.1548,44.3458],[7.1573,44.3469],[7.1644,44.346],[7.168,44.3442],[7.1723,44.3387],[7.1804,44.335],[7.1877,44.334]]]}},{"type":"Feature","properties":{"i":"004249","n":"Viola"},"geometry":{"type":"Polygon","coordinates":[[[7.9564,44.3034],[7.9621,44.3011],[7.9733,44.299],[7.9883,44.2914],[8.0027,44.2874],[8.003,44.2816],[7.9995,44.2779],[7.9939,44.2746],[7.9827,44.2619],[7.9808,44.2571],[7.9809,44.254],[7.9764,44.2497],[7.9652,44.2455],[7.9561,44.2444],[7.9535,44.2464],[7.9471,44.2475],[7.9502,44.2501],[7.952,44.2555],[7.9509,44.2593],[7.9464,44.2672],[7.9421,44.2768],[7.9435,44.2784],[7.944,44.2806],[7.9401,44.2884],[7.9397,44.2919],[7.9431,44.3043],[7.9564,44.3034]]]}},{"type":"Feature","properties":{"i":"004250","n":"Vottignasco"},"geometry":{"type":"Polygon","coordinates":[[[7.5803,44.5437],[7.5649,44.5477],[7.5631,44.552],[7.5533,44.5562],[7.5578,44.5592],[7.5636,44.5659],[7.57,44.5704],[7.5862,44.579],[7.5882,44.5795],[7.602,44.5738],[7.5967,44.5683],[7.5943,44.5602],[7.592,44.5562],[7.5845,44.546],[7.5803,44.5437]]]}}]}
