{"type":"FeatureCollection","fonte":"Confini comunali ISTAT via openpolis/geojson-italy — CC BY 4.0","features":[{"type":"Feature","properties":{"i":"078001","n":"Acquaformosa"},"geometry":{"type":"Polygon","coordinates":[[[16.1311,39.7167],[16.1126,39.7101],[16.1056,39.7046],[16.0997,39.6991],[16.1007,39.6896],[16.0949,39.6933],[16.0851,39.6949],[16.0772,39.6976],[16.0719,39.7019],[16.0713,39.7099],[16.0657,39.7285],[16.0666,39.7343],[16.0621,39.7458],[16.0555,39.7548],[16.0571,39.7591],[16.0682,39.7643],[16.0756,39.7644],[16.0747,39.7557],[16.0836,39.7465],[16.1,39.7343],[16.1045,39.7336],[16.1076,39.732],[16.1206,39.7218],[16.1285,39.7191],[16.1311,39.7167]]]}},{"type":"Feature","properties":{"i":"078002","n":"Acquappesa"},"geometry":{"type":"MultiPolygon","coordinates":[[[[15.9742,39.4676],[15.9719,39.4682],[15.9617,39.4753],[15.9588,39.4789],[15.9491,39.4967],[15.9548,39.498],[15.9592,39.4969],[15.962,39.4951],[15.9743,39.4982],[15.9811,39.4986],[15.9836,39.498],[15.9872,39.4953],[15.9931,39.4977],[15.996,39.504],[16.0057,39.4976],[16.0048,39.4932],[15.9996,39.4828],[15.9926,39.4754],[15.9866,39.4726],[15.9777,39.4711],[15.9742,39.4676]]],[[[16.0477,39.5248],[16.0509,39.5086],[16.0472,39.5078],[16.0348,39.5102],[16.0273,39.5141],[16.0239,39.5204],[16.0254,39.5268],[16.0264,39.527],[16.0344,39.5275],[16.045,39.5246],[16.0477,39.5248]]]]}},{"type":"Feature","properties":{"i":"078003","n":"Acri"},"geometry":{"type":"Polygon","coordinates":[[[16.5014,39.4846],[16.5033,39.4783],[16.5073,39.4741],[16.5138,39.4634],[16.5191,39.458],[16.5269,39.4532],[16.5207,39.445],[16.5226,39.4418],[16.5311,39.4369],[16.5366,39.4379],[16.5406,39.4344],[16.5422,39.4207],[16.5406,39.418],[16.5385,39.4175],[16.5233,39.4182],[16.5194,39.4176],[16.5158,39.4216],[16.5135,39.4261],[16.5102,39.4283],[16.5018,39.429],[16.4872,39.4318],[16.4659,39.4397],[16.4532,39.4465],[16.4343,39.4514],[16.4289,39.4485],[16.4281,39.4419],[16.422,39.4297],[16.4181,39.4245],[16.4139,39.4205],[16.4012,39.4148],[16.3946,39.4161],[16.388,39.4185],[16.3855,39.4168],[16.373,39.4182],[16.3699,39.4226],[16.3721,39.4382],[16.3714,39.4479],[16.3672,39.4567],[16.3366,39.4857],[16.3218,39.4884],[16.3178,39.488],[16.309,39.486],[16.3026,39.4815],[16.2896,39.4762],[16.2875,39.4763],[16.2851,39.478],[16.2917,39.4816],[16.3054,39.4943],[16.3196,39.4991],[16.3308,39.5016],[16.3492,39.5196],[16.354,39.5302],[16.355,39.5396],[16.3614,39.5459],[16.3662,39.5471],[16.3805,39.5466],[16.3834,39.5473],[16.3849,39.5484],[16.3918,39.5635],[16.4032,39.5643],[16.4049,39.5676],[16.4168,39.5701],[16.4238,39.5737],[16.4257,39.5701],[16.4243,39.5673],[16.4304,39.5622],[16.4328,39.5622],[16.4409,39.5691],[16.4436,39.5723],[16.4468,39.5786],[16.4479,39.5788],[16.4508,39.5739],[16.4532,39.5672],[16.46,39.5674],[16.4637,39.5662],[16.4645,39.5638],[16.4685,39.5605],[16.4794,39.5598],[16.4872,39.5602],[16.4932,39.5644],[16.495,39.567],[16.4912,39.5757],[16.4912,39.5792],[16.4965,39.5797],[16.5022,39.5783],[16.4998,39.5754],[16.4995,39.5739],[16.5052,39.5625],[16.5054,39.5521],[16.5072,39.545],[16.5015,39.5321],[16.4973,39.5287],[16.493,39.5268],[16.4864,39.5138],[16.4825,39.5011],[16.4829,39.4993],[16.4859,39.4966],[16.5014,39.4846]]]}},{"type":"Feature","properties":{"i":"078004","n":"Aiello Calabro"},"geometry":{"type":"Polygon","coordinates":[[[16.2062,39.1453],[16.2038,39.1269],[16.203,39.1246],[16.2006,39.1219],[16.2056,39.1161],[16.2106,39.1126],[16.214,39.1076],[16.2113,39.1053],[16.213,39.1034],[16.2139,39.0999],[16.2136,39.0864],[16.215,39.084],[16.2137,39.0825],[16.2068,39.0811],[16.1972,39.0806],[16.1914,39.0769],[16.1882,39.0797],[16.1801,39.0817],[16.1745,39.0862],[16.1709,39.0906],[16.1671,39.0996],[16.168,39.1017],[16.1672,39.1041],[16.1639,39.1063],[16.1505,39.1054],[16.1485,39.1013],[16.1437,39.0964],[16.1359,39.0918],[16.1316,39.092],[16.1319,39.099],[16.1312,39.1029],[16.1243,39.1006],[16.1217,39.0989],[16.1181,39.0939],[16.1166,39.0997],[16.1174,39.103],[16.1164,39.115],[16.1191,39.1214],[16.1251,39.1194],[16.1316,39.1203],[16.1442,39.1188],[16.1467,39.1173],[16.1529,39.1231],[16.16,39.1379],[16.1611,39.1445],[16.1586,39.1456],[16.1584,39.1435],[16.1562,39.147],[16.157,39.1503],[16.1594,39.1533],[16.167,39.1548],[16.1689,39.1495],[16.176,39.1457],[16.1865,39.1446],[16.1993,39.1459],[16.2062,39.1453]]]}},{"type":"Feature","properties":{"i":"078005","n":"Aieta"},"geometry":{"type":"Polygon","coordinates":[[[15.8882,39.9511],[15.8903,39.9426],[15.8868,39.9376],[15.885,39.9215],[15.8746,39.9122],[15.8704,39.9044],[15.8703,39.896],[15.8722,39.8853],[15.8679,39.8725],[15.8636,39.8681],[15.8568,39.8664],[15.8482,39.8655],[15.8466,39.8665],[15.8442,39.8712],[15.8452,39.8728],[15.843,39.8773],[15.8353,39.8813],[15.8364,39.8865],[15.836,39.8872],[15.8302,39.89],[15.8122,39.8954],[15.8095,39.9008],[15.8091,39.9049],[15.796,39.9178],[15.7958,39.924],[15.7935,39.931],[15.7994,39.9313],[15.8128,39.9341],[15.822,39.9413],[15.8266,39.9424],[15.8287,39.9438],[15.8421,39.9542],[15.8524,39.9553],[15.8673,39.9541],[15.8746,39.9517],[15.8817,39.9455],[15.8882,39.9511]]]}},{"type":"Feature","properties":{"i":"078006","n":"Albidona"},"geometry":{"type":"Polygon","coordinates":[[[16.4425,39.9619],[16.4442,39.9601],[16.4506,39.9569],[16.4862,39.9542],[16.494,39.9527],[16.4959,39.9523],[16.5018,39.9482],[16.5131,39.9443],[16.5194,39.9451],[16.5334,39.9408],[16.5528,39.9304],[16.5613,39.9248],[16.5654,39.9212],[16.5723,39.912],[16.5773,39.9073],[16.567,39.9078],[16.5572,39.9041],[16.5539,39.9054],[16.5408,39.9043],[16.518,39.9013],[16.5125,39.9],[16.5012,39.8944],[16.4946,39.8897],[16.4945,39.8875],[16.4909,39.8822],[16.477,39.8772],[16.4519,39.9114],[16.445,39.9224],[16.4319,39.932],[16.4151,39.9407],[16.404,39.948],[16.4054,39.9497],[16.4127,39.9515],[16.417,39.9572],[16.4264,39.961],[16.4425,39.9619]]]}},{"type":"Feature","properties":{"i":"078007","n":"Alessandria del Carretto"},"geometry":{"type":"Polygon","coordinates":[[[16.4335,40.0044],[16.4313,40.0016],[16.4318,39.9995],[16.4469,39.9971],[16.4481,39.9893],[16.4446,39.9871],[16.4392,39.9911],[16.4334,39.9936],[16.433,39.9932],[16.4326,39.9893],[16.4376,39.9801],[16.4369,39.9725],[16.4343,39.9644],[16.4346,39.9615],[16.4264,39.961],[16.417,39.9572],[16.4127,39.9515],[16.4048,39.9494],[16.404,39.948],[16.3967,39.9433],[16.381,39.9343],[16.3711,39.9296],[16.3655,39.9227],[16.3607,39.9196],[16.3477,39.9249],[16.3398,39.9329],[16.3399,39.9373],[16.3469,39.9494],[16.3502,39.9514],[16.3581,39.9541],[16.3621,39.9602],[16.3625,39.9636],[16.3608,39.9664],[16.3673,39.9748],[16.3763,39.9886],[16.3862,39.9987],[16.3966,39.9913],[16.4027,39.9901],[16.4015,39.9906],[16.4032,39.9938],[16.4095,39.9996],[16.4224,40.0041],[16.4292,40.0055],[16.4335,40.0044]]]}},{"type":"Feature","properties":{"i":"078008","n":"Altilia"},"geometry":{"type":"Polygon","coordinates":[[[16.2854,39.1455],[16.2848,39.1392],[16.2794,39.1372],[16.2637,39.1216],[16.2614,39.1133],[16.2578,39.1122],[16.254,39.1087],[16.2522,39.101],[16.2504,39.0994],[16.2454,39.0993],[16.2454,39.1033],[16.2416,39.1064],[16.2396,39.1125],[16.2409,39.1221],[16.2388,39.1322],[16.2454,39.1409],[16.247,39.1417],[16.2496,39.1413],[16.2544,39.1384],[16.2646,39.1443],[16.2824,39.1492],[16.2854,39.1455]]]}},{"type":"Feature","properties":{"i":"078009","n":"Altomonte"},"geometry":{"type":"Polygon","coordinates":[[[16.244,39.7181],[16.2472,39.7182],[16.2533,39.7169],[16.2624,39.7101],[16.2487,39.7085],[16.2434,39.7052],[16.2273,39.6841],[16.2316,39.675],[16.2359,39.6716],[16.2464,39.6744],[16.2524,39.6747],[16.2591,39.6739],[16.2596,39.6725],[16.2573,39.6677],[16.2524,39.6676],[16.2496,39.6662],[16.2478,39.6643],[16.2485,39.6628],[16.2276,39.6628],[16.2117,39.6588],[16.2005,39.6542],[16.1887,39.6514],[16.1834,39.6523],[16.1724,39.6581],[16.1511,39.6587],[16.1473,39.6575],[16.1467,39.6559],[16.1379,39.6535],[16.1235,39.6611],[16.1238,39.6668],[16.122,39.6691],[16.1186,39.6715],[16.1116,39.6715],[16.1087,39.6734],[16.106,39.6783],[16.1098,39.682],[16.1122,39.6825],[16.1007,39.6896],[16.0997,39.6991],[16.1056,39.7046],[16.1126,39.7101],[16.1311,39.7167],[16.1452,39.7104],[16.1512,39.707],[16.1603,39.7002],[16.165,39.6979],[16.1657,39.6985],[16.1657,39.702],[16.1634,39.7075],[16.165,39.7099],[16.1724,39.7081],[16.18,39.7031],[16.201,39.7018],[16.2152,39.7045],[16.2144,39.7069],[16.2131,39.7074],[16.2114,39.7122],[16.2126,39.7172],[16.2224,39.7159],[16.2297,39.7164],[16.241,39.7187],[16.244,39.7181]]]}},{"type":"Feature","properties":{"i":"078010","n":"Amantea"},"geometry":{"type":"Polygon","coordinates":[[[16.1114,39.0838],[16.1099,39.0825],[16.1099,39.0807],[16.1129,39.0763],[16.1169,39.0762],[16.1265,39.078],[16.1284,39.076],[16.1244,39.0698],[16.1257,39.0607],[16.1276,39.0591],[16.1241,39.0588],[16.1114,39.0515],[16.1013,39.049],[16.0961,39.0489],[16.0941,39.0541],[16.0923,39.0563],[16.0822,39.0948],[16.0775,39.106],[16.0678,39.1338],[16.0653,39.1523],[16.0742,39.1532],[16.0836,39.1509],[16.0932,39.1523],[16.0952,39.1517],[16.1009,39.1418],[16.1014,39.1344],[16.1035,39.1256],[16.1066,39.124],[16.1074,39.1184],[16.1055,39.1114],[16.104,39.11],[16.1002,39.1086],[16.0987,39.1061],[16.0953,39.0924],[16.1026,39.0928],[16.1027,39.0948],[16.0993,39.0955],[16.1037,39.0988],[16.1094,39.0953],[16.1112,39.0933],[16.1124,39.0909],[16.1114,39.0838]]]}},{"type":"Feature","properties":{"i":"078011","n":"Amendolara"},"geometry":{"type":"Polygon","coordinates":[[[16.6296,39.9645],[16.6275,39.9588],[16.6211,39.9526],[16.6081,39.9361],[16.583,39.9107],[16.5773,39.9073],[16.5723,39.912],[16.5654,39.9212],[16.5613,39.9248],[16.5366,39.9395],[16.5194,39.9451],[16.5131,39.9443],[16.5018,39.9482],[16.4965,39.9519],[16.4993,39.9552],[16.4992,39.9652],[16.5004,39.9741],[16.4982,39.9809],[16.5035,39.9855],[16.515,39.9916],[16.5273,40.0012],[16.5365,40.0027],[16.5489,39.9988],[16.553,39.9957],[16.5578,39.9904],[16.5603,39.9821],[16.5606,39.9778],[16.5775,39.9748],[16.5946,39.9729],[16.6019,39.9705],[16.6103,39.9658],[16.6153,39.9648],[16.6219,39.964],[16.6296,39.9645]]]}},{"type":"Feature","properties":{"i":"078012","n":"Aprigliano"},"geometry":{"type":"Polygon","coordinates":[[[16.4908,39.241],[16.4976,39.2329],[16.5157,39.2257],[16.5313,39.224],[16.5424,39.2243],[16.5536,39.2254],[16.5664,39.2293],[16.5694,39.2237],[16.5691,39.2163],[16.5715,39.2113],[16.5752,39.208],[16.5806,39.2004],[16.597,39.1939],[16.5995,39.1921],[16.5912,39.1842],[16.5891,39.1846],[16.5863,39.1761],[16.5862,39.1746],[16.5871,39.174],[16.5851,39.1697],[16.5808,39.1678],[16.5722,39.1691],[16.5645,39.1664],[16.5623,39.1628],[16.55,39.1578],[16.5472,39.1546],[16.5456,39.15],[16.5381,39.1467],[16.5353,39.1463],[16.5253,39.1521],[16.5236,39.1613],[16.5269,39.1609],[16.5283,39.1622],[16.5284,39.1724],[16.5258,39.1775],[16.5159,39.1876],[16.5143,39.1903],[16.4966,39.1941],[16.4896,39.1937],[16.4864,39.1919],[16.4845,39.1837],[16.4833,39.1821],[16.4774,39.1816],[16.4657,39.1844],[16.4573,39.1898],[16.451,39.1958],[16.4468,39.1982],[16.4436,39.2021],[16.4241,39.2154],[16.4177,39.2185],[16.4005,39.2169],[16.3901,39.2141],[16.3801,39.2163],[16.3627,39.2167],[16.3445,39.2206],[16.3412,39.2227],[16.3401,39.2267],[16.3346,39.2313],[16.3264,39.2361],[16.3138,39.2412],[16.3112,39.2435],[16.3152,39.2508],[16.3305,39.2557],[16.3371,39.2545],[16.352,39.2489],[16.3665,39.2485],[16.3829,39.2569],[16.3913,39.263],[16.4036,39.2682],[16.41,39.2746],[16.4146,39.2769],[16.4177,39.2765],[16.4241,39.2712],[16.4254,39.2687],[16.4253,39.2637],[16.4283,39.2583],[16.4436,39.2494],[16.4512,39.2438],[16.4577,39.2419],[16.4779,39.2392],[16.4844,39.2354],[16.4908,39.241]]]}},{"type":"Feature","properties":{"i":"078013","n":"Belmonte Calabro"},"geometry":{"type":"Polygon","coordinates":[[[16.1086,39.1512],[16.0977,39.1474],[16.0952,39.1517],[16.0936,39.1523],[16.0836,39.1509],[16.0742,39.1532],[16.0653,39.1523],[16.0631,39.1598],[16.0628,39.184],[16.0758,39.1855],[16.099,39.1899],[16.1112,39.193],[16.122,39.2026],[16.1286,39.2121],[16.1323,39.2078],[16.133,39.2053],[16.1325,39.2004],[16.1301,39.1999],[16.128,39.1969],[16.1262,39.1882],[16.1291,39.1742],[16.1282,39.1697],[16.1224,39.1623],[16.1117,39.1571],[16.109,39.1532],[16.1086,39.1512]]]}},{"type":"Feature","properties":{"i":"078014","n":"Belsito"},"geometry":{"type":"Polygon","coordinates":[[[16.2991,39.1923],[16.2945,39.188],[16.294,39.1846],[16.2965,39.1746],[16.2965,39.1676],[16.293,39.1563],[16.2944,39.1553],[16.2854,39.1455],[16.28,39.1522],[16.2667,39.1592],[16.2652,39.1614],[16.2646,39.1649],[16.2658,39.1812],[16.2668,39.1849],[16.2706,39.1901],[16.2751,39.1889],[16.2797,39.1896],[16.2829,39.1912],[16.2848,39.1949],[16.284,39.1969],[16.2817,39.1992],[16.283,39.2],[16.29,39.1977],[16.2991,39.1923]]]}},{"type":"Feature","properties":{"i":"078015","n":"Belvedere Marittimo"},"geometry":{"type":"Polygon","coordinates":[[[15.9204,39.6596],[15.9193,39.6542],[15.9219,39.6476],[15.9211,39.6437],[15.9193,39.6418],[15.9166,39.6408],[15.9057,39.6411],[15.9042,39.6422],[15.8981,39.639],[15.8966,39.6275],[15.8858,39.6147],[15.8821,39.6044],[15.879,39.5992],[15.8762,39.5959],[15.8736,39.5943],[15.8683,39.5957],[15.8606,39.5935],[15.8513,39.6186],[15.8461,39.624],[15.8443,39.6277],[15.8383,39.6498],[15.8318,39.6678],[15.8386,39.6718],[15.8524,39.6725],[15.8615,39.6697],[15.8691,39.6644],[15.8742,39.6622],[15.8904,39.6606],[15.8997,39.6621],[15.9102,39.6665],[15.9147,39.6656],[15.9204,39.6596]]]}},{"type":"Feature","properties":{"i":"078016","n":"Bianchi"},"geometry":{"type":"MultiPolygon","coordinates":[[[[16.4472,39.0617],[16.4435,39.0689],[16.45,39.0694],[16.457,39.0664],[16.4472,39.0617]]],[[[16.4555,39.1359],[16.4565,39.1284],[16.4593,39.1196],[16.4643,39.1154],[16.4783,39.1082],[16.4777,39.1004],[16.4761,39.0932],[16.475,39.0916],[16.4718,39.0948],[16.4676,39.0953],[16.4627,39.0932],[16.4607,39.0934],[16.4594,39.0965],[16.4595,39.1063],[16.457,39.1075],[16.4464,39.1029],[16.4375,39.0882],[16.436,39.0829],[16.436,39.08],[16.4393,39.0723],[16.4405,39.0704],[16.4425,39.0696],[16.4416,39.0674],[16.4388,39.0634],[16.4346,39.0609],[16.4257,39.0608],[16.4119,39.0734],[16.4119,39.0749],[16.406,39.0832],[16.3985,39.0875],[16.3954,39.0913],[16.3934,39.0957],[16.3937,39.104],[16.4,39.1059],[16.4014,39.1072],[16.412,39.1221],[16.4142,39.1281],[16.4191,39.1311],[16.422,39.1312],[16.4329,39.135],[16.4426,39.1418],[16.4486,39.1398],[16.4555,39.1359]]]]}},{"type":"Feature","properties":{"i":"078017","n":"Bisignano"},"geometry":{"type":"Polygon","coordinates":[[[16.355,39.5396],[16.354,39.5302],[16.3492,39.5196],[16.3308,39.5016],[16.3196,39.4991],[16.3054,39.4943],[16.2917,39.4816],[16.2871,39.4787],[16.2851,39.478],[16.2133,39.481],[16.2116,39.4849],[16.2108,39.4905],[16.2109,39.5041],[16.2162,39.5097],[16.2174,39.5147],[16.215,39.5253],[16.2153,39.5267],[16.2216,39.5354],[16.2236,39.5413],[16.2344,39.5617],[16.2396,39.5737],[16.2537,39.5739],[16.2613,39.5717],[16.2734,39.5726],[16.2848,39.5719],[16.2859,39.57],[16.2854,39.5639],[16.2861,39.5559],[16.2886,39.5511],[16.2931,39.5457],[16.3119,39.5415],[16.3181,39.5375],[16.3272,39.538],[16.3346,39.5401],[16.3448,39.5406],[16.355,39.5396]]]}},{"type":"Feature","properties":{"i":"078018","n":"Bocchigliero"},"geometry":{"type":"Polygon","coordinates":[[[16.737,39.3613],[16.7344,39.3617],[16.7317,39.3604],[16.7306,39.3575],[16.7333,39.3557],[16.7333,39.3544],[16.7313,39.3513],[16.7293,39.3502],[16.7244,39.3504],[16.7202,39.3523],[16.7189,39.3543],[16.7167,39.3551],[16.712,39.3556],[16.7049,39.3546],[16.7049,39.3471],[16.7078,39.3403],[16.7087,39.3351],[16.7077,39.331],[16.7051,39.3266],[16.7063,39.3229],[16.6944,39.3306],[16.6893,39.3373],[16.6853,39.3444],[16.676,39.3535],[16.6732,39.3572],[16.6719,39.3615],[16.6649,39.3622],[16.6616,39.3607],[16.6563,39.3625],[16.6556,39.3637],[16.6608,39.3667],[16.6631,39.3717],[16.6624,39.3729],[16.661,39.3731],[16.6569,39.3706],[16.6525,39.3743],[16.6649,39.3909],[16.6661,39.401],[16.6696,39.4027],[16.6739,39.4036],[16.6762,39.4032],[16.6812,39.3994],[16.6847,39.4002],[16.688,39.4031],[16.6917,39.4126],[16.6905,39.4307],[16.6968,39.4354],[16.6998,39.4361],[16.7072,39.4492],[16.71,39.4496],[16.7158,39.4452],[16.722,39.4462],[16.7354,39.4514],[16.7424,39.4524],[16.7581,39.457],[16.7743,39.4647],[16.7756,39.4635],[16.7762,39.4599],[16.7761,39.4488],[16.7824,39.4427],[16.7911,39.4393],[16.7958,39.4304],[16.7929,39.4191],[16.7881,39.4129],[16.7824,39.4074],[16.7816,39.4054],[16.7847,39.387],[16.7828,39.3765],[16.7808,39.3737],[16.771,39.3732],[16.7495,39.3698],[16.7362,39.365],[16.7351,39.3633],[16.737,39.3613]]]}},{"type":"Feature","properties":{"i":"078019","n":"Bonifati"},"geometry":{"type":"Polygon","coordinates":[[[15.9555,39.5978],[15.9649,39.5814],[15.9681,39.5806],[15.9815,39.5796],[15.9932,39.5757],[15.988,39.573],[15.9768,39.5712],[15.9689,39.569],[15.9671,39.5682],[15.9667,39.5668],[15.9531,39.5696],[15.9425,39.5694],[15.9177,39.5602],[15.905,39.5521],[15.9012,39.5482],[15.8901,39.5405],[15.8857,39.5417],[15.8813,39.545],[15.874,39.5546],[15.8674,39.5757],[15.8656,39.5775],[15.8697,39.5788],[15.8727,39.5822],[15.8729,39.5844],[15.8791,39.5888],[15.8868,39.5917],[15.9103,39.595],[15.9204,39.5949],[15.925,39.5941],[15.9263,39.592],[15.9277,39.5913],[15.9335,39.5903],[15.9384,39.5921],[15.9446,39.5968],[15.9522,39.5956],[15.9555,39.5978]]]}},{"type":"Feature","properties":{"i":"078020","n":"Buonvicino"},"geometry":{"type":"Polygon","coordinates":[[[15.9226,39.6961],[15.9279,39.6912],[15.9408,39.6839],[15.9488,39.6806],[15.9445,39.6776],[15.9414,39.6717],[15.94,39.6641],[15.9403,39.6618],[15.9333,39.6593],[15.9224,39.659],[15.9204,39.6596],[15.9147,39.6656],[15.9096,39.6665],[15.8997,39.6621],[15.8904,39.6606],[15.8742,39.6622],[15.8691,39.6644],[15.8615,39.6697],[15.8524,39.6725],[15.8386,39.6718],[15.8351,39.6738],[15.8325,39.6818],[15.8483,39.6828],[15.849,39.6888],[15.8485,39.6905],[15.8499,39.6926],[15.8535,39.6943],[15.8635,39.6953],[15.8734,39.6975],[15.8892,39.7041],[15.9177,39.694],[15.9226,39.6961]]]}},{"type":"Feature","properties":{"i":"078021","n":"Calopezzati"},"geometry":{"type":"Polygon","coordinates":[[[16.8334,39.5614],[16.8222,39.55],[16.8104,39.5414],[16.8089,39.5396],[16.8084,39.5366],[16.7905,39.5341],[16.787,39.5374],[16.7835,39.5394],[16.7749,39.5412],[16.7644,39.5427],[16.7557,39.54],[16.7505,39.5401],[16.753,39.5518],[16.7527,39.5553],[16.7446,39.5586],[16.7441,39.5638],[16.7474,39.5666],[16.7496,39.5671],[16.7513,39.5702],[16.7577,39.5708],[16.7553,39.5585],[16.7677,39.556],[16.7774,39.5587],[16.7907,39.5713],[16.8021,39.5806],[16.8144,39.5857],[16.8177,39.5881],[16.8234,39.5731],[16.8261,39.5689],[16.8334,39.5614]]]}},{"type":"Feature","properties":{"i":"078022","n":"Caloveto"},"geometry":{"type":"Polygon","coordinates":[[[16.7905,39.5341],[16.7955,39.5281],[16.7905,39.5003],[16.7586,39.4791],[16.7549,39.4816],[16.754,39.4839],[16.7498,39.4845],[16.7378,39.4939],[16.7403,39.497],[16.7369,39.5013],[16.7367,39.5061],[16.7485,39.529],[16.7505,39.5401],[16.7557,39.54],[16.7644,39.5427],[16.7749,39.5412],[16.7835,39.5394],[16.787,39.5374],[16.7905,39.5341]]]}},{"type":"Feature","properties":{"i":"078023","n":"Campana"},"geometry":{"type":"Polygon","coordinates":[[[16.8148,39.456],[16.8191,39.4552],[16.8381,39.4489],[16.8372,39.4469],[16.8372,39.4443],[16.838,39.4427],[16.8668,39.4359],[16.857,39.4248],[16.8572,39.4235],[16.8617,39.421],[16.8644,39.4204],[16.869,39.4212],[16.8715,39.4267],[16.876,39.4284],[16.8908,39.4203],[16.8908,39.4123],[16.892,39.4107],[16.8947,39.4089],[16.901,39.4106],[16.9007,39.4075],[16.9017,39.4048],[16.9089,39.3981],[16.9149,39.396],[16.9152,39.3864],[16.913,39.3831],[16.9059,39.3811],[16.8904,39.3742],[16.8797,39.3734],[16.8681,39.3568],[16.8566,39.3588],[16.8468,39.3555],[16.843,39.3534],[16.8404,39.3497],[16.8397,39.3408],[16.834,39.3454],[16.8254,39.3459],[16.7989,39.3511],[16.7944,39.3525],[16.7895,39.351],[16.7892,39.35],[16.7903,39.3489],[16.7867,39.349],[16.7805,39.3476],[16.7736,39.3479],[16.7723,39.3489],[16.771,39.3531],[16.7681,39.3572],[16.7642,39.3616],[16.7628,39.3622],[16.7591,39.3618],[16.7557,39.358],[16.7457,39.3579],[16.7356,39.3625],[16.7351,39.3638],[16.7362,39.365],[16.7495,39.3698],[16.771,39.3732],[16.7808,39.3737],[16.7828,39.3765],[16.7847,39.387],[16.7816,39.4054],[16.7824,39.4074],[16.7881,39.4129],[16.7929,39.4191],[16.7958,39.4304],[16.7911,39.4393],[16.7824,39.4427],[16.7761,39.4488],[16.7762,39.4599],[16.7756,39.4635],[16.7743,39.4647],[16.7802,39.4684],[16.7822,39.4665],[16.7935,39.4676],[16.8017,39.4604],[16.806,39.4579],[16.813,39.4553],[16.8148,39.456]]]}},{"type":"Feature","properties":{"i":"078024","n":"Canna"},"geometry":{"type":"Polygon","coordinates":[[[16.53,40.1181],[16.5319,40.1112],[16.5267,40.1047],[16.531,40.0945],[16.5345,40.0834],[16.5373,40.0777],[16.5303,40.0747],[16.5247,40.0619],[16.5198,40.0634],[16.5152,40.063],[16.5044,40.0656],[16.5035,40.0699],[16.4959,40.0716],[16.4825,40.0691],[16.4773,40.071],[16.4818,40.075],[16.4822,40.0773],[16.4894,40.0871],[16.5013,40.1098],[16.5009,40.1121],[16.505,40.1159],[16.5115,40.1196],[16.5166,40.1237],[16.515,40.1287],[16.5184,40.1283],[16.53,40.1181]]]}},{"type":"Feature","properties":{"i":"078025","n":"Cariati"},"geometry":{"type":"Polygon","coordinates":[[[17.0237,39.4824],[17.0193,39.4777],[17.0071,39.4694],[17.0015,39.4628],[16.9893,39.4656],[16.9685,39.4729],[16.9597,39.4802],[16.9538,39.4832],[16.9503,39.4836],[16.9455,39.4816],[16.9437,39.4798],[16.9336,39.4765],[16.9137,39.4722],[16.9135,39.4701],[16.9113,39.4685],[16.9085,39.47],[16.9087,39.4739],[16.903,39.4895],[16.9031,39.4986],[16.9009,39.5036],[16.9007,39.5085],[16.9032,39.5115],[16.9064,39.5126],[16.9107,39.5156],[16.9122,39.5179],[16.9423,39.5068],[16.9399,39.5063],[16.9442,39.5016],[16.9622,39.495],[16.9767,39.4916],[17.0141,39.4869],[17.0237,39.4824]]]}},{"type":"Feature","properties":{"i":"078026","n":"Carolei"},"geometry":{"type":"Polygon","coordinates":[[[16.2354,39.2868],[16.2337,39.2812],[16.2333,39.2734],[16.2352,39.2622],[16.2331,39.2588],[16.2294,39.2562],[16.226,39.252],[16.2231,39.2466],[16.2213,39.2376],[16.2129,39.2348],[16.2072,39.2299],[16.2017,39.229],[16.1978,39.2296],[16.1943,39.228],[16.1913,39.2243],[16.1919,39.2216],[16.189,39.2183],[16.182,39.2183],[16.1789,39.2192],[16.1775,39.2254],[16.1836,39.2356],[16.1907,39.2436],[16.195,39.2471],[16.2019,39.2498],[16.2038,39.2527],[16.2047,39.2556],[16.204,39.2583],[16.2025,39.2604],[16.2023,39.2625],[16.2044,39.2663],[16.2114,39.2739],[16.2261,39.2852],[16.2312,39.2868],[16.2354,39.2868]]]}},{"type":"Feature","properties":{"i":"078027","n":"Carpanzano"},"geometry":{"type":"Polygon","coordinates":[[[16.3773,39.1415],[16.3708,39.1367],[16.3674,39.1378],[16.353,39.1387],[16.3459,39.1348],[16.3411,39.1349],[16.3376,39.1369],[16.3306,39.1384],[16.314,39.1382],[16.3056,39.139],[16.2942,39.1374],[16.2869,39.1382],[16.2848,39.1392],[16.2854,39.1455],[16.2933,39.1542],[16.2944,39.1553],[16.305,39.1595],[16.3144,39.1566],[16.3241,39.1552],[16.3392,39.1567],[16.347,39.1565],[16.3584,39.1524],[16.3685,39.1443],[16.3773,39.1415]]]}},{"type":"Feature","properties":{"i":"078029","n":"Cassano all'Ionio"},"geometry":{"type":"Polygon","coordinates":[[[16.3677,39.802],[16.3803,39.7998],[16.3974,39.7879],[16.4024,39.781],[16.4048,39.775],[16.4097,39.7691],[16.4171,39.7633],[16.4178,39.7633],[16.4221,39.7741],[16.4238,39.7757],[16.441,39.7734],[16.4444,39.7817],[16.4501,39.7879],[16.4522,39.7893],[16.4532,39.788],[16.4575,39.786],[16.4654,39.7833],[16.4695,39.7837],[16.4724,39.7818],[16.4763,39.7812],[16.4861,39.7822],[16.488,39.7656],[16.4904,39.7558],[16.4922,39.7515],[16.4961,39.7455],[16.506,39.7361],[16.5147,39.7332],[16.5294,39.7244],[16.5248,39.7189],[16.5137,39.7134],[16.4991,39.7114],[16.4866,39.7135],[16.4813,39.7132],[16.467,39.708],[16.4608,39.7043],[16.4577,39.7008],[16.4505,39.6997],[16.4494,39.7],[16.4416,39.7081],[16.43,39.7115],[16.4242,39.7121],[16.4128,39.7087],[16.4052,39.7076],[16.3939,39.7087],[16.3877,39.7109],[16.3778,39.7124],[16.3696,39.7159],[16.3655,39.7167],[16.364,39.7163],[16.3619,39.7138],[16.3617,39.7103],[16.36,39.7112],[16.3409,39.7133],[16.3361,39.7148],[16.3275,39.72],[16.3181,39.721],[16.3159,39.7187],[16.3112,39.7169],[16.3071,39.7169],[16.2959,39.7206],[16.2985,39.7277],[16.2996,39.735],[16.2999,39.7468],[16.2978,39.7512],[16.2928,39.7557],[16.2846,39.7678],[16.2855,39.7746],[16.2908,39.7812],[16.2837,39.7973],[16.2869,39.8102],[16.2898,39.8104],[16.2904,39.814],[16.2925,39.8174],[16.2983,39.8168],[16.3087,39.8121],[16.3227,39.8071],[16.3283,39.802],[16.3293,39.8001],[16.3289,39.7984],[16.3315,39.7965],[16.351,39.7993],[16.3554,39.7993],[16.3584,39.7977],[16.3605,39.7952],[16.3642,39.7954],[16.368,39.7982],[16.3677,39.802]]]}},{"type":"Feature","properties":{"i":"078030","n":"Castiglione Cosentino"},"geometry":{"type":"Polygon","coordinates":[[[16.3126,39.3744],[16.3126,39.3735],[16.3099,39.3709],[16.3073,39.3703],[16.3084,39.3629],[16.3104,39.3604],[16.31,39.3569],[16.3028,39.3533],[16.2958,39.3516],[16.2944,39.3473],[16.2975,39.3444],[16.2777,39.345],[16.2597,39.3539],[16.2591,39.3549],[16.2593,39.359],[16.262,39.3667],[16.2595,39.3741],[16.2567,39.3797],[16.2649,39.38],[16.2788,39.3787],[16.2928,39.3788],[16.3028,39.3773],[16.3126,39.3744]]]}},{"type":"Feature","properties":{"i":"078031","n":"Castrolibero"},"geometry":{"type":"Polygon","coordinates":[[[16.2334,39.3125],[16.2281,39.3114],[16.2227,39.3047],[16.2133,39.2993],[16.2111,39.2962],[16.2049,39.2925],[16.1923,39.2897],[16.1865,39.2986],[16.1845,39.3056],[16.1855,39.3068],[16.1852,39.3083],[16.1847,39.31],[16.1834,39.3108],[16.1859,39.317],[16.1891,39.3197],[16.1912,39.324],[16.1959,39.3261],[16.2186,39.3256],[16.2308,39.3189],[16.2334,39.3125]]]}},{"type":"Feature","properties":{"i":"078032","n":"Castroregio"},"geometry":{"type":"MultiPolygon","coordinates":[[[[16.515,39.9916],[16.5035,39.9855],[16.4982,39.9809],[16.5004,39.9741],[16.4992,39.9652],[16.4993,39.9552],[16.4965,39.9519],[16.4862,39.9542],[16.4506,39.9569],[16.4442,39.9601],[16.4425,39.9619],[16.4448,39.9636],[16.4478,39.9697],[16.4446,39.9757],[16.4343,39.9903],[16.4334,39.9936],[16.4392,39.9911],[16.4442,39.9873],[16.4454,39.9873],[16.4481,39.9893],[16.4469,39.997],[16.4438,39.9975],[16.4466,39.9977],[16.4503,39.9963],[16.4554,39.9962],[16.4631,39.9998],[16.4667,40.0042],[16.4682,40.0088],[16.4768,40.0118],[16.4856,40.0126],[16.4915,40.0112],[16.4998,40.0044],[16.5044,39.9982],[16.515,39.9916]]],[[[16.4335,40.0044],[16.4292,40.0055],[16.4224,40.0041],[16.4095,39.9996],[16.4032,39.9938],[16.4015,39.9906],[16.4027,39.9901],[16.3966,39.9913],[16.3862,39.9987],[16.3906,40.0027],[16.3985,40.0173],[16.3964,40.0258],[16.394,40.0309],[16.3932,40.0407],[16.3949,40.0504],[16.3988,40.0554],[16.4029,40.0539],[16.4038,40.0527],[16.4041,40.0495],[16.4033,40.0481],[16.4147,40.0258],[16.4172,40.0225],[16.4189,40.021],[16.4241,40.0192],[16.4298,40.0185],[16.4366,40.0197],[16.4403,40.0136],[16.4335,40.0044]]]]}},{"type":"Feature","properties":{"i":"078033","n":"Castrovillari"},"geometry":{"type":"Polygon","coordinates":[[[16.2403,39.9078],[16.2442,39.9],[16.2504,39.8957],[16.254,39.8961],[16.2637,39.8999],[16.2699,39.8919],[16.2487,39.8776],[16.2584,39.8628],[16.2581,39.8612],[16.2535,39.858],[16.2522,39.8543],[16.2517,39.8497],[16.2524,39.8467],[16.2558,39.841],[16.2563,39.8355],[16.2558,39.8316],[16.254,39.8295],[16.2543,39.8229],[16.2617,39.8175],[16.2718,39.8157],[16.2776,39.8156],[16.2851,39.8129],[16.2869,39.8102],[16.2837,39.7973],[16.2908,39.7812],[16.2855,39.7746],[16.2846,39.7678],[16.2928,39.7557],[16.2978,39.7512],[16.2999,39.7468],[16.2996,39.735],[16.2985,39.7277],[16.2957,39.7212],[16.2962,39.7203],[16.2986,39.7197],[16.2853,39.7193],[16.2826,39.7183],[16.2797,39.716],[16.2794,39.7135],[16.2802,39.711],[16.2624,39.7101],[16.2533,39.7169],[16.2472,39.7182],[16.244,39.7181],[16.2437,39.7216],[16.2319,39.7396],[16.2308,39.7489],[16.2276,39.7531],[16.2246,39.7563],[16.2073,39.7638],[16.2038,39.7662],[16.2201,39.7762],[16.2207,39.7826],[16.2183,39.794],[16.2137,39.8005],[16.2092,39.8043],[16.2053,39.8057],[16.1881,39.8073],[16.1834,39.8107],[16.174,39.8204],[16.1819,39.8302],[16.1823,39.8334],[16.1828,39.8428],[16.182,39.8532],[16.1791,39.8582],[16.1757,39.8617],[16.1754,39.8631],[16.1761,39.8665],[16.1781,39.8704],[16.1836,39.8758],[16.1839,39.8806],[16.1823,39.8826],[16.178,39.8924],[16.1802,39.9012],[16.18,39.9032],[16.183,39.9059],[16.1877,39.9083],[16.192,39.9048],[16.1998,39.9005],[16.2147,39.896],[16.216,39.8937],[16.2197,39.8933],[16.2336,39.9005],[16.2306,39.9065],[16.2337,39.9078],[16.2403,39.9078]]]}},{"type":"Feature","properties":{"i":"078034","n":"Celico"},"geometry":{"type":"Polygon","coordinates":[[[16.5203,39.4175],[16.5194,39.4151],[16.5197,39.4116],[16.5215,39.4075],[16.529,39.4047],[16.5332,39.4039],[16.5362,39.4015],[16.5386,39.3966],[16.5386,39.3945],[16.5373,39.3912],[16.5356,39.3899],[16.526,39.385],[16.4974,39.3743],[16.478,39.365],[16.4726,39.3632],[16.4668,39.3631],[16.4458,39.3578],[16.4319,39.354],[16.425,39.3506],[16.4257,39.3476],[16.4219,39.3429],[16.4182,39.3422],[16.4117,39.3375],[16.402,39.3285],[16.3963,39.3217],[16.3886,39.3171],[16.3852,39.3157],[16.3684,39.3157],[16.3635,39.315],[16.3602,39.3136],[16.3566,39.3102],[16.3486,39.3055],[16.3426,39.3038],[16.3405,39.3054],[16.3321,39.3015],[16.3285,39.2968],[16.3243,39.2968],[16.3139,39.2949],[16.3086,39.2917],[16.3101,39.2953],[16.3121,39.2971],[16.3255,39.303],[16.3386,39.322],[16.3498,39.3287],[16.3556,39.3311],[16.366,39.3323],[16.3698,39.334],[16.3744,39.3309],[16.3865,39.329],[16.3938,39.3307],[16.3965,39.3332],[16.3974,39.3347],[16.3993,39.3442],[16.4111,39.3662],[16.4037,39.3773],[16.4027,39.3846],[16.4048,39.3938],[16.3959,39.4019],[16.3855,39.4168],[16.388,39.4185],[16.3946,39.4161],[16.4015,39.4149],[16.4139,39.4205],[16.4181,39.4245],[16.422,39.4297],[16.4281,39.4419],[16.4289,39.4485],[16.4343,39.4514],[16.4441,39.4493],[16.4532,39.4465],[16.4659,39.4397],[16.4872,39.4318],[16.5018,39.429],[16.5102,39.4283],[16.5135,39.4261],[16.5183,39.4184],[16.5203,39.4175]]]}},{"type":"Feature","properties":{"i":"078035","n":"Cellara"},"geometry":{"type":"Polygon","coordinates":[[[16.3901,39.2141],[16.3846,39.2099],[16.3712,39.2112],[16.3552,39.207],[16.3211,39.2129],[16.3221,39.2182],[16.3264,39.2215],[16.3295,39.2225],[16.3385,39.2215],[16.3412,39.2227],[16.3445,39.2206],[16.3627,39.2167],[16.3801,39.2163],[16.3901,39.2141]]]}},{"type":"Feature","properties":{"i":"078036","n":"Cerchiara di Calabria"},"geometry":{"type":"MultiPolygon","coordinates":[[[[16.2362,39.9254],[16.2425,39.9228],[16.2452,39.9201],[16.2416,39.9145],[16.2402,39.9109],[16.2403,39.9078],[16.2337,39.9078],[16.2306,39.9065],[16.2336,39.9005],[16.2197,39.8933],[16.216,39.8937],[16.2147,39.896],[16.2186,39.9092],[16.2194,39.9176],[16.2141,39.9264],[16.2168,39.928],[16.2188,39.9282],[16.2302,39.9249],[16.2336,39.9247],[16.2362,39.9254]]],[[[16.3607,39.9196],[16.3695,39.9066],[16.3822,39.9012],[16.3866,39.8972],[16.3864,39.8962],[16.3995,39.8875],[16.4105,39.8821],[16.4153,39.881],[16.4194,39.8789],[16.4302,39.8687],[16.4424,39.8543],[16.4461,39.846],[16.4507,39.8399],[16.4517,39.8366],[16.4493,39.8329],[16.4414,39.8269],[16.441,39.826],[16.4419,39.8202],[16.448,39.8172],[16.4539,39.8078],[16.4519,39.8085],[16.4505,39.8081],[16.4467,39.8028],[16.4513,39.7988],[16.4623,39.7933],[16.466,39.7894],[16.4658,39.7884],[16.4695,39.7837],[16.4649,39.7835],[16.4532,39.788],[16.4414,39.7969],[16.4156,39.8042],[16.4077,39.8116],[16.3932,39.8189],[16.3821,39.8205],[16.3764,39.82],[16.3692,39.8245],[16.3563,39.8306],[16.3496,39.8364],[16.3429,39.8442],[16.3196,39.8503],[16.3156,39.8502],[16.3168,39.8507],[16.317,39.8529],[16.318,39.8688],[16.3169,39.8695],[16.3184,39.8712],[16.3281,39.8737],[16.338,39.8732],[16.3494,39.8661],[16.3535,39.8652],[16.3581,39.8685],[16.3582,39.87],[16.3552,39.8771],[16.3519,39.8784],[16.3516,39.8827],[16.3538,39.8891],[16.3569,39.8949],[16.3597,39.8954],[16.3625,39.8974],[16.3642,39.8995],[16.3651,39.903],[16.364,39.9144],[16.3593,39.9171],[16.3597,39.9196],[16.3607,39.9196]]]]}},{"type":"Feature","properties":{"i":"078037","n":"Cerisano"},"geometry":{"type":"Polygon","coordinates":[[[16.1923,39.2897],[16.203,39.2918],[16.201,39.2886],[16.1926,39.2794],[16.1843,39.2729],[16.1705,39.2705],[16.1606,39.2659],[16.1587,39.2646],[16.1573,39.262],[16.1518,39.259],[16.1484,39.2591],[16.1469,39.2605],[16.138,39.2644],[16.1368,39.2639],[16.1291,39.2649],[16.1288,39.2705],[16.1267,39.2732],[16.1298,39.2745],[16.1351,39.2786],[16.1416,39.2863],[16.1391,39.2909],[16.1394,39.2943],[16.1405,39.2961],[16.1449,39.298],[16.1737,39.2928],[16.1862,39.2892],[16.1923,39.2897]]]}},{"type":"Feature","properties":{"i":"078038","n":"Cervicati"},"geometry":{"type":"MultiPolygon","coordinates":[[[[16.1895,39.5438],[16.1816,39.5405],[16.1742,39.5403],[16.1577,39.5346],[16.1494,39.5329],[16.1347,39.5329],[16.126,39.535],[16.1218,39.5394],[16.1165,39.5422],[16.1197,39.5476],[16.1222,39.5488],[16.1415,39.5497],[16.1452,39.5486],[16.1616,39.5499],[16.1644,39.5501],[16.1653,39.5524],[16.1668,39.5522],[16.1679,39.5509],[16.1668,39.5486],[16.171,39.5468],[16.1788,39.5448],[16.1895,39.5438]]],[[[16.227,39.5651],[16.2223,39.564],[16.2164,39.5569],[16.2132,39.5583],[16.1943,39.5615],[16.1869,39.5577],[16.181,39.5569],[16.1697,39.5588],[16.1643,39.5577],[16.1638,39.5588],[16.1663,39.56],[16.1825,39.5633],[16.1965,39.5681],[16.2191,39.5724],[16.227,39.5651]]]]}},{"type":"Feature","properties":{"i":"078039","n":"Cerzeto"},"geometry":{"type":"Polygon","coordinates":[[[16.2216,39.5354],[16.22,39.5326],[16.2164,39.5333],[16.2094,39.5329],[16.1993,39.5313],[16.1747,39.5245],[16.1607,39.5218],[16.1457,39.521],[16.1409,39.5194],[16.1359,39.5164],[16.132,39.5125],[16.1301,39.5085],[16.1254,39.502],[16.1209,39.4975],[16.1209,39.4959],[16.1197,39.4949],[16.1109,39.493],[16.1016,39.4939],[16.0911,39.493],[16.0864,39.4907],[16.0836,39.4884],[16.0782,39.4829],[16.076,39.4786],[16.0734,39.4617],[16.0711,39.4582],[16.0702,39.4585],[16.0651,39.473],[16.0648,39.4761],[16.0619,39.4823],[16.0646,39.4846],[16.0684,39.4899],[16.0708,39.5046],[16.0739,39.5083],[16.0778,39.511],[16.0791,39.5115],[16.0831,39.5107],[16.0921,39.516],[16.101,39.5186],[16.1405,39.521],[16.1477,39.5232],[16.1539,39.5264],[16.1537,39.5287],[16.1601,39.5321],[16.1735,39.5321],[16.1819,39.5308],[16.1876,39.5363],[16.1857,39.5377],[16.1805,39.5377],[16.1816,39.5405],[16.1895,39.5438],[16.1901,39.5453],[16.1962,39.547],[16.2041,39.547],[16.2045,39.5465],[16.2035,39.542],[16.1985,39.5407],[16.1971,39.5382],[16.1974,39.5333],[16.2077,39.5333],[16.2216,39.5354]]]}},{"type":"Feature","properties":{"i":"078040","n":"Cetraro"},"geometry":{"type":"Polygon","coordinates":[[[16.0092,39.5659],[16.0163,39.5624],[16.0194,39.5564],[16.0209,39.5505],[16.0199,39.5429],[16.0254,39.5268],[16.0239,39.5204],[16.0072,39.51],[16.0028,39.5093],[15.9986,39.5066],[15.996,39.504],[15.9931,39.4977],[15.9872,39.4953],[15.9836,39.498],[15.9811,39.4986],[15.9743,39.4982],[15.962,39.4951],[15.9592,39.4969],[15.9548,39.498],[15.9491,39.4967],[15.9252,39.5265],[15.9196,39.5291],[15.918,39.529],[15.8991,39.5378],[15.8921,39.5392],[15.8901,39.5405],[15.9012,39.5482],[15.905,39.5521],[15.9177,39.5602],[15.9425,39.5694],[15.9531,39.5696],[15.9667,39.5668],[15.9671,39.5682],[15.9689,39.569],[15.9768,39.5712],[15.988,39.573],[15.9936,39.5758],[16.0077,39.568],[16.0092,39.5659]]]}},{"type":"Feature","properties":{"i":"078041","n":"Civita"},"geometry":{"type":"Polygon","coordinates":[[[16.3169,39.8695],[16.318,39.8688],[16.317,39.8529],[16.3168,39.8507],[16.3156,39.8502],[16.3184,39.8435],[16.3191,39.8385],[16.3254,39.8371],[16.3252,39.8384],[16.3266,39.8396],[16.3316,39.8342],[16.3329,39.8295],[16.3327,39.8263],[16.331,39.8252],[16.3295,39.8226],[16.3313,39.8185],[16.343,39.8066],[16.3591,39.8044],[16.3677,39.802],[16.368,39.7982],[16.3649,39.7957],[16.3605,39.7952],[16.3584,39.7977],[16.3554,39.7993],[16.351,39.7993],[16.3315,39.7965],[16.3289,39.7984],[16.3293,39.8001],[16.3283,39.802],[16.3227,39.8071],[16.3087,39.8121],[16.2983,39.8168],[16.2936,39.8177],[16.3021,39.8237],[16.2949,39.8353],[16.2967,39.844],[16.2973,39.8521],[16.3024,39.8613],[16.2997,39.8696],[16.2916,39.8791],[16.2699,39.8919],[16.2637,39.8999],[16.276,39.9042],[16.2842,39.9047],[16.2979,39.8958],[16.3023,39.8919],[16.3152,39.8907],[16.319,39.8873],[16.3169,39.8695]]]}},{"type":"Feature","properties":{"i":"078042","n":"Cleto"},"geometry":{"type":"Polygon","coordinates":[[[16.1914,39.0769],[16.1822,39.0697],[16.1521,39.0589],[16.1481,39.0563],[16.1437,39.0491],[16.1347,39.0491],[16.1298,39.0526],[16.128,39.0557],[16.1276,39.0591],[16.1257,39.0607],[16.1244,39.0684],[16.1251,39.0716],[16.1284,39.076],[16.1291,39.0734],[16.1306,39.0717],[16.1377,39.077],[16.1356,39.0791],[16.136,39.0878],[16.138,39.0928],[16.1437,39.0964],[16.1485,39.1013],[16.1505,39.1054],[16.1639,39.1063],[16.1672,39.1041],[16.168,39.1017],[16.1671,39.0996],[16.1685,39.0956],[16.1709,39.0906],[16.1745,39.0862],[16.1801,39.0817],[16.1882,39.0797],[16.1914,39.0769]]]}},{"type":"Feature","properties":{"i":"078043","n":"Colosimi"},"geometry":{"type":"MultiPolygon","coordinates":[[[[16.3972,39.1358],[16.399,39.134],[16.4191,39.1311],[16.4142,39.1281],[16.412,39.1221],[16.4,39.1059],[16.3937,39.104],[16.3834,39.1051],[16.3812,39.1061],[16.3796,39.1091],[16.3803,39.1128],[16.3783,39.1144],[16.3663,39.1197],[16.3608,39.1213],[16.3657,39.1249],[16.3672,39.1291],[16.3666,39.1326],[16.3673,39.1346],[16.3773,39.1415],[16.381,39.1406],[16.3844,39.137],[16.3913,39.1356],[16.3972,39.1358]]],[[[16.4989,39.1419],[16.4883,39.1392],[16.4838,39.1313],[16.4799,39.1215],[16.4846,39.1153],[16.4959,39.1136],[16.5094,39.1131],[16.5128,39.1103],[16.5106,39.1071],[16.5003,39.1068],[16.4982,39.1047],[16.4854,39.1056],[16.476,39.1089],[16.4643,39.1154],[16.459,39.1201],[16.4565,39.1284],[16.4555,39.1391],[16.4596,39.1472],[16.465,39.1526],[16.473,39.1544],[16.4962,39.1517],[16.4983,39.1502],[16.4999,39.1473],[16.4989,39.1419]]]]}},{"type":"Feature","properties":{"i":"078045","n":"Cosenza"},"geometry":{"type":"Polygon","coordinates":[[[16.2849,39.2994],[16.2852,39.2953],[16.2889,39.2887],[16.2875,39.2845],[16.2809,39.2829],[16.2781,39.2794],[16.2854,39.2792],[16.3008,39.2768],[16.3134,39.2711],[16.3235,39.2649],[16.3055,39.2599],[16.3044,39.257],[16.3097,39.2532],[16.3152,39.2508],[16.3112,39.2435],[16.307,39.2382],[16.3033,39.2357],[16.3018,39.2356],[16.3009,39.2363],[16.3001,39.2356],[16.3006,39.2323],[16.303,39.2299],[16.3025,39.2298],[16.2999,39.2305],[16.2856,39.2407],[16.2792,39.2422],[16.2701,39.2426],[16.2699,39.2443],[16.2621,39.2552],[16.2523,39.262],[16.2489,39.2684],[16.2482,39.2703],[16.2512,39.2792],[16.2474,39.2876],[16.2406,39.2889],[16.2388,39.2911],[16.2277,39.2971],[16.2226,39.2984],[16.2213,39.2981],[16.2174,39.3012],[16.2227,39.3047],[16.2281,39.3114],[16.2339,39.3125],[16.239,39.3156],[16.2417,39.319],[16.257,39.3326],[16.2572,39.3296],[16.2606,39.3227],[16.262,39.315],[16.2612,39.3127],[16.2616,39.3074],[16.2628,39.305],[16.2646,39.3045],[16.2704,39.3051],[16.2831,39.3015],[16.2849,39.2994]]]}},{"type":"Feature","properties":{"i":"078046","n":"Cropalati"},"geometry":{"type":"Polygon","coordinates":[[[16.7513,39.5702],[16.7496,39.5671],[16.7474,39.5666],[16.7441,39.5638],[16.7446,39.5586],[16.7527,39.5553],[16.753,39.5518],[16.7485,39.529],[16.7365,39.5054],[16.7369,39.5013],[16.7403,39.4974],[16.7395,39.4952],[16.7378,39.4939],[16.7333,39.4955],[16.7287,39.4883],[16.7248,39.4839],[16.7208,39.4815],[16.7163,39.4841],[16.706,39.4932],[16.7032,39.4934],[16.6908,39.4905],[16.6885,39.4917],[16.6883,39.4935],[16.6848,39.4934],[16.6753,39.4868],[16.6703,39.4811],[16.6694,39.481],[16.666,39.4841],[16.6635,39.4895],[16.6643,39.4933],[16.6656,39.4955],[16.6676,39.4953],[16.6702,39.4964],[16.6699,39.499],[16.6714,39.5036],[16.6778,39.5025],[16.6874,39.5038],[16.6882,39.5054],[16.7013,39.5171],[16.7247,39.5536],[16.7202,39.5645],[16.7216,39.5688],[16.7235,39.57],[16.7235,39.5721],[16.7269,39.5753],[16.7295,39.5759],[16.7491,39.5733],[16.7513,39.5702]]]}},{"type":"Feature","properties":{"i":"078047","n":"Crosia"},"geometry":{"type":"Polygon","coordinates":[[[16.8177,39.5881],[16.8144,39.5857],[16.8021,39.5806],[16.7907,39.5713],[16.7774,39.5587],[16.7677,39.556],[16.755,39.559],[16.7567,39.5638],[16.7585,39.5755],[16.7556,39.5849],[16.7568,39.5977],[16.7593,39.6039],[16.7605,39.6039],[16.7653,39.6085],[16.7704,39.6208],[16.7788,39.6164],[16.785,39.6099],[16.7929,39.6036],[16.8048,39.5976],[16.8116,39.5933],[16.8177,39.5881]]]}},{"type":"Feature","properties":{"i":"078048","n":"Diamante"},"geometry":{"type":"MultiPolygon","coordinates":[[[[15.8009,39.7004],[15.8027,39.6998],[15.803,39.6976],[15.8003,39.698],[15.8003,39.7002],[15.8009,39.7004]]],[[[15.8314,39.7211],[15.8311,39.7189],[15.8346,39.7109],[15.8355,39.7066],[15.8364,39.6917],[15.8391,39.6823],[15.8424,39.682],[15.8325,39.6818],[15.8351,39.6738],[15.8386,39.6718],[15.8318,39.6678],[15.8298,39.6703],[15.8238,39.6747],[15.818,39.6771],[15.8163,39.6797],[15.8134,39.694],[15.8095,39.7064],[15.8054,39.7145],[15.8056,39.7165],[15.8084,39.7175],[15.8089,39.7187],[15.8076,39.7304],[15.8084,39.7306],[15.8155,39.7294],[15.8273,39.724],[15.8314,39.7211]]]]}},{"type":"Feature","properties":{"i":"078049","n":"Dipignano"},"geometry":{"type":"Polygon","coordinates":[[[16.2701,39.2426],[16.273,39.2383],[16.2549,39.2346],[16.2452,39.2238],[16.2437,39.219],[16.2371,39.2092],[16.2363,39.196],[16.2342,39.1979],[16.2297,39.1993],[16.2208,39.2039],[16.2118,39.2099],[16.2126,39.2199],[16.2139,39.223],[16.219,39.2273],[16.2207,39.2302],[16.2213,39.2376],[16.2231,39.2466],[16.2276,39.2544],[16.2328,39.2585],[16.2352,39.2622],[16.2333,39.2734],[16.2337,39.2812],[16.2354,39.2868],[16.2406,39.2889],[16.2474,39.2876],[16.2512,39.2792],[16.2482,39.2703],[16.2489,39.2684],[16.2523,39.262],[16.2621,39.2552],[16.2699,39.2443],[16.2701,39.2426]]]}},{"type":"Feature","properties":{"i":"078050","n":"Domanico"},"geometry":{"type":"Polygon","coordinates":[[[16.2363,39.196],[16.2347,39.1884],[16.231,39.1857],[16.2181,39.1802],[16.2124,39.1794],[16.2064,39.1763],[16.2024,39.1736],[16.2025,39.1703],[16.2008,39.1714],[16.1957,39.1839],[16.1943,39.1856],[16.1894,39.1865],[16.1851,39.1853],[16.1736,39.1881],[16.1645,39.1995],[16.1633,39.2099],[16.1606,39.2137],[16.1661,39.2182],[16.1715,39.2185],[16.1759,39.2244],[16.1775,39.2254],[16.1793,39.2188],[16.189,39.2183],[16.1919,39.2216],[16.1913,39.2243],[16.1943,39.228],[16.1978,39.2296],[16.2017,39.229],[16.2072,39.2299],[16.2129,39.2348],[16.2213,39.2376],[16.2207,39.2302],[16.219,39.2273],[16.2139,39.223],[16.2126,39.2199],[16.2118,39.2099],[16.2208,39.2039],[16.2297,39.1993],[16.2342,39.1979],[16.2363,39.196]]]}},{"type":"Feature","properties":{"i":"078051","n":"Fagnano Castello"},"geometry":{"type":"Polygon","coordinates":[[[16.0581,39.5824],[16.058,39.5805],[16.0593,39.5796],[16.0629,39.5793],[16.074,39.5758],[16.0755,39.57],[16.0786,39.5656],[16.0835,39.5639],[16.0867,39.5664],[16.0939,39.5687],[16.0949,39.5661],[16.094,39.5634],[16.0894,39.5577],[16.077,39.5514],[16.0739,39.5481],[16.0738,39.5417],[16.0753,39.5397],[16.0742,39.5366],[16.0678,39.535],[16.0472,39.5245],[16.0344,39.5275],[16.0254,39.5268],[16.0199,39.5429],[16.0209,39.5505],[16.0183,39.5595],[16.0163,39.5624],[16.0092,39.5659],[16.0135,39.5693],[16.0165,39.5756],[16.0198,39.578],[16.0312,39.5791],[16.0418,39.582],[16.0558,39.5843],[16.0572,39.5838],[16.0581,39.5824]]]}},{"type":"Feature","properties":{"i":"078052","n":"Falconara Albanese"},"geometry":{"type":"Polygon","coordinates":[[[16.1286,39.2942],[16.1308,39.293],[16.1304,39.2855],[16.1258,39.2738],[16.1288,39.2705],[16.1122,39.2624],[16.1023,39.2606],[16.0939,39.2604],[16.0896,39.2618],[16.0684,39.2572],[16.0561,39.2587],[16.054,39.2805],[16.0754,39.283],[16.0901,39.2864],[16.0994,39.2912],[16.1063,39.2962],[16.1107,39.2967],[16.1286,39.2942]]]}},{"type":"Feature","properties":{"i":"078053","n":"Figline Vegliaturo"},"geometry":{"type":"Polygon","coordinates":[[[16.3405,39.2261],[16.3412,39.2227],[16.3392,39.2216],[16.3295,39.2225],[16.3247,39.2205],[16.3216,39.2172],[16.3211,39.2129],[16.3114,39.2157],[16.3054,39.2164],[16.3049,39.2262],[16.3076,39.2278],[16.3093,39.2318],[16.3165,39.2328],[16.3293,39.231],[16.3364,39.2269],[16.3405,39.2261]]]}},{"type":"Feature","properties":{"i":"078054","n":"Firmo"},"geometry":{"type":"Polygon","coordinates":[[[16.2126,39.7172],[16.2114,39.7122],[16.2131,39.7074],[16.2146,39.7067],[16.215,39.7042],[16.1983,39.7016],[16.18,39.7031],[16.1724,39.7081],[16.165,39.7099],[16.1639,39.7141],[16.1592,39.7188],[16.1595,39.7331],[16.1668,39.7424],[16.1768,39.7428],[16.1831,39.738],[16.1831,39.736],[16.1808,39.7332],[16.1736,39.7314],[16.1708,39.7263],[16.1881,39.7237],[16.2029,39.7192],[16.2126,39.7172]]]}},{"type":"Feature","properties":{"i":"078055","n":"Fiumefreddo Bruzio"},"geometry":{"type":"Polygon","coordinates":[[[16.1344,39.2206],[16.1299,39.2221],[16.1207,39.2161],[16.1114,39.2152],[16.0828,39.22],[16.0772,39.2221],[16.069,39.2223],[16.0609,39.2203],[16.0588,39.2208],[16.0561,39.2587],[16.0684,39.2572],[16.0896,39.2618],[16.0939,39.2604],[16.1049,39.261],[16.1122,39.2624],[16.1288,39.2705],[16.1291,39.2649],[16.1266,39.2619],[16.1254,39.2566],[16.1316,39.2503],[16.134,39.2498],[16.1375,39.2462],[16.1416,39.2405],[16.1427,39.2369],[16.1423,39.2346],[16.1369,39.2273],[16.1344,39.2206]]]}},{"type":"Feature","properties":{"i":"078056","n":"Francavilla Marittima"},"geometry":{"type":"Polygon","coordinates":[[[16.4522,39.7893],[16.4501,39.7879],[16.4444,39.7817],[16.441,39.7734],[16.4238,39.7757],[16.4221,39.7741],[16.4178,39.7633],[16.4171,39.7633],[16.4097,39.7691],[16.4048,39.775],[16.4024,39.781],[16.3974,39.7879],[16.3819,39.799],[16.3791,39.8002],[16.3677,39.802],[16.3591,39.8044],[16.343,39.8066],[16.3336,39.8157],[16.3313,39.8185],[16.3295,39.8226],[16.331,39.8252],[16.3327,39.8263],[16.3329,39.8295],[16.3314,39.8346],[16.3266,39.8396],[16.3252,39.8384],[16.3254,39.8371],[16.3191,39.8385],[16.3184,39.8435],[16.3156,39.8502],[16.3196,39.8503],[16.3429,39.8442],[16.3496,39.8364],[16.3563,39.8306],[16.3692,39.8245],[16.3732,39.8215],[16.3769,39.8198],[16.3821,39.8205],[16.3932,39.8189],[16.4077,39.8116],[16.4156,39.8042],[16.4414,39.7969],[16.4522,39.7893]]]}},{"type":"Feature","properties":{"i":"078057","n":"Frascineto"},"geometry":{"type":"Polygon","coordinates":[[[16.2936,39.8177],[16.2925,39.8174],[16.2908,39.8148],[16.2898,39.8104],[16.2869,39.8102],[16.2851,39.8129],[16.2776,39.8156],[16.2718,39.8157],[16.2617,39.8175],[16.2543,39.8229],[16.254,39.8295],[16.2558,39.8316],[16.2563,39.8355],[16.2558,39.841],[16.2524,39.8467],[16.2517,39.8497],[16.2522,39.8543],[16.2535,39.858],[16.2581,39.8612],[16.2584,39.8628],[16.2487,39.8776],[16.2699,39.8919],[16.2916,39.8791],[16.2997,39.8696],[16.3024,39.8613],[16.2973,39.8521],[16.2967,39.844],[16.2949,39.8353],[16.3021,39.8237],[16.2936,39.8177]]]}},{"type":"Feature","properties":{"i":"078058","n":"Fuscaldo"},"geometry":{"type":"Polygon","coordinates":[[[16.0592,39.4844],[16.0629,39.4809],[16.0683,39.4628],[16.0705,39.4581],[16.0678,39.4488],[16.0699,39.4459],[16.08,39.4405],[16.0819,39.435],[16.087,39.4153],[16.0859,39.4071],[16.0837,39.4029],[16.0866,39.3982],[16.0648,39.3981],[16.0399,39.3952],[16.035,39.393],[16.0266,39.3865],[16.0208,39.3847],[15.9989,39.4353],[15.9919,39.4471],[16.0063,39.4625],[16.0097,39.4735],[16.0144,39.4777],[16.0299,39.4832],[16.0356,39.4845],[16.0432,39.4856],[16.0565,39.4852],[16.0592,39.4844]]]}},{"type":"Feature","properties":{"i":"078059","n":"Grimaldi"},"geometry":{"type":"Polygon","coordinates":[[[16.2463,39.1415],[16.2396,39.1342],[16.2388,39.1322],[16.2409,39.1221],[16.2396,39.1125],[16.2416,39.1064],[16.2454,39.1033],[16.2454,39.0993],[16.2325,39.0922],[16.2269,39.0917],[16.2252,39.0925],[16.2235,39.098],[16.2218,39.0995],[16.216,39.103],[16.212,39.104],[16.2113,39.1053],[16.214,39.1076],[16.2106,39.1126],[16.2056,39.1161],[16.2006,39.1219],[16.203,39.1246],[16.2038,39.1269],[16.2062,39.1453],[16.2084,39.1494],[16.2085,39.153],[16.2074,39.1577],[16.2037,39.1649],[16.2024,39.1736],[16.2124,39.1794],[16.2143,39.1794],[16.2169,39.1771],[16.2233,39.1761],[16.2276,39.164],[16.232,39.1582],[16.2402,39.1551],[16.2418,39.153],[16.2436,39.1468],[16.2434,39.1451],[16.2463,39.1415]]]}},{"type":"Feature","properties":{"i":"078060","n":"Grisolia"},"geometry":{"type":"Polygon","coordinates":[[[15.9665,39.693],[15.9632,39.6924],[15.9549,39.6877],[15.9488,39.6806],[15.9408,39.6839],[15.9279,39.6912],[15.9226,39.6961],[15.9193,39.6966],[15.9196,39.7076],[15.9226,39.713],[15.921,39.7165],[15.9118,39.7158],[15.9093,39.7144],[15.9068,39.7104],[15.9056,39.7099],[15.8967,39.7083],[15.8935,39.7095],[15.8778,39.7215],[15.8761,39.7221],[15.8712,39.7224],[15.8422,39.7203],[15.8314,39.7211],[15.8273,39.724],[15.8155,39.7294],[15.8076,39.7304],[15.8045,39.7437],[15.8191,39.7447],[15.8252,39.7424],[15.8284,39.7375],[15.8321,39.7353],[15.8442,39.737],[15.8443,39.74],[15.846,39.7438],[15.8515,39.7425],[15.8578,39.7359],[15.8618,39.7349],[15.8777,39.7402],[15.8773,39.7429],[15.8778,39.743],[15.8965,39.7435],[15.9099,39.7416],[15.9166,39.7389],[15.9451,39.7385],[15.9513,39.737],[15.9582,39.739],[15.9621,39.7422],[15.9636,39.7425],[15.9757,39.7367],[15.9866,39.7293],[15.9896,39.718],[15.9881,39.7147],[15.9831,39.7107],[15.9665,39.693]]]}},{"type":"Feature","properties":{"i":"078061","n":"Guardia Piemontese"},"geometry":{"type":"Polygon","coordinates":[[[16.0239,39.5204],[16.0273,39.5141],[16.0348,39.5102],[16.0472,39.5078],[16.0509,39.5086],[16.0533,39.5068],[16.0542,39.5025],[16.0538,39.4981],[16.0566,39.488],[16.0592,39.4844],[16.0565,39.4852],[16.0432,39.4856],[16.0356,39.4845],[16.0299,39.4832],[16.0144,39.4777],[16.0097,39.4735],[16.0063,39.4625],[15.9919,39.4471],[15.9794,39.4624],[15.9742,39.4676],[15.9777,39.4711],[15.9866,39.4726],[15.9905,39.4741],[15.9996,39.4828],[16.0048,39.4932],[16.0057,39.4976],[15.996,39.504],[15.9974,39.5057],[16.0028,39.5093],[16.0072,39.51],[16.0239,39.5204]]]}},{"type":"Feature","properties":{"i":"078062","n":"Lago"},"geometry":{"type":"Polygon","coordinates":[[[16.1606,39.2137],[16.1633,39.2099],[16.1645,39.1995],[16.1736,39.1881],[16.1851,39.1853],[16.1894,39.1865],[16.1937,39.1858],[16.1951,39.1849],[16.2008,39.1714],[16.2025,39.1703],[16.2037,39.1649],[16.2074,39.1577],[16.2085,39.153],[16.2084,39.1494],[16.2062,39.1453],[16.1993,39.1459],[16.1865,39.1446],[16.176,39.1457],[16.1689,39.1495],[16.167,39.1548],[16.16,39.1535],[16.157,39.1503],[16.1562,39.147],[16.1584,39.1435],[16.1586,39.1456],[16.1611,39.1445],[16.16,39.1379],[16.1529,39.1231],[16.1467,39.1173],[16.1442,39.1188],[16.1316,39.1203],[16.1251,39.1194],[16.1191,39.1214],[16.1192,39.1253],[16.1209,39.1272],[16.1232,39.1384],[16.1216,39.1427],[16.1137,39.1504],[16.1087,39.1517],[16.1117,39.1571],[16.1224,39.1623],[16.1282,39.1697],[16.1291,39.1742],[16.1262,39.1882],[16.1282,39.1974],[16.1304,39.2001],[16.1325,39.2004],[16.133,39.2053],[16.1323,39.2078],[16.1382,39.2138],[16.146,39.2185],[16.1537,39.2152],[16.1606,39.2137]]]}},{"type":"Feature","properties":{"i":"078063","n":"Laino Borgo"},"geometry":{"type":"Polygon","coordinates":[[[16.0307,39.9913],[16.0339,39.9834],[16.0321,39.98],[16.0298,39.9781],[16.0253,39.9758],[16.0207,39.9794],[16.0164,39.9796],[16.002,39.9741],[15.9986,39.9738],[15.9912,39.9712],[15.9835,39.9658],[15.9793,39.9604],[15.9741,39.9501],[15.967,39.9428],[15.953,39.9392],[15.9415,39.9328],[15.9183,39.9353],[15.9126,39.9324],[15.91,39.9285],[15.8994,39.9269],[15.89,39.9211],[15.885,39.9215],[15.8868,39.9376],[15.8903,39.9426],[15.8882,39.9511],[15.8903,39.9523],[15.8921,39.9613],[15.8888,39.9649],[15.8886,39.968],[15.8932,39.9763],[15.8968,39.9791],[15.898,39.9817],[15.9044,39.9862],[15.9113,39.9888],[15.9165,39.992],[15.9201,39.9949],[15.9232,39.9998],[15.928,40.0011],[15.9473,39.9965],[15.9643,39.9913],[15.9685,39.9917],[15.9782,39.9837],[15.9903,39.9852],[16.0022,39.9882],[16.0054,39.9907],[16.0056,39.9938],[16.0086,39.9965],[16.0239,39.9956],[16.0302,39.9935],[16.0307,39.9913]]]}},{"type":"Feature","properties":{"i":"078064","n":"Laino Castello"},"geometry":{"type":"Polygon","coordinates":[[[16.0234,39.9775],[16.021,39.9758],[16.0069,39.9581],[16.0106,39.9468],[16.014,39.9406],[15.9959,39.9336],[15.9966,39.9264],[15.9906,39.9237],[15.981,39.9208],[15.9743,39.9175],[15.959,39.9081],[15.9498,39.9014],[15.9469,39.9001],[15.9342,39.9122],[15.9273,39.9144],[15.9173,39.9097],[15.9012,39.9159],[15.901,39.9116],[15.9031,39.9034],[15.9029,39.901],[15.8968,39.9006],[15.8939,39.8992],[15.8775,39.9151],[15.885,39.9215],[15.89,39.9211],[15.8994,39.9269],[15.91,39.9285],[15.9126,39.9324],[15.9183,39.9353],[15.9415,39.9328],[15.953,39.9392],[15.967,39.9428],[15.9741,39.9501],[15.9793,39.9604],[15.9835,39.9658],[15.9912,39.9712],[15.9986,39.9738],[16.002,39.9741],[16.0164,39.9796],[16.0207,39.9794],[16.0234,39.9775]]]}},{"type":"Feature","properties":{"i":"078065","n":"Lappano"},"geometry":{"type":"Polygon","coordinates":[[[16.3698,39.334],[16.3645,39.3361],[16.3561,39.3359],[16.3474,39.3345],[16.3364,39.3278],[16.3265,39.323],[16.3247,39.3235],[16.3217,39.3226],[16.3147,39.3141],[16.3058,39.3122],[16.2998,39.3141],[16.2986,39.3154],[16.2906,39.3173],[16.2768,39.3262],[16.2753,39.3294],[16.2679,39.3329],[16.2725,39.3345],[16.2759,39.3326],[16.2819,39.3324],[16.2927,39.3355],[16.3119,39.3367],[16.3252,39.3344],[16.3276,39.3328],[16.3341,39.3343],[16.3359,39.3366],[16.3362,39.345],[16.3606,39.3425],[16.3678,39.3383],[16.3698,39.334]]]}},{"type":"Feature","properties":{"i":"078066","n":"Lattarico"},"geometry":{"type":"Polygon","coordinates":[[[16.2214,39.4806],[16.2208,39.4763],[16.223,39.4656],[16.2261,39.4631],[16.2332,39.4602],[16.2465,39.4531],[16.2495,39.4493],[16.2495,39.4428],[16.2452,39.4425],[16.2339,39.4366],[16.2238,39.4341],[16.209,39.4327],[16.2021,39.4344],[16.167,39.4309],[16.1587,39.4308],[16.1496,39.4321],[16.1453,39.4368],[16.1341,39.4422],[16.1179,39.4371],[16.1117,39.4386],[16.1022,39.4423],[16.0876,39.4424],[16.08,39.4405],[16.0699,39.4459],[16.075,39.447],[16.0815,39.4505],[16.1119,39.4503],[16.1179,39.4511],[16.1258,39.4551],[16.1279,39.4572],[16.1335,39.4704],[16.137,39.4707],[16.1422,39.4699],[16.1689,39.4642],[16.173,39.4644],[16.1818,39.4664],[16.1934,39.4724],[16.2133,39.481],[16.2214,39.4806]]]}},{"type":"Feature","properties":{"i":"078067","n":"Longobardi"},"geometry":{"type":"Polygon","coordinates":[[[16.1344,39.2206],[16.1257,39.2071],[16.122,39.2026],[16.1112,39.193],[16.099,39.1899],[16.0758,39.1855],[16.0628,39.184],[16.0625,39.1916],[16.0598,39.2022],[16.0588,39.2208],[16.0609,39.2203],[16.069,39.2223],[16.0772,39.2221],[16.0828,39.22],[16.1114,39.2152],[16.1207,39.2161],[16.1299,39.2221],[16.1344,39.2206]]]}},{"type":"Feature","properties":{"i":"078068","n":"Longobucco"},"geometry":{"type":"Polygon","coordinates":[[[16.6281,39.5046],[16.6344,39.5031],[16.6396,39.4998],[16.6438,39.4969],[16.6456,39.4928],[16.658,39.494],[16.6665,39.4957],[16.6646,39.4941],[16.6635,39.4895],[16.6658,39.4844],[16.6694,39.481],[16.6703,39.4811],[16.6753,39.4868],[16.6789,39.4895],[16.6848,39.4934],[16.6871,39.4937],[16.6883,39.4935],[16.6885,39.4917],[16.6908,39.4905],[16.7032,39.4934],[16.706,39.4932],[16.7163,39.4841],[16.7208,39.4815],[16.7248,39.4839],[16.7287,39.4883],[16.7333,39.4955],[16.7378,39.4939],[16.7498,39.4845],[16.7474,39.4828],[16.7355,39.4815],[16.7291,39.4798],[16.7182,39.4752],[16.715,39.4719],[16.7103,39.4623],[16.7082,39.4596],[16.71,39.4496],[16.7072,39.4492],[16.6998,39.4361],[16.6968,39.4354],[16.6904,39.4305],[16.6917,39.4126],[16.6883,39.4035],[16.6853,39.4006],[16.6817,39.3994],[16.6805,39.3994],[16.6759,39.4034],[16.6739,39.4036],[16.6696,39.4027],[16.6661,39.401],[16.6649,39.3909],[16.653,39.3751],[16.6513,39.3762],[16.6387,39.3773],[16.6324,39.3738],[16.6292,39.3707],[16.6231,39.3687],[16.6195,39.3686],[16.6149,39.3719],[16.6092,39.3727],[16.6083,39.3772],[16.6089,39.3814],[16.6053,39.3821],[16.6036,39.3896],[16.598,39.3949],[16.5755,39.3881],[16.5527,39.3869],[16.5477,39.3881],[16.5378,39.3923],[16.5386,39.3966],[16.5362,39.4015],[16.5332,39.4039],[16.529,39.4047],[16.5215,39.4075],[16.5197,39.4116],[16.5194,39.4151],[16.5203,39.4175],[16.5233,39.4182],[16.5385,39.4175],[16.5412,39.4186],[16.5422,39.4211],[16.5406,39.4344],[16.5366,39.4379],[16.5311,39.4369],[16.5226,39.4418],[16.5207,39.445],[16.5269,39.4532],[16.5191,39.458],[16.5138,39.4634],[16.5073,39.4741],[16.5033,39.4783],[16.5014,39.4846],[16.5056,39.4844],[16.5237,39.4877],[16.5246,39.4903],[16.523,39.4954],[16.5177,39.4994],[16.5167,39.5025],[16.526,39.5185],[16.5276,39.5199],[16.5363,39.5218],[16.5468,39.5266],[16.5506,39.5333],[16.5506,39.5356],[16.5595,39.5356],[16.5643,39.5346],[16.5745,39.529],[16.5779,39.5243],[16.5809,39.5173],[16.5875,39.512],[16.5927,39.5101],[16.603,39.5143],[16.6118,39.5137],[16.6173,39.506],[16.6253,39.5026],[16.6267,39.5028],[16.6281,39.5046]]]}},{"type":"Feature","properties":{"i":"078069","n":"Lungro"},"geometry":{"type":"Polygon","coordinates":[[[16.1668,39.7424],[16.1595,39.7327],[16.1592,39.7188],[16.1641,39.7135],[16.165,39.7099],[16.1634,39.7075],[16.1657,39.702],[16.1657,39.6985],[16.165,39.6979],[16.1603,39.7002],[16.1512,39.707],[16.1452,39.7104],[16.1311,39.7167],[16.1285,39.7191],[16.1209,39.7217],[16.1076,39.732],[16.1045,39.7336],[16.1,39.7343],[16.093,39.7392],[16.0799,39.7499],[16.0747,39.7557],[16.0756,39.7644],[16.0682,39.7643],[16.0571,39.7591],[16.0579,39.762],[16.0564,39.7634],[16.0255,39.772],[16.0251,39.7732],[16.0294,39.7731],[16.0348,39.7751],[16.0532,39.7768],[16.0589,39.7797],[16.0646,39.7839],[16.0731,39.782],[16.0754,39.7787],[16.0805,39.7741],[16.0946,39.771],[16.1,39.767],[16.1172,39.7618],[16.1357,39.7591],[16.1413,39.7568],[16.1411,39.7555],[16.1473,39.7443],[16.1538,39.7432],[16.1668,39.7424]]]}},{"type":"Feature","properties":{"i":"078070","n":"Luzzi"},"geometry":{"type":"Polygon","coordinates":[[[16.373,39.4182],[16.3662,39.4195],[16.3551,39.4195],[16.3504,39.4203],[16.3475,39.4224],[16.3364,39.4158],[16.3324,39.4148],[16.3272,39.4158],[16.3171,39.4201],[16.3137,39.4206],[16.3091,39.4176],[16.3003,39.414],[16.2838,39.4107],[16.2593,39.4147],[16.2591,39.4203],[16.2509,39.4269],[16.2491,39.4501],[16.2451,39.4542],[16.2261,39.4631],[16.2235,39.465],[16.2222,39.468],[16.2208,39.4763],[16.2214,39.4806],[16.2829,39.4782],[16.289,39.4761],[16.3026,39.4815],[16.309,39.486],[16.3129,39.4871],[16.3218,39.4884],[16.3362,39.4859],[16.3672,39.4567],[16.3714,39.4479],[16.3721,39.4382],[16.3699,39.4226],[16.373,39.4182]]]}},{"type":"Feature","properties":{"i":"078071","n":"Maierà"},"geometry":{"type":"Polygon","coordinates":[[[15.9226,39.6961],[15.9177,39.694],[15.8892,39.7041],[15.8734,39.6975],[15.8635,39.6953],[15.8535,39.6943],[15.8499,39.6926],[15.8486,39.6908],[15.8483,39.6828],[15.8391,39.6823],[15.8364,39.6917],[15.8355,39.7066],[15.8346,39.7109],[15.8311,39.7189],[15.8314,39.7211],[15.8422,39.7203],[15.8712,39.7224],[15.8761,39.7221],[15.8778,39.7215],[15.8935,39.7095],[15.8967,39.7083],[15.9056,39.7099],[15.9068,39.7104],[15.9093,39.7144],[15.9118,39.7158],[15.921,39.7165],[15.9226,39.713],[15.9196,39.7076],[15.919,39.6974],[15.9198,39.6962],[15.9226,39.6961]]]}},{"type":"Feature","properties":{"i":"078072","n":"Malito"},"geometry":{"type":"Polygon","coordinates":[[[16.2658,39.1812],[16.2646,39.1649],[16.2652,39.1614],[16.2667,39.1592],[16.2794,39.1526],[16.2824,39.1492],[16.2646,39.1443],[16.2544,39.1384],[16.2496,39.1413],[16.2463,39.1415],[16.2451,39.1427],[16.2434,39.1451],[16.2436,39.1468],[16.2418,39.153],[16.2393,39.156],[16.2362,39.1563],[16.232,39.1582],[16.2276,39.164],[16.2233,39.1761],[16.2169,39.1771],[16.2147,39.1792],[16.231,39.1857],[16.2347,39.1884],[16.2363,39.196],[16.2416,39.1923],[16.2507,39.19],[16.2525,39.1848],[16.2549,39.1833],[16.2658,39.1812]]]}},{"type":"Feature","properties":{"i":"078073","n":"Malvito"},"geometry":{"type":"Polygon","coordinates":[[[16.1195,39.6223],[16.0987,39.6244],[16.0734,39.6152],[16.0742,39.6112],[16.0768,39.6051],[16.0715,39.5998],[16.0683,39.5989],[16.0615,39.5923],[16.0606,39.5848],[16.0581,39.5824],[16.0572,39.5838],[16.0558,39.5843],[16.0418,39.582],[16.0312,39.5791],[16.0198,39.578],[16.0165,39.5756],[16.0135,39.5693],[16.0092,39.5659],[16.0077,39.568],[15.9936,39.5758],[15.997,39.5788],[15.9987,39.585],[15.9985,39.5928],[16.0024,39.5984],[16.0068,39.6109],[16.0224,39.613],[16.0264,39.6215],[16.0405,39.6339],[16.0429,39.6337],[16.0473,39.635],[16.058,39.6338],[16.067,39.6292],[16.0688,39.6291],[16.0766,39.6325],[16.0902,39.6267],[16.0942,39.6311],[16.0988,39.6336],[16.1052,39.6357],[16.1119,39.6364],[16.1244,39.6423],[16.1359,39.6417],[16.1365,39.6365],[16.1329,39.6286],[16.1235,39.6227],[16.1195,39.6223]]]}},{"type":"Feature","properties":{"i":"078074","n":"Mandatoriccio"},"geometry":{"type":"Polygon","coordinates":[[[16.9018,39.5249],[16.8949,39.5177],[16.8843,39.5124],[16.8696,39.5073],[16.865,39.5004],[16.8625,39.4947],[16.8618,39.4889],[16.8627,39.4836],[16.8581,39.475],[16.8542,39.4704],[16.8557,39.4636],[16.846,39.4476],[16.8381,39.4489],[16.8191,39.4552],[16.8127,39.4567],[16.8135,39.4641],[16.8193,39.4763],[16.8254,39.4798],[16.8298,39.4811],[16.8334,39.4832],[16.8337,39.4844],[16.8277,39.4939],[16.8205,39.5013],[16.8187,39.5115],[16.8194,39.5166],[16.8213,39.5192],[16.829,39.5239],[16.8497,39.5324],[16.8559,39.536],[16.8575,39.5386],[16.8572,39.5406],[16.8563,39.5417],[16.8611,39.5442],[16.8642,39.5404],[16.8677,39.5381],[16.8839,39.5311],[16.9018,39.5249]]]}},{"type":"Feature","properties":{"i":"078075","n":"Mangone"},"geometry":{"type":"Polygon","coordinates":[[[16.3054,39.2164],[16.3114,39.2157],[16.3247,39.212],[16.3552,39.207],[16.3712,39.2112],[16.3846,39.2099],[16.3716,39.1974],[16.3683,39.1966],[16.3593,39.2001],[16.3204,39.1965],[16.3078,39.1993],[16.3043,39.203],[16.3025,39.2038],[16.2971,39.2032],[16.2953,39.2011],[16.2928,39.2007],[16.2878,39.2025],[16.2829,39.2053],[16.2816,39.2165],[16.2831,39.2211],[16.285,39.2229],[16.2955,39.2188],[16.3054,39.2164]]]}},{"type":"Feature","properties":{"i":"078076","n":"Marano Marchesato"},"geometry":{"type":"Polygon","coordinates":[[[16.1834,39.3108],[16.1817,39.3109],[16.1796,39.31],[16.1702,39.303],[16.1629,39.3007],[16.1418,39.2998],[16.1321,39.2987],[16.1419,39.3034],[16.1477,39.3083],[16.1503,39.3133],[16.1554,39.3143],[16.1602,39.3127],[16.1649,39.3126],[16.1761,39.3193],[16.1899,39.3243],[16.1912,39.324],[16.1891,39.3197],[16.1859,39.317],[16.1834,39.3108]]]}},{"type":"Feature","properties":{"i":"078077","n":"Marano Principato"},"geometry":{"type":"Polygon","coordinates":[[[16.1834,39.3108],[16.1847,39.31],[16.1852,39.3083],[16.1855,39.3068],[16.1845,39.3056],[16.1865,39.2986],[16.1923,39.2897],[16.1862,39.2892],[16.1737,39.2928],[16.1449,39.298],[16.1405,39.2961],[16.1395,39.2947],[16.1391,39.2909],[16.1416,39.2863],[16.1375,39.2811],[16.1298,39.2745],[16.1267,39.2732],[16.1258,39.2738],[16.1303,39.2851],[16.1308,39.293],[16.1286,39.2942],[16.1312,39.2988],[16.1629,39.3007],[16.1702,39.303],[16.1796,39.31],[16.1817,39.3109],[16.1834,39.3108]]]}},{"type":"Feature","properties":{"i":"078078","n":"Marzi"},"geometry":{"type":"Polygon","coordinates":[[[16.3155,39.1879],[16.3112,39.1838],[16.3109,39.1825],[16.3148,39.1669],[16.322,39.1659],[16.3322,39.1686],[16.3359,39.1687],[16.3484,39.1657],[16.3575,39.1607],[16.3698,39.1563],[16.3828,39.1542],[16.3968,39.1497],[16.3998,39.1417],[16.3989,39.1377],[16.3972,39.1358],[16.3947,39.1353],[16.3844,39.137],[16.381,39.1406],[16.3685,39.1443],[16.3584,39.1524],[16.347,39.1565],[16.3392,39.1567],[16.3241,39.1552],[16.3144,39.1566],[16.305,39.1595],[16.2944,39.1553],[16.293,39.1563],[16.2934,39.159],[16.2949,39.161],[16.2965,39.1676],[16.2961,39.1771],[16.294,39.1844],[16.2945,39.188],[16.3007,39.1936],[16.3042,39.1941],[16.3069,39.1934],[16.3155,39.1879]]]}},{"type":"Feature","properties":{"i":"078079","n":"Mendicino"},"geometry":{"type":"Polygon","coordinates":[[[16.2406,39.2889],[16.2354,39.2868],[16.2312,39.2868],[16.2261,39.2852],[16.2114,39.2739],[16.2044,39.2663],[16.2023,39.2625],[16.2025,39.2604],[16.204,39.2583],[16.2047,39.2556],[16.2019,39.2498],[16.195,39.2471],[16.1885,39.2416],[16.1836,39.2356],[16.1775,39.2254],[16.1759,39.2244],[16.1715,39.2185],[16.1661,39.2182],[16.1606,39.2137],[16.1537,39.2152],[16.146,39.2185],[16.1382,39.2138],[16.1323,39.2078],[16.1286,39.2121],[16.1344,39.2206],[16.1369,39.2273],[16.1423,39.2346],[16.1427,39.2369],[16.1416,39.2405],[16.1375,39.2462],[16.134,39.2498],[16.1316,39.2503],[16.1254,39.2566],[16.1262,39.261],[16.1283,39.2644],[16.1291,39.2649],[16.1368,39.2639],[16.138,39.2644],[16.1469,39.2605],[16.1484,39.2591],[16.1518,39.259],[16.1573,39.262],[16.1587,39.2646],[16.1606,39.2659],[16.1705,39.2705],[16.1843,39.2729],[16.1926,39.2794],[16.201,39.2886],[16.203,39.2918],[16.2111,39.2962],[16.2125,39.2973],[16.213,39.2991],[16.2167,39.3011],[16.2213,39.2981],[16.2226,39.2984],[16.2277,39.2971],[16.2388,39.2911],[16.2406,39.2889]]]}},{"type":"Feature","properties":{"i":"078080","n":"Mongrassano"},"geometry":{"type":"MultiPolygon","coordinates":[[[[16.1816,39.5405],[16.1805,39.5377],[16.1857,39.5377],[16.1876,39.5363],[16.1819,39.5308],[16.1735,39.5321],[16.1601,39.5321],[16.1537,39.5287],[16.1539,39.5264],[16.1477,39.5232],[16.1405,39.521],[16.101,39.5186],[16.0921,39.516],[16.0831,39.5107],[16.0791,39.5115],[16.0778,39.511],[16.0739,39.5083],[16.0707,39.5043],[16.0703,39.4983],[16.0684,39.4899],[16.0646,39.4846],[16.0619,39.4823],[16.0592,39.4844],[16.0566,39.488],[16.0538,39.4981],[16.054,39.5054],[16.0509,39.5086],[16.0477,39.5248],[16.0678,39.535],[16.0742,39.5366],[16.0739,39.5322],[16.072,39.5286],[16.0814,39.5284],[16.0892,39.5315],[16.0891,39.5333],[16.0846,39.5353],[16.0864,39.5365],[16.0921,39.5375],[16.096,39.5368],[16.1,39.5348],[16.1165,39.5422],[16.1218,39.5394],[16.126,39.535],[16.1347,39.5329],[16.1503,39.533],[16.1577,39.5346],[16.1742,39.5403],[16.1816,39.5405]]],[[[16.2353,39.565],[16.2344,39.5617],[16.2236,39.5413],[16.2216,39.5354],[16.2077,39.5333],[16.1972,39.5336],[16.1971,39.5382],[16.1985,39.5407],[16.2035,39.542],[16.2041,39.547],[16.1962,39.547],[16.1901,39.5453],[16.1895,39.5438],[16.1871,39.5437],[16.1788,39.5448],[16.171,39.5468],[16.1668,39.5486],[16.1679,39.5509],[16.1668,39.5522],[16.1653,39.5524],[16.1643,39.5577],[16.1697,39.5588],[16.181,39.5569],[16.1869,39.5577],[16.1943,39.5615],[16.2132,39.5583],[16.2164,39.5569],[16.2205,39.5626],[16.2236,39.5647],[16.2353,39.565]]]]}},{"type":"Feature","properties":{"i":"078081","n":"Montalto Uffugo"},"geometry":{"type":"Polygon","coordinates":[[[16.2593,39.4147],[16.2566,39.4044],[16.2572,39.4008],[16.2557,39.3976],[16.2449,39.3876],[16.2299,39.3811],[16.218,39.3773],[16.2131,39.3779],[16.2064,39.3772],[16.1935,39.3721],[16.189,39.3712],[16.1827,39.3746],[16.1695,39.3839],[16.1656,39.3879],[16.1608,39.3894],[16.1532,39.3892],[16.147,39.3863],[16.1452,39.3833],[16.1456,39.3815],[16.1439,39.3781],[16.1413,39.3762],[16.1226,39.3742],[16.112,39.3719],[16.1075,39.3653],[16.1068,39.3598],[16.0999,39.3612],[16.0984,39.3575],[16.0997,39.3483],[16.097,39.3446],[16.0946,39.3465],[16.0926,39.3554],[16.0939,39.3666],[16.0927,39.3815],[16.0893,39.3879],[16.0874,39.3899],[16.0864,39.3946],[16.0866,39.3982],[16.0849,39.4016],[16.0902,39.4055],[16.0964,39.4064],[16.1057,39.405],[16.1125,39.4057],[16.1231,39.4115],[16.1321,39.4152],[16.1499,39.4183],[16.1556,39.4239],[16.1571,39.4292],[16.1629,39.4311],[16.167,39.4309],[16.2021,39.4344],[16.209,39.4327],[16.2238,39.4341],[16.2339,39.4366],[16.2452,39.4425],[16.2495,39.4428],[16.2509,39.4269],[16.2591,39.4203],[16.2593,39.4147]]]}},{"type":"Feature","properties":{"i":"078082","n":"Montegiordano"},"geometry":{"type":"Polygon","coordinates":[[[16.604,40.0552],[16.5998,40.0469],[16.5991,40.0379],[16.5996,40.0359],[16.6062,40.0262],[16.5965,40.025],[16.5602,40.0177],[16.5434,40.0169],[16.5281,40.0122],[16.5258,40.0131],[16.5129,40.038],[16.5152,40.0468],[16.5249,40.057],[16.5261,40.0603],[16.5247,40.0619],[16.5303,40.0747],[16.5373,40.0777],[16.5481,40.0741],[16.5548,40.0661],[16.5632,40.0599],[16.5732,40.0602],[16.5816,40.059],[16.5905,40.0554],[16.6013,40.0558],[16.604,40.0552]]]}},{"type":"Feature","properties":{"i":"078083","n":"Morano Calabro"},"geometry":{"type":"Polygon","coordinates":[[[16.1755,39.9123],[16.1877,39.9083],[16.183,39.9059],[16.1799,39.903],[16.1802,39.9012],[16.178,39.8924],[16.1823,39.8826],[16.1839,39.8806],[16.1836,39.8758],[16.1781,39.8704],[16.1754,39.8637],[16.1757,39.8617],[16.1791,39.8582],[16.182,39.8532],[16.1828,39.8428],[16.1819,39.8302],[16.1726,39.8186],[16.1675,39.8172],[16.1423,39.8163],[16.1388,39.8179],[16.1353,39.8167],[16.1286,39.8206],[16.1197,39.8289],[16.112,39.8301],[16.1046,39.8292],[16.1028,39.8257],[16.0843,39.8242],[16.0819,39.8249],[16.0738,39.8302],[16.0493,39.8299],[16.0402,39.8284],[16.0389,39.828],[16.0351,39.823],[16.0304,39.8203],[16.0263,39.82],[16.0182,39.817],[16.0126,39.831],[16.0191,39.8438],[16.0244,39.8484],[16.0278,39.8494],[16.0301,39.855],[16.0299,39.8585],[16.0326,39.8652],[16.0381,39.8706],[16.0425,39.8823],[16.049,39.8948],[16.0535,39.8981],[16.0598,39.8983],[16.0676,39.8965],[16.081,39.8963],[16.0833,39.8969],[16.091,39.9031],[16.1014,39.9064],[16.1205,39.9051],[16.1284,39.9062],[16.1342,39.9048],[16.135,39.9034],[16.138,39.9014],[16.1499,39.9144],[16.158,39.9197],[16.1755,39.9123]]]}},{"type":"Feature","properties":{"i":"078084","n":"Mormanno"},"geometry":{"type":"MultiPolygon","coordinates":[[[[15.9173,39.9097],[15.9057,39.8941],[15.8939,39.8992],[15.8968,39.9006],[15.9029,39.901],[15.9031,39.9034],[15.901,39.9116],[15.9012,39.9159],[15.9173,39.9097]]],[[[16.049,39.8948],[16.0425,39.8823],[16.0381,39.8706],[16.0326,39.8652],[16.0299,39.8585],[16.0301,39.855],[16.0278,39.8494],[16.0244,39.8484],[16.0191,39.8438],[16.0126,39.831],[16.0182,39.817],[16.0099,39.8153],[15.9898,39.8188],[15.986,39.8171],[15.9807,39.8168],[15.9741,39.8264],[15.9633,39.8325],[15.9464,39.8392],[15.9421,39.8445],[15.9531,39.8537],[15.9574,39.8585],[15.9588,39.8604],[15.9596,39.8651],[15.9547,39.8866],[15.9559,39.8934],[15.9478,39.8976],[15.9469,39.9001],[15.9498,39.9014],[15.959,39.9081],[15.9743,39.9175],[15.981,39.9208],[15.9906,39.9237],[15.9966,39.9264],[15.9959,39.9336],[16.014,39.9406],[16.0158,39.9394],[16.0219,39.9341],[16.0167,39.9271],[16.0165,39.9258],[16.0184,39.9243],[16.0363,39.9167],[16.0415,39.9121],[16.0424,39.9112],[16.0443,39.9021],[16.049,39.8948]]]]}},{"type":"Feature","properties":{"i":"078085","n":"Mottafollone"},"geometry":{"type":"Polygon","coordinates":[[[16.1244,39.6423],[16.1119,39.6364],[16.1052,39.6357],[16.0988,39.6336],[16.0942,39.6311],[16.0902,39.6267],[16.0766,39.6325],[16.0688,39.6291],[16.067,39.6292],[16.058,39.6338],[16.0473,39.635],[16.0429,39.6337],[16.0394,39.6371],[16.0342,39.6382],[16.0295,39.6319],[16.0232,39.6306],[15.9995,39.6372],[15.9955,39.6395],[15.9875,39.6474],[15.979,39.6539],[15.973,39.656],[15.962,39.6544],[15.958,39.6547],[15.9511,39.6569],[15.9463,39.6598],[15.9403,39.6618],[15.94,39.6641],[15.9414,39.6717],[15.9445,39.6776],[15.9488,39.6806],[15.9711,39.6719],[15.9847,39.6701],[15.9929,39.6709],[16.0005,39.6697],[16.0011,39.6688],[16.0006,39.6673],[15.9884,39.6567],[16.011,39.6446],[16.0161,39.6447],[16.0293,39.6493],[16.0349,39.6493],[16.042,39.6439],[16.0513,39.6404],[16.0544,39.6419],[16.0565,39.6486],[16.0564,39.6509],[16.054,39.6526],[16.054,39.6544],[16.064,39.6563],[16.0666,39.656],[16.089,39.6624],[16.0938,39.663],[16.0968,39.6615],[16.0991,39.6575],[16.1008,39.6536],[16.1004,39.6509],[16.1029,39.6461],[16.1149,39.6462],[16.1234,39.6476],[16.1245,39.6472],[16.1259,39.6447],[16.1257,39.6428],[16.1244,39.6423]]]}},{"type":"Feature","properties":{"i":"078086","n":"Nocara"},"geometry":{"type":"Polygon","coordinates":[[[16.5031,40.1299],[16.515,40.1287],[16.5166,40.1237],[16.5115,40.1196],[16.505,40.1159],[16.5009,40.1121],[16.5013,40.1098],[16.4894,40.0871],[16.4822,40.0773],[16.4818,40.075],[16.4771,40.0714],[16.4738,40.0713],[16.4698,40.0692],[16.4673,40.0688],[16.464,40.0704],[16.4623,40.0762],[16.4575,40.084],[16.4473,40.0914],[16.4428,40.092],[16.4371,40.0974],[16.4362,40.0991],[16.4359,40.1036],[16.4307,40.114],[16.4287,40.1159],[16.4182,40.1195],[16.4149,40.1244],[16.418,40.1258],[16.4203,40.1295],[16.4211,40.1439],[16.4313,40.1325],[16.4396,40.1302],[16.4439,40.1323],[16.4525,40.1346],[16.4703,40.1341],[16.4945,40.1247],[16.5031,40.1299]]]}},{"type":"Feature","properties":{"i":"078087","n":"Oriolo"},"geometry":{"type":"MultiPolygon","coordinates":[[[[16.4425,39.9619],[16.4346,39.9615],[16.4343,39.9644],[16.4369,39.9725],[16.4376,39.9801],[16.4323,39.99],[16.4334,39.9936],[16.4343,39.9903],[16.4446,39.9757],[16.4478,39.9697],[16.4448,39.9636],[16.4425,39.9619]]],[[[16.4771,40.0714],[16.4825,40.0691],[16.4959,40.0716],[16.5022,40.0703],[16.5038,40.0696],[16.5044,40.0656],[16.5152,40.063],[16.5202,40.0633],[16.5257,40.0612],[16.526,40.0597],[16.524,40.0555],[16.5172,40.0495],[16.5152,40.0468],[16.5129,40.038],[16.5258,40.0131],[16.5288,40.0123],[16.5365,40.0027],[16.5273,40.0012],[16.515,39.9916],[16.5044,39.9982],[16.4998,40.0044],[16.4915,40.0112],[16.4841,40.0125],[16.4768,40.0118],[16.4682,40.0088],[16.4667,40.0042],[16.4631,39.9998],[16.4554,39.9962],[16.4503,39.9963],[16.4466,39.9977],[16.4438,39.9975],[16.4318,39.9995],[16.4313,40.0016],[16.4403,40.0136],[16.4366,40.0197],[16.4298,40.0185],[16.4241,40.0192],[16.4189,40.021],[16.4172,40.0225],[16.4147,40.0258],[16.4033,40.0481],[16.4041,40.0495],[16.4038,40.0527],[16.4029,40.0539],[16.3986,40.0557],[16.4008,40.0576],[16.4022,40.0635],[16.4064,40.0729],[16.4142,40.0807],[16.4149,40.0845],[16.4121,40.0921],[16.4134,40.0994],[16.4153,40.104],[16.4142,40.1095],[16.4097,40.12],[16.411,40.1232],[16.4149,40.1244],[16.4182,40.1195],[16.4287,40.1159],[16.4307,40.114],[16.4359,40.1036],[16.4369,40.0978],[16.4428,40.092],[16.4473,40.0914],[16.4575,40.084],[16.4623,40.0762],[16.4626,40.0737],[16.4648,40.0696],[16.4667,40.0688],[16.4693,40.069],[16.4738,40.0713],[16.4771,40.0714]]]]}},{"type":"Feature","properties":{"i":"078088","n":"Orsomarso"},"geometry":{"type":"Polygon","coordinates":[[[15.9421,39.8445],[15.9464,39.8392],[15.9633,39.8325],[15.9741,39.8264],[15.9807,39.8168],[15.986,39.8171],[15.9898,39.8188],[16.0099,39.8153],[16.011,39.8118],[16.0214,39.7998],[16.0219,39.7972],[16.02,39.7841],[16.0202,39.7771],[16.0251,39.7732],[16.0255,39.772],[15.9997,39.7814],[15.9896,39.781],[15.9824,39.7785],[15.9693,39.7797],[15.9641,39.777],[15.9623,39.7723],[15.9547,39.7699],[15.9431,39.7707],[15.9392,39.7677],[15.9249,39.77],[15.921,39.7732],[15.919,39.7739],[15.911,39.7741],[15.8861,39.7701],[15.8788,39.7661],[15.8778,39.7645],[15.8703,39.7613],[15.8655,39.7615],[15.8522,39.7688],[15.8497,39.7684],[15.8398,39.7699],[15.8308,39.7731],[15.8277,39.7806],[15.8354,39.7816],[15.8502,39.795],[15.855,39.8013],[15.866,39.8124],[15.8686,39.8124],[15.8724,39.8074],[15.8767,39.8055],[15.8839,39.8074],[15.8869,39.8095],[15.8867,39.8129],[15.8919,39.8343],[15.8903,39.8397],[15.8886,39.8415],[15.8897,39.8433],[15.8926,39.8444],[15.9146,39.8446],[15.9233,39.8423],[15.9324,39.8413],[15.9421,39.8445]]]}},{"type":"Feature","properties":{"i":"078089","n":"Paludi"},"geometry":{"type":"Polygon","coordinates":[[[16.7235,39.5721],[16.7235,39.57],[16.7216,39.5688],[16.7202,39.5645],[16.7247,39.5536],[16.7013,39.5171],[16.6882,39.5054],[16.6874,39.5038],[16.6778,39.5025],[16.6714,39.5036],[16.6699,39.499],[16.6702,39.4964],[16.6693,39.4958],[16.6673,39.4953],[16.6656,39.496],[16.658,39.494],[16.6456,39.4928],[16.6438,39.4969],[16.6396,39.4998],[16.6344,39.5031],[16.6281,39.5046],[16.6316,39.5099],[16.6331,39.5156],[16.6325,39.5214],[16.6337,39.5236],[16.6392,39.5254],[16.6435,39.5301],[16.6497,39.5508],[16.657,39.5559],[16.6687,39.5626],[16.6699,39.5616],[16.676,39.5597],[16.685,39.5618],[16.6984,39.5633],[16.7131,39.5684],[16.7191,39.5729],[16.7235,39.5721]]]}},{"type":"Feature","properties":{"i":"078090","n":"Panettieri"},"geometry":{"type":"Polygon","coordinates":[[[16.475,39.0916],[16.4773,39.0875],[16.4765,39.0867],[16.4787,39.0687],[16.4816,39.0589],[16.4795,39.0553],[16.4705,39.0513],[16.4596,39.058],[16.4578,39.0587],[16.4522,39.058],[16.448,39.0607],[16.4472,39.0617],[16.457,39.0664],[16.45,39.0694],[16.4435,39.0689],[16.4405,39.0704],[16.436,39.08],[16.436,39.0829],[16.4375,39.0882],[16.4457,39.1023],[16.457,39.1075],[16.4595,39.1063],[16.4594,39.0965],[16.4607,39.0934],[16.4627,39.0932],[16.4668,39.0952],[16.4718,39.0948],[16.475,39.0916]]]}},{"type":"Feature","properties":{"i":"078091","n":"Paola"},"geometry":{"type":"Polygon","coordinates":[[[16.0866,39.3982],[16.0864,39.3946],[16.0874,39.3899],[16.0893,39.3879],[16.0927,39.3815],[16.0939,39.3666],[16.0926,39.3554],[16.0946,39.3465],[16.097,39.3446],[16.096,39.3381],[16.0976,39.3343],[16.097,39.3332],[16.0939,39.3302],[16.082,39.3232],[16.0767,39.3234],[16.0744,39.3245],[16.0652,39.3245],[16.0587,39.3231],[16.0427,39.3235],[16.0406,39.3299],[16.0386,39.3407],[16.0303,39.3579],[16.0208,39.3847],[16.0266,39.3865],[16.035,39.393],[16.0399,39.3952],[16.0648,39.3981],[16.0866,39.3982]]]}},{"type":"Feature","properties":{"i":"078092","n":"Papasidero"},"geometry":{"type":"Polygon","coordinates":[[[15.9469,39.9001],[15.9478,39.8976],[15.9559,39.8934],[15.9547,39.8866],[15.9597,39.8653],[15.9588,39.8604],[15.9574,39.8585],[15.9531,39.8537],[15.9421,39.8445],[15.9324,39.8413],[15.9233,39.8423],[15.9146,39.8446],[15.8926,39.8444],[15.8905,39.8437],[15.8886,39.8418],[15.8903,39.8397],[15.8919,39.8343],[15.89,39.826],[15.8795,39.8288],[15.8759,39.8286],[15.8731,39.8316],[15.8664,39.8418],[15.8654,39.8458],[15.8673,39.8477],[15.861,39.8548],[15.8482,39.8655],[15.8568,39.8664],[15.8636,39.8681],[15.8679,39.8725],[15.8722,39.8853],[15.8703,39.896],[15.8703,39.904],[15.8743,39.9118],[15.8775,39.9151],[15.8939,39.8992],[15.9057,39.8941],[15.9173,39.9097],[15.9273,39.9144],[15.9342,39.9122],[15.9469,39.9001]]]}},{"type":"Feature","properties":{"i":"078093","n":"Parenti"},"geometry":{"type":"Polygon","coordinates":[[[16.5238,39.1615],[16.5166,39.1635],[16.5034,39.1604],[16.5023,39.1454],[16.5008,39.1416],[16.4989,39.1419],[16.4999,39.1473],[16.4983,39.1502],[16.4962,39.1517],[16.473,39.1544],[16.465,39.1526],[16.4596,39.1472],[16.4555,39.1391],[16.4555,39.1359],[16.4486,39.1398],[16.4426,39.1418],[16.4329,39.135],[16.422,39.1312],[16.399,39.134],[16.3972,39.1358],[16.3989,39.1377],[16.3998,39.1417],[16.3968,39.1497],[16.3906,39.1518],[16.3871,39.1567],[16.4084,39.1701],[16.414,39.1675],[16.4183,39.1637],[16.4349,39.1634],[16.4436,39.1648],[16.4596,39.1712],[16.4648,39.1713],[16.4793,39.1752],[16.4844,39.1804],[16.4833,39.1821],[16.4845,39.1837],[16.4864,39.1919],[16.4892,39.1936],[16.4935,39.1941],[16.497,39.1941],[16.5143,39.1903],[16.5159,39.1876],[16.5258,39.1775],[16.5284,39.1724],[16.5283,39.1622],[16.5269,39.1609],[16.5238,39.1615]]]}},{"type":"Feature","properties":{"i":"078094","n":"Paterno Calabro"},"geometry":{"type":"Polygon","coordinates":[[[16.303,39.2299],[16.3049,39.2262],[16.3054,39.2164],[16.2955,39.2188],[16.285,39.2229],[16.2831,39.2211],[16.2816,39.2165],[16.2829,39.2053],[16.2846,39.204],[16.2928,39.2007],[16.2953,39.2011],[16.2971,39.2032],[16.3025,39.2038],[16.3043,39.203],[16.3007,39.1936],[16.2991,39.1923],[16.29,39.1977],[16.283,39.2],[16.2817,39.1992],[16.284,39.1969],[16.2848,39.1949],[16.2829,39.1912],[16.2797,39.1896],[16.2751,39.1889],[16.2706,39.1901],[16.2668,39.1849],[16.2658,39.1812],[16.2549,39.1833],[16.2525,39.1848],[16.2507,39.19],[16.2416,39.1923],[16.2363,39.196],[16.2371,39.2092],[16.2437,39.219],[16.2452,39.2238],[16.2549,39.2346],[16.273,39.2383],[16.2701,39.2426],[16.2792,39.2422],[16.2856,39.2407],[16.2999,39.2305],[16.303,39.2299]]]}},{"type":"Feature","properties":{"i":"078096","n":"Pedivigliano"},"geometry":{"type":"Polygon","coordinates":[[[16.3608,39.1213],[16.3663,39.1197],[16.3783,39.1144],[16.3803,39.1128],[16.3796,39.1091],[16.3812,39.1061],[16.3834,39.1051],[16.3703,39.0993],[16.3659,39.095],[16.3617,39.0951],[16.3586,39.0962],[16.3525,39.1023],[16.3492,39.103],[16.3473,39.1066],[16.3409,39.1102],[16.3369,39.1078],[16.3264,39.1098],[16.3228,39.1065],[16.2995,39.0992],[16.2975,39.0997],[16.2988,39.1055],[16.297,39.1058],[16.2916,39.1046],[16.2878,39.102],[16.2761,39.1055],[16.2588,39.1126],[16.2614,39.1133],[16.2833,39.1104],[16.3015,39.116],[16.3021,39.1171],[16.3128,39.1238],[16.3392,39.1242],[16.3608,39.1213]]]}},{"type":"Feature","properties":{"i":"078097","n":"Piane Crati"},"geometry":{"type":"Polygon","coordinates":[[[16.3405,39.2261],[16.3364,39.2269],[16.3293,39.231],[16.3165,39.2328],[16.3093,39.2318],[16.3076,39.2278],[16.3049,39.2262],[16.303,39.2299],[16.3006,39.2323],[16.3001,39.2356],[16.3009,39.2363],[16.3018,39.2356],[16.3033,39.2357],[16.307,39.2382],[16.3112,39.2435],[16.3138,39.2412],[16.3292,39.2346],[16.3346,39.2313],[16.3405,39.2261]]]}},{"type":"Feature","properties":{"i":"078098","n":"Pietrafitta"},"geometry":{"type":"Polygon","coordinates":[[[16.3865,39.2591],[16.3665,39.2485],[16.3643,39.2483],[16.352,39.2489],[16.3371,39.2545],[16.3305,39.2557],[16.3152,39.2508],[16.3097,39.2532],[16.3044,39.2574],[16.3059,39.2603],[16.3235,39.2649],[16.3386,39.2675],[16.3617,39.2665],[16.3865,39.2591]]]}},{"type":"Feature","properties":{"i":"078099","n":"Pietrapaola"},"geometry":{"type":"Polygon","coordinates":[[[16.8611,39.5442],[16.8563,39.5417],[16.8572,39.5406],[16.8575,39.5386],[16.8559,39.536],[16.8497,39.5324],[16.829,39.5239],[16.8213,39.5192],[16.8198,39.5174],[16.8187,39.5115],[16.8205,39.5013],[16.8277,39.4939],[16.8337,39.4844],[16.8334,39.4832],[16.8298,39.4811],[16.8254,39.4798],[16.8193,39.4763],[16.8127,39.4614],[16.8123,39.4574],[16.8129,39.4565],[16.8148,39.456],[16.8141,39.4556],[16.8108,39.456],[16.806,39.4579],[16.8017,39.4604],[16.7935,39.4676],[16.7822,39.4665],[16.7802,39.4684],[16.7743,39.4647],[16.7581,39.457],[16.7424,39.4524],[16.7354,39.4514],[16.722,39.4462],[16.7158,39.4452],[16.71,39.4496],[16.7083,39.4573],[16.7084,39.4604],[16.7103,39.4623],[16.7142,39.4709],[16.7182,39.4752],[16.7291,39.4798],[16.7355,39.4815],[16.7474,39.4828],[16.7498,39.4845],[16.754,39.4839],[16.7549,39.4816],[16.7586,39.4791],[16.7905,39.5003],[16.7955,39.5281],[16.7905,39.5341],[16.8084,39.5366],[16.8089,39.5396],[16.8104,39.5414],[16.8222,39.55],[16.8334,39.5614],[16.8439,39.5531],[16.8611,39.5442]]]}},{"type":"Feature","properties":{"i":"078100","n":"Plataci"},"geometry":{"type":"Polygon","coordinates":[[[16.477,39.8772],[16.4783,39.8755],[16.4753,39.8734],[16.4755,39.8678],[16.4598,39.865],[16.4505,39.8697],[16.4461,39.8617],[16.4455,39.8571],[16.4424,39.8543],[16.4302,39.8687],[16.4194,39.8789],[16.4153,39.881],[16.4105,39.8821],[16.3995,39.8875],[16.3864,39.8962],[16.3866,39.8972],[16.3822,39.9012],[16.3695,39.9066],[16.3607,39.9196],[16.3655,39.9227],[16.3711,39.9296],[16.381,39.9343],[16.404,39.948],[16.4151,39.9407],[16.4319,39.932],[16.445,39.9224],[16.4519,39.9114],[16.477,39.8772]]]}},{"type":"Feature","properties":{"i":"078101","n":"Praia a Mare"},"geometry":{"type":"MultiPolygon","coordinates":[[[[15.7744,39.8757],[15.7791,39.8749],[15.7806,39.8733],[15.7794,39.8718],[15.7767,39.8722],[15.77,39.8713],[15.7686,39.8719],[15.7712,39.8752],[15.7744,39.8757]]],[[[15.7935,39.931],[15.7958,39.924],[15.796,39.9178],[15.8091,39.9049],[15.8095,39.9008],[15.8122,39.8954],[15.8302,39.89],[15.836,39.8872],[15.8364,39.8865],[15.8353,39.8813],[15.843,39.8773],[15.8452,39.8728],[15.8442,39.8712],[15.8457,39.8676],[15.8484,39.865],[15.845,39.8622],[15.8414,39.8612],[15.8386,39.8621],[15.8356,39.865],[15.8282,39.8681],[15.8194,39.8652],[15.8125,39.8664],[15.8081,39.8698],[15.7888,39.8691],[15.7839,39.8777],[15.7829,39.8839],[15.779,39.8937],[15.7679,39.9077],[15.7768,39.9119],[15.7767,39.9204],[15.7799,39.9256],[15.7888,39.9318],[15.7899,39.9323],[15.7935,39.931]]]]}},{"type":"Feature","properties":{"i":"078102","n":"Rende"},"geometry":{"type":"Polygon","coordinates":[[[16.2567,39.3797],[16.2595,39.3741],[16.262,39.3667],[16.2593,39.359],[16.2591,39.3549],[16.2597,39.3539],[16.2587,39.3521],[16.2611,39.3373],[16.2573,39.3324],[16.2417,39.319],[16.2382,39.3151],[16.2334,39.3125],[16.2308,39.3189],[16.2186,39.3256],[16.1959,39.3261],[16.1761,39.3193],[16.1649,39.3126],[16.1602,39.3127],[16.1554,39.3143],[16.1503,39.3133],[16.1477,39.3083],[16.1419,39.3034],[16.1312,39.2988],[16.1353,39.3077],[16.1361,39.3138],[16.1374,39.3168],[16.1419,39.3186],[16.1469,39.3175],[16.1519,39.3253],[16.1512,39.3287],[16.1518,39.3342],[16.153,39.3371],[16.1638,39.3439],[16.1633,39.3587],[16.1848,39.3631],[16.1926,39.3693],[16.1935,39.3721],[16.2064,39.3772],[16.2131,39.3779],[16.218,39.3773],[16.2299,39.3811],[16.2433,39.3866],[16.248,39.3902],[16.2557,39.3976],[16.2572,39.4012],[16.262,39.3969],[16.2636,39.3919],[16.2632,39.3893],[16.2596,39.3871],[16.2553,39.383],[16.2567,39.3797]]]}},{"type":"Feature","properties":{"i":"078103","n":"Rocca Imperiale"},"geometry":{"type":"Polygon","coordinates":[[[16.6439,40.119],[16.6438,40.117],[16.6378,40.1115],[16.6306,40.1064],[16.6219,40.0986],[16.6057,40.08],[16.6036,40.0742],[16.6026,40.0675],[16.604,40.0552],[16.6013,40.0558],[16.5905,40.0554],[16.5816,40.059],[16.5732,40.0602],[16.5632,40.0599],[16.5548,40.0661],[16.5481,40.0741],[16.5373,40.0777],[16.5345,40.0834],[16.531,40.0945],[16.5267,40.1047],[16.5319,40.1112],[16.53,40.1181],[16.5399,40.1237],[16.5619,40.1299],[16.5664,40.1281],[16.5765,40.1289],[16.5857,40.1334],[16.5918,40.1326],[16.6038,40.1295],[16.6097,40.129],[16.6201,40.1319],[16.6229,40.1314],[16.6278,40.1297],[16.6292,40.1281],[16.6394,40.1227],[16.6439,40.119]]]}},{"type":"Feature","properties":{"i":"078104","n":"Roggiano Gravina"},"geometry":{"type":"Polygon","coordinates":[[[16.2485,39.6628],[16.2528,39.6615],[16.2513,39.6604],[16.2525,39.6578],[16.246,39.6526],[16.2438,39.6515],[16.2418,39.6521],[16.2157,39.6404],[16.2105,39.6331],[16.2078,39.6252],[16.2016,39.6177],[16.1889,39.6148],[16.1612,39.6047],[16.1324,39.6024],[16.108,39.5934],[16.1018,39.5898],[16.0966,39.5991],[16.097,39.6005],[16.1006,39.6039],[16.1183,39.6186],[16.1195,39.6223],[16.1235,39.6227],[16.1329,39.6286],[16.1365,39.6365],[16.1359,39.6417],[16.1481,39.6486],[16.1466,39.657],[16.148,39.6578],[16.1511,39.6587],[16.1724,39.6581],[16.1834,39.6523],[16.1887,39.6514],[16.2005,39.6542],[16.2117,39.6588],[16.2276,39.6628],[16.2485,39.6628]]]}},{"type":"Feature","properties":{"i":"078105","n":"Rogliano"},"geometry":{"type":"Polygon","coordinates":[[[16.4833,39.1821],[16.4844,39.1804],[16.4837,39.1792],[16.4793,39.1752],[16.4648,39.1713],[16.4596,39.1712],[16.4407,39.1641],[16.4349,39.1634],[16.4183,39.1637],[16.414,39.1675],[16.4084,39.1701],[16.3871,39.1567],[16.3906,39.1518],[16.3828,39.1542],[16.3698,39.1563],[16.3575,39.1607],[16.3484,39.1657],[16.3359,39.1687],[16.3322,39.1686],[16.322,39.1659],[16.3148,39.1669],[16.3109,39.1825],[16.3112,39.1838],[16.3174,39.1891],[16.3302,39.1884],[16.3395,39.1902],[16.3484,39.1907],[16.3538,39.1869],[16.3627,39.1861],[16.3665,39.1906],[16.3741,39.1947],[16.376,39.1937],[16.381,39.1868],[16.4016,39.1932],[16.4209,39.1938],[16.4468,39.1982],[16.451,39.1958],[16.4573,39.1898],[16.4657,39.1844],[16.4774,39.1816],[16.4833,39.1821]]]}},{"type":"Feature","properties":{"i":"078106","n":"Rose"},"geometry":{"type":"Polygon","coordinates":[[[16.373,39.4182],[16.3855,39.4168],[16.3959,39.4019],[16.4048,39.3938],[16.3964,39.392],[16.3858,39.393],[16.3775,39.3841],[16.3727,39.3811],[16.3661,39.3809],[16.359,39.3821],[16.3496,39.3808],[16.3199,39.3733],[16.3134,39.374],[16.3028,39.3773],[16.2928,39.3788],[16.2788,39.3787],[16.2649,39.38],[16.2567,39.3797],[16.2553,39.383],[16.2634,39.3897],[16.2637,39.3923],[16.262,39.3969],[16.2572,39.4012],[16.2566,39.4041],[16.2593,39.4147],[16.2838,39.4107],[16.3003,39.414],[16.3091,39.4176],[16.3137,39.4206],[16.3171,39.4201],[16.3272,39.4158],[16.3324,39.4148],[16.3364,39.4158],[16.3475,39.4224],[16.3504,39.4203],[16.3551,39.4195],[16.3662,39.4195],[16.373,39.4182]]]}},{"type":"Feature","properties":{"i":"078107","n":"Roseto Capo Spulico"},"geometry":{"type":"Polygon","coordinates":[[[16.6296,39.9645],[16.6219,39.964],[16.6153,39.9648],[16.6103,39.9658],[16.6019,39.9705],[16.5946,39.9729],[16.5775,39.9748],[16.5606,39.9778],[16.5603,39.9821],[16.5578,39.9904],[16.553,39.9957],[16.5489,39.9988],[16.5365,40.0027],[16.5288,40.0123],[16.5434,40.0169],[16.5602,40.0177],[16.5965,40.025],[16.6062,40.0262],[16.6056,40.0228],[16.6096,40.0149],[16.6113,39.996],[16.6135,39.9873],[16.6182,39.9776],[16.6286,39.9678],[16.6296,39.9645]]]}},{"type":"Feature","properties":{"i":"078109","n":"Rota Greca"},"geometry":{"type":"Polygon","coordinates":[[[16.1335,39.4704],[16.1279,39.4572],[16.1258,39.4551],[16.1179,39.4511],[16.1119,39.4503],[16.0815,39.4505],[16.075,39.447],[16.0699,39.4459],[16.0678,39.4488],[16.0705,39.4581],[16.075,39.4585],[16.0767,39.4595],[16.0816,39.4668],[16.0879,39.4721],[16.099,39.4764],[16.1147,39.4802],[16.1208,39.4788],[16.1335,39.4704]]]}},{"type":"Feature","properties":{"i":"078110","n":"Rovito"},"geometry":{"type":"Polygon","coordinates":[[[16.3698,39.334],[16.366,39.3323],[16.3556,39.3311],[16.3402,39.3234],[16.3255,39.303],[16.3121,39.2971],[16.3101,39.2953],[16.3086,39.2917],[16.3068,39.2904],[16.2936,39.2849],[16.2875,39.2845],[16.2889,39.2887],[16.2852,39.2953],[16.2849,39.2994],[16.2892,39.2995],[16.2988,39.3098],[16.2998,39.3141],[16.3058,39.3122],[16.3147,39.3141],[16.3217,39.3226],[16.3247,39.3235],[16.3265,39.323],[16.3364,39.3278],[16.3474,39.3345],[16.3561,39.3359],[16.3645,39.3361],[16.3698,39.334]]]}},{"type":"Feature","properties":{"i":"078111","n":"San Basile"},"geometry":{"type":"Polygon","coordinates":[[[16.2038,39.7662],[16.2031,39.7696],[16.1974,39.7764],[16.176,39.7893],[16.1647,39.7943],[16.161,39.7938],[16.1478,39.8022],[16.1425,39.8078],[16.1377,39.8147],[16.1353,39.8167],[16.1388,39.8179],[16.1423,39.8163],[16.1691,39.8173],[16.1726,39.8186],[16.174,39.8204],[16.1834,39.8107],[16.1881,39.8073],[16.2053,39.8057],[16.2097,39.804],[16.2137,39.8005],[16.2183,39.794],[16.2207,39.7826],[16.2203,39.7769],[16.2196,39.7757],[16.2038,39.7662]]]}},{"type":"Feature","properties":{"i":"078112","n":"San Benedetto Ullano"},"geometry":{"type":"Polygon","coordinates":[[[16.1629,39.4311],[16.1571,39.4292],[16.1556,39.4239],[16.1499,39.4183],[16.1321,39.4152],[16.1231,39.4115],[16.1125,39.4057],[16.1057,39.405],[16.0964,39.4064],[16.0902,39.4055],[16.0849,39.4016],[16.0837,39.4029],[16.0859,39.4071],[16.087,39.4153],[16.08,39.4405],[16.0876,39.4424],[16.1022,39.4423],[16.1117,39.4386],[16.1185,39.4371],[16.1341,39.4422],[16.1453,39.4368],[16.1496,39.4321],[16.1572,39.4308],[16.1629,39.4311]]]}},{"type":"Feature","properties":{"i":"078113","n":"San Cosmo Albanese"},"geometry":{"type":"Polygon","coordinates":[[[16.4443,39.6258],[16.4431,39.618],[16.434,39.6086],[16.429,39.5971],[16.4236,39.5897],[16.4227,39.5837],[16.4238,39.5737],[16.4168,39.5701],[16.4049,39.5676],[16.4037,39.57],[16.4041,39.5767],[16.4074,39.5906],[16.4068,39.5959],[16.4073,39.6009],[16.4162,39.6137],[16.4222,39.6244],[16.4265,39.6276],[16.429,39.631],[16.4416,39.6289],[16.4443,39.6258]]]}},{"type":"Feature","properties":{"i":"078114","n":"San Demetrio Corone"},"geometry":{"type":"Polygon","coordinates":[[[16.4222,39.6244],[16.4162,39.6137],[16.4073,39.6009],[16.4068,39.5959],[16.4074,39.5906],[16.4041,39.5767],[16.4037,39.57],[16.4049,39.5676],[16.404,39.5657],[16.4032,39.5643],[16.3918,39.5635],[16.3849,39.5484],[16.3838,39.5475],[16.3805,39.5466],[16.3662,39.5471],[16.3611,39.5456],[16.3608,39.5471],[16.3571,39.5507],[16.3487,39.5528],[16.3313,39.5595],[16.3293,39.5619],[16.3237,39.5724],[16.3225,39.5776],[16.3235,39.586],[16.3297,39.5919],[16.3331,39.6048],[16.3337,39.6099],[16.3322,39.6129],[16.3329,39.619],[16.3364,39.6162],[16.3443,39.6144],[16.3469,39.615],[16.3555,39.6231],[16.3578,39.6287],[16.3586,39.6398],[16.3624,39.638],[16.368,39.6418],[16.3719,39.6429],[16.3955,39.6458],[16.4007,39.6475],[16.4022,39.6468],[16.4114,39.6312],[16.4123,39.6278],[16.4149,39.6246],[16.4202,39.6237],[16.4222,39.6244]]]}},{"type":"Feature","properties":{"i":"078115","n":"San Donato di Ninea"},"geometry":{"type":"Polygon","coordinates":[[[16.0255,39.772],[16.0564,39.7634],[16.0579,39.762],[16.0555,39.7548],[16.0621,39.7458],[16.0666,39.7343],[16.0657,39.7285],[16.0713,39.7099],[16.0721,39.7015],[16.0784,39.6971],[16.0851,39.6949],[16.0964,39.6927],[16.1122,39.6825],[16.1098,39.682],[16.106,39.6779],[16.1081,39.6741],[16.1105,39.6718],[16.1186,39.6715],[16.122,39.6691],[16.1238,39.6668],[16.1235,39.6611],[16.116,39.6608],[16.1127,39.6616],[16.1027,39.6738],[16.0938,39.6785],[16.0702,39.6689],[16.0665,39.6656],[16.0675,39.6616],[16.0673,39.6605],[16.0657,39.66],[16.0601,39.6623],[16.051,39.6705],[16.05,39.6746],[16.0496,39.6835],[16.0391,39.6877],[16.0325,39.6887],[16.0239,39.6858],[16.012,39.6848],[16.0029,39.6887],[15.9981,39.6946],[15.9853,39.6967],[15.98,39.6959],[15.9727,39.6924],[15.9665,39.693],[15.9831,39.7107],[15.9881,39.7147],[15.9896,39.718],[15.9866,39.7293],[15.9757,39.7367],[15.9663,39.7413],[15.9636,39.7425],[15.9621,39.7422],[15.9582,39.739],[15.9513,39.737],[15.9505,39.7394],[15.9516,39.7461],[15.9556,39.7563],[15.962,39.7631],[15.9697,39.7697],[15.9736,39.7712],[15.9776,39.769],[15.9788,39.766],[15.9961,39.7611],[16.0174,39.7641],[16.0234,39.7686],[16.0238,39.7722],[16.0255,39.772]]]}},{"type":"Feature","properties":{"i":"078116","n":"San Fili"},"geometry":{"type":"Polygon","coordinates":[[[16.1312,39.2988],[16.1285,39.2987],[16.1248,39.2999],[16.1139,39.3159],[16.1128,39.3197],[16.1137,39.3258],[16.1122,39.3279],[16.1027,39.3366],[16.0976,39.3343],[16.0963,39.3362],[16.097,39.3446],[16.0997,39.3483],[16.0984,39.3575],[16.1003,39.3615],[16.1107,39.3583],[16.1137,39.355],[16.117,39.3533],[16.1331,39.3497],[16.144,39.3492],[16.1574,39.3566],[16.163,39.3581],[16.1638,39.3439],[16.153,39.3371],[16.1518,39.3342],[16.1512,39.3287],[16.1519,39.3253],[16.1469,39.3175],[16.1419,39.3186],[16.1374,39.3168],[16.1361,39.3138],[16.1353,39.3077],[16.1312,39.2988]]]}},{"type":"Feature","properties":{"i":"078117","n":"Sangineto"},"geometry":{"type":"Polygon","coordinates":[[[15.9555,39.5978],[15.9522,39.5956],[15.9446,39.5968],[15.9384,39.5921],[15.9335,39.5903],[15.9277,39.5913],[15.9263,39.592],[15.925,39.5941],[15.9204,39.5949],[15.9103,39.595],[15.8868,39.5917],[15.8768,39.5874],[15.8729,39.5844],[15.8727,39.5822],[15.8697,39.5788],[15.8656,39.5775],[15.8629,39.5831],[15.8607,39.592],[15.8608,39.5934],[15.8638,39.5949],[15.8683,39.5957],[15.8736,39.5943],[15.8762,39.5959],[15.8821,39.6044],[15.8858,39.6147],[15.8966,39.6275],[15.8981,39.639],[15.9042,39.6422],[15.9057,39.6411],[15.9104,39.6406],[15.9166,39.6408],[15.9198,39.6422],[15.9209,39.6375],[15.9244,39.633],[15.9347,39.6316],[15.9417,39.6272],[15.9455,39.6234],[15.9543,39.6073],[15.9555,39.5978]]]}},{"type":"Feature","properties":{"i":"078118","n":"San Giorgio Albanese"},"geometry":{"type":"Polygon","coordinates":[[[16.4747,39.5601],[16.4685,39.5605],[16.4645,39.5638],[16.4637,39.5662],[16.4604,39.5673],[16.4532,39.5672],[16.4484,39.5785],[16.4468,39.5786],[16.4472,39.5873],[16.4439,39.6001],[16.4445,39.6028],[16.4468,39.607],[16.4471,39.6131],[16.4458,39.616],[16.4431,39.618],[16.4443,39.6258],[16.4522,39.6345],[16.4546,39.6425],[16.456,39.6441],[16.4605,39.6421],[16.4617,39.6348],[16.4612,39.6319],[16.4598,39.6319],[16.459,39.6305],[16.4606,39.6294],[16.4656,39.6326],[16.473,39.6426],[16.4811,39.6439],[16.4743,39.6341],[16.4744,39.6293],[16.4769,39.625],[16.4782,39.6197],[16.4761,39.6088],[16.4773,39.606],[16.4875,39.5947],[16.4869,39.5927],[16.4823,39.5931],[16.4798,39.5892],[16.4786,39.5799],[16.4815,39.5753],[16.4771,39.5674],[16.475,39.5625],[16.4747,39.5601]]]}},{"type":"Feature","properties":{"i":"078119","n":"San Giovanni in Fiore"},"geometry":{"type":"Polygon","coordinates":[[[16.653,39.3751],[16.6526,39.374],[16.6569,39.3706],[16.661,39.3731],[16.6624,39.3729],[16.6631,39.3717],[16.6608,39.3667],[16.6556,39.3637],[16.6563,39.3625],[16.6616,39.3607],[16.6649,39.3622],[16.6719,39.3615],[16.6732,39.3572],[16.676,39.3535],[16.6853,39.3444],[16.6893,39.3373],[16.6944,39.3306],[16.7085,39.3208],[16.7322,39.314],[16.7406,39.3084],[16.7436,39.3048],[16.7442,39.3023],[16.7522,39.2966],[16.761,39.2919],[16.7524,39.2859],[16.7515,39.2839],[16.7544,39.2742],[16.7573,39.2705],[16.7587,39.2654],[16.7469,39.245],[16.7508,39.2358],[16.7662,39.2183],[16.7696,39.2106],[16.7686,39.2086],[16.7772,39.1967],[16.7769,39.1954],[16.7737,39.1939],[16.7704,39.1973],[16.7632,39.1964],[16.763,39.1951],[16.7462,39.1899],[16.7382,39.1903],[16.7278,39.1922],[16.7235,39.1943],[16.7194,39.1974],[16.7075,39.1958],[16.6982,39.1931],[16.6937,39.1954],[16.6928,39.197],[16.6955,39.199],[16.6949,39.2019],[16.6803,39.2058],[16.6745,39.2048],[16.6528,39.1983],[16.6375,39.2008],[16.6298,39.2004],[16.6158,39.1964],[16.613,39.1942],[16.5995,39.1921],[16.597,39.1939],[16.5806,39.2004],[16.5752,39.208],[16.5715,39.2113],[16.5691,39.2163],[16.5694,39.2237],[16.5664,39.2293],[16.5536,39.2254],[16.5424,39.2243],[16.5313,39.224],[16.5157,39.2257],[16.4976,39.2329],[16.4908,39.241],[16.4969,39.2445],[16.5012,39.249],[16.5179,39.2519],[16.5224,39.2543],[16.53,39.2601],[16.5408,39.2713],[16.547,39.2792],[16.5539,39.2815],[16.5625,39.2803],[16.5723,39.2818],[16.5749,39.2825],[16.5779,39.2845],[16.5827,39.2905],[16.5818,39.2928],[16.583,39.295],[16.5875,39.3003],[16.5943,39.3056],[16.5958,39.3054],[16.597,39.3077],[16.5862,39.3192],[16.5824,39.321],[16.5782,39.3243],[16.5785,39.3258],[16.581,39.3271],[16.5858,39.3349],[16.587,39.343],[16.6009,39.3415],[16.6036,39.3436],[16.6043,39.3448],[16.6019,39.3506],[16.6031,39.3569],[16.6117,39.3607],[16.6164,39.3666],[16.6165,39.3702],[16.6195,39.3686],[16.6266,39.3696],[16.6292,39.3707],[16.6366,39.3767],[16.6387,39.3773],[16.6513,39.3762],[16.653,39.3751]]]}},{"type":"Feature","properties":{"i":"078120","n":"San Lorenzo Bellizzi"},"geometry":{"type":"Polygon","coordinates":[[[16.3593,39.9171],[16.364,39.9144],[16.3651,39.903],[16.3642,39.8995],[16.3625,39.8974],[16.3597,39.8954],[16.3569,39.8949],[16.3538,39.8891],[16.3516,39.8827],[16.3519,39.8784],[16.3552,39.8771],[16.3583,39.8694],[16.3554,39.866],[16.3535,39.8652],[16.3494,39.8661],[16.338,39.8732],[16.3281,39.8737],[16.3184,39.8712],[16.3169,39.8695],[16.3189,39.8865],[16.3185,39.8881],[16.3152,39.8907],[16.3023,39.8919],[16.2979,39.8958],[16.2847,39.9046],[16.276,39.9042],[16.2654,39.9008],[16.254,39.8961],[16.2504,39.8957],[16.2442,39.9],[16.2403,39.9078],[16.2402,39.9109],[16.2416,39.9145],[16.2452,39.9201],[16.2425,39.9228],[16.2362,39.9254],[16.2428,39.9271],[16.2536,39.9323],[16.2667,39.9349],[16.279,39.9325],[16.2833,39.9309],[16.3054,39.9335],[16.3162,39.9291],[16.3402,39.9068],[16.3428,39.9029],[16.3501,39.8987],[16.3552,39.9018],[16.3555,39.9089],[16.3593,39.9171]]]}},{"type":"Feature","properties":{"i":"078121","n":"San Lorenzo del Vallo"},"geometry":{"type":"Polygon","coordinates":[[[16.2802,39.711],[16.2847,39.7043],[16.2855,39.696],[16.2845,39.6903],[16.278,39.6856],[16.2856,39.68],[16.2923,39.6764],[16.3009,39.6741],[16.3082,39.665],[16.308,39.6643],[16.3044,39.665],[16.2943,39.6603],[16.2927,39.6591],[16.2925,39.6581],[16.2902,39.6578],[16.281,39.6615],[16.2681,39.6684],[16.2583,39.66],[16.2533,39.6578],[16.2523,39.66],[16.2528,39.6615],[16.2485,39.6628],[16.2478,39.6643],[16.2496,39.6662],[16.2524,39.6676],[16.2573,39.6677],[16.2596,39.6725],[16.2591,39.6739],[16.2524,39.6747],[16.2464,39.6744],[16.2359,39.6716],[16.2316,39.675],[16.2273,39.6841],[16.2434,39.7052],[16.2487,39.7085],[16.2547,39.7096],[16.2802,39.711]]]}},{"type":"Feature","properties":{"i":"078122","n":"San Lucido"},"geometry":{"type":"Polygon","coordinates":[[[16.1312,39.2988],[16.1286,39.2942],[16.1107,39.2967],[16.1063,39.2962],[16.0994,39.2912],[16.0901,39.2864],[16.0754,39.283],[16.054,39.2805],[16.0522,39.2948],[16.044,39.3134],[16.0427,39.3235],[16.0587,39.3231],[16.0652,39.3245],[16.0744,39.3245],[16.0767,39.3234],[16.082,39.3232],[16.0939,39.3302],[16.0976,39.3343],[16.1027,39.3366],[16.1137,39.3258],[16.1128,39.3197],[16.1139,39.3159],[16.1248,39.2999],[16.1285,39.2987],[16.1312,39.2988]]]}},{"type":"Feature","properties":{"i":"078123","n":"San Marco Argentano"},"geometry":{"type":"Polygon","coordinates":[[[16.2396,39.5737],[16.2353,39.565],[16.227,39.5651],[16.2191,39.5724],[16.2072,39.5705],[16.1965,39.5681],[16.1825,39.5633],[16.164,39.5591],[16.1653,39.5524],[16.1644,39.5501],[16.1452,39.5486],[16.1415,39.5497],[16.1222,39.5488],[16.1197,39.5476],[16.1165,39.5422],[16.1,39.5348],[16.096,39.5368],[16.0921,39.5375],[16.0864,39.5365],[16.0846,39.5353],[16.0891,39.5333],[16.0892,39.5315],[16.0814,39.5284],[16.072,39.5286],[16.0739,39.5322],[16.0742,39.5366],[16.0753,39.5397],[16.0738,39.5417],[16.0739,39.5481],[16.077,39.5514],[16.0894,39.5577],[16.094,39.5634],[16.0949,39.5661],[16.0939,39.5687],[16.0962,39.5695],[16.1017,39.5743],[16.0986,39.5782],[16.098,39.5833],[16.1018,39.5898],[16.108,39.5934],[16.1324,39.6024],[16.1612,39.6047],[16.1889,39.6148],[16.2016,39.6177],[16.2078,39.6252],[16.2105,39.6331],[16.2157,39.6404],[16.2418,39.6521],[16.2372,39.6434],[16.2226,39.624],[16.2288,39.6127],[16.2388,39.6111],[16.2406,39.6091],[16.2425,39.6046],[16.2412,39.5983],[16.2424,39.5953],[16.2445,39.5933],[16.2452,39.5876],[16.2419,39.5821],[16.2396,39.576],[16.2396,39.5737]]]}},{"type":"Feature","properties":{"i":"078124","n":"San Martino di Finita"},"geometry":{"type":"Polygon","coordinates":[[[16.2,39.475],[16.1812,39.4661],[16.1689,39.4642],[16.1422,39.4699],[16.137,39.4707],[16.1335,39.4704],[16.1208,39.4788],[16.1131,39.4801],[16.099,39.4764],[16.0879,39.4721],[16.0816,39.4668],[16.0767,39.4595],[16.075,39.4585],[16.0711,39.4582],[16.0734,39.4617],[16.0753,39.4759],[16.0766,39.4797],[16.0782,39.4829],[16.0864,39.4907],[16.0911,39.493],[16.0996,39.4939],[16.1109,39.493],[16.1197,39.4949],[16.1208,39.4963],[16.1306,39.4981],[16.1423,39.4988],[16.1598,39.4976],[16.1628,39.4961],[16.1837,39.4772],[16.1876,39.476],[16.1941,39.4764],[16.2,39.475]]]}},{"type":"Feature","properties":{"i":"078125","n":"San Nicola Arcella"},"geometry":{"type":"MultiPolygon","coordinates":[[[[15.7786,39.8475],[15.7786,39.8482],[15.7793,39.848],[15.7786,39.8475]]],[[[15.7895,39.8568],[15.7887,39.8562],[15.7881,39.8566],[15.7895,39.8568]]],[[[15.8194,39.8652],[15.8181,39.8625],[15.8201,39.8594],[15.8218,39.8549],[15.8189,39.8533],[15.8159,39.8476],[15.816,39.8439],[15.819,39.8387],[15.818,39.8378],[15.8156,39.8368],[15.8036,39.835],[15.7966,39.8329],[15.7826,39.8318],[15.7719,39.8323],[15.7703,39.8335],[15.7691,39.8368],[15.7713,39.8404],[15.7795,39.8479],[15.7824,39.8491],[15.7868,39.8481],[15.7897,39.8504],[15.7922,39.8602],[15.7911,39.8648],[15.7888,39.8691],[15.8081,39.8698],[15.8125,39.8664],[15.8194,39.8652]]]]}},{"type":"Feature","properties":{"i":"078126","n":"San Pietro in Amantea"},"geometry":{"type":"Polygon","coordinates":[[[16.1191,39.1214],[16.1164,39.115],[16.1174,39.103],[16.1166,39.0997],[16.1184,39.0937],[16.1173,39.0899],[16.1114,39.0838],[16.1124,39.0909],[16.1112,39.0933],[16.1094,39.0953],[16.1037,39.0988],[16.0993,39.0955],[16.1027,39.0948],[16.1026,39.0928],[16.0953,39.0924],[16.0987,39.1061],[16.1002,39.1086],[16.104,39.11],[16.1055,39.1114],[16.1074,39.1184],[16.1066,39.124],[16.1035,39.1256],[16.1014,39.1344],[16.1009,39.1418],[16.0977,39.1474],[16.1086,39.1512],[16.1137,39.1504],[16.1216,39.1427],[16.1232,39.1384],[16.1209,39.1272],[16.1192,39.1253],[16.1191,39.1214]]]}},{"type":"Feature","properties":{"i":"078127","n":"San Pietro in Guarano"},"geometry":{"type":"Polygon","coordinates":[[[16.3698,39.334],[16.3678,39.3383],[16.3606,39.3425],[16.3362,39.345],[16.3359,39.3366],[16.3341,39.3343],[16.3276,39.3328],[16.3252,39.3344],[16.3119,39.3367],[16.2927,39.3355],[16.2819,39.3324],[16.2759,39.3326],[16.2725,39.3345],[16.2679,39.3329],[16.2611,39.3373],[16.2587,39.3521],[16.2597,39.3539],[16.263,39.3528],[16.2777,39.345],[16.2975,39.3444],[16.2944,39.3473],[16.2958,39.3516],[16.3028,39.3533],[16.31,39.3569],[16.3104,39.3604],[16.3084,39.3629],[16.3073,39.3703],[16.3099,39.3709],[16.3126,39.3735],[16.3126,39.3744],[16.3206,39.3734],[16.3496,39.3808],[16.359,39.3821],[16.3661,39.3809],[16.3727,39.3811],[16.3775,39.3841],[16.3858,39.393],[16.3964,39.392],[16.4048,39.3938],[16.4027,39.3846],[16.4037,39.3773],[16.4111,39.3662],[16.3993,39.3442],[16.3972,39.3342],[16.3938,39.3307],[16.3865,39.329],[16.3744,39.3309],[16.3698,39.334]]]}},{"type":"Feature","properties":{"i":"078128","n":"San Sosti"},"geometry":{"type":"Polygon","coordinates":[[[16.1235,39.6611],[16.1379,39.6535],[16.1467,39.6559],[16.1481,39.6486],[16.1359,39.6417],[16.1244,39.6423],[16.1257,39.6428],[16.1259,39.6447],[16.1245,39.6472],[16.1234,39.6476],[16.1149,39.6462],[16.1033,39.646],[16.1014,39.6481],[16.1004,39.6509],[16.1008,39.6536],[16.0968,39.6615],[16.0934,39.663],[16.089,39.6624],[16.0666,39.656],[16.064,39.6563],[16.054,39.6544],[16.054,39.6526],[16.0564,39.6509],[16.0565,39.6486],[16.0544,39.6419],[16.0513,39.6404],[16.042,39.6439],[16.0349,39.6493],[16.0293,39.6493],[16.0161,39.6447],[16.011,39.6446],[15.9884,39.6567],[16.0006,39.6673],[16.0011,39.6688],[16.0005,39.6697],[15.9929,39.6709],[15.9847,39.6701],[15.9711,39.6719],[15.9488,39.6806],[15.9549,39.6877],[15.9646,39.6929],[15.9722,39.6923],[15.98,39.6959],[15.9884,39.6965],[15.9981,39.6946],[16.0029,39.6887],[16.012,39.6848],[16.0239,39.6858],[16.0329,39.6887],[16.0391,39.6877],[16.0496,39.6835],[16.05,39.6746],[16.051,39.6705],[16.0601,39.6623],[16.0657,39.66],[16.0673,39.6605],[16.0675,39.6616],[16.0665,39.6656],[16.0702,39.6689],[16.0938,39.6785],[16.1027,39.6738],[16.1127,39.6616],[16.116,39.6608],[16.1235,39.6611]]]}},{"type":"Feature","properties":{"i":"078129","n":"Santa Caterina Albanese"},"geometry":{"type":"Polygon","coordinates":[[[16.1195,39.6223],[16.1183,39.6186],[16.097,39.6005],[16.0966,39.5991],[16.1018,39.5898],[16.098,39.5833],[16.0986,39.5782],[16.1017,39.5743],[16.0962,39.5695],[16.0867,39.5664],[16.0835,39.5639],[16.0786,39.5656],[16.0755,39.57],[16.074,39.5758],[16.058,39.5805],[16.0581,39.5824],[16.0606,39.5848],[16.0615,39.5923],[16.0683,39.5989],[16.0715,39.5998],[16.0768,39.6051],[16.0742,39.6112],[16.0734,39.6152],[16.0987,39.6244],[16.1195,39.6223]]]}},{"type":"Feature","properties":{"i":"078130","n":"Santa Domenica Talao"},"geometry":{"type":"Polygon","coordinates":[[[15.8484,39.865],[15.861,39.8548],[15.8673,39.8477],[15.8654,39.8458],[15.8664,39.8418],[15.8731,39.8316],[15.8759,39.8286],[15.8795,39.8288],[15.89,39.826],[15.8867,39.8129],[15.8872,39.81],[15.8839,39.8074],[15.8767,39.8055],[15.8724,39.8074],[15.8686,39.8124],[15.866,39.8124],[15.855,39.8013],[15.8502,39.795],[15.8354,39.7816],[15.8277,39.7806],[15.8191,39.796],[15.8188,39.7992],[15.8217,39.8109],[15.821,39.8166],[15.8189,39.8211],[15.8166,39.8304],[15.8206,39.8368],[15.8156,39.8453],[15.816,39.848],[15.8189,39.8533],[15.8218,39.8549],[15.8201,39.8594],[15.8181,39.8625],[15.8194,39.8652],[15.8282,39.8681],[15.8356,39.865],[15.838,39.8623],[15.841,39.8612],[15.8447,39.862],[15.8484,39.865]]]}},{"type":"Feature","properties":{"i":"078131","n":"Sant'Agata di Esaro"},"geometry":{"type":"Polygon","coordinates":[[[16.0429,39.6337],[16.0399,39.6335],[16.0264,39.6215],[16.0224,39.613],[16.0068,39.6109],[16.0024,39.5984],[15.9985,39.5928],[15.9987,39.585],[15.997,39.5788],[15.9932,39.5757],[15.9815,39.5796],[15.9681,39.5806],[15.9649,39.5814],[15.9555,39.5978],[15.9543,39.6073],[15.9455,39.6234],[15.9399,39.6287],[15.9347,39.6316],[15.9244,39.633],[15.9209,39.6375],[15.9198,39.6422],[15.9211,39.6437],[15.9219,39.6476],[15.9193,39.6542],[15.9195,39.656],[15.9204,39.6596],[15.9307,39.659],[15.9403,39.6618],[15.9463,39.6598],[15.9511,39.6569],[15.9601,39.6543],[15.9743,39.6558],[15.979,39.6539],[15.9875,39.6474],[15.9955,39.6395],[16.004,39.6357],[16.0232,39.6306],[16.0295,39.6319],[16.0342,39.6382],[16.0394,39.6371],[16.0429,39.6337]]]}},{"type":"Feature","properties":{"i":"078132","n":"Santa Maria del Cedro"},"geometry":{"type":"Polygon","coordinates":[[[15.8655,39.7615],[15.87,39.7516],[15.8743,39.7446],[15.8777,39.7425],[15.878,39.741],[15.8777,39.7402],[15.8693,39.7368],[15.8618,39.7349],[15.8578,39.7359],[15.8515,39.7425],[15.846,39.7438],[15.8443,39.74],[15.8442,39.737],[15.8321,39.7353],[15.8284,39.7375],[15.8252,39.7424],[15.8191,39.7447],[15.8045,39.7437],[15.7989,39.7616],[15.824,39.7699],[15.8308,39.7731],[15.8398,39.7699],[15.8497,39.7684],[15.8522,39.7688],[15.8655,39.7615]]]}},{"type":"Feature","properties":{"i":"078133","n":"Santa Sofia d'Epiro"},"geometry":{"type":"Polygon","coordinates":[[[16.3611,39.5456],[16.355,39.5396],[16.3448,39.5406],[16.3346,39.5401],[16.3272,39.538],[16.3193,39.5373],[16.3119,39.5415],[16.2935,39.5453],[16.2886,39.5511],[16.2861,39.5559],[16.2854,39.5639],[16.2859,39.57],[16.2848,39.5719],[16.2734,39.5726],[16.2613,39.5717],[16.2537,39.5739],[16.257,39.5766],[16.261,39.5884],[16.2611,39.6013],[16.2654,39.6052],[16.2714,39.6071],[16.2783,39.6065],[16.294,39.6085],[16.314,39.6062],[16.3221,39.6067],[16.3297,39.6123],[16.3322,39.6129],[16.3337,39.6099],[16.3335,39.6066],[16.3297,39.5919],[16.3235,39.586],[16.3225,39.5776],[16.3237,39.5724],[16.3313,39.5595],[16.3487,39.5528],[16.3571,39.5507],[16.3608,39.5471],[16.3611,39.5456]]]}},{"type":"Feature","properties":{"i":"078134","n":"Santo Stefano di Rogliano"},"geometry":{"type":"Polygon","coordinates":[[[16.4468,39.1982],[16.4209,39.1938],[16.4016,39.1932],[16.381,39.1868],[16.376,39.1937],[16.3741,39.1947],[16.3665,39.1906],[16.3627,39.1861],[16.3538,39.1869],[16.3484,39.1907],[16.3395,39.1902],[16.3302,39.1884],[16.3174,39.1891],[16.3155,39.1879],[16.3069,39.1934],[16.3042,39.1941],[16.3007,39.1936],[16.3043,39.203],[16.3078,39.1993],[16.3204,39.1965],[16.3593,39.2001],[16.3683,39.1966],[16.3716,39.1974],[16.3838,39.2094],[16.3901,39.2141],[16.4005,39.2169],[16.4177,39.2185],[16.4241,39.2154],[16.4436,39.2021],[16.4468,39.1982]]]}},{"type":"Feature","properties":{"i":"078135","n":"San Vincenzo La Costa"},"geometry":{"type":"Polygon","coordinates":[[[16.1935,39.3721],[16.1926,39.3693],[16.1848,39.3631],[16.1633,39.3587],[16.1574,39.3566],[16.144,39.3492],[16.1331,39.3497],[16.117,39.3533],[16.1137,39.355],[16.1111,39.358],[16.1068,39.3598],[16.1075,39.3653],[16.1129,39.3725],[16.1413,39.3762],[16.1439,39.3781],[16.1456,39.3815],[16.1452,39.3833],[16.147,39.3863],[16.1532,39.3892],[16.1608,39.3894],[16.1656,39.3879],[16.1695,39.3839],[16.1885,39.3713],[16.1935,39.3721]]]}},{"type":"Feature","properties":{"i":"078136","n":"Saracena"},"geometry":{"type":"Polygon","coordinates":[[[16.1353,39.8167],[16.1377,39.8147],[16.1425,39.8078],[16.1478,39.8022],[16.161,39.7938],[16.1647,39.7943],[16.1834,39.7853],[16.1974,39.7764],[16.2031,39.7696],[16.2038,39.7662],[16.2073,39.7638],[16.2246,39.7563],[16.2308,39.7489],[16.2319,39.7396],[16.2437,39.7216],[16.244,39.7181],[16.241,39.7187],[16.2297,39.7164],[16.217,39.7162],[16.2029,39.7192],[16.1881,39.7237],[16.1708,39.7263],[16.1736,39.7314],[16.1808,39.7332],[16.1831,39.736],[16.1831,39.738],[16.1777,39.7425],[16.1641,39.7425],[16.1473,39.7443],[16.1411,39.7555],[16.1413,39.7568],[16.1357,39.7591],[16.1128,39.763],[16.1,39.767],[16.0946,39.771],[16.0805,39.7741],[16.0754,39.7787],[16.0731,39.782],[16.0646,39.7839],[16.0589,39.7797],[16.0532,39.7768],[16.0348,39.7751],[16.0294,39.7731],[16.0251,39.7732],[16.0202,39.7771],[16.02,39.7841],[16.0219,39.7972],[16.0214,39.7998],[16.011,39.8118],[16.0098,39.8147],[16.0099,39.8153],[16.0182,39.817],[16.0263,39.82],[16.0304,39.8203],[16.0351,39.823],[16.0392,39.8282],[16.0499,39.8299],[16.0738,39.8302],[16.0819,39.8249],[16.0847,39.8242],[16.1028,39.8257],[16.1046,39.8292],[16.112,39.8301],[16.1197,39.8289],[16.1286,39.8206],[16.1353,39.8167]]]}},{"type":"Feature","properties":{"i":"078137","n":"Scala Coeli"},"geometry":{"type":"Polygon","coordinates":[[[16.9122,39.5179],[16.9107,39.5156],[16.9064,39.5126],[16.9032,39.5115],[16.9007,39.5085],[16.9009,39.5036],[16.9031,39.4986],[16.903,39.4895],[16.9087,39.4739],[16.9085,39.47],[16.9113,39.4685],[16.9135,39.4701],[16.9179,39.4652],[16.9294,39.456],[16.9373,39.4437],[16.9429,39.439],[16.9473,39.4371],[16.9572,39.437],[16.9579,39.4341],[16.9543,39.4316],[16.9533,39.4287],[16.9563,39.4149],[16.955,39.4028],[16.9566,39.3972],[16.9523,39.3942],[16.9416,39.3958],[16.9319,39.4031],[16.9201,39.409],[16.9119,39.4111],[16.9038,39.4131],[16.901,39.4106],[16.8955,39.4089],[16.8939,39.4091],[16.8908,39.4123],[16.8908,39.4203],[16.8766,39.4283],[16.8715,39.4267],[16.869,39.4212],[16.8644,39.4204],[16.8617,39.421],[16.8572,39.4235],[16.857,39.4248],[16.8668,39.4359],[16.8408,39.4419],[16.838,39.4427],[16.8373,39.4439],[16.8372,39.4474],[16.8381,39.4489],[16.844,39.4476],[16.8465,39.448],[16.8557,39.4636],[16.8542,39.4704],[16.8581,39.475],[16.8627,39.4836],[16.8618,39.4889],[16.8625,39.4947],[16.865,39.5004],[16.8696,39.5073],[16.8843,39.5124],[16.8949,39.5177],[16.9018,39.5249],[16.9122,39.5179]]]}},{"type":"Feature","properties":{"i":"078138","n":"Scalea"},"geometry":{"type":"Polygon","coordinates":[[[15.8277,39.7806],[15.8308,39.7731],[15.824,39.7699],[15.7989,39.7616],[15.7933,39.7793],[15.7907,39.7943],[15.7853,39.8172],[15.7833,39.8198],[15.7812,39.8206],[15.7786,39.82],[15.7769,39.8208],[15.7764,39.8222],[15.7754,39.8281],[15.7773,39.8322],[15.7826,39.8318],[15.7966,39.8329],[15.8036,39.835],[15.8156,39.8368],[15.819,39.8387],[15.8206,39.8368],[15.8204,39.8359],[15.8166,39.8304],[15.8189,39.8211],[15.821,39.8166],[15.8217,39.8109],[15.8188,39.7992],[15.8191,39.796],[15.8277,39.7806]]]}},{"type":"Feature","properties":{"i":"078139","n":"Scigliano"},"geometry":{"type":"Polygon","coordinates":[[[16.3708,39.1367],[16.3673,39.1346],[16.3666,39.1326],[16.3672,39.1291],[16.3657,39.1249],[16.3613,39.1214],[16.3392,39.1242],[16.3128,39.1238],[16.3021,39.1171],[16.3015,39.116],[16.2833,39.1104],[16.2614,39.1133],[16.2637,39.1216],[16.2794,39.1372],[16.2848,39.1392],[16.2869,39.1382],[16.2942,39.1374],[16.3056,39.139],[16.314,39.1382],[16.3306,39.1384],[16.3376,39.1369],[16.3411,39.1349],[16.3459,39.1348],[16.353,39.1387],[16.3674,39.1378],[16.3708,39.1367]]]}},{"type":"Feature","properties":{"i":"078140","n":"Serra d'Aiello"},"geometry":{"type":"Polygon","coordinates":[[[16.138,39.0928],[16.136,39.0878],[16.1356,39.0791],[16.1377,39.077],[16.1311,39.0718],[16.1295,39.0729],[16.1284,39.076],[16.1265,39.078],[16.1132,39.0762],[16.1101,39.0803],[16.1103,39.0832],[16.1124,39.0844],[16.1173,39.0899],[16.1196,39.0966],[16.1243,39.1006],[16.1312,39.1029],[16.1319,39.099],[16.1316,39.092],[16.1347,39.0916],[16.138,39.0928]]]}},{"type":"Feature","properties":{"i":"078142","n":"Spezzano Albanese"},"geometry":{"type":"Polygon","coordinates":[[[16.3617,39.7103],[16.3623,39.7029],[16.3571,39.7059],[16.3539,39.7042],[16.3525,39.6936],[16.3476,39.6888],[16.3397,39.6853],[16.3365,39.6752],[16.3261,39.6653],[16.3154,39.6588],[16.3105,39.6519],[16.2967,39.6521],[16.2934,39.6506],[16.2923,39.6551],[16.2927,39.6591],[16.3044,39.665],[16.3076,39.6642],[16.3082,39.665],[16.3009,39.6741],[16.2923,39.6764],[16.2856,39.68],[16.278,39.6856],[16.2845,39.6903],[16.2855,39.696],[16.2847,39.7043],[16.28,39.7114],[16.2794,39.7135],[16.2799,39.7162],[16.2845,39.7191],[16.2905,39.7198],[16.2986,39.7197],[16.3071,39.7169],[16.3112,39.7169],[16.3159,39.7187],[16.3181,39.721],[16.3275,39.72],[16.3361,39.7148],[16.3409,39.7133],[16.36,39.7112],[16.3617,39.7103]]]}},{"type":"Feature","properties":{"i":"078143","n":"Spezzano della Sila"},"geometry":{"type":"Polygon","coordinates":[[[16.6053,39.3821],[16.6043,39.3798],[16.5987,39.3757],[16.5961,39.3756],[16.5923,39.3695],[16.5907,39.3641],[16.5871,39.3593],[16.5829,39.3599],[16.5691,39.358],[16.557,39.3524],[16.5509,39.3478],[16.5421,39.3426],[16.5259,39.3408],[16.5088,39.3366],[16.501,39.3333],[16.4821,39.3273],[16.4665,39.3188],[16.4565,39.3174],[16.4533,39.319],[16.4433,39.3174],[16.4378,39.3128],[16.4175,39.3097],[16.4127,39.3092],[16.3993,39.3102],[16.3971,39.3065],[16.3911,39.3033],[16.386,39.3033],[16.3741,39.3074],[16.3639,39.3069],[16.354,39.3016],[16.3504,39.2971],[16.3449,39.2947],[16.3328,39.2943],[16.3297,39.2952],[16.3285,39.2968],[16.3321,39.3015],[16.3405,39.3054],[16.3426,39.3038],[16.3486,39.3055],[16.3566,39.3102],[16.3602,39.3136],[16.3635,39.315],[16.3684,39.3157],[16.3852,39.3157],[16.3886,39.3171],[16.3963,39.3217],[16.402,39.3285],[16.4117,39.3375],[16.4182,39.3422],[16.4219,39.3429],[16.4257,39.3476],[16.425,39.3506],[16.4319,39.354],[16.4668,39.3631],[16.4726,39.3632],[16.478,39.365],[16.4974,39.3743],[16.526,39.385],[16.5356,39.3899],[16.5378,39.3923],[16.5499,39.3875],[16.564,39.3871],[16.5755,39.3881],[16.598,39.3949],[16.6036,39.3896],[16.6053,39.3821]]]}},{"type":"Feature","properties":{"i":"078145","n":"Tarsia"},"geometry":{"type":"Polygon","coordinates":[[[16.2925,39.6581],[16.2924,39.6548],[16.2934,39.6506],[16.2967,39.6521],[16.3032,39.6522],[16.3186,39.6405],[16.3167,39.6363],[16.3174,39.625],[16.3196,39.6223],[16.331,39.6222],[16.333,39.6198],[16.3322,39.6129],[16.3297,39.6123],[16.3221,39.6067],[16.314,39.6062],[16.294,39.6085],[16.2783,39.6065],[16.2714,39.6071],[16.2667,39.6057],[16.262,39.6025],[16.2608,39.6006],[16.2614,39.5966],[16.261,39.5884],[16.257,39.5766],[16.2537,39.5739],[16.2396,39.5737],[16.2396,39.576],[16.2419,39.5821],[16.2452,39.5876],[16.2445,39.5933],[16.2424,39.5953],[16.2412,39.5983],[16.2425,39.6046],[16.2406,39.6091],[16.2388,39.6111],[16.2288,39.6127],[16.2226,39.624],[16.2241,39.6264],[16.2372,39.6434],[16.2418,39.6521],[16.2438,39.6515],[16.246,39.6526],[16.2525,39.6578],[16.2513,39.6598],[16.2522,39.6614],[16.2528,39.6615],[16.2523,39.66],[16.2533,39.6578],[16.2542,39.6578],[16.2583,39.66],[16.2681,39.6684],[16.281,39.6615],[16.2895,39.658],[16.2925,39.6581]]]}},{"type":"Feature","properties":{"i":"078146","n":"Terranova da Sibari"},"geometry":{"type":"Polygon","coordinates":[[[16.4007,39.6475],[16.3955,39.6458],[16.3719,39.6429],[16.368,39.6418],[16.3624,39.638],[16.3597,39.6389],[16.3576,39.6414],[16.3518,39.6426],[16.3488,39.6421],[16.3424,39.6379],[16.3406,39.6286],[16.336,39.6225],[16.333,39.6198],[16.331,39.6222],[16.3196,39.6223],[16.3174,39.625],[16.3167,39.6363],[16.3189,39.6401],[16.3032,39.6522],[16.3084,39.6514],[16.3105,39.6519],[16.3154,39.6588],[16.3261,39.6653],[16.3355,39.6741],[16.3369,39.676],[16.3397,39.6853],[16.3476,39.6888],[16.3525,39.6936],[16.3539,39.7042],[16.3571,39.7059],[16.3632,39.702],[16.3808,39.7084],[16.3816,39.7082],[16.3814,39.7069],[16.3759,39.6982],[16.3756,39.6955],[16.3877,39.6809],[16.3892,39.6778],[16.4015,39.6715],[16.4033,39.6716],[16.4039,39.6724],[16.4031,39.6778],[16.4058,39.6798],[16.4124,39.6813],[16.4223,39.6725],[16.4182,39.6675],[16.4136,39.6646],[16.4106,39.6688],[16.4075,39.6673],[16.4076,39.6574],[16.4029,39.6493],[16.4007,39.6475]]]}},{"type":"Feature","properties":{"i":"078147","n":"Terravecchia"},"geometry":{"type":"Polygon","coordinates":[[[17.0015,39.4628],[16.9979,39.4599],[16.9938,39.4579],[16.9783,39.4527],[16.9635,39.4393],[16.9572,39.437],[16.9478,39.437],[16.9429,39.439],[16.9373,39.4437],[16.9294,39.456],[16.9179,39.4652],[16.9135,39.4701],[16.9137,39.4722],[16.9336,39.4765],[16.9437,39.4798],[16.9455,39.4816],[16.9503,39.4836],[16.9538,39.4832],[16.9597,39.4802],[16.9685,39.4729],[16.9893,39.4656],[17.0015,39.4628]]]}},{"type":"Feature","properties":{"i":"078148","n":"Torano Castello"},"geometry":{"type":"Polygon","coordinates":[[[16.2133,39.481],[16.2,39.475],[16.1941,39.4764],[16.1872,39.476],[16.1837,39.4772],[16.1803,39.4798],[16.1628,39.4961],[16.1598,39.4976],[16.1423,39.4988],[16.1306,39.4981],[16.1208,39.4963],[16.1209,39.4975],[16.1254,39.502],[16.132,39.5125],[16.1359,39.5164],[16.1409,39.5194],[16.1457,39.521],[16.1607,39.5218],[16.1747,39.5245],[16.1993,39.5313],[16.2164,39.5333],[16.22,39.5326],[16.2161,39.5283],[16.215,39.5259],[16.2174,39.5147],[16.2162,39.5097],[16.2109,39.5041],[16.2107,39.503],[16.211,39.4876],[16.2133,39.481]]]}},{"type":"Feature","properties":{"i":"078149","n":"Tortora"},"geometry":{"type":"Polygon","coordinates":[[[15.898,39.9817],[15.8968,39.9791],[15.8932,39.9763],[15.8886,39.968],[15.8888,39.9649],[15.8921,39.9613],[15.8903,39.9523],[15.8822,39.9456],[15.8746,39.9517],[15.8673,39.9541],[15.8524,39.9553],[15.8421,39.9542],[15.8287,39.9438],[15.8266,39.9424],[15.822,39.9413],[15.8128,39.9341],[15.7994,39.9313],[15.7935,39.931],[15.7899,39.9323],[15.7845,39.9293],[15.7799,39.9256],[15.7767,39.9204],[15.7766,39.9116],[15.7679,39.9077],[15.7559,39.9236],[15.7624,39.9271],[15.7659,39.9306],[15.7713,39.946],[15.7721,39.9506],[15.7711,39.9567],[15.773,39.9605],[15.7806,39.9662],[15.7896,39.9686],[15.7948,39.9714],[15.7965,39.9732],[15.8019,39.9827],[15.8146,39.9946],[15.8189,39.9969],[15.8201,40.0019],[15.8392,40.0031],[15.8451,40.0042],[15.8477,40.0059],[15.8567,39.9999],[15.8684,39.988],[15.8738,39.9933],[15.8786,39.9962],[15.8897,39.9946],[15.8919,39.993],[15.8939,39.9861],[15.8962,39.9827],[15.898,39.9817]]]}},{"type":"Feature","properties":{"i":"078150","n":"Trebisacce"},"geometry":{"type":"Polygon","coordinates":[[[16.5762,39.9069],[16.5585,39.8918],[16.5383,39.8708],[16.5285,39.8584],[16.5189,39.8437],[16.5116,39.848],[16.4868,39.8655],[16.477,39.8772],[16.4909,39.8822],[16.4945,39.8875],[16.4946,39.8897],[16.5012,39.8944],[16.5125,39.9],[16.518,39.9013],[16.5408,39.9043],[16.5539,39.9054],[16.5572,39.9041],[16.567,39.9078],[16.5762,39.9069]]]}},{"type":"Feature","properties":{"i":"078152","n":"Vaccarizzo Albanese"},"geometry":{"type":"Polygon","coordinates":[[[16.4468,39.5786],[16.4436,39.5723],[16.4334,39.5625],[16.4307,39.5621],[16.4263,39.565],[16.4243,39.5673],[16.4257,39.5701],[16.4238,39.5737],[16.4229,39.5781],[16.4227,39.5837],[16.4236,39.5897],[16.429,39.5971],[16.434,39.6086],[16.4431,39.618],[16.4458,39.616],[16.4471,39.6131],[16.4468,39.607],[16.4445,39.6028],[16.4439,39.6001],[16.4472,39.5873],[16.4468,39.5786]]]}},{"type":"Feature","properties":{"i":"078153","n":"Verbicaro"},"geometry":{"type":"Polygon","coordinates":[[[16.0238,39.7722],[16.0234,39.7686],[16.0174,39.7641],[15.9961,39.7611],[15.9788,39.766],[15.9776,39.769],[15.9748,39.771],[15.97,39.7699],[15.962,39.7631],[15.9556,39.7563],[15.9516,39.7461],[15.9505,39.7394],[15.9513,39.737],[15.9451,39.7385],[15.9166,39.7389],[15.9099,39.7416],[15.8965,39.7435],[15.8773,39.7429],[15.8743,39.7446],[15.87,39.7516],[15.8655,39.7615],[15.8703,39.7613],[15.8734,39.7624],[15.8861,39.7701],[15.911,39.7741],[15.919,39.7739],[15.921,39.7732],[15.9249,39.77],[15.9392,39.7677],[15.9431,39.7707],[15.9547,39.7699],[15.9623,39.7723],[15.9641,39.777],[15.9693,39.7797],[15.9824,39.7785],[15.9896,39.781],[15.9997,39.7814],[16.0238,39.7722]]]}},{"type":"Feature","properties":{"i":"078154","n":"Villapiana"},"geometry":{"type":"Polygon","coordinates":[[[16.5189,39.8437],[16.5103,39.8362],[16.5043,39.8287],[16.4978,39.8189],[16.4922,39.8076],[16.4871,39.7868],[16.4874,39.7732],[16.4861,39.7822],[16.4763,39.7812],[16.4724,39.7818],[16.4678,39.7855],[16.4658,39.7884],[16.466,39.7894],[16.4623,39.7933],[16.4513,39.7988],[16.4467,39.8028],[16.4505,39.8081],[16.4519,39.8085],[16.4539,39.8078],[16.448,39.8172],[16.4419,39.8202],[16.441,39.826],[16.4414,39.8269],[16.4493,39.8329],[16.4517,39.8366],[16.4507,39.8399],[16.4461,39.846],[16.4424,39.8543],[16.4455,39.8571],[16.4461,39.8617],[16.4505,39.8697],[16.4598,39.865],[16.4755,39.8678],[16.4753,39.8734],[16.4783,39.8755],[16.4868,39.8655],[16.5116,39.848],[16.5189,39.8437]]]}},{"type":"Feature","properties":{"i":"078155","n":"Zumpano"},"geometry":{"type":"Polygon","coordinates":[[[16.2679,39.3329],[16.2753,39.3294],[16.2768,39.3262],[16.2906,39.3173],[16.2986,39.3154],[16.2998,39.3141],[16.2988,39.3098],[16.2892,39.2995],[16.2849,39.2994],[16.2831,39.3015],[16.2704,39.3051],[16.2646,39.3045],[16.2622,39.3059],[16.2612,39.3122],[16.262,39.315],[16.2606,39.3227],[16.2572,39.3296],[16.257,39.3316],[16.2611,39.3373],[16.2679,39.3329]]]}},{"type":"Feature","properties":{"i":"078156","n":"Casali del Manco"},"geometry":{"type":"Polygon","coordinates":[[[16.6165,39.3702],[16.6164,39.3666],[16.6117,39.3607],[16.6031,39.3569],[16.6019,39.3506],[16.6043,39.3448],[16.6036,39.3436],[16.6009,39.3415],[16.587,39.343],[16.5858,39.3349],[16.581,39.3271],[16.5785,39.3258],[16.5782,39.3243],[16.5789,39.3233],[16.5862,39.3192],[16.597,39.3077],[16.5958,39.3054],[16.5943,39.3056],[16.5875,39.3003],[16.583,39.295],[16.5818,39.2928],[16.5827,39.2905],[16.5795,39.2859],[16.5749,39.2825],[16.5723,39.2818],[16.5625,39.2803],[16.5539,39.2815],[16.547,39.2792],[16.5408,39.2713],[16.53,39.2601],[16.5224,39.2543],[16.5179,39.2519],[16.5012,39.249],[16.4969,39.2445],[16.4908,39.241],[16.4844,39.2354],[16.4779,39.2392],[16.4577,39.2419],[16.4512,39.2438],[16.4436,39.2494],[16.4283,39.2583],[16.4253,39.2637],[16.4254,39.2687],[16.4241,39.2712],[16.4177,39.2765],[16.4146,39.2769],[16.41,39.2746],[16.4036,39.2682],[16.3913,39.263],[16.3865,39.2591],[16.3617,39.2665],[16.3386,39.2675],[16.3235,39.2649],[16.3134,39.2711],[16.3008,39.2768],[16.2854,39.2792],[16.2781,39.2794],[16.2809,39.2829],[16.2875,39.2845],[16.2936,39.2849],[16.3068,39.2904],[16.3139,39.2949],[16.3243,39.2968],[16.3285,39.2968],[16.3297,39.2952],[16.3328,39.2943],[16.3449,39.2947],[16.3504,39.2971],[16.354,39.3016],[16.3639,39.3069],[16.3749,39.3073],[16.3852,39.3035],[16.3886,39.303],[16.3923,39.3035],[16.3955,39.3053],[16.3971,39.3065],[16.3993,39.3102],[16.4127,39.3092],[16.4175,39.3097],[16.4378,39.3128],[16.4433,39.3174],[16.4533,39.319],[16.4565,39.3174],[16.4645,39.3183],[16.4821,39.3273],[16.501,39.3333],[16.5088,39.3366],[16.5259,39.3408],[16.5421,39.3426],[16.5509,39.3478],[16.557,39.3524],[16.5691,39.358],[16.5829,39.3599],[16.5871,39.3593],[16.5907,39.3641],[16.5923,39.3695],[16.5961,39.3756],[16.5987,39.3757],[16.6043,39.3798],[16.6057,39.3825],[16.6089,39.3814],[16.6083,39.3772],[16.6092,39.3727],[16.6149,39.3719],[16.6165,39.3702]]]}},{"type":"Feature","properties":{"i":"078157","n":"Corigliano-Rossano"},"geometry":{"type":"MultiPolygon","coordinates":[[[[16.3586,39.6398],[16.3578,39.6287],[16.3555,39.6231],[16.3469,39.615],[16.3443,39.6144],[16.3364,39.6162],[16.3329,39.619],[16.3406,39.6286],[16.3424,39.6379],[16.3505,39.6426],[16.3576,39.6414],[16.3586,39.6398]]],[[[16.7704,39.6208],[16.7653,39.6085],[16.7605,39.6039],[16.7593,39.6039],[16.7568,39.5977],[16.7556,39.5849],[16.7585,39.5762],[16.7577,39.5708],[16.7513,39.5702],[16.7491,39.5733],[16.7288,39.5759],[16.7269,39.5753],[16.7235,39.5721],[16.7191,39.5729],[16.7131,39.5684],[16.7006,39.5637],[16.685,39.5618],[16.676,39.5597],[16.6699,39.5616],[16.6687,39.5626],[16.657,39.5559],[16.6497,39.5508],[16.6435,39.5301],[16.6392,39.5254],[16.6337,39.5236],[16.6325,39.5214],[16.6331,39.5156],[16.6316,39.5099],[16.6302,39.507],[16.6267,39.5028],[16.6237,39.5029],[16.6173,39.506],[16.6118,39.5137],[16.603,39.5143],[16.5927,39.5101],[16.5875,39.512],[16.5809,39.5173],[16.5779,39.5243],[16.5745,39.529],[16.5643,39.5346],[16.5525,39.536],[16.5506,39.5356],[16.5506,39.5333],[16.5468,39.5266],[16.5363,39.5218],[16.5276,39.5199],[16.5251,39.5174],[16.5167,39.5025],[16.5177,39.4994],[16.523,39.4954],[16.5246,39.4903],[16.5237,39.4877],[16.5056,39.4844],[16.5014,39.4846],[16.4859,39.4966],[16.4829,39.4993],[16.4825,39.5011],[16.4864,39.5138],[16.493,39.5268],[16.4973,39.5287],[16.5015,39.5321],[16.5072,39.545],[16.5054,39.5521],[16.5052,39.5625],[16.4995,39.5739],[16.4998,39.5754],[16.5022,39.5783],[16.4965,39.5797],[16.4917,39.5795],[16.4909,39.5769],[16.495,39.567],[16.4932,39.5644],[16.4872,39.5602],[16.4747,39.5601],[16.475,39.5625],[16.4771,39.5674],[16.4815,39.5753],[16.4786,39.5799],[16.4798,39.5892],[16.4823,39.5931],[16.4869,39.5927],[16.4875,39.5947],[16.4773,39.606],[16.4761,39.6088],[16.4782,39.6197],[16.4769,39.625],[16.4744,39.6293],[16.4743,39.6341],[16.4811,39.6439],[16.473,39.6426],[16.4656,39.6326],[16.4606,39.6294],[16.459,39.6305],[16.4598,39.6319],[16.4612,39.6319],[16.4617,39.6348],[16.4605,39.6421],[16.456,39.6441],[16.4546,39.6425],[16.4522,39.6345],[16.4443,39.6258],[16.4416,39.6289],[16.429,39.631],[16.4265,39.6276],[16.4222,39.6244],[16.4202,39.6237],[16.4149,39.6246],[16.4123,39.6278],[16.4114,39.6312],[16.4022,39.6468],[16.4007,39.6475],[16.4029,39.6493],[16.4076,39.6574],[16.4075,39.6673],[16.4106,39.6688],[16.4136,39.6646],[16.4182,39.6675],[16.4223,39.6725],[16.4124,39.6813],[16.4058,39.6798],[16.4031,39.6778],[16.4039,39.6724],[16.4033,39.6716],[16.4015,39.6715],[16.3896,39.6775],[16.3877,39.6809],[16.3756,39.6955],[16.3759,39.6982],[16.3816,39.7082],[16.3804,39.7083],[16.3632,39.702],[16.3623,39.7029],[16.3617,39.7133],[16.364,39.7163],[16.3655,39.7167],[16.3696,39.7159],[16.3778,39.7124],[16.3877,39.7109],[16.3939,39.7087],[16.4052,39.7076],[16.4128,39.7087],[16.4242,39.7121],[16.43,39.7115],[16.4416,39.7081],[16.4494,39.7],[16.4505,39.6997],[16.4577,39.7008],[16.4608,39.7043],[16.467,39.708],[16.4813,39.7132],[16.4866,39.7135],[16.4991,39.7114],[16.5137,39.7134],[16.5248,39.7189],[16.5294,39.7244],[16.5292,39.7189],[16.5251,39.6902],[16.5256,39.6801],[16.5222,39.6729],[16.5181,39.6698],[16.5181,39.668],[16.525,39.6592],[16.5288,39.6608],[16.5292,39.6665],[16.5366,39.6588],[16.5434,39.6541],[16.5666,39.6413],[16.5933,39.6297],[16.6057,39.6251],[16.6182,39.622],[16.6375,39.6198],[16.665,39.62],[16.6852,39.6211],[16.7329,39.6163],[16.7379,39.6166],[16.7553,39.6245],[16.7704,39.6208]]]]}}]}
