{"type":"FeatureCollection","fonte":"Confini comunali ISTAT via openpolis/geojson-italy — CC BY 4.0","features":[{"type":"Feature","properties":{"i":"018001","n":"Alagna"},"geometry":{"type":"Polygon","coordinates":[[[8.9172,45.1719],[8.914,45.1607],[8.9093,45.1581],[8.9033,45.1509],[8.8996,45.15],[8.8928,45.1499],[8.8855,45.1548],[8.8804,45.1602],[8.8744,45.1642],[8.871,45.1657],[8.8672,45.1658],[8.8678,45.1745],[8.8693,45.1811],[8.8774,45.1813],[8.8788,45.178],[8.8816,45.1754],[8.8823,45.1769],[8.897,45.1774],[8.9172,45.1719]]]}},{"type":"Feature","properties":{"i":"018003","n":"Albonese"},"geometry":{"type":"Polygon","coordinates":[[[8.7142,45.3016],[8.7168,45.2972],[8.7185,45.2964],[8.7195,45.2969],[8.7233,45.2916],[8.7239,45.2881],[8.7202,45.2829],[8.706,45.2812],[8.6888,45.2826],[8.6906,45.2925],[8.7142,45.3016]]]}},{"type":"Feature","properties":{"i":"018004","n":"Albuzzano"},"geometry":{"type":"Polygon","coordinates":[[[9.2908,45.2079],[9.297,45.202],[9.3017,45.1961],[9.3017,45.1938],[9.2992,45.1909],[9.295,45.1904],[9.2887,45.1844],[9.2893,45.176],[9.2876,45.1703],[9.2803,45.1668],[9.2764,45.1692],[9.2535,45.1655],[9.2575,45.1713],[9.2469,45.175],[9.2395,45.1822],[9.2345,45.1828],[9.2345,45.1863],[9.2421,45.1853],[9.2467,45.1866],[9.2548,45.1963],[9.2563,45.2007],[9.2598,45.2066],[9.2662,45.2105],[9.2687,45.2116],[9.2794,45.2105],[9.2908,45.2079]]]}},{"type":"Feature","properties":{"i":"018005","n":"Arena Po"},"geometry":{"type":"Polygon","coordinates":[[[9.4204,45.0935],[9.439,45.0934],[9.4391,45.0899],[9.4364,45.0826],[9.4348,45.0817],[9.4275,45.0818],[9.4263,45.0831],[9.4219,45.084],[9.4122,45.0836],[9.4107,45.0827],[9.4126,45.0789],[9.4064,45.0732],[9.3893,45.064],[9.3447,45.0694],[9.3436,45.0718],[9.3346,45.0798],[9.3367,45.0891],[9.3331,45.0901],[9.3351,45.098],[9.3384,45.1011],[9.3438,45.1035],[9.3536,45.1024],[9.3843,45.0963],[9.4204,45.0935]]]}},{"type":"Feature","properties":{"i":"018006","n":"Badia Pavese"},"geometry":{"type":"Polygon","coordinates":[[[9.4749,45.1317],[9.4712,45.1257],[9.47,45.1221],[9.4722,45.12],[9.4786,45.1168],[9.4653,45.116],[9.4599,45.1103],[9.4617,45.1085],[9.4576,45.1075],[9.4523,45.1081],[9.4565,45.1163],[9.4555,45.1195],[9.4447,45.1184],[9.437,45.1222],[9.435,45.1276],[9.4482,45.1305],[9.4514,45.1341],[9.4587,45.1392],[9.4617,45.1327],[9.4652,45.1294],[9.4682,45.1293],[9.4749,45.1317]]]}},{"type":"Feature","properties":{"i":"018007","n":"Bagnaria"},"geometry":{"type":"Polygon","coordinates":[[[9.1509,44.8479],[9.1504,44.8462],[9.151,44.8382],[9.1557,44.831],[9.161,44.8295],[9.1682,44.8299],[9.1725,44.8292],[9.1754,44.8278],[9.1763,44.8265],[9.1767,44.822],[9.171,44.8223],[9.1629,44.8243],[9.1593,44.8235],[9.1549,44.8216],[9.156,44.8154],[9.15,44.8107],[9.1467,44.809],[9.1261,44.8062],[9.1158,44.8073],[9.107,44.8105],[9.0951,44.819],[9.0972,44.8228],[9.1089,44.8298],[9.1098,44.8374],[9.1106,44.8383],[9.1191,44.843],[9.1426,44.8483],[9.1488,44.849],[9.1509,44.8479]]]}},{"type":"Feature","properties":{"i":"018008","n":"Barbianello"},"geometry":{"type":"Polygon","coordinates":[[[9.2285,45.0922],[9.2337,45.0909],[9.2423,45.0846],[9.2434,45.0836],[9.2433,45.0801],[9.2368,45.0761],[9.2296,45.0755],[9.2159,45.069],[9.2103,45.0653],[9.2106,45.0638],[9.2086,45.0658],[9.2048,45.067],[9.1993,45.0645],[9.1966,45.0612],[9.1966,45.0593],[9.1952,45.0577],[9.1911,45.0583],[9.1787,45.057],[9.1722,45.0593],[9.1848,45.086],[9.1864,45.0867],[9.1918,45.093],[9.1955,45.0986],[9.1978,45.1003],[9.2001,45.1012],[9.2024,45.0912],[9.2049,45.0853],[9.2132,45.0812],[9.2203,45.0816],[9.2278,45.0854],[9.2292,45.0887],[9.2285,45.0922]]]}},{"type":"Feature","properties":{"i":"018009","n":"Bascapè"},"geometry":{"type":"Polygon","coordinates":[[[9.3388,45.313],[9.3362,45.3115],[9.3334,45.3074],[9.3346,45.3051],[9.3384,45.3057],[9.3544,45.3015],[9.3576,45.2926],[9.3491,45.2908],[9.343,45.2912],[9.3399,45.2934],[9.3374,45.2963],[9.3301,45.2982],[9.3287,45.2978],[9.3229,45.2927],[9.3258,45.2922],[9.3294,45.2883],[9.3322,45.2838],[9.3312,45.2834],[9.3314,45.2806],[9.3338,45.2761],[9.3361,45.2755],[9.3415,45.2713],[9.3344,45.27],[9.3298,45.2761],[9.3261,45.2792],[9.3181,45.2842],[9.3062,45.2932],[9.302,45.2945],[9.2994,45.2965],[9.2981,45.2977],[9.2958,45.3039],[9.2936,45.3062],[9.2962,45.308],[9.2968,45.3147],[9.2956,45.3168],[9.2949,45.3209],[9.3031,45.3272],[9.3091,45.3279],[9.3109,45.3265],[9.3218,45.3222],[9.3247,45.3182],[9.3316,45.3122],[9.338,45.3146],[9.3388,45.313]]]}},{"type":"Feature","properties":{"i":"018011","n":"Bastida Pancarana"},"geometry":{"type":"Polygon","coordinates":[[[9.115,45.1161],[9.1207,45.1097],[9.1213,45.1061],[9.1174,45.1052],[9.1176,45.1035],[9.121,45.1001],[9.1227,45.0996],[9.1137,45.0957],[9.1016,45.0939],[9.0923,45.085],[9.0882,45.0781],[9.0805,45.0748],[9.0741,45.0744],[9.0689,45.0766],[9.0639,45.0817],[9.0578,45.0837],[9.0588,45.0915],[9.0574,45.1027],[9.0639,45.1068],[9.0658,45.1029],[9.0811,45.096],[9.0884,45.0992],[9.0903,45.1032],[9.0923,45.112],[9.0922,45.1173],[9.0948,45.1215],[9.115,45.1161]]]}},{"type":"Feature","properties":{"i":"018012","n":"Battuda"},"geometry":{"type":"Polygon","coordinates":[[[9.079,45.2797],[9.0829,45.2685],[9.0727,45.2626],[9.0723,45.2602],[9.0654,45.256],[9.0633,45.2557],[9.0591,45.2565],[9.0584,45.2582],[9.0602,45.2635],[9.0541,45.2669],[9.0479,45.2684],[9.0431,45.2842],[9.0532,45.2858],[9.06,45.2852],[9.0626,45.2857],[9.0612,45.2883],[9.0713,45.2895],[9.0784,45.2823],[9.079,45.2797]]]}},{"type":"Feature","properties":{"i":"018013","n":"Belgioioso"},"geometry":{"type":"Polygon","coordinates":[[[9.3471,45.1667],[9.3574,45.1541],[9.363,45.1518],[9.3652,45.1504],[9.3654,45.1489],[9.3634,45.1476],[9.359,45.1485],[9.3567,45.1466],[9.3557,45.1443],[9.3532,45.1448],[9.3464,45.1487],[9.3351,45.1582],[9.3246,45.1577],[9.3205,45.1558],[9.3196,45.152],[9.3336,45.1453],[9.3122,45.1195],[9.3041,45.1239],[9.291,45.126],[9.2838,45.1263],[9.2695,45.125],[9.268,45.1233],[9.2618,45.1258],[9.2586,45.138],[9.2589,45.1403],[9.2714,45.1449],[9.272,45.1487],[9.2765,45.1478],[9.2807,45.1493],[9.2881,45.1591],[9.2851,45.1608],[9.2803,45.1668],[9.2876,45.1703],[9.2915,45.1681],[9.2948,45.1685],[9.2965,45.1721],[9.303,45.1724],[9.3201,45.169],[9.3274,45.1712],[9.3346,45.1672],[9.3436,45.1651],[9.3471,45.1667]]]}},{"type":"Feature","properties":{"i":"018014","n":"Bereguardo"},"geometry":{"type":"Polygon","coordinates":[[[9.0151,45.2759],[9.0163,45.2739],[9.0235,45.2708],[9.0337,45.2734],[9.0322,45.2695],[9.0377,45.2625],[9.0383,45.2574],[9.0373,45.2553],[9.0386,45.2539],[9.0414,45.2527],[9.035,45.2481],[9.0394,45.2399],[9.0413,45.2384],[9.0397,45.229],[9.0408,45.223],[9.0367,45.2229],[9.0339,45.2283],[9.0292,45.2324],[9.026,45.2325],[9.0231,45.231],[9.0147,45.2306],[9.0026,45.2351],[8.9958,45.2421],[8.9944,45.246],[8.9903,45.2504],[8.9821,45.2535],[8.9829,45.265],[9.0028,45.2764],[9.007,45.2781],[9.0151,45.2759]]]}},{"type":"Feature","properties":{"i":"018015","n":"Borgarello"},"geometry":{"type":"Polygon","coordinates":[[[9.1513,45.2517],[9.1653,45.2497],[9.1689,45.2461],[9.1638,45.2429],[9.1589,45.2342],[9.1589,45.232],[9.1342,45.2286],[9.1329,45.2352],[9.1338,45.2421],[9.1362,45.2468],[9.1403,45.2465],[9.1457,45.2526],[9.1513,45.2517]]]}},{"type":"Feature","properties":{"i":"018016","n":"Borgo Priolo"},"geometry":{"type":"Polygon","coordinates":[[[9.1253,44.9817],[9.1347,44.9794],[9.1374,44.9776],[9.1373,44.9758],[9.1453,44.9785],[9.1469,44.9734],[9.1506,44.9691],[9.1539,44.9711],[9.1597,44.9723],[9.1818,44.9737],[9.1936,44.968],[9.1864,44.9626],[9.1787,44.9551],[9.1802,44.9515],[9.181,44.9511],[9.1805,44.9472],[9.178,44.9435],[9.1744,44.9407],[9.171,44.9394],[9.1691,44.9336],[9.1704,44.9306],[9.1607,44.9262],[9.1517,44.9247],[9.1417,44.9198],[9.1305,44.9293],[9.1157,44.9339],[9.1131,44.936],[9.1205,44.9379],[9.1218,44.9391],[9.1198,44.9426],[9.1158,44.9457],[9.1195,44.9471],[9.1271,44.9563],[9.1207,44.9604],[9.1078,44.9621],[9.1049,44.9667],[9.1058,44.9761],[9.1051,44.9845],[9.1069,44.9889],[9.1094,44.9917],[9.1123,44.9919],[9.1155,44.9897],[9.115,44.9862],[9.116,44.985],[9.1253,44.9817]]]}},{"type":"Feature","properties":{"i":"018017","n":"Borgoratto Mormorolo"},"geometry":{"type":"Polygon","coordinates":[[[9.2264,44.944],[9.2262,44.9425],[9.2296,44.9343],[9.2311,44.9273],[9.2265,44.926],[9.2162,44.9257],[9.2015,44.9199],[9.1807,44.9275],[9.1717,44.9297],[9.1691,44.9327],[9.171,44.9394],[9.1744,44.9407],[9.178,44.9435],[9.1805,44.9472],[9.181,44.9511],[9.1802,44.9515],[9.1787,44.9551],[9.1864,44.9626],[9.1936,44.968],[9.1986,44.9668],[9.2223,44.9522],[9.2243,44.9497],[9.2264,44.944]]]}},{"type":"Feature","properties":{"i":"018018","n":"Borgo San Siro"},"geometry":{"type":"Polygon","coordinates":[[[8.9827,45.2645],[8.9821,45.2535],[8.972,45.2518],[8.9599,45.2469],[8.9582,45.2445],[8.9588,45.2407],[8.9602,45.2385],[8.962,45.2378],[8.9573,45.2369],[8.9482,45.2401],[8.9391,45.2374],[8.9322,45.2375],[8.924,45.2287],[8.917,45.2265],[8.9062,45.2208],[8.9014,45.2194],[8.9021,45.2254],[8.8998,45.2258],[8.8937,45.2323],[8.8883,45.2305],[8.887,45.2279],[8.8811,45.2341],[8.8862,45.2434],[8.8907,45.2474],[8.891,45.2506],[8.8939,45.2556],[8.9004,45.2564],[8.9073,45.2558],[8.9148,45.2561],[8.9284,45.2576],[8.9349,45.2568],[8.94,45.2543],[8.9676,45.2605],[8.9715,45.2629],[8.9827,45.2645]]]}},{"type":"Feature","properties":{"i":"018019","n":"Bornasco"},"geometry":{"type":"Polygon","coordinates":[[[9.2008,45.2911],[9.2049,45.2884],[9.2112,45.2811],[9.2134,45.2745],[9.2226,45.2765],[9.2356,45.2763],[9.2381,45.2754],[9.2411,45.2707],[9.2378,45.2688],[9.2364,45.2603],[9.2345,45.2548],[9.2292,45.2511],[9.2291,45.2496],[9.2307,45.2496],[9.2308,45.2403],[9.2305,45.2392],[9.2271,45.2366],[9.2205,45.2386],[9.2115,45.2387],[9.209,45.2374],[9.2072,45.2412],[9.2126,45.2456],[9.2126,45.2508],[9.2118,45.2519],[9.2078,45.2518],[9.2042,45.2505],[9.2068,45.2625],[9.2059,45.266],[9.1999,45.2727],[9.1964,45.273],[9.1946,45.2785],[9.1883,45.2779],[9.1846,45.2805],[9.18,45.286],[9.1769,45.2946],[9.1793,45.2982],[9.1807,45.2985],[9.1838,45.2939],[9.1876,45.2922],[9.193,45.2912],[9.2008,45.2911]]]}},{"type":"Feature","properties":{"i":"018020","n":"Bosnasco"},"geometry":{"type":"Polygon","coordinates":[[[9.3893,45.064],[9.3846,45.0593],[9.3708,45.0482],[9.3627,45.0466],[9.3557,45.0476],[9.351,45.0469],[9.347,45.0477],[9.3444,45.0494],[9.348,45.0519],[9.3518,45.053],[9.3553,45.0586],[9.3537,45.0656],[9.3557,45.0682],[9.3893,45.064]]]}},{"type":"Feature","properties":{"i":"018021","n":"Brallo di Pregola"},"geometry":{"type":"Polygon","coordinates":[[[9.2859,44.7594],[9.2882,44.7574],[9.2993,44.7516],[9.3088,44.7475],[9.3212,44.7434],[9.327,44.7379],[9.3326,44.735],[9.3296,44.7281],[9.3259,44.7231],[9.3172,44.7195],[9.313,44.7141],[9.3085,44.7056],[9.3094,44.7023],[9.3154,44.6974],[9.3221,44.6946],[9.3262,44.6938],[9.3257,44.6921],[9.3246,44.69],[9.3222,44.6895],[9.3107,44.6881],[9.3056,44.6883],[9.2985,44.681],[9.2876,44.6802],[9.2858,44.6845],[9.2786,44.6856],[9.266,44.684],[9.2632,44.6808],[9.2595,44.6799],[9.2576,44.6812],[9.2556,44.6857],[9.2543,44.6921],[9.24,44.7115],[9.2351,44.7164],[9.233,44.722],[9.2335,44.7254],[9.2361,44.7295],[9.2375,44.7401],[9.2454,44.7412],[9.2592,44.7482],[9.2644,44.7553],[9.2652,44.7583],[9.2648,44.7611],[9.2662,44.7635],[9.2783,44.7629],[9.2826,44.7618],[9.2859,44.7594]],[[9.2897,44.7012],[9.3017,44.7031],[9.2997,44.7045],[9.2928,44.7059],[9.2909,44.7052],[9.2897,44.7012]],[[9.2992,44.6925],[9.3041,44.6937],[9.3047,44.6953],[9.3042,44.6966],[9.2989,44.6937],[9.2992,44.6925]]]}},{"type":"Feature","properties":{"i":"018022","n":"Breme"},"geometry":{"type":"Polygon","coordinates":[[[8.6566,45.1365],[8.6537,45.1339],[8.6472,45.1253],[8.6467,45.1181],[8.6483,45.1177],[8.65,45.1149],[8.6489,45.1123],[8.6472,45.1114],[8.6365,45.1101],[8.6308,45.1108],[8.6213,45.1069],[8.6135,45.1024],[8.61,45.1057],[8.6085,45.1083],[8.6092,45.117],[8.6131,45.1243],[8.6118,45.1275],[8.5945,45.1308],[8.5901,45.133],[8.5879,45.1384],[8.5865,45.1467],[8.5853,45.1479],[8.5895,45.1462],[8.5929,45.1465],[8.5986,45.151],[8.6032,45.1535],[8.6124,45.1556],[8.6163,45.1579],[8.6198,45.1564],[8.6294,45.1566],[8.6377,45.149],[8.6432,45.1452],[8.6473,45.1393],[8.6511,45.1375],[8.6566,45.1365]]]}},{"type":"Feature","properties":{"i":"018023","n":"Bressana Bottarone"},"geometry":{"type":"Polygon","coordinates":[[[9.1528,45.1005],[9.1565,45.0953],[9.1569,45.0908],[9.1532,45.0837],[9.1465,45.0815],[9.1413,45.0813],[9.1396,45.0744],[9.1439,45.0735],[9.144,45.072],[9.1397,45.0564],[9.1309,45.0563],[9.1141,45.0706],[9.1142,45.0722],[9.1175,45.0736],[9.1198,45.0725],[9.1224,45.0724],[9.1233,45.0732],[9.1183,45.0773],[9.1135,45.0782],[9.1062,45.0756],[9.1012,45.0752],[9.096,45.0765],[9.092,45.0805],[9.0919,45.0828],[9.0931,45.0842],[9.0977,45.0868],[9.1063,45.0877],[9.1115,45.0872],[9.1132,45.0881],[9.1171,45.0906],[9.1151,45.0946],[9.1137,45.0957],[9.1227,45.0996],[9.1298,45.0938],[9.139,45.0946],[9.1432,45.0958],[9.1462,45.0996],[9.1464,45.1045],[9.1434,45.11],[9.1432,45.1131],[9.1455,45.114],[9.1528,45.1005]]]}},{"type":"Feature","properties":{"i":"018024","n":"Broni"},"geometry":{"type":"Polygon","coordinates":[[[9.2675,45.1088],[9.2735,45.1033],[9.2761,45.0938],[9.2798,45.0936],[9.2776,45.0727],[9.2776,45.0678],[9.2796,45.0639],[9.2785,45.0614],[9.2725,45.0601],[9.2667,45.0551],[9.2665,45.0528],[9.269,45.048],[9.2682,45.0458],[9.2664,45.0439],[9.2638,45.0445],[9.2579,45.0472],[9.2483,45.0546],[9.244,45.0541],[9.2323,45.0516],[9.2301,45.0518],[9.2248,45.04],[9.2185,45.0392],[9.2181,45.0479],[9.217,45.0527],[9.2133,45.0537],[9.2108,45.0569],[9.2101,45.0599],[9.2103,45.0653],[9.2159,45.069],[9.2296,45.0755],[9.2368,45.0761],[9.2433,45.0801],[9.2434,45.0836],[9.2427,45.084],[9.2555,45.0881],[9.258,45.088],[9.2629,45.0893],[9.2637,45.0923],[9.2626,45.096],[9.2547,45.1024],[9.2505,45.1036],[9.247,45.1064],[9.2464,45.1079],[9.2497,45.1092],[9.2528,45.1084],[9.2526,45.1052],[9.2667,45.1074],[9.2675,45.1088]]]}},{"type":"Feature","properties":{"i":"018025","n":"Calvignano"},"geometry":{"type":"Polygon","coordinates":[[[9.1818,44.9737],[9.1597,44.9723],[9.1539,44.9711],[9.1506,44.9691],[9.1469,44.9734],[9.1453,44.9785],[9.1488,44.9818],[9.1485,44.9851],[9.15,44.9903],[9.1539,44.9933],[9.163,44.9965],[9.1654,45.0005],[9.1664,45.0004],[9.1773,44.9959],[9.1822,44.9906],[9.1785,44.989],[9.1792,44.9872],[9.1819,44.9852],[9.1825,44.983],[9.183,44.9752],[9.1818,44.9737]]]}},{"type":"Feature","properties":{"i":"018026","n":"Campospinoso"},"geometry":{"type":"Polygon","coordinates":[[[9.2618,45.1258],[9.268,45.1233],[9.2678,45.1223],[9.2616,45.12],[9.2609,45.1186],[9.2624,45.1131],[9.2675,45.1088],[9.2667,45.1074],[9.2526,45.1052],[9.2528,45.1084],[9.2497,45.1092],[9.2464,45.1079],[9.247,45.1064],[9.2505,45.1036],[9.2547,45.1024],[9.2626,45.096],[9.2637,45.0923],[9.2629,45.0893],[9.258,45.088],[9.2555,45.0881],[9.2427,45.084],[9.2337,45.0909],[9.2285,45.0922],[9.2286,45.0934],[9.2257,45.0972],[9.2235,45.0969],[9.2141,45.1054],[9.2153,45.1065],[9.2267,45.1065],[9.2295,45.1079],[9.2333,45.1118],[9.2338,45.114],[9.2293,45.1303],[9.2373,45.1362],[9.2394,45.1345],[9.2577,45.1255],[9.2618,45.1258]]]}},{"type":"Feature","properties":{"i":"018027","n":"Candia Lomellina"},"geometry":{"type":"Polygon","coordinates":[[[8.6271,45.1765],[8.6263,45.1709],[8.6277,45.1646],[8.6246,45.16],[8.6177,45.159],[8.6124,45.1556],[8.6032,45.1535],[8.5986,45.151],[8.5929,45.1465],[8.5895,45.1462],[8.5853,45.1479],[8.582,45.151],[8.5765,45.153],[8.5567,45.1577],[8.5544,45.1574],[8.5524,45.1593],[8.555,45.1643],[8.5478,45.1682],[8.5464,45.171],[8.543,45.173],[8.5437,45.1803],[8.5455,45.1829],[8.5624,45.1945],[8.5724,45.1987],[8.5753,45.1991],[8.5812,45.2022],[8.5828,45.202],[8.592,45.2062],[8.5947,45.2089],[8.6104,45.1883],[8.619,45.1843],[8.6202,45.1801],[8.6271,45.1765]]]}},{"type":"Feature","properties":{"i":"018029","n":"Canneto Pavese"},"geometry":{"type":"Polygon","coordinates":[[[9.2785,45.0614],[9.2856,45.0586],[9.2847,45.0582],[9.2849,45.0556],[9.2916,45.0533],[9.3041,45.0534],[9.2997,45.0459],[9.2994,45.0361],[9.2841,45.0342],[9.2768,45.0351],[9.2748,45.0376],[9.2759,45.0391],[9.2797,45.0414],[9.2786,45.0428],[9.2759,45.0434],[9.2705,45.0418],[9.2699,45.0406],[9.2664,45.0439],[9.2682,45.0458],[9.269,45.048],[9.2665,45.0528],[9.2667,45.0551],[9.2725,45.0601],[9.2785,45.0614]]]}},{"type":"Feature","properties":{"i":"018030","n":"Carbonara al Ticino"},"geometry":{"type":"Polygon","coordinates":[[[9.1103,45.1821],[9.1023,45.1772],[9.0808,45.1591],[9.0759,45.1561],[9.0745,45.1542],[9.0658,45.1533],[9.0508,45.15],[9.0503,45.1504],[9.0519,45.1535],[9.0547,45.1547],[9.056,45.159],[9.0558,45.1619],[9.0547,45.1652],[9.0533,45.1667],[9.0525,45.1712],[9.0556,45.1745],[9.0565,45.181],[9.0743,45.1892],[9.0832,45.1903],[9.086,45.1946],[9.0849,45.1996],[9.087,45.2018],[9.0927,45.2028],[9.0963,45.2022],[9.0979,45.2005],[9.1003,45.1948],[9.1021,45.1933],[9.1086,45.1916],[9.1127,45.1916],[9.1207,45.189],[9.1208,45.1867],[9.12,45.1847],[9.1143,45.1846],[9.1103,45.1821]]]}},{"type":"Feature","properties":{"i":"018031","n":"Casanova Lonati"},"geometry":{"type":"Polygon","coordinates":[[[9.2153,45.1065],[9.2141,45.1054],[9.2169,45.1026],[9.2235,45.0969],[9.2257,45.0972],[9.2286,45.0934],[9.2292,45.0887],[9.2278,45.0854],[9.2203,45.0816],[9.2132,45.0812],[9.2049,45.0853],[9.2024,45.0912],[9.2001,45.1012],[9.2018,45.1072],[9.2086,45.1119],[9.2153,45.1065]]]}},{"type":"Feature","properties":{"i":"018032","n":"Casatisma"},"geometry":{"type":"Polygon","coordinates":[[[9.1141,45.0706],[9.1309,45.0563],[9.1397,45.0564],[9.1366,45.0411],[9.1343,45.0359],[9.1191,45.0403],[9.1193,45.0462],[9.1168,45.0486],[9.1079,45.0503],[9.1077,45.0531],[9.1095,45.0561],[9.1058,45.0653],[9.1099,45.0717],[9.1126,45.0721],[9.1141,45.0706]]]}},{"type":"Feature","properties":{"i":"018033","n":"Casei Gerola"},"geometry":{"type":"MultiPolygon","coordinates":[[[[8.9228,45.0329],[8.9246,45.0271],[8.9263,45.0261],[8.9457,45.0239],[8.9504,45.0249],[8.9692,45.0324],[8.9711,45.0345],[8.9649,45.0014],[8.9606,44.9873],[8.952,44.9882],[8.9445,44.9871],[8.9436,44.9845],[8.9354,44.9828],[8.9256,44.9822],[8.9254,44.9847],[8.9169,44.9881],[8.9106,44.9955],[8.9012,45.0082],[8.9014,45.0126],[8.9047,45.0266],[8.9025,45.0371],[8.9022,45.0379],[8.8951,45.0404],[8.9019,45.0447],[8.9059,45.0417],[8.9207,45.0352],[8.9228,45.0329]]],[[[8.9301,45.0438],[8.925,45.0439],[8.9218,45.0467],[8.9254,45.0456],[8.9292,45.0464],[8.9334,45.0495],[8.9341,45.0524],[8.9378,45.0495],[8.9346,45.0458],[8.9301,45.0438]]],[[[8.9193,45.0495],[8.9127,45.0472],[8.9087,45.0506],[8.9164,45.0535],[8.9193,45.0495]]],[[[8.8934,45.0584],[8.8916,45.0513],[8.8899,45.0507],[8.8857,45.0506],[8.8811,45.0541],[8.8877,45.0592],[8.8934,45.0584]]]]}},{"type":"Feature","properties":{"i":"018034","n":"Casorate Primo"},"geometry":{"type":"Polygon","coordinates":[[[9.0292,45.3166],[9.0317,45.3145],[9.0364,45.3032],[9.0354,45.3028],[9.0317,45.3038],[9.0287,45.307],[9.025,45.305],[9.0301,45.2965],[9.0187,45.2806],[9.0167,45.2836],[9.0158,45.2906],[9.0152,45.2911],[9.01,45.2928],[8.9949,45.2957],[8.9923,45.301],[8.9963,45.3013],[8.9987,45.3026],[8.9883,45.3216],[8.9917,45.3228],[8.9958,45.321],[9.0013,45.3199],[9.0202,45.326],[9.0292,45.3166]]]}},{"type":"Feature","properties":{"i":"018035","n":"Cassolnovo"},"geometry":{"type":"Polygon","coordinates":[[[8.8664,45.3547],[8.8584,45.3542],[8.8444,45.3494],[8.827,45.3455],[8.8233,45.345],[8.8105,45.3454],[8.796,45.3535],[8.794,45.3577],[8.7859,45.3642],[8.7773,45.3678],[8.7718,45.3664],[8.7668,45.3639],[8.7675,45.3573],[8.7607,45.3557],[8.7561,45.3572],[8.7534,45.357],[8.7475,45.3563],[8.7464,45.3552],[8.733,45.3649],[8.7211,45.3704],[8.7191,45.3781],[8.7239,45.3779],[8.7281,45.3754],[8.755,45.3769],[8.7609,45.3765],[8.764,45.3773],[8.7624,45.3821],[8.765,45.3876],[8.7691,45.3876],[8.7791,45.3833],[8.7934,45.379],[8.8015,45.3792],[8.8119,45.3833],[8.8105,45.3888],[8.8112,45.3891],[8.8233,45.3922],[8.8264,45.3912],[8.8332,45.3914],[8.8429,45.3938],[8.8476,45.3903],[8.8471,45.3841],[8.8475,45.3733],[8.8498,45.3678],[8.8579,45.3627],[8.8673,45.3586],[8.8678,45.3561],[8.8664,45.3547]]]}},{"type":"Feature","properties":{"i":"018036","n":"Castana"},"geometry":{"type":"Polygon","coordinates":[[[9.2763,45.0359],[9.2741,45.0344],[9.2748,45.0315],[9.2777,45.032],[9.2856,45.0293],[9.2878,45.0237],[9.2937,45.0181],[9.2992,45.0198],[9.2943,45.0115],[9.2884,45.0093],[9.283,45.0084],[9.2756,45.0115],[9.2754,45.0152],[9.2665,45.0188],[9.2657,45.021],[9.267,45.0229],[9.2623,45.0254],[9.2622,45.0312],[9.2677,45.0392],[9.2705,45.0418],[9.2759,45.0434],[9.2786,45.0428],[9.2798,45.0416],[9.2779,45.0398],[9.2759,45.0391],[9.2748,45.0376],[9.2749,45.0366],[9.2763,45.0359]]]}},{"type":"Feature","properties":{"i":"018037","n":"Casteggio"},"geometry":{"type":"Polygon","coordinates":[[[9.1335,45.0361],[9.1331,45.0328],[9.136,45.0304],[9.1419,45.0285],[9.1493,45.0233],[9.1506,45.0174],[9.1491,45.0138],[9.1488,45.009],[9.1504,45.0066],[9.1578,45.0023],[9.1654,45.0005],[9.163,44.9965],[9.1539,44.9933],[9.15,44.9903],[9.1485,44.9851],[9.1488,44.9818],[9.1477,44.9804],[9.1433,44.9774],[9.1373,44.9758],[9.1374,44.9776],[9.1347,44.9794],[9.1253,44.9817],[9.1275,44.9841],[9.1278,44.9916],[9.1198,44.9965],[9.1129,45.002],[9.1101,45.0146],[9.1067,45.02],[9.1063,45.0278],[9.1077,45.0301],[9.1082,45.0347],[9.1198,45.0355],[9.1191,45.0403],[9.1335,45.0361]]]}},{"type":"Feature","properties":{"i":"018038","n":"Castelletto di Branduzzo"},"geometry":{"type":"Polygon","coordinates":[[[9.1137,45.0957],[9.1169,45.0913],[9.1171,45.0906],[9.1164,45.0901],[9.1115,45.0872],[9.1063,45.0877],[9.0977,45.0868],[9.0931,45.0842],[9.0918,45.0819],[9.0929,45.0793],[9.096,45.0765],[9.0984,45.0757],[9.1051,45.0754],[9.1135,45.0782],[9.1183,45.0773],[9.1233,45.0732],[9.1224,45.0724],[9.1198,45.0725],[9.1175,45.0736],[9.1142,45.0722],[9.1141,45.0706],[9.1126,45.0721],[9.1099,45.0717],[9.1058,45.0653],[9.1095,45.0561],[9.1077,45.0531],[9.1079,45.0503],[9.0987,45.0479],[9.0902,45.0476],[9.072,45.0497],[9.0668,45.0566],[9.0669,45.0692],[9.0681,45.0712],[9.068,45.0744],[9.0639,45.0817],[9.0689,45.0766],[9.0728,45.0747],[9.0805,45.0748],[9.0882,45.0781],[9.0923,45.085],[9.1016,45.0939],[9.1137,45.0957]]]}},{"type":"Feature","properties":{"i":"018039","n":"Castello d'Agogna"},"geometry":{"type":"Polygon","coordinates":[[[8.6879,45.2591],[8.6911,45.2567],[8.7087,45.2346],[8.7125,45.2284],[8.7104,45.2251],[8.7069,45.2235],[8.7005,45.221],[8.6863,45.2172],[8.6849,45.2163],[8.688,45.2144],[8.6814,45.2102],[8.6707,45.2109],[8.6683,45.214],[8.6596,45.2214],[8.6645,45.2277],[8.6762,45.2375],[8.686,45.2504],[8.6873,45.2539],[8.6858,45.2565],[8.6879,45.2591]]]}},{"type":"Feature","properties":{"i":"018040","n":"Castelnovetto"},"geometry":{"type":"Polygon","coordinates":[[[8.6615,45.2686],[8.6589,45.2637],[8.6475,45.2632],[8.642,45.2599],[8.6332,45.2517],[8.6265,45.2428],[8.6258,45.2408],[8.6252,45.2359],[8.6255,45.2315],[8.6264,45.2285],[8.6278,45.2288],[8.6292,45.2264],[8.629,45.2248],[8.6287,45.2222],[8.6241,45.2195],[8.6215,45.2211],[8.6152,45.2309],[8.6104,45.2347],[8.6072,45.2369],[8.5999,45.2374],[8.6018,45.2396],[8.5963,45.2509],[8.5929,45.266],[8.5909,45.2696],[8.5974,45.2705],[8.6132,45.2691],[8.6191,45.2742],[8.6417,45.2813],[8.6487,45.2854],[8.6533,45.2837],[8.6649,45.2761],[8.665,45.2735],[8.6639,45.2707],[8.6615,45.2686]]]}},{"type":"Feature","properties":{"i":"018041","n":"Cava Manara"},"geometry":{"type":"Polygon","coordinates":[[[9.0808,45.1591],[9.0802,45.1577],[9.0809,45.1553],[9.0867,45.1518],[9.0924,45.1548],[9.1008,45.1536],[9.123,45.1371],[9.1278,45.1375],[9.1372,45.1408],[9.1421,45.1385],[9.1419,45.1355],[9.1441,45.1296],[9.1483,45.1273],[9.1523,45.1275],[9.1523,45.1224],[9.1455,45.114],[9.1432,45.1131],[9.1434,45.11],[9.1464,45.1045],[9.1462,45.0996],[9.1438,45.0962],[9.139,45.0946],[9.1298,45.0938],[9.1227,45.0996],[9.121,45.1001],[9.1176,45.1035],[9.1174,45.1052],[9.1213,45.1061],[9.1207,45.1097],[9.115,45.1161],[9.1127,45.1218],[9.1094,45.1254],[9.1017,45.1309],[9.0916,45.1421],[9.0804,45.1435],[9.0719,45.1468],[9.07,45.1501],[9.0694,45.1528],[9.0678,45.1535],[9.0745,45.1542],[9.0759,45.1561],[9.0808,45.1591]]]}},{"type":"Feature","properties":{"i":"018042","n":"Cecima"},"geometry":{"type":"Polygon","coordinates":[[[9.0963,44.8613],[9.0919,44.851],[9.0871,44.8456],[9.0797,44.8428],[9.0791,44.8407],[9.079,44.8283],[9.0829,44.8245],[9.0848,44.8242],[9.0899,44.8185],[9.0892,44.8173],[9.0816,44.8145],[9.077,44.8148],[9.0723,44.8175],[9.075,44.823],[9.0729,44.828],[9.0704,44.8307],[9.067,44.8311],[9.0641,44.8302],[9.0645,44.8331],[9.0506,44.8468],[9.0491,44.8503],[9.0547,44.8519],[9.0676,44.8601],[9.0701,44.866],[9.0732,44.8673],[9.0799,44.867],[9.0963,44.8613]]]}},{"type":"Feature","properties":{"i":"018043","n":"Ceranova"},"geometry":{"type":"Polygon","coordinates":[[[9.2596,45.2526],[9.2632,45.2488],[9.2543,45.2435],[9.2526,45.2433],[9.2412,45.248],[9.2395,45.25],[9.2312,45.2505],[9.2307,45.2496],[9.2291,45.2496],[9.2292,45.2511],[9.2345,45.2548],[9.2364,45.2603],[9.2378,45.2688],[9.2411,45.2707],[9.2449,45.2709],[9.2566,45.2657],[9.2584,45.2635],[9.259,45.2604],[9.2587,45.2584],[9.2576,45.2585],[9.2572,45.2571],[9.2596,45.2526]]]}},{"type":"Feature","properties":{"i":"018044","n":"Ceretto Lomellina"},"geometry":{"type":"Polygon","coordinates":[[[8.6851,45.2637],[8.6879,45.2591],[8.6858,45.2565],[8.6873,45.2539],[8.6872,45.2525],[8.6762,45.2375],[8.6645,45.2277],[8.6574,45.2432],[8.6548,45.2558],[8.6587,45.2612],[8.6589,45.2637],[8.6615,45.2686],[8.6726,45.2649],[8.6831,45.2657],[8.6851,45.2637]]]}},{"type":"Feature","properties":{"i":"018045","n":"Cergnago"},"geometry":{"type":"Polygon","coordinates":[[[8.7989,45.2159],[8.7991,45.203],[8.798,45.2],[8.7867,45.1994],[8.7826,45.1981],[8.7785,45.1883],[8.7743,45.1845],[8.7665,45.1834],[8.7577,45.1842],[8.7462,45.1819],[8.7444,45.1776],[8.7394,45.175],[8.7328,45.1787],[8.7281,45.1783],[8.7214,45.1811],[8.7251,45.1818],[8.7266,45.1857],[8.7295,45.1881],[8.7383,45.1899],[8.7437,45.1937],[8.7494,45.2049],[8.7508,45.214],[8.7577,45.2152],[8.7649,45.2109],[8.7696,45.2145],[8.7696,45.2163],[8.7764,45.2195],[8.7842,45.2183],[8.7868,45.2151],[8.7946,45.2139],[8.7989,45.2159]]]}},{"type":"Feature","properties":{"i":"018046","n":"Certosa di Pavia"},"geometry":{"type":"Polygon","coordinates":[[[9.1513,45.2517],[9.1457,45.2526],[9.1403,45.2465],[9.1362,45.2468],[9.1338,45.2421],[9.1328,45.2336],[9.1337,45.2296],[9.1282,45.2292],[9.1091,45.2334],[9.1031,45.2317],[9.1069,45.2377],[9.1025,45.2534],[9.1077,45.2555],[9.1115,45.2662],[9.1217,45.2682],[9.1262,45.274],[9.1275,45.2771],[9.1306,45.2729],[9.1333,45.2646],[9.1307,45.2603],[9.131,45.2586],[9.1368,45.2571],[9.1519,45.26],[9.1513,45.2517]]]}},{"type":"Feature","properties":{"i":"018047","n":"Cervesina"},"geometry":{"type":"Polygon","coordinates":[[[9.0295,45.069],[9.0248,45.0667],[9.0237,45.0576],[9.0169,45.0461],[9.0129,45.0414],[9.0046,45.0362],[9.0009,45.0352],[8.9947,45.0421],[8.9933,45.0426],[8.9911,45.0404],[8.9923,45.048],[8.9958,45.0509],[9.0007,45.0522],[9.0035,45.0567],[9.0028,45.0594],[8.9985,45.0633],[8.9899,45.0639],[8.9839,45.0697],[8.9833,45.0744],[8.9874,45.0777],[8.9934,45.0814],[8.9984,45.0819],[9.0005,45.0835],[9.0023,45.0776],[9.0044,45.0745],[9.0069,45.0733],[9.0104,45.0733],[9.0143,45.0749],[9.0174,45.0775],[9.0171,45.0833],[9.016,45.0864],[9.0177,45.0889],[9.0238,45.0897],[9.0297,45.0894],[9.0445,45.0806],[9.0304,45.0763],[9.0255,45.0704],[9.0295,45.069]]]}},{"type":"Feature","properties":{"i":"018048","n":"Chignolo Po"},"geometry":{"type":"Polygon","coordinates":[[[9.5316,45.1654],[9.5306,45.1628],[9.5311,45.1619],[9.5368,45.1592],[9.5432,45.1543],[9.5442,45.1532],[9.5451,45.1485],[9.5445,45.1397],[9.5429,45.1374],[9.53,45.1357],[9.5293,45.1341],[9.5299,45.1272],[9.5327,45.1248],[9.5363,45.124],[9.5358,45.122],[9.5292,45.1218],[9.5234,45.1231],[9.5173,45.1285],[9.5164,45.1302],[9.5065,45.1329],[9.483,45.1332],[9.4753,45.1319],[9.4682,45.1293],[9.4652,45.1294],[9.4617,45.1327],[9.4587,45.1392],[9.4644,45.1418],[9.46,45.147],[9.4524,45.1546],[9.4474,45.158],[9.4445,45.1586],[9.4382,45.157],[9.4371,45.1603],[9.488,45.1617],[9.5316,45.1654]]]}},{"type":"Feature","properties":{"i":"018049","n":"Cigognola"},"geometry":{"type":"Polygon","coordinates":[[[9.2664,45.0439],[9.2699,45.0406],[9.2677,45.0392],[9.2622,45.0312],[9.2623,45.0254],[9.267,45.0229],[9.2533,45.0223],[9.2431,45.0243],[9.2353,45.0281],[9.2366,45.0311],[9.2314,45.038],[9.2298,45.039],[9.2248,45.04],[9.2301,45.0518],[9.2323,45.0516],[9.2483,45.0546],[9.2579,45.0472],[9.2664,45.0439]]]}},{"type":"Feature","properties":{"i":"018050","n":"Cilavegna"},"geometry":{"type":"Polygon","coordinates":[[[8.7421,45.3321],[8.743,45.3266],[8.7549,45.3163],[8.7642,45.3097],[8.779,45.3084],[8.7876,45.3103],[8.7919,45.3041],[8.7938,45.299],[8.7934,45.2945],[8.778,45.2904],[8.7524,45.2914],[8.7239,45.2881],[8.7233,45.2916],[8.721,45.2951],[8.7195,45.2969],[8.7185,45.2964],[8.7168,45.2972],[8.7142,45.3016],[8.7161,45.3029],[8.7172,45.3055],[8.7167,45.3081],[8.7234,45.322],[8.7264,45.3323],[8.7248,45.3357],[8.7421,45.3321]]]}},{"type":"Feature","properties":{"i":"018051","n":"Codevilla"},"geometry":{"type":"Polygon","coordinates":[[[9.0793,44.9384],[9.0745,44.9371],[9.0628,44.9374],[9.0586,44.9426],[9.0545,44.9514],[9.0466,44.9607],[9.0436,44.9659],[9.0403,44.9684],[9.0314,44.9727],[9.033,44.9749],[9.0479,44.9859],[9.0573,44.9881],[9.0659,44.9926],[9.0685,44.9971],[9.0718,44.9972],[9.0687,44.9897],[9.0685,44.9779],[9.0723,44.9656],[9.0814,44.9585],[9.0794,44.9516],[9.0823,44.9435],[9.0846,44.94],[9.0793,44.9384]]]}},{"type":"Feature","properties":{"i":"018052","n":"Confienza"},"geometry":{"type":"Polygon","coordinates":[[[8.6135,45.3545],[8.6137,45.3534],[8.6151,45.3526],[8.6187,45.3524],[8.6191,45.3532],[8.6252,45.3518],[8.6288,45.3498],[8.6323,45.3464],[8.6313,45.3415],[8.6317,45.3384],[8.6259,45.3367],[8.6077,45.3282],[8.5982,45.3229],[8.5844,45.3184],[8.5781,45.3143],[8.5739,45.31],[8.5627,45.3077],[8.545,45.3135],[8.5379,45.3172],[8.5377,45.3204],[8.533,45.3322],[8.5283,45.3406],[8.5264,45.3422],[8.5319,45.3448],[8.542,45.3478],[8.5509,45.3561],[8.5531,45.3615],[8.5538,45.3615],[8.5572,45.3533],[8.571,45.3486],[8.5779,45.3478],[8.5809,45.35],[8.5869,45.3519],[8.5908,45.3519],[8.5991,45.3486],[8.6135,45.3545]]]}},{"type":"Feature","properties":{"i":"018053","n":"Copiano"},"geometry":{"type":"Polygon","coordinates":[[[9.3324,45.2067],[9.341,45.2042],[9.3415,45.2018],[9.3447,45.1975],[9.3484,45.1944],[9.3527,45.1925],[9.3525,45.1915],[9.3512,45.1902],[9.3434,45.193],[9.3395,45.191],[9.334,45.186],[9.3318,45.1836],[9.3327,45.1819],[9.3295,45.1818],[9.3242,45.1833],[9.3222,45.1867],[9.3208,45.1923],[9.3156,45.2008],[9.3155,45.203],[9.3267,45.2063],[9.3324,45.2067]]]}},{"type":"Feature","properties":{"i":"018054","n":"Corana"},"geometry":{"type":"Polygon","coordinates":[[[8.9518,45.0747],[8.9553,45.0753],[8.9677,45.0799],[8.9704,45.0836],[8.9742,45.085],[8.9787,45.0854],[8.9837,45.0842],[8.9919,45.086],[9.0005,45.0835],[8.9984,45.0819],[8.9934,45.0814],[8.9874,45.0777],[8.9833,45.0744],[8.9834,45.071],[8.9855,45.0679],[8.9899,45.0639],[8.9985,45.0633],[9.0028,45.0594],[9.0035,45.0567],[9.0007,45.0522],[8.9958,45.0509],[8.9923,45.048],[8.9911,45.0404],[8.9822,45.0413],[8.9833,45.0457],[8.9716,45.0472],[8.9715,45.0552],[8.9698,45.0573],[8.9661,45.0595],[8.959,45.0615],[8.9515,45.061],[8.9479,45.0598],[8.9447,45.0612],[8.9417,45.0647],[8.9475,45.0681],[8.948,45.0706],[8.944,45.0731],[8.942,45.0724],[8.937,45.0863],[8.9317,45.0904],[8.928,45.0875],[8.9241,45.0914],[8.9261,45.0939],[8.9291,45.095],[8.9359,45.0923],[8.9441,45.085],[8.9476,45.0807],[8.9465,45.0781],[8.9501,45.0732],[8.9521,45.0722],[8.953,45.0731],[8.9518,45.0747]]]}},{"type":"Feature","properties":{"i":"018057","n":"Corvino San Quirico"},"geometry":{"type":"Polygon","coordinates":[[[9.1569,45.0331],[9.1564,45.0269],[9.1588,45.0214],[9.1622,45.0186],[9.1681,45.0156],[9.1709,45.0112],[9.1654,45.0005],[9.1578,45.0023],[9.1504,45.0066],[9.1488,45.009],[9.1491,45.0138],[9.1506,45.0174],[9.1493,45.0233],[9.1451,45.0266],[9.136,45.0304],[9.1331,45.0328],[9.1335,45.0361],[9.1347,45.0349],[9.1501,45.0317],[9.1569,45.0331]]]}},{"type":"Feature","properties":{"i":"018058","n":"Costa de' Nobili"},"geometry":{"type":"Polygon","coordinates":[[[9.4179,45.1278],[9.4136,45.1189],[9.4087,45.1201],[9.3968,45.1211],[9.3874,45.1195],[9.3856,45.1217],[9.3792,45.1224],[9.3705,45.1268],[9.3671,45.1294],[9.3503,45.1332],[9.3553,45.1435],[9.3729,45.1407],[9.3889,45.1432],[9.39,45.1444],[9.3897,45.1487],[9.3975,45.1471],[9.4029,45.1518],[9.4053,45.1521],[9.4107,45.1504],[9.4135,45.147],[9.4134,45.1443],[9.4164,45.1316],[9.4179,45.1278]]]}},{"type":"Feature","properties":{"i":"018059","n":"Cozzo"},"geometry":{"type":"Polygon","coordinates":[[[8.6287,45.2222],[8.6363,45.2232],[8.6511,45.2156],[8.6412,45.2155],[8.6347,45.2118],[8.6301,45.1972],[8.6365,45.1931],[8.6444,45.1924],[8.6473,45.1814],[8.6438,45.1769],[8.6333,45.1758],[8.6271,45.1765],[8.6202,45.1801],[8.619,45.1843],[8.6104,45.1883],[8.5899,45.2159],[8.5831,45.232],[8.5898,45.2308],[8.5944,45.2316],[8.5934,45.2338],[8.5951,45.2359],[8.5979,45.2373],[8.6015,45.2377],[8.6072,45.2369],[8.6152,45.2309],[8.6215,45.2211],[8.6241,45.2195],[8.6287,45.2222]]]}},{"type":"Feature","properties":{"i":"018060","n":"Cura Carpignano"},"geometry":{"type":"Polygon","coordinates":[[[9.2841,45.2223],[9.2902,45.2172],[9.2917,45.2095],[9.2908,45.2079],[9.2794,45.2105],[9.2687,45.2116],[9.2662,45.2105],[9.2598,45.2066],[9.2563,45.2007],[9.2548,45.1963],[9.2467,45.1866],[9.2421,45.1853],[9.2345,45.1863],[9.2345,45.1828],[9.2296,45.183],[9.2242,45.1875],[9.2246,45.1893],[9.226,45.1917],[9.2308,45.1911],[9.2402,45.196],[9.2318,45.2029],[9.2251,45.2006],[9.2187,45.2021],[9.216,45.2037],[9.2151,45.2075],[9.2162,45.2118],[9.2148,45.2151],[9.2198,45.215],[9.229,45.2104],[9.2402,45.2133],[9.25,45.2205],[9.2507,45.2199],[9.2548,45.2207],[9.2561,45.2232],[9.2585,45.2232],[9.2608,45.2199],[9.2663,45.2184],[9.2815,45.2204],[9.2841,45.2223]]]}},{"type":"Feature","properties":{"i":"018061","n":"Dorno"},"geometry":{"type":"Polygon","coordinates":[[[8.953,45.1795],[8.9571,45.1779],[8.9648,45.1708],[8.9737,45.1644],[8.9914,45.1539],[8.9955,45.1478],[8.9958,45.1404],[8.993,45.1309],[8.9902,45.1278],[8.9889,45.1245],[8.9889,45.1199],[8.9906,45.1188],[8.9952,45.1176],[8.9963,45.1165],[8.9958,45.1142],[8.9909,45.1133],[8.9877,45.1197],[8.9843,45.1197],[8.9697,45.1232],[8.9695,45.1242],[8.9593,45.1317],[8.9505,45.1285],[8.9347,45.1206],[8.9279,45.1224],[8.9317,45.1242],[8.9353,45.1292],[8.9277,45.138],[8.9183,45.1445],[8.9095,45.1468],[8.8963,45.1442],[8.8957,45.1498],[8.9033,45.1509],[8.9093,45.1581],[8.914,45.1607],[8.9172,45.1719],[8.9267,45.1707],[8.9317,45.1714],[8.9416,45.1769],[8.9509,45.1798],[8.953,45.1795]]]}},{"type":"Feature","properties":{"i":"018062","n":"Ferrera Erbognone"},"geometry":{"type":"Polygon","coordinates":[[[8.8675,45.1266],[8.875,45.1248],[8.885,45.1178],[8.8808,45.1188],[8.8793,45.1183],[8.8797,45.1074],[8.8759,45.1011],[8.8819,45.0802],[8.8843,45.0781],[8.8826,45.0723],[8.879,45.0741],[8.8699,45.0742],[8.8612,45.0722],[8.8525,45.0766],[8.8483,45.077],[8.8515,45.0781],[8.8556,45.0812],[8.8549,45.0826],[8.8524,45.0843],[8.8477,45.085],[8.8457,45.0865],[8.846,45.0888],[8.849,45.0923],[8.8498,45.0961],[8.8471,45.0969],[8.8438,45.0949],[8.8381,45.0949],[8.8331,45.0985],[8.8326,45.0996],[8.8336,45.1002],[8.8299,45.1098],[8.8258,45.1098],[8.8262,45.1129],[8.829,45.1131],[8.828,45.1197],[8.8224,45.1212],[8.8326,45.1238],[8.8396,45.122],[8.8512,45.129],[8.8571,45.1311],[8.8603,45.1308],[8.8675,45.1266]]]}},{"type":"Feature","properties":{"i":"018063","n":"Filighera"},"geometry":{"type":"Polygon","coordinates":[[[9.3216,45.1886],[9.3247,45.1829],[9.3295,45.1818],[9.3347,45.1816],[9.3433,45.1789],[9.3471,45.1667],[9.3436,45.1651],[9.3346,45.1672],[9.3274,45.1712],[9.3201,45.169],[9.303,45.1724],[9.2965,45.1721],[9.2948,45.1685],[9.2915,45.1681],[9.2876,45.1703],[9.2893,45.176],[9.2887,45.1844],[9.295,45.1904],[9.2992,45.1909],[9.3003,45.1924],[9.3029,45.1913],[9.3102,45.1856],[9.3171,45.1889],[9.3216,45.1886]]]}},{"type":"Feature","properties":{"i":"018064","n":"Fortunago"},"geometry":{"type":"Polygon","coordinates":[[[9.2311,44.9273],[9.2332,44.9187],[9.2324,44.9167],[9.2297,44.9143],[9.2271,44.9132],[9.2226,44.9129],[9.2188,44.9115],[9.2107,44.9012],[9.2094,44.8982],[9.2052,44.9005],[9.1846,44.9031],[9.1774,44.9013],[9.1666,44.8925],[9.1622,44.8907],[9.1543,44.8918],[9.1483,44.8964],[9.1472,44.9043],[9.1511,44.9064],[9.1523,44.9082],[9.1507,44.9121],[9.1459,44.9148],[9.1417,44.9198],[9.1517,44.9247],[9.1607,44.9262],[9.1704,44.9306],[9.1753,44.9284],[9.1807,44.9275],[9.2015,44.9199],[9.2162,44.9257],[9.2265,44.926],[9.2311,44.9273]]]}},{"type":"Feature","properties":{"i":"018065","n":"Frascarolo"},"geometry":{"type":"MultiPolygon","coordinates":[[[[8.704,45.0175],[8.7051,45.0199],[8.7054,45.0245],[8.7061,45.0129],[8.704,45.0175]]],[[[8.7296,45.0663],[8.7358,45.0659],[8.7377,45.0641],[8.7374,45.0611],[8.7382,45.0598],[8.7432,45.0596],[8.7431,45.0574],[8.7374,45.0462],[8.7299,45.043],[8.7208,45.0441],[8.7161,45.0457],[8.7082,45.0428],[8.7075,45.0396],[8.7081,45.0382],[8.705,45.0371],[8.7013,45.0326],[8.701,45.0306],[8.7018,45.0282],[8.7008,45.0265],[8.695,45.0232],[8.6896,45.0249],[8.6817,45.0288],[8.6729,45.0279],[8.6668,45.0245],[8.6669,45.0224],[8.6656,45.0203],[8.6592,45.0179],[8.652,45.0237],[8.656,45.0265],[8.657,45.0284],[8.6569,45.0294],[8.6526,45.0343],[8.6442,45.0356],[8.6347,45.041],[8.6406,45.0445],[8.6452,45.057],[8.6425,45.0599],[8.6421,45.0605],[8.6427,45.0607],[8.6469,45.061],[8.6754,45.0543],[8.6811,45.0541],[8.6835,45.0551],[8.6843,45.0651],[8.6863,45.0672],[8.6891,45.0683],[8.6956,45.067],[8.6998,45.0627],[8.7195,45.0583],[8.7284,45.064],[8.7296,45.0663]]]]}},{"type":"Feature","properties":{"i":"018066","n":"Galliavola"},"geometry":{"type":"Polygon","coordinates":[[[8.8258,45.1098],[8.8296,45.1101],[8.8336,45.1002],[8.8326,45.0996],[8.8327,45.0989],[8.8375,45.0952],[8.8432,45.0948],[8.8461,45.0966],[8.8484,45.0968],[8.8499,45.0954],[8.849,45.0923],[8.846,45.0888],[8.8417,45.0865],[8.8304,45.0868],[8.8263,45.0853],[8.8225,45.0814],[8.8216,45.0794],[8.816,45.076],[8.8111,45.0767],[8.8041,45.0821],[8.8002,45.0872],[8.7991,45.0983],[8.8041,45.1049],[8.8069,45.1101],[8.8092,45.1113],[8.8201,45.1139],[8.8226,45.1129],[8.8258,45.1098]]]}},{"type":"Feature","properties":{"i":"018067","n":"Gambarana"},"geometry":{"type":"Polygon","coordinates":[[[8.7638,45.0584],[8.7698,45.055],[8.7719,45.0525],[8.7683,45.0526],[8.772,45.0464],[8.7759,45.0434],[8.7791,45.0436],[8.785,45.042],[8.7912,45.0311],[8.7952,45.028],[8.8023,45.0261],[8.7983,45.0211],[8.7958,45.02],[8.7921,45.0198],[8.7809,45.0237],[8.7777,45.0237],[8.7775,45.0224],[8.7746,45.0242],[8.7683,45.023],[8.7579,45.0236],[8.7536,45.0246],[8.7543,45.0286],[8.7525,45.0334],[8.7471,45.0422],[8.7374,45.0462],[8.7431,45.0574],[8.7432,45.0596],[8.7453,45.0589],[8.7466,45.0596],[8.7482,45.0609],[8.7485,45.0635],[8.7512,45.0649],[8.7538,45.0658],[8.759,45.0624],[8.7595,45.058],[8.7638,45.0584]]]}},{"type":"Feature","properties":{"i":"018068","n":"Gambolò"},"geometry":{"type":"Polygon","coordinates":[[[8.9676,45.2605],[8.94,45.2543],[8.9349,45.2568],[8.9284,45.2576],[8.9148,45.2561],[8.9073,45.2558],[8.9004,45.2564],[8.8939,45.2556],[8.891,45.2506],[8.8907,45.2474],[8.8862,45.2434],[8.8811,45.2341],[8.8778,45.2375],[8.8768,45.2375],[8.8712,45.234],[8.8683,45.2309],[8.8668,45.2306],[8.8626,45.2299],[8.8587,45.2322],[8.846,45.2319],[8.8229,45.2272],[8.8076,45.2289],[8.7967,45.2333],[8.8019,45.2457],[8.7961,45.2504],[8.7936,45.2697],[8.7989,45.2753],[8.8015,45.2768],[8.8133,45.2797],[8.8239,45.28],[8.8355,45.278],[8.8414,45.2826],[8.8532,45.2829],[8.8561,45.2806],[8.8679,45.2796],[8.8794,45.2821],[8.88,45.2847],[8.8873,45.2813],[8.8912,45.274],[8.8943,45.2715],[8.905,45.2723],[8.9143,45.2746],[8.9176,45.277],[8.9249,45.2856],[8.9299,45.285],[8.9352,45.2829],[8.9371,45.2815],[8.938,45.2791],[8.9418,45.2752],[8.959,45.2671],[8.9667,45.2618],[8.9676,45.2605]]]}},{"type":"Feature","properties":{"i":"018069","n":"Garlasco"},"geometry":{"type":"Polygon","coordinates":[[[8.962,45.2378],[8.9665,45.2378],[8.9684,45.2368],[8.973,45.2306],[8.968,45.2266],[8.9688,45.2211],[8.9724,45.2145],[8.9831,45.2114],[8.9885,45.2131],[8.9905,45.2057],[8.9882,45.206],[8.9831,45.2041],[8.9604,45.1901],[8.9547,45.19],[8.953,45.1795],[8.9509,45.1798],[8.9416,45.1769],[8.9317,45.1714],[8.9267,45.1707],[8.9172,45.1719],[8.897,45.1774],[8.8823,45.1769],[8.8816,45.1754],[8.8788,45.178],[8.8767,45.1852],[8.8928,45.1995],[8.8967,45.2073],[8.8972,45.2183],[8.9062,45.2208],[8.917,45.2265],[8.924,45.2287],[8.9322,45.2375],[8.9391,45.2374],[8.9482,45.2401],[8.9573,45.2369],[8.962,45.2378]]]}},{"type":"Feature","properties":{"i":"018071","n":"Gerenzago"},"geometry":{"type":"Polygon","coordinates":[[[9.3913,45.2064],[9.3874,45.2059],[9.3794,45.2029],[9.3747,45.204],[9.3706,45.2027],[9.3712,45.1948],[9.376,45.1885],[9.3714,45.1844],[9.366,45.1836],[9.3608,45.1876],[9.359,45.1921],[9.3568,45.1935],[9.3527,45.1925],[9.347,45.1954],[9.3415,45.2018],[9.341,45.2042],[9.3436,45.2058],[9.3434,45.2052],[9.3468,45.205],[9.3479,45.2079],[9.3577,45.2098],[9.365,45.2095],[9.3699,45.2068],[9.3817,45.2077],[9.3842,45.2103],[9.389,45.2114],[9.3913,45.2064]]]}},{"type":"Feature","properties":{"i":"018072","n":"Giussago"},"geometry":{"type":"Polygon","coordinates":[[[9.1793,45.2982],[9.1769,45.2946],[9.18,45.286],[9.1846,45.2805],[9.1883,45.2779],[9.1946,45.2785],[9.1964,45.273],[9.1848,45.2712],[9.1721,45.255],[9.1736,45.2481],[9.1689,45.2461],[9.1653,45.2497],[9.1513,45.2517],[9.1519,45.26],[9.1368,45.2571],[9.131,45.2586],[9.1307,45.2603],[9.1333,45.2646],[9.1306,45.2729],[9.1275,45.2771],[9.1223,45.2766],[9.1097,45.3073],[9.1259,45.3086],[9.1294,45.3111],[9.1347,45.3078],[9.1381,45.3084],[9.1391,45.3098],[9.1403,45.3099],[9.1469,45.3055],[9.1513,45.2988],[9.1581,45.298],[9.1708,45.2999],[9.178,45.2994],[9.1793,45.2982]]]}},{"type":"Feature","properties":{"i":"018073","n":"Godiasco Salice Terme"},"geometry":{"type":"Polygon","coordinates":[[[9.077,44.9071],[9.0759,44.9064],[9.0732,44.8998],[9.0722,44.8936],[9.0742,44.8933],[9.0981,44.8972],[9.1002,44.8938],[9.1085,44.8878],[9.1115,44.8841],[9.1073,44.8803],[9.103,44.8657],[9.0963,44.8613],[9.0799,44.867],[9.0732,44.8673],[9.0701,44.866],[9.0615,44.876],[9.0552,44.8889],[9.0487,44.8877],[9.0351,44.8875],[9.0304,44.8885],[9.0232,44.897],[9.0184,44.9008],[9.0201,44.9057],[9.0191,44.91],[9.0202,44.9139],[9.0235,44.9171],[9.0253,44.9174],[9.03,44.9169],[9.0323,44.9156],[9.0353,44.9104],[9.0466,44.9055],[9.0493,44.9053],[9.0696,44.9081],[9.077,44.9071]]]}},{"type":"Feature","properties":{"i":"018074","n":"Golferenzo"},"geometry":{"type":"Polygon","coordinates":[[[9.3246,44.956],[9.323,44.9497],[9.3205,44.9494],[9.3071,44.9516],[9.3023,44.9534],[9.2872,44.9557],[9.2877,44.9597],[9.2899,44.9633],[9.2956,44.9697],[9.2978,44.9706],[9.2989,44.9735],[9.3157,44.9652],[9.3246,44.956]]]}},{"type":"Feature","properties":{"i":"018075","n":"Gravellona Lomellina"},"geometry":{"type":"Polygon","coordinates":[[[8.8105,45.3454],[8.8116,45.3404],[8.8096,45.337],[8.8067,45.3343],[8.7961,45.3346],[8.7912,45.3355],[8.7889,45.3321],[8.7875,45.3253],[8.789,45.3217],[8.7921,45.3189],[8.7927,45.3132],[8.7871,45.3099],[8.779,45.3084],[8.7642,45.3097],[8.7549,45.3163],[8.743,45.3266],[8.742,45.3311],[8.7429,45.3369],[8.7453,45.3395],[8.7556,45.3445],[8.7604,45.3519],[8.7583,45.3546],[8.7678,45.3576],[8.7668,45.3639],[8.776,45.3677],[8.7779,45.3677],[8.7859,45.3642],[8.794,45.3577],[8.796,45.3535],[8.8105,45.3454]]]}},{"type":"Feature","properties":{"i":"018076","n":"Gropello Cairoli"},"geometry":{"type":"Polygon","coordinates":[[[9.0375,45.18],[9.0227,45.181],[9.0211,45.1786],[9.0247,45.1677],[9.0288,45.1643],[9.0297,45.1619],[9.0312,45.1486],[9.0191,45.1465],[9.0137,45.1414],[9.0024,45.141],[8.9962,45.1418],[8.9955,45.1478],[8.9914,45.1539],[8.9737,45.1644],[8.9648,45.1708],[8.9571,45.1779],[8.953,45.1795],[8.9547,45.19],[8.9604,45.1901],[8.9831,45.2041],[8.9882,45.206],[8.9905,45.2057],[8.9897,45.2033],[8.99,45.2003],[8.9971,45.1959],[9.0103,45.1922],[9.0374,45.1907],[9.0342,45.1891],[9.0337,45.1863],[9.0339,45.1837],[9.0375,45.18]]]}},{"type":"Feature","properties":{"i":"018077","n":"Inverno e Monteleone"},"geometry":{"type":"Polygon","coordinates":[[[9.4211,45.1948],[9.4215,45.1893],[9.423,45.1876],[9.4174,45.1805],[9.4124,45.1805],[9.408,45.1854],[9.3956,45.1852],[9.3841,45.1835],[9.3836,45.1793],[9.3847,45.1769],[9.3704,45.184],[9.376,45.1885],[9.3712,45.1948],[9.3706,45.2027],[9.3747,45.204],[9.3794,45.2029],[9.401,45.2101],[9.4022,45.2019],[9.4028,45.2014],[9.406,45.2008],[9.4078,45.202],[9.4087,45.2045],[9.4116,45.2054],[9.4172,45.2059],[9.4198,45.2041],[9.4214,45.2019],[9.4205,45.1987],[9.4211,45.1948]]]}},{"type":"Feature","properties":{"i":"018078","n":"Landriano"},"geometry":{"type":"Polygon","coordinates":[[[9.3031,45.3272],[9.2949,45.3209],[9.2956,45.3168],[9.2968,45.3147],[9.2962,45.308],[9.291,45.3045],[9.288,45.2979],[9.2745,45.2833],[9.27,45.2838],[9.2637,45.2871],[9.2578,45.294],[9.2472,45.3011],[9.244,45.3053],[9.2435,45.3104],[9.24,45.3175],[9.2448,45.3186],[9.2475,45.3203],[9.2479,45.3217],[9.246,45.3245],[9.2476,45.3253],[9.2635,45.3257],[9.2735,45.3246],[9.2812,45.3278],[9.2823,45.3301],[9.2872,45.3304],[9.2978,45.3295],[9.3031,45.3272]]]}},{"type":"Feature","properties":{"i":"018079","n":"Langosco"},"geometry":{"type":"Polygon","coordinates":[[[8.5831,45.232],[8.5899,45.2159],[8.5947,45.2089],[8.592,45.2062],[8.5828,45.202],[8.5717,45.2059],[8.5569,45.2052],[8.5506,45.2012],[8.5508,45.1992],[8.5523,45.1964],[8.5443,45.1945],[8.5294,45.1934],[8.5245,45.1983],[8.5252,45.1999],[8.5276,45.2007],[8.5322,45.1993],[8.5406,45.201],[8.548,45.2041],[8.5473,45.2061],[8.5446,45.209],[8.5366,45.215],[8.5337,45.2166],[8.5293,45.2171],[8.5232,45.2216],[8.5226,45.2233],[8.5231,45.2251],[8.5271,45.2292],[8.531,45.2302],[8.5392,45.2301],[8.5425,45.232],[8.5437,45.234],[8.5424,45.2359],[8.5404,45.2368],[8.5321,45.2371],[8.5294,45.2382],[8.5612,45.2367],[8.5701,45.2327],[8.5782,45.2316],[8.5831,45.232]]]}},{"type":"Feature","properties":{"i":"018080","n":"Lardirago"},"geometry":{"type":"Polygon","coordinates":[[[9.2632,45.2488],[9.2654,45.2462],[9.2712,45.2433],[9.2734,45.2442],[9.2781,45.2405],[9.2723,45.24],[9.265,45.2382],[9.2587,45.2353],[9.2566,45.2314],[9.2537,45.2295],[9.2505,45.2288],[9.2496,45.2306],[9.2449,45.2314],[9.236,45.2294],[9.2324,45.2299],[9.2296,45.2307],[9.2275,45.2326],[9.2267,45.2366],[9.2301,45.2389],[9.2308,45.2403],[9.2307,45.2496],[9.2312,45.2505],[9.2395,45.25],[9.2412,45.248],[9.2526,45.2433],[9.2543,45.2435],[9.2632,45.2488]]]}},{"type":"Feature","properties":{"i":"018081","n":"Linarolo"},"geometry":{"type":"Polygon","coordinates":[[[9.2803,45.1668],[9.2851,45.1608],[9.2881,45.1591],[9.2807,45.1493],[9.2765,45.1478],[9.272,45.1487],[9.2714,45.1449],[9.2589,45.1403],[9.2586,45.138],[9.2618,45.1258],[9.2577,45.1255],[9.2394,45.1345],[9.2373,45.1362],[9.2227,45.1406],[9.2216,45.1423],[9.2257,45.1461],[9.2265,45.1485],[9.2256,45.1507],[9.2234,45.1521],[9.2247,45.1557],[9.2274,45.1587],[9.2364,45.1557],[9.2402,45.1606],[9.2518,45.1606],[9.2535,45.1655],[9.2764,45.1692],[9.2803,45.1668]]]}},{"type":"Feature","properties":{"i":"018082","n":"Lirio"},"geometry":{"type":"Polygon","coordinates":[[[9.2707,44.9991],[9.2638,44.9966],[9.2596,44.9906],[9.2586,44.9902],[9.2466,44.9971],[9.2533,45.0043],[9.257,45.0059],[9.2635,45.0019],[9.2678,45.0021],[9.2708,45.0014],[9.2707,44.9991]]]}},{"type":"Feature","properties":{"i":"018083","n":"Lomello"},"geometry":{"type":"Polygon","coordinates":[[[8.7906,45.1442],[8.8194,45.1274],[8.8195,45.1252],[8.8179,45.123],[8.828,45.1197],[8.829,45.1131],[8.8262,45.1129],[8.8258,45.1098],[8.8226,45.1129],[8.8201,45.1139],[8.8092,45.1113],[8.8069,45.1101],[8.8041,45.1049],[8.7991,45.0983],[8.8001,45.0921],[8.7872,45.0978],[8.7729,45.0977],[8.7649,45.0999],[8.7634,45.101],[8.7612,45.1193],[8.7546,45.1275],[8.7504,45.1355],[8.7528,45.1354],[8.757,45.1384],[8.7593,45.1441],[8.7584,45.1478],[8.7604,45.1463],[8.763,45.146],[8.7647,45.1465],[8.7666,45.1483],[8.7701,45.1492],[8.7783,45.1481],[8.7871,45.1459],[8.7906,45.1442]]]}},{"type":"Feature","properties":{"i":"018084","n":"Lungavilla"},"geometry":{"type":"Polygon","coordinates":[[[9.0987,45.0479],[9.0973,45.0295],[9.089,45.0245],[9.0768,45.0206],[9.07,45.0201],[9.0682,45.0238],[9.0694,45.0306],[9.0689,45.0325],[9.067,45.0325],[9.0655,45.0354],[9.0653,45.0425],[9.068,45.0488],[9.0712,45.0505],[9.0733,45.0493],[9.0902,45.0476],[9.0987,45.0479]]]}},{"type":"Feature","properties":{"i":"018085","n":"Magherno"},"geometry":{"type":"Polygon","coordinates":[[[9.3436,45.2058],[9.341,45.2042],[9.3324,45.2067],[9.3328,45.2085],[9.3308,45.2104],[9.3121,45.2236],[9.3107,45.2252],[9.311,45.2263],[9.3146,45.2281],[9.3226,45.2302],[9.3277,45.2288],[9.3368,45.2327],[9.3391,45.2331],[9.3404,45.2324],[9.3492,45.2144],[9.3439,45.2123],[9.3429,45.2074],[9.3436,45.2058]]]}},{"type":"Feature","properties":{"i":"018086","n":"Marcignago"},"geometry":{"type":"Polygon","coordinates":[[[9.1044,45.2539],[9.1025,45.2534],[9.1069,45.2377],[9.1031,45.2317],[9.1017,45.2313],[9.1023,45.2305],[9.0947,45.2267],[9.0894,45.2294],[9.078,45.2317],[9.081,45.2366],[9.0614,45.2468],[9.0543,45.2495],[9.0591,45.2496],[9.0605,45.251],[9.0613,45.252],[9.0599,45.2564],[9.0654,45.256],[9.0723,45.2602],[9.0727,45.2626],[9.0829,45.2685],[9.0879,45.2684],[9.0913,45.2598],[9.1008,45.2565],[9.1044,45.2539]]]}},{"type":"Feature","properties":{"i":"018087","n":"Marzano"},"geometry":{"type":"Polygon","coordinates":[[[9.3152,45.2596],[9.3155,45.2573],[9.3116,45.2536],[9.3104,45.249],[9.3067,45.25],[9.305,45.2494],[9.3039,45.2449],[9.3054,45.2353],[9.3034,45.2305],[9.3022,45.2295],[9.2884,45.2299],[9.2751,45.2432],[9.2734,45.2442],[9.2712,45.2433],[9.2654,45.2462],[9.2596,45.2526],[9.2691,45.2556],[9.2743,45.2562],[9.2772,45.253],[9.2804,45.2542],[9.2826,45.2555],[9.2837,45.2582],[9.28,45.2617],[9.2793,45.2641],[9.2928,45.2642],[9.3013,45.2615],[9.3152,45.2596]]]}},{"type":"Feature","properties":{"i":"018088","n":"Mede"},"geometry":{"type":"Polygon","coordinates":[[[8.7546,45.1275],[8.7612,45.1193],[8.7634,45.101],[8.7649,45.0999],[8.7729,45.0977],[8.7699,45.0936],[8.7706,45.0877],[8.776,45.0849],[8.7803,45.0771],[8.7797,45.075],[8.777,45.0734],[8.7718,45.0685],[8.7638,45.0584],[8.7595,45.058],[8.759,45.0624],[8.7538,45.0658],[8.7485,45.0635],[8.7482,45.0609],[8.7453,45.0589],[8.7382,45.0598],[8.7374,45.0611],[8.7378,45.0637],[8.7372,45.065],[8.7339,45.0665],[8.7296,45.0663],[8.7196,45.0756],[8.7219,45.0837],[8.7211,45.0848],[8.7096,45.0886],[8.7038,45.0883],[8.692,45.0937],[8.692,45.0954],[8.6965,45.1021],[8.6961,45.1047],[8.699,45.1128],[8.7037,45.1181],[8.7081,45.1184],[8.7125,45.1262],[8.7142,45.1266],[8.7263,45.1234],[8.7389,45.1222],[8.7396,45.1273],[8.7408,45.1287],[8.7465,45.1289],[8.7546,45.1275]]]}},{"type":"Feature","properties":{"i":"018089","n":"Menconico"},"geometry":{"type":"Polygon","coordinates":[[[9.2868,44.8248],[9.2967,44.8152],[9.3111,44.8107],[9.3215,44.8],[9.3179,44.7862],[9.3072,44.78],[9.287,44.7725],[9.2786,44.7785],[9.2634,44.7838],[9.2502,44.782],[9.2464,44.7819],[9.2439,44.7828],[9.2356,44.7906],[9.2391,44.795],[9.2373,44.8014],[9.2342,44.8079],[9.2313,44.8163],[9.2616,44.8221],[9.27,44.8251],[9.2868,44.8248]]]}},{"type":"Feature","properties":{"i":"018090","n":"Mezzana Bigli"},"geometry":{"type":"Polygon","coordinates":[[[8.9311,45.0657],[8.932,45.0635],[8.9262,45.0592],[8.9304,45.0574],[8.9341,45.0524],[8.9338,45.0506],[8.9316,45.0477],[8.9258,45.0456],[8.9218,45.0467],[8.9164,45.0535],[8.9087,45.0506],[8.8962,45.0537],[8.8934,45.0584],[8.8877,45.0592],[8.885,45.0608],[8.8809,45.0603],[8.8694,45.0524],[8.8636,45.0494],[8.8605,45.0512],[8.8599,45.0531],[8.8449,45.0576],[8.8373,45.0569],[8.8363,45.0558],[8.8345,45.0564],[8.8304,45.059],[8.8289,45.0619],[8.8293,45.0648],[8.834,45.0728],[8.8366,45.0763],[8.8389,45.0777],[8.8471,45.0776],[8.8525,45.0766],[8.8612,45.0722],[8.8699,45.0742],[8.879,45.0741],[8.8826,45.0723],[8.8818,45.0714],[8.8848,45.0706],[8.8913,45.0755],[8.8953,45.0819],[8.9006,45.0856],[8.9062,45.0871],[8.9148,45.0855],[8.916,45.0824],[8.9155,45.0769],[8.9165,45.0721],[8.9193,45.0683],[8.9228,45.0669],[8.9263,45.0671],[8.9311,45.0657]],[[8.8601,45.056],[8.861,45.0547],[8.866,45.0553],[8.8639,45.0573],[8.8599,45.0569],[8.8601,45.056]]]}},{"type":"Feature","properties":{"i":"018091","n":"Mezzana Rabattone"},"geometry":{"type":"Polygon","coordinates":[[[9.0489,45.1011],[9.0509,45.0919],[9.0588,45.0915],[9.0578,45.0837],[9.0445,45.0806],[9.0297,45.0894],[9.0286,45.0927],[9.0226,45.0992],[9.0205,45.1032],[9.0181,45.1122],[9.0187,45.1149],[9.0198,45.1166],[9.0232,45.1177],[9.0307,45.1166],[9.0348,45.1141],[9.0473,45.1019],[9.0489,45.1011]]]}},{"type":"Feature","properties":{"i":"018092","n":"Mezzanino"},"geometry":{"type":"Polygon","coordinates":[[[9.2227,45.1406],[9.2373,45.1362],[9.2293,45.1303],[9.2338,45.1127],[9.2295,45.1079],[9.2261,45.1064],[9.2153,45.1065],[9.2086,45.1119],[9.209,45.1141],[9.2069,45.1184],[9.1991,45.1211],[9.1954,45.1213],[9.1867,45.1199],[9.1741,45.13],[9.1744,45.1407],[9.178,45.1437],[9.1921,45.1449],[9.1978,45.1444],[9.2,45.1433],[9.202,45.1405],[9.1972,45.1403],[9.1955,45.1382],[9.2061,45.1363],[9.2227,45.1406]]]}},{"type":"Feature","properties":{"i":"018093","n":"Miradolo Terme"},"geometry":{"type":"Polygon","coordinates":[[[9.4385,45.1876],[9.4397,45.186],[9.447,45.187],[9.4568,45.1833],[9.4594,45.1778],[9.469,45.1686],[9.4748,45.1674],[9.4775,45.1657],[9.4782,45.1617],[9.4313,45.1601],[9.4261,45.1697],[9.4215,45.1821],[9.4174,45.1805],[9.423,45.1876],[9.4215,45.1893],[9.4211,45.1948],[9.4286,45.1994],[9.4298,45.199],[9.4322,45.1961],[9.4331,45.1936],[9.4321,45.1916],[9.4277,45.1882],[9.4277,45.1863],[9.4301,45.1843],[9.4385,45.1876]]]}},{"type":"Feature","properties":{"i":"018094","n":"Montalto Pavese"},"geometry":{"type":"Polygon","coordinates":[[[9.2355,44.995],[9.2466,44.9971],[9.2586,44.9902],[9.2588,44.9894],[9.2563,44.9867],[9.2524,44.9853],[9.2481,44.9823],[9.2469,44.9805],[9.248,44.974],[9.2383,44.9683],[9.2343,44.962],[9.2335,44.9537],[9.2343,44.9487],[9.237,44.9457],[9.2264,44.944],[9.2243,44.9497],[9.2223,44.9522],[9.1986,44.9668],[9.1936,44.968],[9.1818,44.9737],[9.183,44.9752],[9.1825,44.983],[9.181,44.9864],[9.1787,44.9879],[9.179,44.9894],[9.1822,44.9906],[9.1828,44.9899],[9.19,44.9909],[9.1928,44.9936],[9.1967,44.9957],[9.1986,44.994],[9.2002,44.9936],[9.2133,44.9941],[9.216,44.9915],[9.2182,44.9912],[9.2311,44.9921],[9.2355,44.995]]]}},{"type":"Feature","properties":{"i":"018095","n":"Montebello della Battaglia"},"geometry":{"type":"Polygon","coordinates":[[[9.1253,44.9817],[9.1152,44.9855],[9.1155,44.9897],[9.1123,44.9919],[9.11,44.9919],[9.1069,44.9889],[9.1054,44.9859],[9.1049,44.9825],[9.1058,44.9761],[9.0997,44.9751],[9.0943,44.9765],[9.0924,44.9822],[9.077,44.9962],[9.0739,44.9972],[9.0685,44.9971],[9.0691,44.9994],[9.067,45.0052],[9.0674,45.0137],[9.0689,45.0189],[9.07,45.0201],[9.0768,45.0206],[9.089,45.0245],[9.1082,45.0347],[9.1077,45.0301],[9.1063,45.0278],[9.1067,45.02],[9.1101,45.0146],[9.1129,45.002],[9.1198,44.9965],[9.1278,44.9916],[9.1275,44.9841],[9.1253,44.9817]]]}},{"type":"Feature","properties":{"i":"018096","n":"Montecalvo Versiggia"},"geometry":{"type":"Polygon","coordinates":[[[9.2989,44.9735],[9.2984,44.973],[9.2869,44.9761],[9.2867,44.9733],[9.2878,44.9721],[9.2926,44.9707],[9.2978,44.9706],[9.2956,44.9697],[9.2899,44.9633],[9.2877,44.9597],[9.2872,44.9557],[9.2845,44.9527],[9.274,44.9531],[9.2705,44.9579],[9.2684,44.963],[9.2678,44.9699],[9.2628,44.9761],[9.2585,44.9774],[9.248,44.974],[9.2469,44.9805],[9.2481,44.9823],[9.2582,44.9883],[9.2586,44.9902],[9.2596,44.9906],[9.2638,44.9966],[9.2707,44.9991],[9.2847,44.9959],[9.2894,44.9971],[9.2915,44.9898],[9.2898,44.9889],[9.2877,44.9855],[9.2989,44.9816],[9.2994,44.9785],[9.2989,44.9735]]]}},{"type":"Feature","properties":{"i":"018097","n":"Montescano"},"geometry":{"type":"Polygon","coordinates":[[[9.2994,45.0361],[9.3009,45.0343],[9.3018,45.0301],[9.3005,45.0219],[9.2992,45.0198],[9.2937,45.0181],[9.2878,45.0237],[9.2856,45.0293],[9.2777,45.032],[9.2748,45.0315],[9.2741,45.0344],[9.2763,45.0359],[9.2768,45.0351],[9.2841,45.0342],[9.2994,45.0361]]]}},{"type":"Feature","properties":{"i":"018098","n":"Montesegale"},"geometry":{"type":"Polygon","coordinates":[[[9.1417,44.9198],[9.1459,44.9148],[9.1511,44.9115],[9.1522,44.9076],[9.1472,44.9043],[9.1479,44.8973],[9.1494,44.8952],[9.1543,44.8918],[9.1533,44.8892],[9.1433,44.8805],[9.1419,44.8821],[9.1344,44.8853],[9.1203,44.8861],[9.1115,44.8841],[9.1085,44.8878],[9.1002,44.8938],[9.0981,44.8972],[9.1016,44.8995],[9.1055,44.9008],[9.1113,44.9049],[9.1129,44.9085],[9.1117,44.9093],[9.112,44.9166],[9.1158,44.928],[9.1199,44.9331],[9.1305,44.9293],[9.1417,44.9198]]]}},{"type":"Feature","properties":{"i":"018099","n":"Monticelli Pavese"},"geometry":{"type":"MultiPolygon","coordinates":[[[[9.5358,45.122],[9.5374,45.1149],[9.5506,45.0952],[9.5513,45.0921],[9.5499,45.089],[9.5437,45.0839],[9.538,45.0806],[9.53,45.0784],[9.5275,45.079],[9.524,45.0814],[9.5222,45.0855],[9.5182,45.0906],[9.5051,45.1021],[9.5066,45.1043],[9.5017,45.1087],[9.481,45.1157],[9.4722,45.12],[9.47,45.1221],[9.4712,45.1257],[9.4749,45.1317],[9.483,45.1332],[9.5065,45.1329],[9.5164,45.1302],[9.5173,45.1285],[9.5234,45.1231],[9.5292,45.1218],[9.5358,45.122]]],[[[9.5429,45.1374],[9.5487,45.1327],[9.5372,45.1261],[9.5363,45.124],[9.5327,45.1248],[9.5301,45.1269],[9.5291,45.1313],[9.53,45.1357],[9.5429,45.1374]]]]}},{"type":"Feature","properties":{"i":"018100","n":"Montù Beccaria"},"geometry":{"type":"Polygon","coordinates":[[[9.3189,45.0541],[9.3204,45.0499],[9.3306,45.0416],[9.3341,45.0419],[9.3444,45.0494],[9.347,45.0477],[9.351,45.0469],[9.3557,45.0476],[9.3623,45.0467],[9.3647,45.045],[9.3639,45.0429],[9.3489,45.0381],[9.3454,45.0383],[9.3423,45.0368],[9.3279,45.0261],[9.3276,45.0255],[9.342,45.0164],[9.3423,45.0159],[9.3408,45.0134],[9.3288,45.0106],[9.3213,45.0053],[9.3174,45.0051],[9.3057,45.0068],[9.2943,45.0115],[9.3005,45.0219],[9.3018,45.0301],[9.3009,45.0343],[9.2994,45.0361],[9.2997,45.0459],[9.3041,45.0534],[9.3037,45.0554],[9.3044,45.0575],[9.3105,45.0572],[9.3189,45.0541]]]}},{"type":"Feature","properties":{"i":"018101","n":"Mornico Losana"},"geometry":{"type":"Polygon","coordinates":[[[9.215,45.0212],[9.23,45.0139],[9.2313,45.0102],[9.23,45.0077],[9.2269,45.0065],[9.2325,44.9965],[9.2355,44.995],[9.2311,44.9921],[9.2182,44.9912],[9.216,44.9915],[9.2133,44.9941],[9.1993,44.9937],[9.198,44.9948],[9.2007,44.9949],[9.2042,44.9964],[9.1965,45.0038],[9.1913,45.0074],[9.1816,45.0099],[9.1867,45.0164],[9.1922,45.0163],[9.2024,45.0193],[9.215,45.0212]]]}},{"type":"Feature","properties":{"i":"018102","n":"Mortara"},"geometry":{"type":"Polygon","coordinates":[[[8.6888,45.2826],[8.706,45.2812],[8.7174,45.2822],[8.7205,45.2833],[8.7466,45.272],[8.7688,45.2766],[8.7746,45.2785],[8.7822,45.2773],[8.7876,45.275],[8.7916,45.2767],[8.7957,45.2802],[8.8003,45.2819],[8.8032,45.2775],[8.7989,45.2753],[8.7936,45.2697],[8.7961,45.2504],[8.8019,45.2457],[8.7967,45.2333],[8.804,45.2303],[8.8024,45.2209],[8.8031,45.2169],[8.8027,45.2148],[8.7989,45.2159],[8.7946,45.2139],[8.7868,45.2151],[8.7842,45.2183],[8.7764,45.2195],[8.7696,45.2163],[8.7696,45.2145],[8.7649,45.2109],[8.7577,45.2152],[8.7508,45.214],[8.7503,45.2187],[8.7428,45.2222],[8.7339,45.223],[8.7278,45.2264],[8.7214,45.2284],[8.7125,45.2284],[8.7087,45.2346],[8.6911,45.2567],[8.6879,45.2591],[8.6851,45.2637],[8.6854,45.2694],[8.6838,45.2787],[8.6816,45.2802],[8.683,45.2848],[8.6888,45.2826]]]}},{"type":"Feature","properties":{"i":"018103","n":"Nicorvo"},"geometry":{"type":"Polygon","coordinates":[[[8.6906,45.2925],[8.6888,45.2826],[8.683,45.2848],[8.6816,45.2802],[8.6838,45.2787],[8.6854,45.2694],[8.6851,45.2637],[8.6831,45.2657],[8.6726,45.2649],[8.6615,45.2686],[8.6639,45.2707],[8.665,45.2735],[8.6649,45.2761],[8.6533,45.2837],[8.6487,45.2854],[8.6482,45.2875],[8.6498,45.2979],[8.6486,45.3],[8.6508,45.3022],[8.6541,45.3037],[8.6589,45.3037],[8.6631,45.2997],[8.6636,45.2943],[8.666,45.2919],[8.6866,45.294],[8.6889,45.294],[8.6906,45.2925]]]}},{"type":"Feature","properties":{"i":"018104","n":"Olevano di Lomellina"},"geometry":{"type":"Polygon","coordinates":[[[8.7508,45.214],[8.7494,45.2049],[8.7437,45.1937],[8.7383,45.1899],[8.7295,45.1881],[8.7266,45.1857],[8.7251,45.1818],[8.7207,45.1808],[8.72,45.1862],[8.7149,45.1925],[8.7083,45.1952],[8.6979,45.203],[8.692,45.2084],[8.688,45.2144],[8.6849,45.2163],[8.7069,45.2235],[8.7104,45.2251],[8.7125,45.2284],[8.7214,45.2284],[8.7278,45.2264],[8.7339,45.223],[8.7428,45.2222],[8.7503,45.2187],[8.7508,45.214]]]}},{"type":"Feature","properties":{"i":"018105","n":"Oliva Gessi"},"geometry":{"type":"Polygon","coordinates":[[[9.1816,45.0099],[9.1913,45.0074],[9.1965,45.0038],[9.2042,44.9964],[9.1997,44.9948],[9.1963,44.9957],[9.19,44.9909],[9.1828,44.9899],[9.1773,44.9959],[9.1654,45.0005],[9.1709,45.0112],[9.1816,45.0099]]]}},{"type":"Feature","properties":{"i":"018106","n":"Ottobiano"},"geometry":{"type":"Polygon","coordinates":[[[8.8582,45.1721],[8.8569,45.1673],[8.8536,45.1652],[8.8519,45.1607],[8.8513,45.1551],[8.8551,45.1455],[8.8512,45.129],[8.8396,45.122],[8.8326,45.1238],[8.8224,45.1212],[8.8179,45.123],[8.8195,45.1252],[8.8194,45.1274],[8.7906,45.1442],[8.7916,45.1493],[8.7963,45.1567],[8.8028,45.1541],[8.8058,45.1566],[8.8093,45.167],[8.8116,45.1711],[8.8187,45.1786],[8.8227,45.1915],[8.8229,45.1974],[8.8379,45.1828],[8.8536,45.1756],[8.8588,45.175],[8.8582,45.1721]]]}},{"type":"Feature","properties":{"i":"018107","n":"Palestro"},"geometry":{"type":"Polygon","coordinates":[[[8.5379,45.3172],[8.545,45.3135],[8.5627,45.3077],[8.5662,45.3083],[8.5646,45.3023],[8.5658,45.2954],[8.5614,45.2846],[8.56,45.2834],[8.5598,45.28],[8.5433,45.2693],[8.5399,45.2644],[8.5396,45.2602],[8.5327,45.2653],[8.5347,45.2711],[8.5361,45.2722],[8.5351,45.2778],[8.5224,45.2791],[8.5229,45.2757],[8.5238,45.2751],[8.5233,45.2744],[8.5175,45.2738],[8.5141,45.2743],[8.5131,45.2753],[8.5131,45.2803],[8.5183,45.2868],[8.512,45.291],[8.5044,45.2906],[8.4983,45.2922],[8.5072,45.3071],[8.5135,45.3133],[8.5147,45.3117],[8.5198,45.3118],[8.5249,45.3135],[8.5292,45.3167],[8.534,45.3185],[8.5379,45.3172]]]}},{"type":"Feature","properties":{"i":"018108","n":"Pancarana"},"geometry":{"type":"MultiPolygon","coordinates":[[[[9.0669,45.0692],[9.0627,45.0683],[9.0553,45.0684],[9.0536,45.0662],[9.0542,45.0625],[9.0472,45.0606],[9.0395,45.0603],[9.0331,45.0618],[9.0295,45.069],[9.0255,45.0704],[9.0294,45.0755],[9.0314,45.0768],[9.0578,45.0837],[9.0639,45.0817],[9.068,45.0744],[9.0681,45.0712],[9.0669,45.0692]]],[[[9.0588,45.0915],[9.0509,45.0919],[9.0489,45.1011],[9.0574,45.1027],[9.0588,45.0915]]]]}},{"type":"Feature","properties":{"i":"018109","n":"Parona"},"geometry":{"type":"Polygon","coordinates":[[[8.7928,45.294],[8.8003,45.2819],[8.7957,45.2802],[8.7916,45.2767],[8.7876,45.275],[8.7822,45.2773],[8.7746,45.2785],[8.7688,45.2766],[8.7466,45.272],[8.7205,45.2833],[8.7239,45.2881],[8.7524,45.2914],[8.778,45.2904],[8.7928,45.294]]]}},{"type":"Feature","properties":{"i":"018110","n":"Pavia"},"geometry":{"type":"Polygon","coordinates":[[[9.1337,45.2296],[9.1342,45.2286],[9.1398,45.229],[9.1631,45.2325],[9.1786,45.2289],[9.1901,45.2289],[9.2028,45.2236],[9.2079,45.2176],[9.2094,45.2182],[9.2097,45.2204],[9.2156,45.2138],[9.2161,45.2096],[9.2151,45.2075],[9.216,45.2037],[9.2187,45.2021],[9.2251,45.2006],[9.2318,45.2029],[9.2402,45.196],[9.2308,45.1911],[9.226,45.1917],[9.2242,45.1875],[9.2308,45.1827],[9.2256,45.175],[9.2172,45.1703],[9.2145,45.1647],[9.2174,45.1586],[9.2147,45.1564],[9.2139,45.1564],[9.2102,45.1606],[9.2056,45.1623],[9.193,45.1615],[9.1854,45.1575],[9.1788,45.1578],[9.1749,45.1596],[9.17,45.1652],[9.1675,45.1692],[9.1646,45.1716],[9.1575,45.1731],[9.1545,45.1721],[9.154,45.1702],[9.1556,45.1684],[9.1488,45.1649],[9.1378,45.1658],[9.1365,45.168],[9.1395,45.1695],[9.1414,45.1718],[9.1412,45.1727],[9.1391,45.174],[9.1309,45.1742],[9.1256,45.1731],[9.1131,45.1754],[9.111,45.1772],[9.1103,45.1821],[9.1143,45.1846],[9.12,45.1847],[9.1208,45.1867],[9.1207,45.189],[9.1127,45.1916],[9.1042,45.1924],[9.1003,45.1948],[9.0981,45.1997],[9.1089,45.2097],[9.1086,45.2111],[9.0985,45.2194],[9.0973,45.2186],[9.0948,45.2196],[9.0903,45.2228],[9.0975,45.2287],[9.1023,45.2305],[9.1017,45.2313],[9.1091,45.2334],[9.1282,45.2292],[9.1337,45.2296]]]}},{"type":"Feature","properties":{"i":"018111","n":"Pietra de' Giorgi"},"geometry":{"type":"Polygon","coordinates":[[[9.267,45.0229],[9.2657,45.021],[9.2665,45.0188],[9.2754,45.0152],[9.2652,45.0065],[9.2593,45.0048],[9.257,45.0059],[9.2533,45.0043],[9.2466,44.9971],[9.2355,44.995],[9.2325,44.9965],[9.2269,45.0065],[9.23,45.0077],[9.2313,45.0102],[9.23,45.0139],[9.215,45.0212],[9.2128,45.029],[9.2185,45.0392],[9.2248,45.04],[9.2298,45.039],[9.2314,45.038],[9.2366,45.0311],[9.2353,45.0281],[9.2431,45.0243],[9.2533,45.0223],[9.267,45.0229]]]}},{"type":"Feature","properties":{"i":"018112","n":"Pieve Albignola"},"geometry":{"type":"Polygon","coordinates":[[[8.9909,45.1133],[8.9894,45.1124],[8.9913,45.1032],[8.9934,45.1021],[8.9951,45.0999],[8.9956,45.0936],[8.9919,45.086],[8.9837,45.0842],[8.9787,45.0854],[8.9736,45.0848],[8.9704,45.0836],[8.9677,45.0799],[8.9553,45.0753],[8.9518,45.0747],[8.9482,45.0838],[8.9508,45.0897],[8.9538,45.0936],[8.9537,45.0969],[8.9498,45.1015],[8.9419,45.1037],[8.9392,45.1072],[8.9347,45.1206],[8.9505,45.1285],[8.9593,45.1317],[8.9695,45.1242],[8.9697,45.1232],[8.9843,45.1197],[8.9877,45.1197],[8.9909,45.1133]]]}},{"type":"Feature","properties":{"i":"018113","n":"Pieve del Cairo"},"geometry":{"type":"MultiPolygon","coordinates":[[[[8.8601,45.056],[8.8599,45.0569],[8.8639,45.0573],[8.866,45.0553],[8.861,45.0547],[8.8601,45.056]]],[[[8.8483,45.077],[8.8394,45.0779],[8.8366,45.0763],[8.8293,45.0648],[8.8292,45.0608],[8.8319,45.0577],[8.8363,45.0558],[8.8373,45.0569],[8.8449,45.0576],[8.8599,45.0531],[8.8605,45.0512],[8.8557,45.0494],[8.8405,45.0475],[8.838,45.0442],[8.8309,45.0427],[8.8254,45.044],[8.8218,45.0397],[8.8099,45.0343],[8.7995,45.0363],[8.7956,45.0355],[8.7944,45.0341],[8.7944,45.0326],[8.7969,45.0301],[8.7998,45.0295],[8.8023,45.0261],[8.7952,45.028],[8.7912,45.0311],[8.785,45.042],[8.7791,45.0436],[8.7759,45.0434],[8.772,45.0464],[8.7683,45.0526],[8.7719,45.0525],[8.7698,45.055],[8.7638,45.0584],[8.7718,45.0685],[8.777,45.0734],[8.7797,45.075],[8.7845,45.0744],[8.7935,45.0748],[8.7989,45.0768],[8.8041,45.0821],[8.8111,45.0767],[8.8156,45.0759],[8.8216,45.0794],[8.8225,45.0814],[8.8263,45.0853],[8.8304,45.0868],[8.8417,45.0865],[8.846,45.0888],[8.8456,45.0868],[8.8465,45.0854],[8.8524,45.0843],[8.8549,45.0826],[8.8556,45.0812],[8.8515,45.0781],[8.8483,45.077]]]]}},{"type":"Feature","properties":{"i":"018114","n":"Pieve Porto Morone"},"geometry":{"type":"Polygon","coordinates":[[[9.435,45.1276],[9.437,45.1222],[9.4447,45.1184],[9.4555,45.1195],[9.4565,45.1163],[9.4523,45.1081],[9.4528,45.1078],[9.4573,45.1075],[9.4617,45.1085],[9.4599,45.1103],[9.4653,45.116],[9.4786,45.1168],[9.4892,45.1125],[9.4999,45.1097],[9.5054,45.1059],[9.5067,45.1039],[9.5051,45.1021],[9.4993,45.1039],[9.4937,45.1034],[9.4753,45.0966],[9.4677,45.0949],[9.4527,45.0938],[9.4204,45.0935],[9.4215,45.099],[9.4133,45.1024],[9.4112,45.1058],[9.4117,45.1161],[9.4179,45.1278],[9.4199,45.1252],[9.4235,45.1238],[9.4343,45.1268],[9.435,45.1276]]]}},{"type":"Feature","properties":{"i":"018115","n":"Pinarolo Po"},"geometry":{"type":"Polygon","coordinates":[[[9.2018,45.1072],[9.2001,45.1012],[9.1955,45.0986],[9.1918,45.093],[9.1864,45.0867],[9.1848,45.086],[9.1679,45.0516],[9.1633,45.0513],[9.1514,45.0638],[9.149,45.0674],[9.1505,45.0753],[9.1445,45.075],[9.1439,45.0735],[9.1396,45.0744],[9.1419,45.0817],[9.1465,45.0815],[9.1517,45.083],[9.1532,45.0837],[9.1539,45.0857],[9.157,45.0844],[9.1639,45.085],[9.1686,45.0878],[9.1733,45.0938],[9.1756,45.0979],[9.1759,45.1008],[9.1803,45.1054],[9.1874,45.1079],[9.2018,45.1072]]]}},{"type":"Feature","properties":{"i":"018116","n":"Pizzale"},"geometry":{"type":"Polygon","coordinates":[[[9.0669,45.0692],[9.0668,45.0566],[9.0712,45.0505],[9.068,45.0488],[9.0653,45.0425],[9.0655,45.0354],[9.067,45.0325],[9.0689,45.0325],[9.0694,45.0306],[9.0682,45.0238],[9.0354,45.031],[9.0379,45.0416],[9.0398,45.0453],[9.0413,45.0454],[9.0431,45.0439],[9.0474,45.0428],[9.0544,45.0476],[9.0549,45.0511],[9.0536,45.0662],[9.0553,45.0684],[9.0627,45.0683],[9.0669,45.0692]]]}},{"type":"Feature","properties":{"i":"018117","n":"Ponte Nizza"},"geometry":{"type":"Polygon","coordinates":[[[9.1433,44.8805],[9.1375,44.8748],[9.1455,44.8638],[9.1523,44.8576],[9.1608,44.8572],[9.1624,44.8525],[9.1509,44.8479],[9.1488,44.849],[9.1426,44.8483],[9.1191,44.843],[9.1098,44.8374],[9.1089,44.8298],[9.0972,44.8228],[9.0951,44.819],[9.0892,44.8173],[9.0899,44.8185],[9.0848,44.8242],[9.0829,44.8245],[9.079,44.8283],[9.0793,44.8418],[9.0802,44.8432],[9.0871,44.8456],[9.0919,44.851],[9.0963,44.8613],[9.103,44.8657],[9.1073,44.8803],[9.1115,44.8841],[9.1203,44.8861],[9.1344,44.8853],[9.1419,44.8821],[9.1433,44.8805]]]}},{"type":"Feature","properties":{"i":"018118","n":"Portalbera"},"geometry":{"type":"Polygon","coordinates":[[[9.3438,45.1035],[9.3384,45.1011],[9.3351,45.098],[9.3331,45.0901],[9.3298,45.0912],[9.3267,45.0902],[9.3215,45.0872],[9.3193,45.0849],[9.3146,45.0862],[9.3011,45.0941],[9.3017,45.1013],[9.3036,45.1041],[9.3224,45.1049],[9.3438,45.1035]]]}},{"type":"Feature","properties":{"i":"018119","n":"Rea"},"geometry":{"type":"Polygon","coordinates":[[[9.1528,45.1005],[9.1455,45.114],[9.1523,45.1224],[9.155,45.1237],[9.166,45.1334],[9.1591,45.1138],[9.1584,45.1095],[9.1528,45.1005]]]}},{"type":"Feature","properties":{"i":"018120","n":"Redavalle"},"geometry":{"type":"Polygon","coordinates":[[[9.2106,45.0638],[9.2101,45.0599],[9.2108,45.0569],[9.2133,45.0537],[9.217,45.0527],[9.2181,45.0479],[9.2185,45.0392],[9.2128,45.029],[9.2016,45.0296],[9.196,45.0389],[9.1956,45.0422],[9.1967,45.0526],[9.1952,45.0577],[9.1966,45.0593],[9.1966,45.0612],[9.1993,45.0645],[9.2048,45.067],[9.2086,45.0658],[9.2106,45.0638]]]}},{"type":"Feature","properties":{"i":"018121","n":"Retorbido"},"geometry":{"type":"Polygon","coordinates":[[[9.0793,44.9384],[9.0838,44.9307],[9.0735,44.9251],[9.0727,44.9242],[9.0717,44.9198],[9.0637,44.9242],[9.0529,44.9326],[9.0397,44.9384],[9.0297,44.9414],[9.0233,44.9453],[9.0181,44.951],[9.0151,44.957],[9.0152,44.9588],[9.017,44.9635],[9.0314,44.9727],[9.0403,44.9684],[9.0436,44.9659],[9.0466,44.9607],[9.0545,44.9514],[9.0586,44.9426],[9.0628,44.9374],[9.0745,44.9371],[9.0793,44.9384]]]}},{"type":"Feature","properties":{"i":"018122","n":"Rivanazzano Terme"},"geometry":{"type":"Polygon","coordinates":[[[9.0152,44.9588],[9.0151,44.957],[9.0181,44.951],[9.0233,44.9453],[9.0297,44.9414],[9.0397,44.9384],[9.0529,44.9326],[9.066,44.9228],[9.0717,44.9198],[9.0747,44.9193],[9.076,44.9171],[9.0762,44.9095],[9.077,44.9071],[9.0696,44.9081],[9.0493,44.9053],[9.0466,44.9055],[9.0353,44.9104],[9.0323,44.9156],[9.03,44.9169],[9.0253,44.9174],[9.0235,44.9171],[9.0202,44.9139],[9.0191,44.91],[9.0201,44.9057],[9.0184,44.9008],[9.008,44.903],[9.0052,44.9044],[9.0013,44.9082],[8.9983,44.9179],[8.9772,44.9401],[8.9696,44.9435],[8.9718,44.9499],[8.9768,44.9529],[8.9783,44.9568],[8.977,44.9585],[8.9765,44.963],[8.9781,44.9672],[8.9827,44.9647],[8.9872,44.9634],[9.0152,44.9588]]]}},{"type":"Feature","properties":{"i":"018123","n":"Robbio"},"geometry":{"type":"Polygon","coordinates":[[[8.6317,45.3384],[8.6545,45.327],[8.6557,45.3257],[8.6551,45.323],[8.6593,45.3147],[8.6596,45.3047],[8.6589,45.3037],[8.6535,45.3035],[8.6486,45.3],[8.6498,45.2979],[8.6483,45.2905],[8.6487,45.2854],[8.6476,45.2842],[8.6417,45.2813],[8.6191,45.2742],[8.6132,45.2691],[8.5974,45.2705],[8.5909,45.2696],[8.5801,45.2719],[8.5712,45.2694],[8.5674,45.2705],[8.5598,45.28],[8.56,45.2834],[8.5614,45.2846],[8.5658,45.2954],[8.5646,45.3023],[8.5662,45.3083],[8.5739,45.31],[8.5781,45.3143],[8.5844,45.3184],[8.5982,45.3229],[8.6077,45.3282],[8.6259,45.3367],[8.6317,45.3384]]]}},{"type":"Feature","properties":{"i":"018124","n":"Robecco Pavese"},"geometry":{"type":"Polygon","coordinates":[[[9.1679,45.0516],[9.163,45.0382],[9.1569,45.0331],[9.1501,45.0317],[9.1347,45.0349],[9.1343,45.0359],[9.1366,45.0411],[9.1411,45.0635],[9.1428,45.0666],[9.1445,45.075],[9.1505,45.0753],[9.149,45.0674],[9.1514,45.0638],[9.1633,45.0513],[9.1679,45.0516]]]}},{"type":"Feature","properties":{"i":"018125","n":"Rocca de' Giorgi"},"geometry":{"type":"Polygon","coordinates":[[[9.274,44.9531],[9.2693,44.9488],[9.2646,44.9469],[9.2662,44.9408],[9.2697,44.9326],[9.2579,44.9323],[9.2551,44.934],[9.2525,44.9373],[9.237,44.9457],[9.2343,44.9487],[9.2335,44.9537],[9.2343,44.962],[9.2383,44.9683],[9.2496,44.9748],[9.2598,44.9775],[9.2628,44.9761],[9.2678,44.9699],[9.2684,44.963],[9.2705,44.9579],[9.274,44.9531]]]}},{"type":"Feature","properties":{"i":"018126","n":"Rocca Susella"},"geometry":{"type":"Polygon","coordinates":[[[9.1199,44.9331],[9.1158,44.928],[9.112,44.9166],[9.1117,44.9093],[9.1129,44.9085],[9.1113,44.9049],[9.1055,44.9008],[9.1016,44.8995],[9.0981,44.8972],[9.0742,44.8933],[9.0722,44.8936],[9.0732,44.8998],[9.0759,44.9064],[9.077,44.9071],[9.0762,44.9095],[9.076,44.9171],[9.0747,44.9193],[9.0717,44.9198],[9.0727,44.9242],[9.0735,44.9251],[9.0838,44.9307],[9.0883,44.9296],[9.0978,44.9335],[9.11,44.9434],[9.1158,44.9457],[9.1198,44.9426],[9.1218,44.9391],[9.1205,44.9379],[9.1131,44.936],[9.1157,44.9339],[9.1199,44.9331]]]}},{"type":"Feature","properties":{"i":"018127","n":"Rognano"},"geometry":{"type":"Polygon","coordinates":[[[9.1097,45.3073],[9.1156,45.2941],[9.1101,45.2894],[9.092,45.2812],[9.079,45.2797],[9.0784,45.2823],[9.0713,45.2895],[9.0612,45.2883],[9.0607,45.2893],[9.0596,45.2939],[9.0639,45.294],[9.0609,45.3024],[9.0643,45.3049],[9.0719,45.3064],[9.0699,45.3145],[9.0808,45.3158],[9.0736,45.308],[9.0799,45.3035],[9.0946,45.3048],[9.1097,45.3073]]]}},{"type":"Feature","properties":{"i":"018128","n":"Romagnese"},"geometry":{"type":"Polygon","coordinates":[[[9.3265,44.8729],[9.3424,44.8673],[9.3478,44.8441],[9.3503,44.837],[9.3592,44.8239],[9.3631,44.8224],[9.3577,44.8146],[9.3545,44.8123],[9.3299,44.8],[9.3253,44.799],[9.3215,44.8],[9.3111,44.8107],[9.2967,44.8152],[9.2868,44.8248],[9.285,44.8304],[9.2855,44.835],[9.292,44.8422],[9.3103,44.8574],[9.3181,44.8611],[9.3185,44.8622],[9.3175,44.8634],[9.3127,44.8635],[9.3116,44.8642],[9.3143,44.8682],[9.3216,44.8732],[9.3265,44.8729]]]}},{"type":"Feature","properties":{"i":"018129","n":"Roncaro"},"geometry":{"type":"Polygon","coordinates":[[[9.2781,45.2405],[9.2884,45.2299],[9.2841,45.2223],[9.2815,45.2204],[9.2663,45.2184],[9.2608,45.2199],[9.2585,45.2232],[9.2561,45.2232],[9.2542,45.2204],[9.2507,45.2199],[9.25,45.2205],[9.2505,45.2288],[9.2537,45.2295],[9.2566,45.2314],[9.2587,45.2353],[9.265,45.2382],[9.2723,45.24],[9.2781,45.2405]]]}},{"type":"Feature","properties":{"i":"018130","n":"Rosasco"},"geometry":{"type":"Polygon","coordinates":[[[8.5909,45.2696],[8.5929,45.266],[8.5963,45.2509],[8.6018,45.2396],[8.5999,45.2374],[8.5951,45.2359],[8.5934,45.2338],[8.5944,45.2316],[8.5898,45.2308],[8.5831,45.232],[8.5782,45.2316],[8.5701,45.2327],[8.5612,45.2367],[8.5294,45.2382],[8.5291,45.2395],[8.5441,45.2398],[8.5487,45.238],[8.5554,45.2388],[8.5564,45.2406],[8.554,45.2434],[8.5445,45.2418],[8.5277,45.2458],[8.5252,45.2469],[8.5221,45.2499],[8.5228,45.2546],[8.5309,45.2537],[8.5344,45.2504],[8.536,45.2476],[8.5427,45.2525],[8.5435,45.2546],[8.5423,45.2558],[8.5352,45.2571],[8.5332,45.2579],[8.5331,45.2588],[8.5362,45.2627],[8.5396,45.2602],[8.5399,45.2644],[8.5433,45.2693],[8.5598,45.28],[8.568,45.2701],[8.5712,45.2694],[8.5801,45.2719],[8.5909,45.2696]]]}},{"type":"Feature","properties":{"i":"018131","n":"Rovescala"},"geometry":{"type":"Polygon","coordinates":[[[9.3694,45.0237],[9.3756,45.0199],[9.3712,45.0148],[9.3659,45.003],[9.3614,45.0001],[9.3535,45.0011],[9.3474,44.9971],[9.3446,44.9961],[9.3399,44.9953],[9.3246,44.9945],[9.3202,45.0001],[9.3213,45.0053],[9.3238,45.0077],[9.3288,45.0106],[9.3408,45.0134],[9.3423,45.0159],[9.359,45.0261],[9.3694,45.0237]]]}},{"type":"Feature","properties":{"i":"018133","n":"San Cipriano Po"},"geometry":{"type":"Polygon","coordinates":[[[9.3122,45.1195],[9.3004,45.1052],[9.2971,45.1058],[9.2866,45.1001],[9.2816,45.0945],[9.2798,45.0936],[9.2761,45.0938],[9.2735,45.1033],[9.2624,45.1131],[9.2609,45.1186],[9.2616,45.12],[9.2678,45.1223],[9.2695,45.125],[9.2871,45.1264],[9.3041,45.1239],[9.3122,45.1195]]]}},{"type":"Feature","properties":{"i":"018134","n":"San Damiano al Colle"},"geometry":{"type":"Polygon","coordinates":[[[9.3694,45.0237],[9.359,45.0261],[9.3423,45.0159],[9.3276,45.0255],[9.3423,45.0368],[9.3454,45.0383],[9.3489,45.0381],[9.3639,45.0429],[9.3647,45.045],[9.3627,45.0466],[9.3708,45.0482],[9.3756,45.0404],[9.3735,45.037],[9.3694,45.0237]]]}},{"type":"Feature","properties":{"i":"018135","n":"San Genesio ed Uniti"},"geometry":{"type":"Polygon","coordinates":[[[9.2042,45.2505],[9.2078,45.2518],[9.2118,45.2519],[9.2126,45.2508],[9.2126,45.2456],[9.2072,45.2412],[9.2118,45.2324],[9.2128,45.2275],[9.2091,45.2242],[9.2097,45.2204],[9.2094,45.2182],[9.2087,45.2178],[9.2079,45.2176],[9.2046,45.2208],[9.2028,45.2236],[9.1901,45.2289],[9.1786,45.2289],[9.1631,45.2325],[9.1589,45.232],[9.1589,45.2342],[9.1638,45.2429],[9.1736,45.2481],[9.1846,45.247],[9.1913,45.2485],[9.193,45.2502],[9.1983,45.2522],[9.2042,45.2505]]]}},{"type":"Feature","properties":{"i":"018136","n":"San Giorgio di Lomellina"},"geometry":{"type":"Polygon","coordinates":[[[8.8229,45.1974],[8.8227,45.1915],[8.8187,45.1786],[8.8116,45.1711],[8.8093,45.167],[8.8058,45.1566],[8.8028,45.1541],[8.7963,45.1567],[8.7916,45.1493],[8.7906,45.1442],[8.7871,45.1459],[8.7783,45.1481],[8.7701,45.1492],[8.7666,45.1483],[8.7635,45.1461],[8.7604,45.1463],[8.7584,45.1478],[8.7612,45.1505],[8.7621,45.1527],[8.7615,45.1542],[8.7527,45.1604],[8.7373,45.169],[8.7367,45.1702],[8.7394,45.175],[8.7444,45.1776],[8.7462,45.1819],[8.7577,45.1842],[8.7665,45.1834],[8.7743,45.1845],[8.7785,45.1883],[8.7826,45.1981],[8.7867,45.1994],[8.798,45.2],[8.7991,45.203],[8.7988,45.205],[8.8102,45.2014],[8.8174,45.2026],[8.8228,45.1997],[8.8233,45.1991],[8.8229,45.1974]]]}},{"type":"Feature","properties":{"i":"018137","n":"San Martino Siccomario"},"geometry":{"type":"Polygon","coordinates":[[[9.1425,45.1652],[9.1404,45.1618],[9.147,45.1576],[9.1478,45.1552],[9.1471,45.1506],[9.1449,45.1482],[9.1387,45.1461],[9.1362,45.1428],[9.1372,45.1408],[9.1278,45.1375],[9.123,45.1371],[9.1008,45.1536],[9.0924,45.1548],[9.0867,45.1518],[9.0809,45.1553],[9.0802,45.1577],[9.0808,45.1591],[9.1023,45.1772],[9.1103,45.1821],[9.111,45.1772],[9.1131,45.1754],[9.1256,45.1731],[9.1309,45.1742],[9.1395,45.1739],[9.1414,45.1718],[9.1395,45.1695],[9.1365,45.168],[9.1366,45.167],[9.1378,45.1658],[9.1425,45.1652]]]}},{"type":"Feature","properties":{"i":"018138","n":"Sannazzaro de' Burgondi"},"geometry":{"type":"Polygon","coordinates":[[[8.9279,45.1224],[8.9347,45.1206],[8.9392,45.1072],[8.9419,45.1037],[8.9498,45.1015],[8.9535,45.0973],[8.9538,45.0936],[8.9508,45.0897],[8.9482,45.0838],[8.953,45.0731],[8.9521,45.0722],[8.9501,45.0732],[8.9465,45.0781],[8.9476,45.0807],[8.9441,45.085],[8.9361,45.0922],[8.9313,45.0947],[8.9291,45.095],[8.9261,45.0939],[8.9241,45.0914],[8.925,45.0867],[8.9221,45.0853],[8.9217,45.0829],[8.9224,45.0821],[8.9311,45.08],[8.9389,45.0808],[8.9422,45.0714],[8.9384,45.0689],[8.936,45.0693],[8.9324,45.0674],[8.9311,45.0657],[8.9263,45.0671],[8.9228,45.0669],[8.9193,45.0683],[8.9165,45.0721],[8.9155,45.0769],[8.916,45.0824],[8.9148,45.0855],[8.9062,45.0871],[8.9006,45.0856],[8.8953,45.0819],[8.8913,45.0755],[8.8854,45.0708],[8.8818,45.0714],[8.8843,45.0781],[8.8819,45.0802],[8.8759,45.1011],[8.8797,45.1074],[8.8795,45.1185],[8.8924,45.1165],[8.9079,45.1194],[8.9125,45.1215],[8.9193,45.1222],[8.9233,45.1215],[8.9279,45.1224]]]}},{"type":"Feature","properties":{"i":"018139","n":"Santa Cristina e Bissone"},"geometry":{"type":"Polygon","coordinates":[[[9.4174,45.1805],[9.4215,45.1821],[9.4261,45.1697],[9.4313,45.1601],[9.4371,45.1603],[9.4382,45.157],[9.4445,45.1586],[9.4474,45.158],[9.4527,45.1543],[9.4644,45.1418],[9.4555,45.1374],[9.4482,45.1305],[9.435,45.1276],[9.4343,45.1268],[9.4235,45.1238],[9.4199,45.1252],[9.4171,45.129],[9.4134,45.1443],[9.4135,45.147],[9.4108,45.1503],[9.4073,45.1518],[9.4041,45.1521],[9.4026,45.1516],[9.3975,45.1471],[9.3897,45.1487],[9.3853,45.1574],[9.3825,45.1691],[9.3856,45.1744],[9.3853,45.1767],[9.3836,45.1793],[9.3841,45.1835],[9.3986,45.1855],[9.4074,45.1855],[9.41,45.1839],[9.4124,45.1805],[9.4174,45.1805]]]}},{"type":"Feature","properties":{"i":"018140","n":"Santa Giuletta"},"geometry":{"type":"Polygon","coordinates":[[[9.1952,45.0577],[9.1967,45.0526],[9.1956,45.0422],[9.196,45.0389],[9.2016,45.0296],[9.2128,45.029],[9.215,45.0212],[9.2024,45.0193],[9.1922,45.0163],[9.1867,45.0164],[9.186,45.019],[9.1786,45.0242],[9.1732,45.026],[9.1625,45.0362],[9.1679,45.0516],[9.1722,45.0593],[9.1787,45.057],[9.1911,45.0583],[9.1952,45.0577]]]}},{"type":"Feature","properties":{"i":"018141","n":"Sant'Alessio con Vialone"},"geometry":{"type":"Polygon","coordinates":[[[9.2267,45.2366],[9.2276,45.2324],[9.2307,45.2303],[9.236,45.2294],[9.2449,45.2314],[9.2496,45.2306],[9.2505,45.2288],[9.25,45.2205],[9.2402,45.2133],[9.229,45.2104],[9.2198,45.215],[9.2148,45.2151],[9.2097,45.2204],[9.2091,45.2242],[9.2128,45.2275],[9.2118,45.2324],[9.209,45.2374],[9.2115,45.2387],[9.2205,45.2386],[9.2267,45.2366]]]}},{"type":"Feature","properties":{"i":"018142","n":"Santa Margherita di Staffora"},"geometry":{"type":"Polygon","coordinates":[[[9.287,44.7725],[9.2847,44.7671],[9.2859,44.7594],[9.2826,44.7618],[9.2783,44.7629],[9.2662,44.7635],[9.2648,44.7611],[9.2652,44.7583],[9.2644,44.7553],[9.2592,44.7482],[9.2454,44.7412],[9.2375,44.7401],[9.2361,44.7295],[9.233,44.724],[9.2359,44.7128],[9.233,44.7076],[9.2323,44.7033],[9.2347,44.6983],[9.2421,44.6875],[9.2371,44.6851],[9.2238,44.6834],[9.2168,44.6835],[9.2003,44.6864],[9.2064,44.6991],[9.2072,44.7055],[9.2054,44.7095],[9.2028,44.7221],[9.2038,44.7247],[9.211,44.7345],[9.214,44.7455],[9.2136,44.7523],[9.2101,44.7599],[9.2097,44.7625],[9.2101,44.7731],[9.2114,44.7777],[9.2233,44.7834],[9.2352,44.7879],[9.2368,44.7895],[9.2424,44.7839],[9.2464,44.7819],[9.2634,44.7838],[9.2786,44.7785],[9.287,44.7725]]]}},{"type":"Feature","properties":{"i":"018143","n":"Santa Maria della Versa"},"geometry":{"type":"MultiPolygon","coordinates":[[[[9.2984,44.973],[9.2978,44.9706],[9.2926,44.9707],[9.2878,44.9721],[9.2867,44.9733],[9.2869,44.9761],[9.2984,44.973]]],[[[9.2943,45.0115],[9.3057,45.0068],[9.3157,45.0051],[9.3213,45.0053],[9.3202,45.0001],[9.3246,44.9945],[9.3399,44.9953],[9.3474,44.9971],[9.3437,44.9925],[9.3392,44.9806],[9.3374,44.9794],[9.3363,44.9773],[9.3352,44.9729],[9.3352,44.9686],[9.3375,44.9654],[9.335,44.9631],[9.3276,44.9591],[9.3246,44.956],[9.3157,44.9652],[9.2989,44.9735],[9.2994,44.9785],[9.2989,44.9816],[9.288,44.9849],[9.288,44.9863],[9.2898,44.9889],[9.2915,44.9898],[9.2894,44.9971],[9.2847,44.9959],[9.2746,44.9978],[9.2707,44.9991],[9.2708,45.0014],[9.2678,45.0021],[9.2635,45.0019],[9.2593,45.0048],[9.2658,45.0069],[9.2754,45.0152],[9.2756,45.0115],[9.283,45.0084],[9.2884,45.0093],[9.2943,45.0115]]]]}},{"type":"Feature","properties":{"i":"018144","n":"Sant'Angelo Lomellina"},"geometry":{"type":"Polygon","coordinates":[[[8.6589,45.2637],[8.6587,45.2612],[8.6548,45.2558],[8.6574,45.2432],[8.6645,45.2277],[8.6596,45.2214],[8.6511,45.2156],[8.6363,45.2232],[8.6287,45.2222],[8.6292,45.2264],[8.6278,45.2288],[8.6264,45.2285],[8.6252,45.2359],[8.6269,45.2434],[8.6332,45.2517],[8.642,45.2599],[8.6475,45.2632],[8.6589,45.2637]]]}},{"type":"Feature","properties":{"i":"018145","n":"San Zenone al Po"},"geometry":{"type":"Polygon","coordinates":[[[9.3874,45.1195],[9.3853,45.1094],[9.3868,45.1047],[9.3863,45.0997],[9.3843,45.0963],[9.3536,45.1024],[9.3549,45.1114],[9.3607,45.1314],[9.3671,45.1294],[9.3705,45.1268],[9.3792,45.1224],[9.3856,45.1217],[9.3874,45.1195]]]}},{"type":"Feature","properties":{"i":"018146","n":"Sartirana Lomellina"},"geometry":{"type":"Polygon","coordinates":[[[8.7009,45.1344],[8.7037,45.1325],[8.7076,45.1282],[8.7065,45.1267],[8.7116,45.1245],[8.7081,45.1184],[8.7037,45.1181],[8.699,45.1128],[8.6961,45.1047],[8.6965,45.1021],[8.6925,45.096],[8.6886,45.0982],[8.6827,45.0906],[8.674,45.0827],[8.6663,45.0792],[8.6649,45.0773],[8.6623,45.0757],[8.6554,45.0743],[8.6489,45.0742],[8.6397,45.0775],[8.6366,45.0838],[8.6303,45.0882],[8.6263,45.0885],[8.6219,45.0909],[8.6237,45.095],[8.6234,45.0983],[8.6135,45.1024],[8.6213,45.1069],[8.6308,45.1108],[8.6365,45.1101],[8.6472,45.1114],[8.6489,45.1123],[8.65,45.1149],[8.6483,45.1177],[8.6467,45.1181],[8.6472,45.1253],[8.6537,45.1339],[8.6568,45.1366],[8.6672,45.1371],[8.6755,45.1364],[8.6849,45.1342],[8.7009,45.1344]]]}},{"type":"Feature","properties":{"i":"018147","n":"Scaldasole"},"geometry":{"type":"Polygon","coordinates":[[[8.9279,45.1224],[8.9233,45.1215],[8.9193,45.1222],[8.9125,45.1215],[8.9079,45.1194],[8.8917,45.1166],[8.885,45.1178],[8.875,45.1248],[8.8675,45.1266],[8.8682,45.1299],[8.8746,45.1339],[8.8816,45.1418],[8.9095,45.1468],[8.9183,45.1445],[8.9277,45.138],[8.9341,45.1312],[8.9353,45.1292],[8.9317,45.1242],[8.9279,45.1224]]]}},{"type":"Feature","properties":{"i":"018148","n":"Semiana"},"geometry":{"type":"Polygon","coordinates":[[[8.7227,45.1591],[8.7444,45.145],[8.7502,45.1371],[8.7546,45.1275],[8.7465,45.1289],[8.7408,45.1287],[8.7396,45.1273],[8.7389,45.1222],[8.7263,45.1234],[8.7142,45.1266],[8.7125,45.1262],[8.7116,45.1245],[8.7065,45.1267],[8.7076,45.1282],[8.7037,45.1325],[8.7009,45.1344],[8.7045,45.1425],[8.7076,45.1458],[8.7123,45.147],[8.7157,45.1457],[8.7194,45.1472],[8.7204,45.1485],[8.7198,45.1515],[8.7161,45.1562],[8.72,45.1588],[8.7227,45.1591]]]}},{"type":"Feature","properties":{"i":"018149","n":"Silvano Pietra"},"geometry":{"type":"MultiPolygon","coordinates":[[[[8.9716,45.0472],[8.9711,45.0345],[8.9692,45.0324],[8.9504,45.0249],[8.9457,45.0239],[8.9263,45.0261],[8.9246,45.0271],[8.9233,45.0299],[8.9228,45.0329],[8.9234,45.0333],[8.9311,45.0354],[8.9335,45.0352],[8.9353,45.0363],[8.9346,45.0419],[8.9301,45.0438],[8.9346,45.0458],[8.9378,45.0495],[8.9341,45.0524],[8.9304,45.0574],[8.9329,45.0624],[8.9311,45.0657],[8.9324,45.0674],[8.936,45.0693],[8.9391,45.0693],[8.9421,45.0712],[8.942,45.0724],[8.9432,45.073],[8.9469,45.0714],[8.9482,45.07],[8.9475,45.0681],[8.9417,45.0647],[8.9447,45.0612],[8.9479,45.0598],[8.9515,45.061],[8.959,45.0615],[8.9661,45.0595],[8.9698,45.0573],[8.9715,45.0552],[8.9716,45.0472]]],[[[8.9389,45.0808],[8.9298,45.0803],[8.9224,45.0821],[8.9218,45.0847],[8.9241,45.0865],[8.928,45.0875],[8.9317,45.0904],[8.937,45.0863],[8.9389,45.0808]]]]}},{"type":"Feature","properties":{"i":"018150","n":"Siziano"},"geometry":{"type":"Polygon","coordinates":[[[9.2295,45.3334],[9.2315,45.3336],[9.2374,45.3284],[9.2396,45.3279],[9.2469,45.3241],[9.2479,45.3209],[9.2448,45.3186],[9.24,45.3175],[9.2266,45.3207],[9.223,45.3198],[9.2187,45.3092],[9.2209,45.302],[9.2145,45.2988],[9.2153,45.29],[9.219,45.2883],[9.2163,45.2855],[9.2144,45.285],[9.2107,45.2857],[9.2056,45.2896],[9.1955,45.2936],[9.1886,45.301],[9.1821,45.3107],[9.1869,45.312],[9.1966,45.317],[9.2006,45.3254],[9.2017,45.3348],[9.2085,45.3327],[9.2192,45.3259],[9.2249,45.326],[9.2272,45.3273],[9.2308,45.3312],[9.2295,45.3334]]]}},{"type":"Feature","properties":{"i":"018151","n":"Sommo"},"geometry":{"type":"Polygon","coordinates":[[[9.07,45.1501],[9.0719,45.1468],[9.0804,45.1435],[9.0916,45.1421],[9.1017,45.1309],[9.1094,45.1254],[9.1127,45.1218],[9.115,45.1161],[9.0948,45.1215],[9.0922,45.1173],[9.0923,45.112],[9.0903,45.1032],[9.0884,45.0992],[9.0811,45.096],[9.0658,45.1029],[9.0636,45.1079],[9.061,45.1098],[9.0553,45.1087],[9.0511,45.1148],[9.0596,45.1309],[9.066,45.1374],[9.0677,45.1401],[9.0686,45.1423],[9.0662,45.1497],[9.07,45.1501]]]}},{"type":"Feature","properties":{"i":"018152","n":"Spessa"},"geometry":{"type":"Polygon","coordinates":[[[9.3503,45.1332],[9.3605,45.1307],[9.3549,45.1114],[9.3536,45.1024],[9.3224,45.1049],[9.3065,45.104],[9.3004,45.1052],[9.3296,45.1404],[9.3368,45.1379],[9.3472,45.133],[9.3503,45.1332]]]}},{"type":"Feature","properties":{"i":"018153","n":"Stradella"},"geometry":{"type":"Polygon","coordinates":[[[9.3004,45.1052],[9.3036,45.1041],[9.3017,45.1013],[9.3011,45.0941],[9.3146,45.0862],[9.3193,45.0849],[9.3215,45.0872],[9.3298,45.0912],[9.3365,45.0894],[9.3346,45.0798],[9.3436,45.0718],[9.3447,45.0694],[9.3414,45.0695],[9.3393,45.0685],[9.3245,45.0594],[9.3189,45.0541],[9.3105,45.0572],[9.3076,45.0574],[9.3044,45.0575],[9.3037,45.0554],[9.3041,45.0534],[9.2916,45.0533],[9.2849,45.0556],[9.2847,45.0582],[9.2856,45.0586],[9.2785,45.0614],[9.2796,45.0639],[9.2776,45.0678],[9.279,45.0903],[9.2798,45.0936],[9.2816,45.0945],[9.2866,45.1001],[9.2971,45.1058],[9.3004,45.1052]]]}},{"type":"Feature","properties":{"i":"018154","n":"Suardi"},"geometry":{"type":"Polygon","coordinates":[[[8.7374,45.0462],[8.7471,45.0422],[8.7525,45.0334],[8.7543,45.0286],[8.7536,45.0246],[8.7579,45.0236],[8.7683,45.023],[8.7746,45.0242],[8.7775,45.0224],[8.7764,45.0187],[8.7787,45.0132],[8.7755,45.0082],[8.7717,45.0068],[8.7681,45.0069],[8.7667,45.0081],[8.767,45.0103],[8.7617,45.0121],[8.7479,45.0091],[8.7482,45.0132],[8.7541,45.0153],[8.7505,45.0207],[8.7438,45.0237],[8.728,45.0228],[8.7206,45.0268],[8.7139,45.037],[8.7114,45.0381],[8.7081,45.0382],[8.7075,45.0396],[8.7082,45.0428],[8.7161,45.0457],[8.7208,45.0441],[8.7299,45.043],[8.7374,45.0462]]]}},{"type":"Feature","properties":{"i":"018155","n":"Torrazza Coste"},"geometry":{"type":"Polygon","coordinates":[[[9.1058,44.9761],[9.1049,44.9667],[9.1078,44.9621],[9.1207,44.9604],[9.1271,44.9563],[9.1195,44.9471],[9.11,44.9434],[9.0978,44.9335],[9.0883,44.9296],[9.0838,44.9307],[9.0793,44.9384],[9.0846,44.94],[9.0823,44.9435],[9.0794,44.9516],[9.0814,44.9585],[9.0725,44.9653],[9.0685,44.9779],[9.0687,44.9897],[9.0718,44.9972],[9.077,44.9962],[9.0849,44.9891],[9.0924,44.9822],[9.0943,44.9765],[9.0997,44.9751],[9.1058,44.9761]]]}},{"type":"Feature","properties":{"i":"018156","n":"Torre Beretti e Castellaro"},"geometry":{"type":"Polygon","coordinates":[[[8.7296,45.0663],[8.7284,45.064],[8.7195,45.0583],[8.6998,45.0627],[8.6956,45.067],[8.6891,45.0683],[8.6863,45.0672],[8.6843,45.0651],[8.6835,45.0551],[8.6811,45.0541],[8.6754,45.0543],[8.6469,45.061],[8.6447,45.0609],[8.6373,45.0661],[8.646,45.0753],[8.6489,45.0742],[8.6607,45.0753],[8.6642,45.0767],[8.6663,45.0792],[8.674,45.0827],[8.6827,45.0906],[8.6886,45.0982],[8.6925,45.096],[8.692,45.0937],[8.7038,45.0883],[8.7096,45.0886],[8.7211,45.0848],[8.7219,45.0837],[8.7195,45.0758],[8.7296,45.0663]]]}},{"type":"Feature","properties":{"i":"018157","n":"Torre d'Arese"},"geometry":{"type":"Polygon","coordinates":[[[9.3104,45.249],[9.3224,45.2441],[9.329,45.244],[9.3303,45.2432],[9.3379,45.2355],[9.3368,45.2327],[9.3277,45.2288],[9.3226,45.2302],[9.3146,45.2281],[9.3114,45.2268],[9.3107,45.2252],[9.3022,45.2295],[9.3034,45.2305],[9.3054,45.2353],[9.3039,45.2449],[9.305,45.2494],[9.3067,45.25],[9.3104,45.249]]]}},{"type":"Feature","properties":{"i":"018158","n":"Torre de' Negri"},"geometry":{"type":"Polygon","coordinates":[[[9.3557,45.1443],[9.3502,45.133],[9.3472,45.133],[9.3368,45.1379],[9.3296,45.1404],[9.3336,45.1453],[9.3196,45.152],[9.3205,45.1558],[9.3246,45.1577],[9.3351,45.1582],[9.3464,45.1487],[9.3532,45.1448],[9.3557,45.1443]]]}},{"type":"Feature","properties":{"i":"018159","n":"Torre d'Isola"},"geometry":{"type":"Polygon","coordinates":[[[9.0543,45.2495],[9.0614,45.2468],[9.081,45.2366],[9.078,45.2317],[9.0894,45.2294],[9.0947,45.2267],[9.0903,45.2228],[9.0948,45.2196],[9.0973,45.2186],[9.0985,45.2194],[9.1086,45.2111],[9.1089,45.2097],[9.0981,45.1997],[9.0966,45.202],[9.0939,45.2028],[9.086,45.2013],[9.0849,45.1996],[9.086,45.1946],[9.0828,45.1901],[9.08,45.1897],[9.0765,45.1912],[9.076,45.1925],[9.0773,45.2061],[9.0761,45.2094],[9.0728,45.2111],[9.0614,45.2133],[9.0594,45.2155],[9.0573,45.2201],[9.0408,45.223],[9.0397,45.229],[9.0413,45.2384],[9.0394,45.2399],[9.035,45.2481],[9.0414,45.2527],[9.0543,45.2495]]]}},{"type":"Feature","properties":{"i":"018160","n":"Torrevecchia Pia"},"geometry":{"type":"Polygon","coordinates":[[[9.3344,45.27],[9.325,45.2688],[9.3152,45.2596],[9.3013,45.2615],[9.2928,45.2642],[9.2793,45.2641],[9.28,45.2617],[9.2837,45.2582],[9.2826,45.2555],[9.2772,45.253],[9.2743,45.2562],[9.2678,45.2551],[9.2671,45.2617],[9.2639,45.2646],[9.2567,45.2759],[9.2637,45.2808],[9.2621,45.2855],[9.2661,45.2857],[9.27,45.2838],[9.2745,45.2833],[9.288,45.2979],[9.291,45.3045],[9.2936,45.3062],[9.2958,45.3039],[9.2981,45.2977],[9.2994,45.2965],[9.302,45.2945],[9.3062,45.2932],[9.3181,45.2842],[9.3261,45.2792],[9.3298,45.2761],[9.3344,45.27]]]}},{"type":"Feature","properties":{"i":"018161","n":"Torricella Verzate"},"geometry":{"type":"Polygon","coordinates":[[[9.1867,45.0164],[9.1816,45.0099],[9.1709,45.0112],[9.1681,45.0156],[9.1622,45.0186],[9.1588,45.0214],[9.1564,45.0269],[9.1569,45.0331],[9.163,45.0382],[9.1625,45.0362],[9.163,45.0351],[9.1696,45.0289],[9.1732,45.026],[9.1786,45.0242],[9.186,45.019],[9.1867,45.0164]]]}},{"type":"Feature","properties":{"i":"018162","n":"Travacò Siccomario"},"geometry":{"type":"Polygon","coordinates":[[[9.2139,45.1564],[9.2125,45.1563],[9.2121,45.1548],[9.2165,45.1463],[9.2227,45.1406],[9.2061,45.1363],[9.1955,45.1382],[9.1972,45.1403],[9.202,45.1405],[9.2,45.1433],[9.1978,45.1444],[9.1921,45.1449],[9.178,45.1437],[9.155,45.1237],[9.1523,45.1224],[9.1523,45.1275],[9.1483,45.1273],[9.1441,45.1296],[9.1419,45.1355],[9.1421,45.1385],[9.1369,45.141],[9.1362,45.1428],[9.1387,45.1461],[9.1449,45.1482],[9.1471,45.1506],[9.1478,45.1552],[9.147,45.1576],[9.1411,45.1609],[9.1406,45.1631],[9.1425,45.1652],[9.1488,45.1649],[9.1556,45.1684],[9.154,45.1708],[9.1548,45.1725],[9.1562,45.173],[9.1646,45.1716],[9.1675,45.1692],[9.17,45.1652],[9.1749,45.1596],[9.1788,45.1578],[9.1854,45.1575],[9.193,45.1615],[9.2056,45.1623],[9.2102,45.1606],[9.2139,45.1564]]]}},{"type":"Feature","properties":{"i":"018163","n":"Trivolzio"},"geometry":{"type":"Polygon","coordinates":[[[9.0466,45.2723],[9.0479,45.2684],[9.0541,45.2669],[9.0602,45.2635],[9.0584,45.2582],[9.0591,45.2565],[9.0599,45.2564],[9.0613,45.252],[9.0591,45.2496],[9.0543,45.2495],[9.0414,45.2527],[9.0386,45.2539],[9.0373,45.2553],[9.0383,45.2574],[9.0377,45.2625],[9.0322,45.2695],[9.0337,45.2734],[9.0466,45.2723]]]}},{"type":"Feature","properties":{"i":"018164","n":"Tromello"},"geometry":{"type":"Polygon","coordinates":[[[8.9014,45.2194],[8.8972,45.2183],[8.8967,45.2073],[8.8928,45.1995],[8.8767,45.1852],[8.8774,45.1813],[8.8693,45.1811],[8.8678,45.1745],[8.868,45.171],[8.8582,45.1721],[8.8588,45.175],[8.8536,45.1756],[8.8379,45.1828],[8.8229,45.1974],[8.8233,45.1991],[8.8206,45.2013],[8.8174,45.2026],[8.8102,45.2014],[8.7988,45.205],[8.7989,45.2159],[8.8027,45.2148],[8.8031,45.2169],[8.8024,45.2209],[8.804,45.2303],[8.8076,45.2289],[8.8229,45.2272],[8.846,45.2319],[8.8587,45.2322],[8.8626,45.2299],[8.8683,45.2309],[8.8712,45.234],[8.8778,45.2375],[8.887,45.2279],[8.8883,45.2305],[8.8937,45.2323],[8.8998,45.2258],[8.9021,45.2254],[8.9014,45.2194]]]}},{"type":"Feature","properties":{"i":"018165","n":"Trovo"},"geometry":{"type":"Polygon","coordinates":[[[9.0643,45.3049],[9.0609,45.3024],[9.0639,45.294],[9.0596,45.2939],[9.0607,45.2893],[9.0626,45.2857],[9.06,45.2852],[9.0532,45.2858],[9.0431,45.2842],[9.0469,45.2723],[9.0337,45.2734],[9.0235,45.2708],[9.0163,45.2739],[9.0151,45.2759],[9.0301,45.2965],[9.0364,45.3013],[9.0643,45.3049]]]}},{"type":"Feature","properties":{"i":"018166","n":"Val di Nizza"},"geometry":{"type":"Polygon","coordinates":[[[9.2094,44.8982],[9.2127,44.8969],[9.214,44.8955],[9.2149,44.8836],[9.2129,44.8778],[9.2134,44.8693],[9.2148,44.8606],[9.2189,44.8494],[9.2155,44.845],[9.2117,44.8418],[9.2051,44.8392],[9.2004,44.8383],[9.1882,44.8408],[9.1839,44.8425],[9.1837,44.8473],[9.1895,44.8529],[9.1888,44.8559],[9.1761,44.8546],[9.1651,44.8505],[9.1624,44.8525],[9.1608,44.8572],[9.1523,44.8576],[9.1455,44.8638],[9.1375,44.8748],[9.1533,44.8892],[9.1543,44.8918],[9.1622,44.8907],[9.1666,44.8925],[9.1774,44.9013],[9.1846,44.9031],[9.2052,44.9005],[9.2094,44.8982]]]}},{"type":"Feature","properties":{"i":"018167","n":"Valeggio"},"geometry":{"type":"Polygon","coordinates":[[[8.8957,45.1498],[8.8964,45.1448],[8.8816,45.1418],[8.8746,45.1339],[8.8682,45.1299],[8.8675,45.1266],[8.8603,45.1308],[8.8571,45.1311],[8.8512,45.129],[8.8551,45.1455],[8.8513,45.1551],[8.8519,45.1607],[8.8536,45.1652],[8.8569,45.1673],[8.8582,45.1721],[8.868,45.171],[8.8672,45.1658],[8.871,45.1657],[8.8744,45.1642],[8.8804,45.1602],[8.8855,45.1548],[8.8911,45.151],[8.8928,45.1499],[8.8957,45.1498]]]}},{"type":"Feature","properties":{"i":"018168","n":"Valle Lomellina"},"geometry":{"type":"Polygon","coordinates":[[[8.6457,45.1793],[8.6542,45.1762],[8.6679,45.173],[8.6871,45.1707],[8.7008,45.1758],[8.711,45.1751],[8.71,45.1741],[8.7103,45.1728],[8.7155,45.1702],[8.7124,45.167],[8.7113,45.1619],[8.7145,45.1603],[8.7209,45.1612],[8.7227,45.1591],[8.72,45.1588],[8.7161,45.1562],[8.7198,45.1515],[8.7204,45.1485],[8.7194,45.1472],[8.7157,45.1457],[8.7123,45.147],[8.7076,45.1458],[8.7045,45.1425],[8.7009,45.1344],[8.6849,45.1342],[8.6755,45.1364],[8.6672,45.1371],[8.6566,45.1365],[8.6511,45.1375],[8.6473,45.1393],[8.6432,45.1452],[8.6377,45.149],[8.6294,45.1566],[8.6198,45.1564],[8.6163,45.1579],[8.6177,45.159],[8.6246,45.16],[8.6277,45.1646],[8.6263,45.1709],[8.6271,45.1765],[8.6333,45.1758],[8.6438,45.1769],[8.6457,45.1793]]]}},{"type":"Feature","properties":{"i":"018169","n":"Valle Salimbene"},"geometry":{"type":"Polygon","coordinates":[[[9.2535,45.1655],[9.2518,45.1606],[9.2402,45.1606],[9.2364,45.1557],[9.2274,45.1587],[9.2247,45.1557],[9.2234,45.1521],[9.2256,45.1507],[9.2265,45.1485],[9.2257,45.1461],[9.2216,45.1423],[9.2168,45.1459],[9.2121,45.1548],[9.2125,45.1563],[9.2147,45.1564],[9.2174,45.1586],[9.2145,45.1647],[9.2172,45.1703],[9.2256,45.175],[9.2308,45.1827],[9.2395,45.1822],[9.2469,45.175],[9.2575,45.1713],[9.2535,45.1655]]]}},{"type":"Feature","properties":{"i":"018171","n":"Varzi"},"geometry":{"type":"Polygon","coordinates":[[[9.2189,44.8494],[9.2201,44.8501],[9.2294,44.8474],[9.2325,44.8501],[9.233,44.8454],[9.2422,44.843],[9.2484,44.8447],[9.2526,44.8475],[9.2581,44.8477],[9.2742,44.8386],[9.2764,44.8363],[9.2766,44.8343],[9.2803,44.8287],[9.2868,44.8248],[9.27,44.8251],[9.2616,44.8221],[9.2313,44.8163],[9.2342,44.8079],[9.2373,44.8014],[9.2391,44.795],[9.2356,44.7906],[9.2368,44.7895],[9.2352,44.7879],[9.2233,44.7834],[9.2114,44.7777],[9.2101,44.7731],[9.2097,44.7625],[9.2101,44.7599],[9.2136,44.7523],[9.1942,44.7568],[9.1891,44.7594],[9.1717,44.7717],[9.1703,44.7764],[9.171,44.7799],[9.1738,44.7839],[9.1735,44.7961],[9.1653,44.8003],[9.1649,44.8021],[9.1597,44.8063],[9.1597,44.8133],[9.161,44.8147],[9.156,44.8154],[9.1549,44.8216],[9.1629,44.8243],[9.171,44.8223],[9.1767,44.822],[9.1763,44.8265],[9.1754,44.8278],[9.1725,44.8292],[9.1682,44.8299],[9.161,44.8295],[9.1557,44.831],[9.151,44.8382],[9.1504,44.8462],[9.1509,44.8479],[9.1624,44.8525],[9.1651,44.8505],[9.1761,44.8546],[9.1888,44.8559],[9.1895,44.8529],[9.1837,44.8473],[9.1839,44.8425],[9.1882,44.8408],[9.2004,44.8383],[9.2051,44.8392],[9.2117,44.8418],[9.2155,44.845],[9.2189,44.8494]]]}},{"type":"Feature","properties":{"i":"018172","n":"Velezzo Lomellina"},"geometry":{"type":"Polygon","coordinates":[[[8.7394,45.175],[8.7366,45.1709],[8.7373,45.169],[8.7527,45.1604],[8.7612,45.1545],[8.7621,45.1527],[8.7612,45.1505],[8.7584,45.1478],[8.7593,45.1441],[8.757,45.1384],[8.7528,45.1354],[8.7504,45.1355],[8.7502,45.1371],[8.7444,45.145],[8.7227,45.1591],[8.7209,45.1612],[8.7141,45.1604],[8.711,45.1626],[8.7124,45.167],[8.7155,45.1702],[8.7241,45.1743],[8.7231,45.1787],[8.7207,45.1808],[8.7214,45.1811],[8.7281,45.1783],[8.7328,45.1787],[8.7394,45.175]]]}},{"type":"Feature","properties":{"i":"018173","n":"Vellezzo Bellini"},"geometry":{"type":"Polygon","coordinates":[[[9.1275,45.2771],[9.1262,45.274],[9.1217,45.2682],[9.1115,45.2662],[9.1077,45.2555],[9.1044,45.2539],[9.1008,45.2565],[9.0913,45.2598],[9.0879,45.2684],[9.0829,45.2685],[9.079,45.2797],[9.092,45.2812],[9.1101,45.2894],[9.1156,45.2941],[9.1223,45.2766],[9.1275,45.2771]]]}},{"type":"Feature","properties":{"i":"018174","n":"Verretto"},"geometry":{"type":"Polygon","coordinates":[[[9.1191,45.0403],[9.1198,45.0355],[9.1082,45.0347],[9.0973,45.0295],[9.0987,45.0479],[9.1079,45.0503],[9.1168,45.0486],[9.1193,45.0462],[9.1191,45.0403]]]}},{"type":"Feature","properties":{"i":"018175","n":"Verrua Po"},"geometry":{"type":"Polygon","coordinates":[[[9.2086,45.1119],[9.2018,45.1072],[9.1874,45.1079],[9.1803,45.1054],[9.1759,45.1008],[9.1756,45.0979],[9.1733,45.0938],[9.1686,45.0878],[9.1639,45.085],[9.1615,45.0845],[9.157,45.0844],[9.1539,45.0857],[9.1571,45.0919],[9.1565,45.0953],[9.1528,45.1005],[9.1584,45.1095],[9.1591,45.1138],[9.166,45.1334],[9.1744,45.1407],[9.1741,45.13],[9.1753,45.1291],[9.1867,45.1199],[9.1954,45.1213],[9.2016,45.1207],[9.2057,45.1191],[9.2078,45.1175],[9.2084,45.1159],[9.2086,45.1119]]]}},{"type":"Feature","properties":{"i":"018176","n":"Vidigulfo"},"geometry":{"type":"Polygon","coordinates":[[[9.24,45.3175],[9.2435,45.3104],[9.244,45.3053],[9.2472,45.3011],[9.2578,45.294],[9.2637,45.2871],[9.2661,45.2857],[9.2621,45.2855],[9.2637,45.2808],[9.2567,45.2759],[9.2639,45.2646],[9.2671,45.2617],[9.2678,45.2551],[9.2596,45.2526],[9.2572,45.2571],[9.2576,45.2585],[9.2587,45.2584],[9.259,45.2604],[9.2584,45.2635],[9.2566,45.2657],[9.2449,45.2709],[9.2411,45.2707],[9.2381,45.2754],[9.2356,45.2763],[9.2226,45.2765],[9.2134,45.2745],[9.2112,45.2811],[9.2049,45.2884],[9.2007,45.2913],[9.2056,45.2896],[9.2107,45.2857],[9.2144,45.285],[9.2163,45.2855],[9.219,45.2883],[9.2153,45.29],[9.2145,45.2988],[9.2209,45.302],[9.2187,45.3092],[9.223,45.3198],[9.2266,45.3207],[9.24,45.3175]]]}},{"type":"Feature","properties":{"i":"018177","n":"Vigevano"},"geometry":{"type":"Polygon","coordinates":[[[8.8664,45.3547],[8.8643,45.3529],[8.864,45.3512],[8.8659,45.3443],[8.8722,45.3423],[8.887,45.3399],[8.9104,45.3326],[8.911,45.331],[8.9069,45.3278],[8.9063,45.3264],[8.9112,45.3236],[8.9196,45.3205],[8.9235,45.3169],[8.9255,45.3169],[8.9286,45.3195],[8.9313,45.3199],[8.942,45.316],[8.9439,45.3136],[8.9446,45.2915],[8.9466,45.2891],[8.9501,45.2869],[8.9589,45.283],[8.9741,45.2736],[8.9827,45.2645],[8.9715,45.2629],[8.9676,45.2605],[8.9667,45.2618],[8.959,45.2671],[8.9418,45.2752],[8.938,45.2791],[8.9371,45.2815],[8.9352,45.2829],[8.9299,45.285],[8.9249,45.2856],[8.9176,45.277],[8.9143,45.2746],[8.905,45.2723],[8.8943,45.2715],[8.8912,45.274],[8.8873,45.2813],[8.88,45.2847],[8.8794,45.2821],[8.8679,45.2796],[8.8561,45.2806],[8.8532,45.2829],[8.8414,45.2826],[8.8355,45.278],[8.8239,45.28],[8.8133,45.2797],[8.8032,45.2775],[8.7928,45.294],[8.7934,45.2945],[8.7938,45.299],[8.7919,45.3041],[8.7876,45.3103],[8.7927,45.3132],[8.7921,45.3189],[8.789,45.3217],[8.7875,45.3253],[8.7889,45.3321],[8.7912,45.3355],[8.7961,45.3346],[8.8067,45.3343],[8.8096,45.337],[8.8116,45.3404],[8.8105,45.3454],[8.8233,45.345],[8.827,45.3455],[8.8444,45.3494],[8.8584,45.3542],[8.8664,45.3547]]]}},{"type":"Feature","properties":{"i":"018178","n":"Villa Biscossi"},"geometry":{"type":"Polygon","coordinates":[[[8.8001,45.0921],[8.8002,45.0872],[8.8041,45.0821],[8.7989,45.0768],[8.7935,45.0748],[8.7845,45.0744],[8.7797,45.075],[8.7803,45.0771],[8.776,45.0849],[8.7706,45.0877],[8.7699,45.0936],[8.7729,45.0977],[8.7853,45.0982],[8.8001,45.0921]]]}},{"type":"Feature","properties":{"i":"018179","n":"Villanova d'Ardenghi"},"geometry":{"type":"Polygon","coordinates":[[[9.0525,45.1712],[9.0533,45.1667],[9.0547,45.1652],[9.0558,45.1619],[9.0553,45.1561],[9.0547,45.1547],[9.0519,45.1535],[9.0504,45.1506],[9.0519,45.1463],[9.0441,45.1451],[9.0459,45.1473],[9.0459,45.151],[9.0302,45.1528],[9.0297,45.1619],[9.0288,45.1643],[9.0247,45.1677],[9.0211,45.1786],[9.0227,45.181],[9.0357,45.1797],[9.0406,45.1817],[9.0425,45.181],[9.046,45.1747],[9.0525,45.1712]]]}},{"type":"Feature","properties":{"i":"018180","n":"Villanterio"},"geometry":{"type":"Polygon","coordinates":[[[9.3637,45.2469],[9.3713,45.244],[9.3785,45.232],[9.3811,45.2302],[9.3852,45.2319],[9.3909,45.2317],[9.3919,45.227],[9.3872,45.2253],[9.3873,45.224],[9.3923,45.2186],[9.3976,45.2185],[9.401,45.2101],[9.3913,45.2064],[9.389,45.2114],[9.3842,45.2103],[9.3817,45.2077],[9.3699,45.2068],[9.365,45.2095],[9.3577,45.2098],[9.3479,45.2079],[9.3464,45.2049],[9.3434,45.2052],[9.3429,45.2074],[9.3439,45.2123],[9.3492,45.2144],[9.3414,45.2308],[9.3391,45.2331],[9.3368,45.2327],[9.3379,45.2355],[9.3303,45.2432],[9.329,45.244],[9.3224,45.2441],[9.3218,45.2455],[9.3279,45.2497],[9.3336,45.2466],[9.3502,45.2405],[9.358,45.2387],[9.3591,45.2402],[9.3593,45.2456],[9.3563,45.2474],[9.354,45.2465],[9.3514,45.2476],[9.3543,45.2498],[9.3637,45.2469]]]}},{"type":"Feature","properties":{"i":"018181","n":"Vistarino"},"geometry":{"type":"Polygon","coordinates":[[[9.3022,45.2295],[9.3107,45.2252],[9.3328,45.2085],[9.3324,45.2067],[9.3267,45.2063],[9.3155,45.203],[9.3156,45.2008],[9.3208,45.1923],[9.3216,45.1886],[9.3171,45.1889],[9.3111,45.1856],[9.3086,45.1865],[9.3029,45.1913],[9.3003,45.1924],[9.3017,45.1938],[9.3017,45.1961],[9.297,45.202],[9.2908,45.2079],[9.2917,45.2095],[9.2902,45.2172],[9.2841,45.2223],[9.2884,45.2299],[9.3022,45.2295]]]}},{"type":"Feature","properties":{"i":"018182","n":"Voghera"},"geometry":{"type":"Polygon","coordinates":[[[9.0542,45.0625],[9.0549,45.0511],[9.0544,45.0476],[9.0474,45.0428],[9.0431,45.0439],[9.0413,45.0454],[9.0398,45.0453],[9.0379,45.0416],[9.0354,45.031],[9.0682,45.0238],[9.07,45.0201],[9.0689,45.0189],[9.0674,45.0137],[9.067,45.0052],[9.0691,44.9994],[9.0686,44.9968],[9.0659,44.9926],[9.0573,44.9881],[9.0479,44.9859],[9.033,44.9749],[9.0314,44.9727],[9.017,44.9635],[9.0152,44.9588],[8.9872,44.9634],[8.9827,44.9647],[8.9781,44.9672],[8.9628,44.9832],[8.9606,44.9873],[8.9649,45.0014],[8.9699,45.0272],[8.9711,45.0345],[8.9716,45.0472],[8.9833,45.0457],[8.9822,45.0413],[8.9906,45.0401],[8.9933,45.0426],[8.9947,45.0421],[9.0009,45.0352],[9.0046,45.0362],[9.0104,45.0396],[9.0138,45.0423],[9.0169,45.0461],[9.0237,45.0576],[9.0248,45.0667],[9.0295,45.069],[9.0331,45.0618],[9.0395,45.0603],[9.0472,45.0606],[9.0542,45.0625]]]}},{"type":"Feature","properties":{"i":"018183","n":"Volpara"},"geometry":{"type":"Polygon","coordinates":[[[9.323,44.9497],[9.3215,44.944],[9.318,44.9402],[9.3145,44.9368],[9.3098,44.9354],[9.2989,44.9424],[9.2856,44.9489],[9.2837,44.9509],[9.2841,44.9525],[9.2872,44.9557],[9.3023,44.9534],[9.3056,44.9519],[9.3125,44.9505],[9.323,44.9497]]]}},{"type":"Feature","properties":{"i":"018184","n":"Zavattarello"},"geometry":{"type":"Polygon","coordinates":[[[9.2774,44.8956],[9.2823,44.8958],[9.2928,44.8903],[9.2901,44.8822],[9.3087,44.8759],[9.3131,44.8765],[9.3224,44.8797],[9.325,44.8771],[9.3265,44.8729],[9.3216,44.8732],[9.3143,44.8682],[9.3116,44.8642],[9.3127,44.8635],[9.3175,44.8634],[9.3185,44.8622],[9.3181,44.8611],[9.3103,44.8574],[9.292,44.8422],[9.2855,44.835],[9.285,44.8296],[9.2868,44.8248],[9.2803,44.8287],[9.2766,44.8343],[9.2764,44.8363],[9.2742,44.8386],[9.2581,44.8477],[9.2526,44.8475],[9.2484,44.8447],[9.2422,44.843],[9.233,44.8454],[9.2325,44.8469],[9.2325,44.8501],[9.2487,44.8601],[9.2528,44.8683],[9.2561,44.883],[9.2533,44.889],[9.2511,44.8889],[9.2485,44.8931],[9.2501,44.8995],[9.253,44.9021],[9.2589,44.9033],[9.2673,44.901],[9.2774,44.8956]]]}},{"type":"Feature","properties":{"i":"018185","n":"Zeccone"},"geometry":{"type":"Polygon","coordinates":[[[9.2042,45.2505],[9.1983,45.2522],[9.193,45.2502],[9.1913,45.2485],[9.1846,45.247],[9.1796,45.2471],[9.1736,45.2481],[9.1721,45.255],[9.1848,45.2712],[9.1964,45.273],[9.1999,45.2727],[9.2052,45.2671],[9.2068,45.2625],[9.2042,45.2505]]]}},{"type":"Feature","properties":{"i":"018186","n":"Zeme"},"geometry":{"type":"Polygon","coordinates":[[[8.688,45.2144],[8.692,45.2084],[8.6979,45.203],[8.7083,45.1952],[8.7149,45.1925],[8.72,45.1862],[8.7207,45.1808],[8.7231,45.1787],[8.7241,45.1743],[8.7155,45.1702],[8.7103,45.1728],[8.71,45.1741],[8.711,45.1751],[8.7008,45.1758],[8.6871,45.1707],[8.6679,45.173],[8.6554,45.1759],[8.6457,45.1793],[8.6473,45.1814],[8.6444,45.1924],[8.6365,45.1931],[8.6301,45.1972],[8.6347,45.2118],[8.6412,45.2155],[8.6511,45.2156],[8.6596,45.2214],[8.6683,45.214],[8.6707,45.2109],[8.6814,45.2102],[8.688,45.2144]]]}},{"type":"Feature","properties":{"i":"018187","n":"Zenevredo"},"geometry":{"type":"Polygon","coordinates":[[[9.3444,45.0494],[9.3341,45.0419],[9.3306,45.0416],[9.3204,45.0499],[9.3187,45.0536],[9.3245,45.0594],[9.3414,45.0695],[9.3557,45.0682],[9.3537,45.0656],[9.3553,45.0586],[9.3518,45.053],[9.348,45.0519],[9.3444,45.0494]]]}},{"type":"Feature","properties":{"i":"018188","n":"Zerbo"},"geometry":{"type":"Polygon","coordinates":[[[9.4136,45.1189],[9.4117,45.1161],[9.4111,45.1061],[9.4133,45.1024],[9.4215,45.099],[9.4204,45.0935],[9.3843,45.0963],[9.3863,45.0997],[9.3868,45.1047],[9.3853,45.1094],[9.3874,45.1195],[9.3968,45.1211],[9.4087,45.1201],[9.4136,45.1189]]]}},{"type":"Feature","properties":{"i":"018189","n":"Zerbolò"},"geometry":{"type":"Polygon","coordinates":[[[9.0408,45.223],[9.0573,45.2201],[9.0594,45.2155],[9.0614,45.2133],[9.0733,45.2109],[9.0761,45.2094],[9.0772,45.2071],[9.0761,45.192],[9.079,45.1899],[9.0743,45.1892],[9.0565,45.181],[9.0556,45.1745],[9.0525,45.1712],[9.0473,45.1737],[9.0452,45.1756],[9.0447,45.1761],[9.0454,45.1769],[9.0425,45.181],[9.0406,45.1817],[9.0375,45.18],[9.0358,45.181],[9.0339,45.1837],[9.0337,45.1863],[9.0342,45.1891],[9.0372,45.1902],[9.0371,45.1909],[9.0103,45.1922],[8.9971,45.1959],[8.99,45.2003],[8.9904,45.2071],[8.9885,45.2131],[8.9831,45.2114],[8.9724,45.2145],[8.9688,45.2211],[8.968,45.2266],[8.973,45.2306],[8.9684,45.2368],[8.9665,45.2378],[8.962,45.2378],[8.9602,45.2385],[8.9588,45.2407],[8.9582,45.2445],[8.9601,45.2471],[8.972,45.2518],[8.9821,45.2535],[8.9903,45.2504],[8.9944,45.246],[8.9958,45.2421],[9.0026,45.2351],[9.0147,45.2306],[9.0231,45.231],[9.026,45.2325],[9.0292,45.2324],[9.0339,45.2283],[9.0367,45.2229],[9.0408,45.223]]]}},{"type":"Feature","properties":{"i":"018190","n":"Zinasco"},"geometry":{"type":"Polygon","coordinates":[[[9.07,45.1501],[9.0662,45.1497],[9.0686,45.1423],[9.0677,45.1401],[9.066,45.1374],[9.0596,45.1309],[9.0511,45.1148],[9.0553,45.1087],[9.061,45.1098],[9.0636,45.1079],[9.0639,45.1068],[9.0574,45.1027],[9.0489,45.1011],[9.0473,45.1019],[9.0348,45.1141],[9.0307,45.1166],[9.0247,45.1177],[9.0214,45.1173],[9.0198,45.1166],[9.0187,45.1149],[9.0181,45.1122],[9.0188,45.1085],[9.0226,45.0992],[9.0286,45.0927],[9.0297,45.0894],[9.0238,45.0897],[9.0177,45.0889],[9.016,45.0864],[9.0171,45.0833],[9.0174,45.0775],[9.0125,45.074],[9.0085,45.0731],[9.0057,45.0738],[9.0033,45.0759],[9.0005,45.0835],[8.9919,45.086],[8.9953,45.0923],[8.9954,45.0979],[8.9945,45.1008],[8.9913,45.1032],[8.9894,45.1124],[8.9897,45.113],[8.9958,45.1142],[8.9964,45.1159],[8.9952,45.1176],[8.9906,45.1188],[8.9889,45.1199],[8.9889,45.1245],[8.9902,45.1278],[8.993,45.1309],[8.9962,45.1418],[9.0024,45.141],[9.0137,45.1414],[9.0191,45.1465],[9.0312,45.1486],[9.0302,45.1528],[9.0459,45.151],[9.0459,45.1473],[9.0441,45.1451],[9.0514,45.1459],[9.052,45.1472],[9.0508,45.15],[9.0658,45.1533],[9.0694,45.1528],[9.07,45.1501]]]}},{"type":"Feature","properties":{"i":"018191","n":"Cornale e Bastida"},"geometry":{"type":"MultiPolygon","coordinates":[[[[8.9087,45.0506],[8.9127,45.0472],[8.9193,45.0495],[8.925,45.0439],[8.9301,45.0438],[8.9346,45.0419],[8.9353,45.0363],[8.9335,45.0352],[8.9311,45.0354],[8.9228,45.0329],[8.9207,45.0352],[8.9059,45.0417],[8.9019,45.0447],[8.9002,45.0436],[8.8916,45.0513],[8.8934,45.0584],[8.8962,45.0537],[8.9087,45.0506]]],[[[8.9304,45.0574],[8.9262,45.0592],[8.932,45.0635],[8.9329,45.0624],[8.9304,45.0574]]],[[[8.928,45.0875],[8.925,45.0867],[8.9241,45.0914],[8.928,45.0875]]]]}},{"type":"Feature","properties":{"i":"018192","n":"Corteolona e Genzone"},"geometry":{"type":"Polygon","coordinates":[[[9.3704,45.184],[9.3853,45.1767],[9.3849,45.1725],[9.3825,45.1691],[9.3853,45.1574],[9.3897,45.1487],[9.39,45.1444],[9.3895,45.1434],[9.3729,45.1407],[9.3553,45.1435],[9.3567,45.1466],[9.359,45.1485],[9.3634,45.1476],[9.3654,45.1489],[9.3652,45.1504],[9.3574,45.1541],[9.3471,45.1667],[9.3433,45.1789],[9.3327,45.1819],[9.3318,45.1836],[9.3395,45.191],[9.3434,45.193],[9.3512,45.1902],[9.3527,45.1925],[9.3568,45.1935],[9.359,45.1921],[9.3608,45.1876],[9.366,45.1836],[9.3704,45.184]]]}},{"type":"Feature","properties":{"i":"018193","n":"Colli Verdi"},"geometry":{"type":"Polygon","coordinates":[[[9.3098,44.9354],[9.3054,44.9345],[9.2863,44.934],[9.285,44.9318],[9.2853,44.9302],[9.2907,44.9254],[9.293,44.9205],[9.2904,44.9143],[9.2841,44.9035],[9.2774,44.8956],[9.2673,44.901],[9.2589,44.9033],[9.253,44.9021],[9.2492,44.8979],[9.2485,44.8931],[9.2511,44.8889],[9.2533,44.889],[9.2561,44.883],[9.2528,44.8683],[9.2487,44.8601],[9.2325,44.8501],[9.2294,44.8474],[9.2201,44.8501],[9.2189,44.8494],[9.2148,44.8606],[9.2134,44.8693],[9.2129,44.8778],[9.2149,44.8836],[9.214,44.8955],[9.2093,44.8986],[9.2188,44.9115],[9.2297,44.9143],[9.2324,44.9167],[9.233,44.9183],[9.2308,44.9296],[9.2262,44.9425],[9.2264,44.944],[9.237,44.9457],[9.2525,44.9373],[9.2551,44.934],[9.2579,44.9323],[9.2689,44.9323],[9.2697,44.9326],[9.2662,44.9408],[9.2646,44.9469],[9.2693,44.9488],[9.274,44.9531],[9.2845,44.9527],[9.2838,44.9503],[9.2856,44.9489],[9.2989,44.9424],[9.3098,44.9354]]]}}]}
