{"type":"FeatureCollection","fonte":"Confini comunali ISTAT via openpolis/geojson-italy — CC BY 4.0","features":[{"type":"Feature","properties":{"i":"076001","n":"Abriola"},"geometry":{"type":"Polygon","coordinates":[[[15.853,40.5599],[15.8534,40.5524],[15.8572,40.546],[15.8634,40.5405],[15.8727,40.5348],[15.8658,40.5277],[15.8656,40.5194],[15.8669,40.5162],[15.8751,40.5094],[15.8754,40.508],[15.8725,40.5067],[15.8668,40.5061],[15.8649,40.5029],[15.8633,40.4962],[15.8545,40.4903],[15.8515,40.4904],[15.839,40.4874],[15.8136,40.4748],[15.8014,40.4715],[15.7965,40.471],[15.7788,40.4721],[15.7674,40.4737],[15.7632,40.4762],[15.7385,40.4862],[15.748,40.4968],[15.7488,40.4986],[15.7487,40.5007],[15.7233,40.5169],[15.7218,40.5257],[15.7177,40.5297],[15.7124,40.5399],[15.7115,40.5495],[15.7165,40.5555],[15.719,40.5576],[15.7268,40.5581],[15.7285,40.5589],[15.7288,40.56],[15.7305,40.5615],[15.7452,40.5668],[15.749,40.5638],[15.745,40.5563],[15.7508,40.5546],[15.7594,40.5551],[15.7649,40.5563],[15.7663,40.5583],[15.7664,40.5618],[15.7695,40.5616],[15.7765,40.558],[15.778,40.553],[15.7783,40.5482],[15.7812,40.545],[15.7911,40.5423],[15.7978,40.5434],[15.8088,40.5478],[15.8112,40.5506],[15.8129,40.5564],[15.8148,40.5578],[15.8164,40.5579],[15.8189,40.5563],[15.8246,40.5545],[15.8363,40.5523],[15.8404,40.5526],[15.8412,40.5542],[15.8451,40.5573],[15.853,40.5599]]]}},{"type":"Feature","properties":{"i":"076002","n":"Acerenza"},"geometry":{"type":"Polygon","coordinates":[[[15.9528,40.8464],[15.9682,40.8356],[15.9736,40.8305],[15.9921,40.82],[16.0108,40.8115],[16.0172,40.8063],[16.0261,40.805],[16.0492,40.7936],[16.0516,40.7912],[16.0508,40.7895],[16.038,40.786],[16.0168,40.7851],[15.9983,40.7871],[15.9857,40.7855],[15.9733,40.7811],[15.9678,40.7771],[15.9632,40.7693],[15.9641,40.7611],[15.9575,40.7558],[15.9541,40.7559],[15.9428,40.7596],[15.9189,40.7571],[15.9052,40.7654],[15.9056,40.7681],[15.9152,40.7723],[15.9166,40.7741],[15.9093,40.7807],[15.8967,40.7878],[15.8908,40.7901],[15.8917,40.7955],[15.8951,40.8063],[15.8938,40.8107],[15.8877,40.8122],[15.8768,40.8108],[15.8708,40.8114],[15.8576,40.8168],[15.8515,40.8216],[15.8591,40.8275],[15.863,40.8279],[15.8699,40.8247],[15.8776,40.8239],[15.8827,40.8249],[15.8882,40.8283],[15.8984,40.8297],[15.9028,40.8294],[15.9065,40.8267],[15.9145,40.8261],[15.9164,40.8266],[15.9232,40.8353],[15.9316,40.8421],[15.9402,40.8508],[15.9528,40.8464]]]}},{"type":"Feature","properties":{"i":"076003","n":"Albano di Lucania"},"geometry":{"type":"Polygon","coordinates":[[[16.0303,40.6328],[16.0365,40.6323],[16.049,40.6354],[16.0525,40.6289],[16.0629,40.623],[16.0658,40.6228],[16.0708,40.6206],[16.0786,40.604],[16.0819,40.6006],[16.098,40.5964],[16.1048,40.5918],[16.1148,40.5831],[16.121,40.5836],[16.1168,40.5775],[16.1158,40.5797],[16.1058,40.5795],[16.1004,40.5804],[16.0874,40.5829],[16.0815,40.586],[16.0778,40.5867],[16.0701,40.5752],[16.0686,40.5718],[16.0709,40.5619],[16.0674,40.5571],[16.0622,40.553],[16.0613,40.5531],[16.0582,40.5542],[16.057,40.5598],[16.0524,40.5663],[16.0489,40.5695],[16.0458,40.5705],[16.0201,40.5729],[16.0184,40.5752],[16.0178,40.5777],[16.0145,40.5804],[15.9994,40.5888],[15.9918,40.595],[15.9873,40.595],[15.9848,40.5965],[15.9857,40.6042],[15.984,40.6058],[15.9846,40.6113],[15.9838,40.6142],[15.9824,40.6158],[15.9807,40.6225],[15.98,40.6326],[15.9807,40.6396],[15.983,40.6464],[15.9812,40.6488],[15.9813,40.6502],[15.9844,40.6494],[15.9867,40.6478],[15.995,40.6396],[16.0051,40.6362],[16.0174,40.6339],[16.0303,40.6328]]]}},{"type":"Feature","properties":{"i":"076004","n":"Anzi"},"geometry":{"type":"Polygon","coordinates":[[[15.9394,40.5734],[15.944,40.5711],[15.948,40.5665],[15.9522,40.5597],[15.9591,40.5534],[15.966,40.5503],[15.9752,40.54],[15.9869,40.5313],[15.9906,40.5323],[15.9895,40.5288],[15.9833,40.5242],[15.9837,40.5211],[15.9795,40.521],[15.9736,40.5167],[15.9695,40.5026],[15.9668,40.4971],[15.9633,40.4941],[15.9565,40.4925],[15.9446,40.4908],[15.936,40.491],[15.9301,40.4899],[15.926,40.4878],[15.923,40.4847],[15.9197,40.4833],[15.9069,40.4916],[15.9009,40.4935],[15.8973,40.4936],[15.8969,40.4924],[15.8908,40.4901],[15.8812,40.4887],[15.8768,40.4893],[15.8752,40.4918],[15.874,40.4982],[15.8743,40.5018],[15.8754,40.5032],[15.8793,40.5048],[15.8812,40.5093],[15.8768,40.5107],[15.8751,40.5094],[15.8673,40.5157],[15.8656,40.5194],[15.8658,40.5277],[15.8727,40.5348],[15.8593,40.5436],[15.8534,40.5524],[15.853,40.5599],[15.8582,40.5649],[15.8602,40.5756],[15.8624,40.5794],[15.8641,40.5851],[15.8731,40.5819],[15.8783,40.582],[15.8818,40.5737],[15.8901,40.5687],[15.9017,40.5641],[15.9063,40.5602],[15.9198,40.5523],[15.9311,40.5629],[15.9371,40.5695],[15.9394,40.5734]]]}},{"type":"Feature","properties":{"i":"076005","n":"Armento"},"geometry":{"type":"Polygon","coordinates":[[[16.1234,40.3193],[16.1191,40.3173],[16.114,40.3119],[16.1075,40.3028],[16.1078,40.295],[16.1129,40.2843],[16.1172,40.2721],[16.1175,40.2694],[16.116,40.2628],[16.1128,40.2631],[16.1057,40.2595],[16.0925,40.2565],[16.0878,40.2564],[16.0744,40.2587],[16.0638,40.2634],[16.0527,40.2713],[16.0504,40.2717],[16.0473,40.2707],[16.0442,40.2722],[16.0437,40.2761],[16.0449,40.2781],[16.0441,40.2851],[16.0396,40.2919],[16.0332,40.2947],[16.0303,40.3007],[16.0292,40.3161],[16.0319,40.324],[16.0218,40.3262],[16.0186,40.3329],[16.021,40.3362],[16.0216,40.3388],[16.0193,40.3449],[16.0297,40.3506],[16.0328,40.3512],[16.0373,40.3533],[16.0576,40.3543],[16.0483,40.3467],[16.0476,40.3437],[16.0607,40.3457],[16.0658,40.3419],[16.0707,40.3344],[16.0729,40.3332],[16.0802,40.3314],[16.0894,40.3306],[16.1071,40.3272],[16.1115,40.3252],[16.1143,40.3228],[16.1234,40.3193]]]}},{"type":"Feature","properties":{"i":"076006","n":"Atella"},"geometry":{"type":"MultiPolygon","coordinates":[[[[15.7049,40.7688],[15.6912,40.7687],[15.6865,40.7697],[15.6734,40.7777],[15.6666,40.7833],[15.6666,40.7858],[15.6615,40.7945],[15.6601,40.8001],[15.6605,40.8027],[15.6754,40.8039],[15.678,40.7973],[15.6822,40.782],[15.6904,40.7804],[15.6981,40.7778],[15.7025,40.7736],[15.7049,40.7688]]],[[[15.6705,40.8182],[15.6696,40.8215],[15.6744,40.8224],[15.6743,40.8201],[15.6705,40.8182]]],[[[15.6621,40.8387],[15.6613,40.8374],[15.654,40.8363],[15.6527,40.8379],[15.6616,40.8437],[15.6621,40.8387]]],[[[15.5938,40.8574],[15.5954,40.8606],[15.6001,40.862],[15.5984,40.8572],[15.5938,40.8574]]],[[[15.6999,40.8943],[15.7022,40.8946],[15.7075,40.8931],[15.7122,40.8908],[15.7178,40.8841],[15.7105,40.883],[15.7037,40.88],[15.701,40.8757],[15.6847,40.8582],[15.683,40.8549],[15.6814,40.8455],[15.6809,40.8376],[15.6815,40.8331],[15.68,40.8334],[15.6716,40.8296],[15.6624,40.8327],[15.6619,40.8341],[15.663,40.8395],[15.6649,40.8391],[15.6666,40.84],[15.6665,40.8412],[15.6634,40.8449],[15.6562,40.8448],[15.6538,40.8407],[15.6459,40.8396],[15.6413,40.841],[15.6363,40.8455],[15.628,40.8441],[15.6229,40.8365],[15.6126,40.8306],[15.6093,40.832],[15.6034,40.8367],[15.6021,40.839],[15.6016,40.8449],[15.6037,40.8511],[15.606,40.8549],[15.6099,40.858],[15.6139,40.8643],[15.6161,40.8728],[15.616,40.8774],[15.6141,40.8783],[15.6113,40.8758],[15.6052,40.8739],[15.6016,40.874],[15.596,40.8728],[15.5934,40.8732],[15.5841,40.8673],[15.5772,40.8597],[15.559,40.8689],[15.5532,40.8767],[15.5595,40.8808],[15.5576,40.8837],[15.5462,40.8939],[15.5363,40.9063],[15.5356,40.912],[15.5381,40.9152],[15.5381,40.9174],[15.5372,40.9187],[15.5349,40.9197],[15.5443,40.9188],[15.5549,40.914],[15.5602,40.9101],[15.5643,40.909],[15.5748,40.9087],[15.5875,40.9098],[15.6018,40.9201],[15.6089,40.9277],[15.6098,40.9323],[15.6091,40.9329],[15.6093,40.9338],[15.614,40.9391],[15.6236,40.9443],[15.6395,40.9489],[15.6425,40.9491],[15.6499,40.9458],[15.6531,40.9427],[15.6554,40.9372],[15.6529,40.933],[15.6454,40.9266],[15.6321,40.9214],[15.624,40.9195],[15.6196,40.9197],[15.6174,40.9225],[15.6163,40.9226],[15.6104,40.914],[15.6101,40.9088],[15.6141,40.9065],[15.624,40.9065],[15.6268,40.9033],[15.6383,40.8986],[15.6519,40.9016],[15.6668,40.8934],[15.6695,40.8879],[15.6695,40.8814],[15.6789,40.8843],[15.6861,40.8798],[15.6909,40.8831],[15.6998,40.8927],[15.6999,40.8943]]]]}},{"type":"Feature","properties":{"i":"076007","n":"Avigliano"},"geometry":{"type":"Polygon","coordinates":[[[15.8266,40.8136],[15.8174,40.8108],[15.8158,40.8096],[15.8169,40.8057],[15.8211,40.7974],[15.8209,40.7948],[15.8179,40.7909],[15.8165,40.7897],[15.8119,40.7897],[15.8099,40.7889],[15.8054,40.7857],[15.8029,40.7825],[15.8031,40.7813],[15.7928,40.7748],[15.7919,40.7701],[15.7949,40.7633],[15.7952,40.7473],[15.7942,40.7441],[15.7916,40.7407],[15.7985,40.7386],[15.8016,40.7392],[15.8042,40.7359],[15.8032,40.7331],[15.8014,40.7315],[15.7869,40.7332],[15.7839,40.7346],[15.7826,40.7363],[15.7781,40.7394],[15.7737,40.7407],[15.7606,40.7368],[15.761,40.7321],[15.7624,40.7287],[15.7713,40.7219],[15.7436,40.704],[15.7244,40.7168],[15.7008,40.7213],[15.6953,40.7241],[15.6974,40.7298],[15.7065,40.7442],[15.7066,40.7544],[15.7025,40.7598],[15.7128,40.7651],[15.7097,40.7687],[15.7049,40.7688],[15.7087,40.7722],[15.7124,40.7811],[15.722,40.7778],[15.7245,40.7782],[15.7341,40.7825],[15.7329,40.7847],[15.7309,40.7857],[15.7259,40.7918],[15.7243,40.8021],[15.7287,40.8162],[15.7315,40.817],[15.7351,40.8154],[15.7409,40.8104],[15.7403,40.8093],[15.7409,40.8074],[15.7426,40.8051],[15.7456,40.8044],[15.7463,40.8052],[15.7459,40.8153],[15.7438,40.8203],[15.7461,40.8275],[15.7521,40.834],[15.7555,40.8357],[15.7598,40.8315],[15.7628,40.8254],[15.7675,40.8203],[15.7837,40.8202],[15.7939,40.8247],[15.797,40.8251],[15.8179,40.818],[15.8266,40.8136]]]}},{"type":"Feature","properties":{"i":"076008","n":"Balvano"},"geometry":{"type":"Polygon","coordinates":[[[15.5514,40.6983],[15.5628,40.6949],[15.5703,40.6916],[15.5744,40.6894],[15.5783,40.6854],[15.5629,40.6723],[15.5604,40.6687],[15.56,40.6643],[15.5636,40.6442],[15.5655,40.6395],[15.56,40.6383],[15.5517,40.6342],[15.5478,40.6309],[15.5427,40.6291],[15.518,40.6349],[15.4996,40.6325],[15.4923,40.6292],[15.4867,40.6285],[15.4653,40.6309],[15.4666,40.6376],[15.4678,40.6392],[15.4792,40.6421],[15.4894,40.6462],[15.4988,40.653],[15.5011,40.6558],[15.5035,40.6638],[15.5004,40.6656],[15.4972,40.6651],[15.489,40.6677],[15.4872,40.6728],[15.491,40.6769],[15.496,40.6775],[15.5063,40.6818],[15.5327,40.695],[15.546,40.6988],[15.5514,40.6983]]]}},{"type":"Feature","properties":{"i":"076009","n":"Banzi"},"geometry":{"type":"Polygon","coordinates":[[[16.1211,40.8977],[16.1156,40.8968],[16.1088,40.889],[16.1029,40.8836],[16.0972,40.8805],[16.0929,40.881],[16.0825,40.8853],[16.0714,40.8829],[16.0577,40.8754],[16.0501,40.8672],[16.0478,40.8593],[16.0405,40.8583],[16.0347,40.8592],[16.0182,40.8559],[15.9988,40.8471],[15.9918,40.8454],[15.9835,40.8468],[15.9816,40.8494],[15.9755,40.8532],[15.9631,40.8589],[15.9643,40.8601],[15.9659,40.8722],[15.9694,40.8822],[15.9753,40.8929],[15.9785,40.9005],[15.9793,40.9096],[15.9786,40.911],[15.9793,40.9148],[15.9833,40.9221],[15.9864,40.9248],[16.0033,40.9297],[16.0112,40.9365],[16.0186,40.9446],[16.0261,40.9435],[16.038,40.9397],[16.049,40.9354],[16.0618,40.9285],[16.0711,40.926],[16.0802,40.9247],[16.0919,40.921],[16.0994,40.9169],[16.1057,40.9098],[16.1179,40.901],[16.1211,40.8977]]]}},{"type":"Feature","properties":{"i":"076010","n":"Baragiano"},"geometry":{"type":"Polygon","coordinates":[[[15.6396,40.703],[15.6343,40.7007],[15.6342,40.697],[15.6405,40.6905],[15.6487,40.6862],[15.6531,40.6807],[15.6534,40.6788],[15.6423,40.6811],[15.6316,40.6771],[15.6174,40.6684],[15.6062,40.6639],[15.5999,40.6653],[15.5864,40.6743],[15.5812,40.6819],[15.5744,40.6894],[15.5628,40.6949],[15.5514,40.6983],[15.5527,40.7001],[15.5557,40.7091],[15.5559,40.7184],[15.5579,40.7256],[15.6324,40.7043],[15.6396,40.703]]]}},{"type":"Feature","properties":{"i":"076011","n":"Barile"},"geometry":{"type":"Polygon","coordinates":[[[15.7411,40.9691],[15.739,40.9572],[15.7357,40.9535],[15.7357,40.9521],[15.7386,40.947],[15.738,40.9459],[15.7345,40.9436],[15.7259,40.9409],[15.7187,40.9413],[15.7128,40.9391],[15.71,40.9337],[15.7042,40.9336],[15.6887,40.9278],[15.6844,40.9292],[15.6817,40.9334],[15.679,40.9348],[15.668,40.9388],[15.6612,40.9394],[15.6553,40.9415],[15.6472,40.9526],[15.6472,40.9546],[15.6486,40.9539],[15.6505,40.9545],[15.6603,40.9607],[15.6695,40.9616],[15.6838,40.9643],[15.6906,40.9733],[15.6992,40.9726],[15.7097,40.9705],[15.7167,40.9686],[15.7267,40.9641],[15.7273,40.9646],[15.7256,40.9697],[15.726,40.9705],[15.7342,40.9728],[15.7411,40.9691]]]}},{"type":"Feature","properties":{"i":"076012","n":"Bella"},"geometry":{"type":"Polygon","coordinates":[[[15.6666,40.7833],[15.674,40.7773],[15.6865,40.7697],[15.6912,40.7687],[15.7097,40.7687],[15.7128,40.7651],[15.7025,40.7598],[15.7038,40.7587],[15.697,40.7562],[15.695,40.7539],[15.6878,40.7498],[15.6798,40.7479],[15.6662,40.7377],[15.6603,40.7297],[15.6591,40.724],[15.65,40.7065],[15.6396,40.703],[15.6332,40.7041],[15.5579,40.7256],[15.5559,40.7184],[15.5557,40.7091],[15.5527,40.7001],[15.5514,40.6983],[15.546,40.6988],[15.5327,40.695],[15.5448,40.7046],[15.5398,40.7174],[15.5356,40.725],[15.5234,40.7345],[15.5218,40.7372],[15.5194,40.7545],[15.5221,40.7561],[15.529,40.769],[15.5282,40.776],[15.525,40.7795],[15.5242,40.7827],[15.5237,40.7851],[15.5245,40.7888],[15.5302,40.7921],[15.534,40.7956],[15.5436,40.7928],[15.55,40.7968],[15.5538,40.798],[15.5646,40.7885],[15.5769,40.7846],[15.5887,40.7778],[15.5972,40.7791],[15.6189,40.7707],[15.6381,40.7665],[15.6456,40.7735],[15.6468,40.7766],[15.6502,40.7812],[15.661,40.7835],[15.6666,40.7833]]]}},{"type":"Feature","properties":{"i":"076013","n":"Brienza"},"geometry":{"type":"Polygon","coordinates":[[[15.5898,40.5314],[15.5949,40.531],[15.607,40.527],[15.6215,40.5197],[15.6279,40.5157],[15.6367,40.5138],[15.6416,40.5133],[15.6441,40.5139],[15.6481,40.5047],[15.6538,40.4962],[15.6609,40.4782],[15.6641,40.4672],[15.6633,40.4648],[15.6593,40.4634],[15.6556,40.4604],[15.6645,40.4523],[15.6676,40.4448],[15.6549,40.4366],[15.6503,40.4161],[15.6484,40.4142],[15.6424,40.4149],[15.6351,40.4204],[15.6343,40.4219],[15.6296,40.4245],[15.6054,40.434],[15.5917,40.4417],[15.5867,40.4436],[15.5886,40.4448],[15.59,40.4475],[15.5866,40.452],[15.5806,40.4578],[15.5781,40.4623],[15.5759,40.4696],[15.569,40.4745],[15.5646,40.4766],[15.557,40.4777],[15.5441,40.4862],[15.5389,40.488],[15.5392,40.4933],[15.5358,40.4979],[15.5356,40.5001],[15.5459,40.5055],[15.5572,40.514],[15.564,40.5216],[15.5659,40.5262],[15.5698,40.5301],[15.5836,40.5347],[15.5898,40.5314]]]}},{"type":"Feature","properties":{"i":"076014","n":"Brindisi Montagna"},"geometry":{"type":"Polygon","coordinates":[[[15.9414,40.6379],[15.9516,40.6268],[15.951,40.6218],[15.9517,40.615],[15.9548,40.6108],[15.976,40.6048],[15.9842,40.6057],[15.9857,40.6042],[15.9846,40.597],[15.9871,40.5947],[15.9795,40.5892],[15.9713,40.5846],[15.9646,40.5823],[15.9472,40.5798],[15.9438,40.5786],[15.9394,40.5734],[15.9371,40.5695],[15.9198,40.5523],[15.9063,40.5602],[15.9017,40.5641],[15.8901,40.5687],[15.8818,40.5737],[15.8783,40.582],[15.8731,40.5819],[15.8641,40.5851],[15.8633,40.5913],[15.8649,40.5945],[15.8766,40.6078],[15.8885,40.6169],[15.8916,40.625],[15.8922,40.6337],[15.9,40.6416],[15.9022,40.6487],[15.9173,40.6512],[15.9269,40.649],[15.9376,40.6444],[15.9414,40.6379]]]}},{"type":"Feature","properties":{"i":"076015","n":"Calvello"},"geometry":{"type":"Polygon","coordinates":[[[15.926,40.4878],[15.9304,40.4684],[15.929,40.4642],[15.9275,40.4493],[15.9274,40.4438],[15.9288,40.4342],[15.9123,40.4106],[15.8968,40.403],[15.8812,40.3996],[15.8741,40.3955],[15.8699,40.3921],[15.8683,40.3859],[15.8672,40.3845],[15.8648,40.3846],[15.8533,40.3979],[15.8415,40.4016],[15.832,40.4079],[15.8258,40.4136],[15.8118,40.4238],[15.7928,40.4266],[15.7908,40.4295],[15.7905,40.4336],[15.7855,40.4469],[15.7727,40.4627],[15.7674,40.4737],[15.7788,40.4721],[15.7965,40.471],[15.8014,40.4715],[15.8109,40.4739],[15.839,40.4874],[15.8515,40.4904],[15.8545,40.4903],[15.8633,40.4962],[15.8649,40.5029],[15.8668,40.5061],[15.8751,40.5077],[15.8751,40.5094],[15.8768,40.5107],[15.8804,40.5099],[15.8814,40.5087],[15.8793,40.5048],[15.8754,40.5032],[15.8743,40.5018],[15.874,40.4982],[15.8752,40.4918],[15.8768,40.4893],[15.8812,40.4887],[15.8908,40.4901],[15.8969,40.4924],[15.8979,40.4937],[15.9017,40.4933],[15.9069,40.4916],[15.9197,40.4833],[15.9236,40.4851],[15.926,40.4878]]]}},{"type":"Feature","properties":{"i":"076016","n":"Calvera"},"geometry":{"type":"Polygon","coordinates":[[[16.1948,40.1434],[16.1926,40.142],[16.1758,40.1382],[16.168,40.1392],[16.1496,40.1433],[16.1438,40.1431],[16.1358,40.1414],[16.1331,40.1451],[16.124,40.1474],[16.1223,40.1472],[16.1216,40.1456],[16.1184,40.1429],[16.111,40.1418],[16.1081,40.1426],[16.1078,40.1467],[16.1083,40.1485],[16.1113,40.1511],[16.1061,40.158],[16.1025,40.1596],[16.111,40.1604],[16.1161,40.1621],[16.1265,40.1633],[16.1421,40.1624],[16.149,40.1633],[16.1637,40.1616],[16.1742,40.1627],[16.1806,40.1625],[16.1945,40.1526],[16.194,40.1475],[16.1948,40.1434]]]}},{"type":"Feature","properties":{"i":"076017","n":"Campomaggiore"},"geometry":{"type":"Polygon","coordinates":[[[16.1168,40.5775],[16.1052,40.56],[16.096,40.5531],[16.0892,40.551],[16.0731,40.5439],[16.0679,40.5456],[16.062,40.5525],[16.0674,40.5571],[16.0709,40.5619],[16.0686,40.5718],[16.0701,40.5752],[16.0778,40.5867],[16.0815,40.586],[16.0874,40.5829],[16.1004,40.5804],[16.1058,40.5795],[16.1158,40.5797],[16.1168,40.5775]]]}},{"type":"Feature","properties":{"i":"076018","n":"Cancellara"},"geometry":{"type":"Polygon","coordinates":[[[15.9535,40.7561],[15.9553,40.7522],[15.9775,40.7421],[15.9663,40.7254],[15.9663,40.7205],[15.9643,40.7176],[15.9561,40.7149],[15.9433,40.7081],[15.935,40.6959],[15.9255,40.6935],[15.9097,40.6929],[15.8898,40.7013],[15.8856,40.702],[15.8725,40.7019],[15.874,40.7037],[15.8797,40.7192],[15.8777,40.7356],[15.8835,40.7412],[15.8988,40.7473],[15.9086,40.7495],[15.9149,40.7487],[15.9175,40.7508],[15.921,40.7569],[15.9271,40.7582],[15.9428,40.7596],[15.9535,40.7561]]]}},{"type":"Feature","properties":{"i":"076019","n":"Carbone"},"geometry":{"type":"Polygon","coordinates":[[[16.1025,40.1596],[16.1061,40.158],[16.1113,40.1511],[16.1083,40.1485],[16.1081,40.1426],[16.111,40.1418],[16.1178,40.1427],[16.1216,40.1456],[16.1223,40.1472],[16.1251,40.1474],[16.1331,40.1451],[16.1358,40.1414],[16.1299,40.1394],[16.1222,40.1342],[16.1114,40.1226],[16.1105,40.1198],[16.1124,40.1139],[16.1214,40.1045],[16.1168,40.1005],[16.113,40.0992],[16.1006,40.0994],[16.0905,40.104],[16.0705,40.1035],[16.0628,40.1014],[16.0597,40.0993],[16.0584,40.0993],[16.0476,40.115],[16.0353,40.1198],[16.0229,40.1301],[16.02,40.1347],[16.0169,40.142],[16.0193,40.1518],[16.0206,40.1549],[16.0226,40.1569],[16.0335,40.1588],[16.0383,40.1582],[16.0422,40.1587],[16.0504,40.161],[16.0637,40.1663],[16.0734,40.1654],[16.0799,40.1621],[16.0941,40.1592],[16.1025,40.1596]]]}},{"type":"Feature","properties":{"i":"076020","n":"San Paolo Albanese"},"geometry":{"type":"Polygon","coordinates":[[[16.3552,40.0662],[16.3659,40.0603],[16.3658,40.0578],[16.3632,40.0534],[16.3606,40.0516],[16.356,40.0528],[16.3504,40.0556],[16.349,40.0554],[16.3452,40.0488],[16.3451,40.0466],[16.3499,40.0358],[16.352,40.0214],[16.3561,40.0129],[16.3653,40.0102],[16.3797,40.0088],[16.3822,40.0078],[16.3834,40.0063],[16.3838,40.0007],[16.383,39.9985],[16.3784,39.9958],[16.3778,39.9933],[16.3791,39.992],[16.3673,39.9748],[16.3649,39.9785],[16.3528,39.9813],[16.3501,39.983],[16.3479,39.9862],[16.3427,39.989],[16.3294,39.9942],[16.3261,39.9935],[16.3225,39.9989],[16.3214,40.008],[16.3161,40.0183],[16.3156,40.0271],[16.3162,40.0337],[16.3199,40.0457],[16.3212,40.0477],[16.3393,40.0645],[16.3444,40.0668],[16.3515,40.0654],[16.3552,40.0662]]]}},{"type":"Feature","properties":{"i":"076021","n":"Castelgrande"},"geometry":{"type":"Polygon","coordinates":[[[15.4712,40.822],[15.4671,40.8187],[15.4747,40.8177],[15.4808,40.8153],[15.4829,40.8129],[15.4874,40.8027],[15.4762,40.8026],[15.4641,40.7919],[15.461,40.7796],[15.4625,40.7757],[15.4633,40.7695],[15.4534,40.7694],[15.4503,40.7739],[15.4442,40.7744],[15.4241,40.7706],[15.4214,40.7681],[15.42,40.764],[15.4176,40.763],[15.3922,40.7659],[15.3851,40.7738],[15.3827,40.7776],[15.3813,40.7817],[15.3877,40.7935],[15.3861,40.7972],[15.3932,40.8045],[15.3994,40.8064],[15.4051,40.8055],[15.4135,40.8058],[15.4293,40.8078],[15.4507,40.8178],[15.4574,40.8251],[15.4634,40.8285],[15.468,40.8293],[15.4709,40.8314],[15.4724,40.8339],[15.4712,40.822]]]}},{"type":"Feature","properties":{"i":"076022","n":"Castelluccio Inferiore"},"geometry":{"type":"Polygon","coordinates":[[[16.0541,40.0372],[16.0562,40.0348],[16.0521,40.0321],[16.0497,40.0265],[16.0496,40.0222],[16.0419,40.0124],[16.0402,40.0068],[16.0406,40.003],[16.0351,39.9955],[16.0307,39.9913],[16.0302,39.9935],[16.0239,39.9956],[16.0086,39.9965],[16.0056,39.9938],[16.0054,39.9907],[16.0022,39.9882],[15.9903,39.9852],[15.9782,39.9837],[15.9668,39.9927],[15.9666,39.997],[15.9693,40.0062],[15.9773,40.0073],[15.9824,40.0093],[15.984,40.0105],[15.9841,40.0123],[15.9919,40.0194],[15.9918,40.0247],[15.9894,40.0299],[15.9938,40.0335],[16.0142,40.0412],[16.0541,40.0372]]]}},{"type":"Feature","properties":{"i":"076023","n":"Castelluccio Superiore"},"geometry":{"type":"Polygon","coordinates":[[[16.0142,40.0412],[15.9988,40.0357],[15.9903,40.0311],[15.9894,40.0299],[15.9918,40.0247],[15.9919,40.0194],[15.9841,40.0123],[15.984,40.0105],[15.9824,40.0093],[15.9773,40.0073],[15.9693,40.0062],[15.9666,39.997],[15.9668,39.9927],[15.9685,39.9917],[15.9643,39.9913],[15.9473,39.9965],[15.928,40.0011],[15.9258,40.006],[15.9208,40.0279],[15.9215,40.03],[15.9279,40.036],[15.9382,40.04],[15.9467,40.0459],[15.9596,40.052],[15.9709,40.0546],[15.99,40.0554],[15.998,40.0529],[16.0094,40.0466],[16.0143,40.0431],[16.0142,40.0412]]]}},{"type":"Feature","properties":{"i":"076024","n":"Castelmezzano"},"geometry":{"type":"Polygon","coordinates":[[[16.0489,40.5695],[16.0462,40.5553],[16.0458,40.5467],[16.0461,40.5456],[16.0478,40.5454],[16.0531,40.5458],[16.0559,40.5383],[16.0572,40.5309],[16.0525,40.5269],[16.0393,40.5045],[16.0335,40.5028],[16.0238,40.4946],[16.0213,40.4896],[16.0172,40.4877],[16.0119,40.4874],[16.0059,40.4893],[16.0046,40.491],[16.0044,40.4987],[16.0027,40.5072],[15.9973,40.5191],[15.9916,40.5215],[15.9837,40.5211],[15.9833,40.5242],[15.9895,40.5288],[15.9906,40.5323],[15.9993,40.5421],[16.0071,40.5557],[16.0165,40.5649],[16.0219,40.5691],[16.0228,40.5726],[16.0458,40.5705],[16.0489,40.5695]]]}},{"type":"Feature","properties":{"i":"076025","n":"Castelsaraceno"},"geometry":{"type":"Polygon","coordinates":[[[16.0335,40.1588],[16.0226,40.1569],[16.0206,40.1549],[16.0168,40.1426],[16.02,40.1347],[16.0174,40.1322],[15.9797,40.1211],[15.9687,40.1158],[15.9573,40.1125],[15.9453,40.1152],[15.9312,40.122],[15.9311,40.1229],[15.9342,40.1274],[15.9354,40.1383],[15.9191,40.1573],[15.9214,40.1628],[15.9212,40.1662],[15.9202,40.1708],[15.9172,40.1767],[15.9241,40.1797],[15.9308,40.1845],[15.9354,40.195],[15.9399,40.198],[15.9416,40.201],[15.9483,40.2058],[15.9522,40.2077],[15.9602,40.209],[15.9735,40.2096],[15.9811,40.2023],[15.9912,40.2027],[16.0065,40.2004],[16.0268,40.1914],[16.0268,40.1878],[16.0251,40.1831],[16.0301,40.175],[16.0343,40.1646],[16.0335,40.1588]]]}},{"type":"Feature","properties":{"i":"076026","n":"Castronuovo di Sant'Andrea"},"geometry":{"type":"Polygon","coordinates":[[[16.2221,40.1855],[16.2227,40.1766],[16.2221,40.1747],[16.22,40.1747],[16.2153,40.1713],[16.212,40.1633],[16.2135,40.1606],[16.2202,40.1552],[16.222,40.1521],[16.2225,40.1495],[16.222,40.1414],[16.2184,40.1401],[16.2102,40.1387],[16.2069,40.1389],[16.2046,40.1398],[16.2015,40.1429],[16.1975,40.1437],[16.1948,40.1434],[16.194,40.1475],[16.1945,40.1526],[16.1806,40.1625],[16.1742,40.1627],[16.1637,40.1616],[16.149,40.1633],[16.1421,40.1624],[16.1265,40.1633],[16.1069,40.1602],[16.112,40.1642],[16.1233,40.178],[16.1245,40.181],[16.133,40.1864],[16.1388,40.186],[16.1405,40.192],[16.1399,40.2022],[16.142,40.2273],[16.143,40.2318],[16.1481,40.2267],[16.1554,40.2228],[16.1646,40.2188],[16.1737,40.217],[16.1844,40.2123],[16.1925,40.2051],[16.1999,40.1999],[16.2109,40.1973],[16.2177,40.1919],[16.2221,40.1855]]]}},{"type":"Feature","properties":{"i":"076027","n":"Cersosimo"},"geometry":{"type":"Polygon","coordinates":[[[16.3986,40.0557],[16.3949,40.0504],[16.3932,40.0407],[16.394,40.0309],[16.3964,40.0258],[16.3985,40.0173],[16.3906,40.0027],[16.3788,39.9921],[16.3778,39.9933],[16.3784,39.9958],[16.3825,39.9978],[16.3838,40.0007],[16.3831,40.007],[16.3793,40.0089],[16.3653,40.0102],[16.3561,40.0129],[16.352,40.0214],[16.3499,40.0358],[16.3451,40.0466],[16.3452,40.0488],[16.349,40.0554],[16.3504,40.0556],[16.3598,40.0517],[16.3627,40.053],[16.3658,40.0578],[16.3659,40.0603],[16.3552,40.0662],[16.3667,40.0725],[16.3707,40.0766],[16.3824,40.0814],[16.3833,40.0811],[16.3832,40.08],[16.3807,40.0749],[16.3806,40.0718],[16.3841,40.0623],[16.3868,40.0598],[16.3986,40.0557]]]}},{"type":"Feature","properties":{"i":"076028","n":"Chiaromonte"},"geometry":{"type":"MultiPolygon","coordinates":[[[[16.1886,39.9076],[16.1755,39.9123],[16.1757,39.9244],[16.1767,39.9276],[16.1799,39.9293],[16.1916,39.9394],[16.1921,39.9429],[16.191,39.9478],[16.1911,39.9516],[16.1945,39.9574],[16.2,39.9515],[16.1974,39.9488],[16.1934,39.9467],[16.1968,39.9328],[16.2022,39.9225],[16.1909,39.9112],[16.1886,39.9076]]],[[[16.0977,40.0339],[16.0974,40.0318],[16.0952,40.0289],[16.0844,40.024],[16.0821,40.0262],[16.0821,40.0296],[16.0772,40.0355],[16.0805,40.0514],[16.0803,40.0522],[16.0789,40.0525],[16.0911,40.0551],[16.0924,40.0534],[16.0977,40.0339]]],[[[16.1854,40.0881],[16.1837,40.0783],[16.1825,40.0764],[16.1799,40.075],[16.1725,40.0751],[16.1714,40.0737],[16.1712,40.07],[16.185,40.0607],[16.1799,40.0563],[16.1665,40.0507],[16.1833,40.0513],[16.1862,40.054],[16.1893,40.059],[16.1914,40.0541],[16.1913,40.0488],[16.1905,40.0478],[16.1877,40.0475],[16.1832,40.0509],[16.1744,40.0463],[16.1567,40.0402],[16.1697,40.0433],[16.1715,40.0418],[16.1713,40.039],[16.1684,40.0353],[16.1502,40.0352],[16.1445,40.0389],[16.148,40.049],[16.1504,40.0522],[16.1565,40.0536],[16.1606,40.0564],[16.1602,40.0602],[16.1559,40.0633],[16.154,40.0633],[16.1532,40.0624],[16.1482,40.0621],[16.1372,40.064],[16.1455,40.0752],[16.1493,40.0829],[16.165,40.0892],[16.1771,40.0864],[16.1812,40.0865],[16.1854,40.0881]]],[[[16.2464,40.1802],[16.2486,40.1769],[16.2403,40.1543],[16.241,40.144],[16.2618,40.1371],[16.2765,40.1262],[16.2844,40.1186],[16.2667,40.1091],[16.2525,40.1059],[16.2483,40.1034],[16.248,40.1017],[16.2525,40.0902],[16.2532,40.0842],[16.2545,40.082],[16.2393,40.0767],[16.2246,40.0875],[16.2228,40.0896],[16.2221,40.0917],[16.2154,40.0954],[16.1963,40.0957],[16.1922,40.1066],[16.1887,40.1089],[16.1865,40.1116],[16.1843,40.1159],[16.1843,40.1175],[16.1904,40.1225],[16.1903,40.1294],[16.1976,40.1304],[16.204,40.1324],[16.2111,40.1388],[16.222,40.1414],[16.2225,40.1495],[16.2219,40.1524],[16.2188,40.1567],[16.2135,40.1606],[16.212,40.1633],[16.2153,40.1713],[16.22,40.1747],[16.2221,40.1747],[16.2227,40.1766],[16.2221,40.1855],[16.2357,40.1836],[16.2464,40.1802]]]]}},{"type":"Feature","properties":{"i":"076029","n":"Corleto Perticara"},"geometry":{"type":"Polygon","coordinates":[[[16.1147,40.4295],[16.1095,40.4263],[16.1051,40.4197],[16.1059,40.4106],[16.1105,40.4045],[16.1131,40.4031],[16.1136,40.4017],[16.1131,40.3989],[16.1042,40.3936],[16.0871,40.39],[16.0792,40.3859],[16.074,40.3817],[16.0643,40.3796],[16.0615,40.3767],[16.0633,40.374],[16.0592,40.3592],[16.0605,40.357],[16.0578,40.3543],[16.0373,40.3533],[16.0164,40.356],[16.0111,40.3573],[16.0082,40.3595],[16.0001,40.3624],[15.9951,40.3634],[15.9774,40.3605],[15.975,40.3559],[15.9689,40.354],[15.9641,40.3569],[15.9597,40.3611],[15.9573,40.3667],[15.9581,40.3709],[15.9568,40.3783],[15.9543,40.3797],[15.9478,40.3862],[15.9473,40.3946],[15.9488,40.3981],[15.9542,40.4001],[15.9669,40.4004],[15.979,40.4022],[16.0036,40.4099],[16.0159,40.4228],[16.0189,40.4239],[16.0329,40.4259],[16.04,40.4298],[16.0353,40.4347],[16.0351,40.4406],[16.0378,40.4519],[16.0413,40.4587],[16.0442,40.4619],[16.0467,40.4585],[16.054,40.4438],[16.0563,40.441],[16.0705,40.4479],[16.0802,40.4491],[16.1019,40.4386],[16.1147,40.4295]]]}},{"type":"Feature","properties":{"i":"076030","n":"Episcopia"},"geometry":{"type":"Polygon","coordinates":[[[16.1053,40.0995],[16.109,40.0969],[16.1221,40.0917],[16.1285,40.0862],[16.1346,40.0782],[16.138,40.0697],[16.1374,40.0644],[16.1317,40.0613],[16.1244,40.0599],[16.1128,40.0547],[16.0973,40.0528],[16.0948,40.0545],[16.0911,40.0551],[16.0789,40.0525],[16.0729,40.0483],[16.0685,40.0498],[16.0626,40.0588],[16.0607,40.0703],[16.0734,40.072],[16.075,40.0731],[16.064,40.0871],[16.0638,40.0945],[16.0609,40.1],[16.0628,40.1014],[16.0705,40.1035],[16.0905,40.104],[16.1002,40.0996],[16.1053,40.0995]]]}},{"type":"Feature","properties":{"i":"076031","n":"Fardella"},"geometry":{"type":"MultiPolygon","coordinates":[[[[16.1945,39.9574],[16.1911,39.9516],[16.191,39.9478],[16.1921,39.9429],[16.1916,39.9394],[16.178,39.9279],[16.1704,39.9304],[16.1689,39.9316],[16.1683,39.9325],[16.172,39.9419],[16.1845,39.9486],[16.1834,39.9571],[16.1945,39.9574]]],[[[16.1694,40.0445],[16.1697,40.0433],[16.1567,40.0402],[16.1694,40.0445]]],[[[16.0772,40.0355],[16.0562,40.0348],[16.0541,40.0372],[16.064,40.0404],[16.0685,40.047],[16.0729,40.0483],[16.0794,40.0525],[16.0804,40.052],[16.0804,40.0508],[16.0772,40.0355]]],[[[16.1893,40.059],[16.1862,40.054],[16.1833,40.0513],[16.1665,40.0507],[16.1799,40.0563],[16.185,40.0607],[16.187,40.0585],[16.1893,40.059]]],[[[16.1963,40.0957],[16.1854,40.0881],[16.1812,40.0865],[16.1771,40.0864],[16.165,40.0892],[16.1493,40.0829],[16.1455,40.0752],[16.1378,40.0651],[16.138,40.0697],[16.1346,40.0782],[16.1285,40.0862],[16.1221,40.0917],[16.109,40.0969],[16.1053,40.0995],[16.113,40.0992],[16.1168,40.1005],[16.1214,40.1045],[16.1345,40.1065],[16.1412,40.1086],[16.1489,40.1132],[16.1633,40.1182],[16.1708,40.1234],[16.1725,40.1268],[16.1773,40.1294],[16.1903,40.1294],[16.1906,40.1228],[16.1843,40.1175],[16.1842,40.1162],[16.1887,40.1089],[16.1922,40.1066],[16.1963,40.0957]]]]}},{"type":"Feature","properties":{"i":"076032","n":"Filiano"},"geometry":{"type":"Polygon","coordinates":[[[15.7178,40.8841],[15.7202,40.8749],[15.7237,40.8704],[15.7305,40.867],[15.7387,40.8647],[15.7439,40.8651],[15.7542,40.861],[15.7696,40.8442],[15.773,40.8421],[15.7769,40.8412],[15.7817,40.8458],[15.7891,40.8481],[15.798,40.8493],[15.8008,40.849],[15.8092,40.8462],[15.8176,40.8392],[15.828,40.8338],[15.8333,40.8321],[15.8411,40.8221],[15.8418,40.8161],[15.8397,40.8121],[15.8368,40.8106],[15.8319,40.8124],[15.8312,40.8136],[15.8266,40.8136],[15.8179,40.818],[15.797,40.8251],[15.7939,40.8247],[15.7837,40.8202],[15.7675,40.8203],[15.7628,40.8254],[15.7598,40.8315],[15.7555,40.8357],[15.7521,40.834],[15.7461,40.8275],[15.7438,40.8203],[15.7459,40.8153],[15.7463,40.8052],[15.7456,40.8044],[15.7426,40.8051],[15.7409,40.8074],[15.7403,40.8093],[15.7409,40.8104],[15.7351,40.8154],[15.7315,40.817],[15.7287,40.8162],[15.7243,40.8021],[15.7259,40.7918],[15.7309,40.7857],[15.7329,40.7847],[15.7341,40.7825],[15.7245,40.7782],[15.722,40.7778],[15.7124,40.7811],[15.7087,40.7722],[15.7049,40.7688],[15.7025,40.7736],[15.6981,40.7778],[15.6904,40.7804],[15.6827,40.7815],[15.6754,40.8039],[15.6773,40.8046],[15.6796,40.8071],[15.6829,40.8186],[15.683,40.822],[15.6806,40.8303],[15.6815,40.8331],[15.6809,40.8376],[15.6814,40.8455],[15.683,40.8549],[15.6847,40.8582],[15.701,40.8757],[15.7037,40.88],[15.7105,40.883],[15.7178,40.8841]]]}},{"type":"Feature","properties":{"i":"076033","n":"Forenza"},"geometry":{"type":"Polygon","coordinates":[[[15.9127,40.9133],[15.9108,40.9124],[15.9095,40.905],[15.9098,40.9032],[15.9172,40.8999],[15.9172,40.8967],[15.9155,40.8933],[15.9103,40.8876],[15.9077,40.8824],[15.9118,40.8734],[15.918,40.8671],[15.9324,40.8585],[15.9384,40.8536],[15.9402,40.8508],[15.9392,40.8491],[15.9232,40.8353],[15.9164,40.8266],[15.9145,40.8261],[15.9065,40.8267],[15.9028,40.8294],[15.8984,40.8297],[15.8882,40.8283],[15.8827,40.8249],[15.8776,40.8239],[15.8699,40.8247],[15.863,40.8279],[15.8591,40.8275],[15.8515,40.8216],[15.8576,40.8168],[15.8708,40.8114],[15.8768,40.8108],[15.8877,40.8122],[15.8938,40.8107],[15.8951,40.8063],[15.8917,40.7955],[15.8908,40.7901],[15.8853,40.7919],[15.8755,40.789],[15.8733,40.7872],[15.8678,40.7858],[15.8543,40.7871],[15.8386,40.7903],[15.8189,40.7921],[15.8209,40.7948],[15.8211,40.7974],[15.8169,40.8057],[15.8157,40.8093],[15.8163,40.8103],[15.8266,40.8136],[15.8312,40.8136],[15.8319,40.8124],[15.8368,40.8106],[15.8397,40.8121],[15.8418,40.8161],[15.8411,40.8221],[15.8333,40.8321],[15.828,40.8338],[15.8176,40.8392],[15.8092,40.8462],[15.8008,40.849],[15.798,40.8493],[15.7891,40.8481],[15.7817,40.8458],[15.7769,40.8412],[15.775,40.8414],[15.7701,40.8438],[15.7584,40.8564],[15.7608,40.8628],[15.7623,40.8635],[15.7681,40.8696],[15.7686,40.8737],[15.7707,40.877],[15.772,40.8823],[15.7711,40.8836],[15.7717,40.8891],[15.7736,40.8934],[15.7774,40.8948],[15.78,40.8981],[15.7853,40.8965],[15.8029,40.8877],[15.8099,40.8877],[15.8398,40.8945],[15.8479,40.903],[15.865,40.9105],[15.8676,40.9126],[15.8683,40.9141],[15.87,40.9148],[15.8778,40.9164],[15.8887,40.9165],[15.8974,40.9131],[15.9038,40.912],[15.9127,40.9133]]]}},{"type":"Feature","properties":{"i":"076034","n":"Francavilla in Sinni"},"geometry":{"type":"Polygon","coordinates":[[[16.2545,40.082],[16.2572,40.0757],[16.2566,40.0651],[16.255,40.0592],[16.251,40.0495],[16.2479,40.0456],[16.2448,40.0322],[16.2446,40.0182],[16.2398,40.0007],[16.235,39.9978],[16.2216,39.9934],[16.2148,39.9929],[16.2084,40.0007],[16.2086,40.0068],[16.2052,40.0291],[16.2027,40.0372],[16.1999,40.0423],[16.1965,40.0455],[16.194,40.0503],[16.1933,40.0529],[16.1936,40.0621],[16.1923,40.0621],[16.1893,40.059],[16.187,40.0585],[16.1823,40.0628],[16.1722,40.069],[16.1712,40.07],[16.1714,40.0737],[16.1734,40.0754],[16.1782,40.0748],[16.1823,40.0761],[16.1837,40.0783],[16.1854,40.0881],[16.1963,40.0957],[16.2154,40.0954],[16.2221,40.0917],[16.2228,40.0896],[16.2246,40.0875],[16.2393,40.0767],[16.2545,40.082]]]}},{"type":"Feature","properties":{"i":"076035","n":"Gallicchio"},"geometry":{"type":"Polygon","coordinates":[[[16.1601,40.2629],[16.1472,40.2617],[16.1412,40.2603],[16.125,40.2614],[16.116,40.2628],[16.1175,40.2694],[16.1172,40.2721],[16.1129,40.2843],[16.1078,40.295],[16.1075,40.3028],[16.114,40.3119],[16.1191,40.3173],[16.1234,40.3193],[16.1258,40.3189],[16.1332,40.3211],[16.1362,40.3229],[16.1387,40.3259],[16.1402,40.3217],[16.1473,40.3168],[16.1578,40.317],[16.1598,40.3158],[16.1585,40.3114],[16.1526,40.3037],[16.1495,40.2973],[16.152,40.2964],[16.1549,40.2931],[16.1559,40.2905],[16.1567,40.2864],[16.1552,40.2778],[16.1601,40.2629]]]}},{"type":"Feature","properties":{"i":"076036","n":"Genzano di Lucania"},"geometry":{"type":"Polygon","coordinates":[[[16.2025,40.9175],[16.214,40.905],[16.2193,40.8921],[16.2262,40.881],[16.2266,40.8796],[16.2256,40.8749],[16.231,40.8569],[16.2332,40.8527],[16.2404,40.8454],[16.2422,40.8396],[16.2441,40.838],[16.2407,40.836],[16.2316,40.8328],[16.2124,40.8284],[16.2032,40.8211],[16.1872,40.8148],[16.1795,40.8103],[16.1688,40.8057],[16.134,40.8016],[16.1221,40.797],[16.1203,40.791],[16.1217,40.7843],[16.1213,40.776],[16.1195,40.7732],[16.1174,40.7718],[16.1149,40.7676],[16.1124,40.7667],[16.1093,40.7678],[16.0909,40.782],[16.0774,40.7795],[16.0731,40.7803],[16.064,40.7863],[16.0565,40.789],[16.0534,40.7874],[16.0507,40.7877],[16.0516,40.7912],[16.0492,40.7936],[16.0261,40.805],[16.0172,40.8063],[16.0108,40.8115],[15.9921,40.82],[15.9736,40.8305],[15.9682,40.8356],[15.9528,40.8464],[15.9538,40.8466],[15.9557,40.849],[15.9603,40.857],[15.9631,40.8589],[15.9755,40.8532],[15.9816,40.8494],[15.9835,40.8468],[15.9918,40.8454],[15.9988,40.8471],[16.0182,40.8559],[16.0347,40.8592],[16.0405,40.8583],[16.0478,40.8593],[16.0501,40.8672],[16.0577,40.8754],[16.0714,40.8829],[16.0825,40.8853],[16.0929,40.881],[16.0972,40.8805],[16.1029,40.8836],[16.1088,40.889],[16.1156,40.8968],[16.1211,40.8977],[16.1213,40.8992],[16.1232,40.9016],[16.1286,40.9031],[16.1343,40.9066],[16.135,40.9076],[16.1351,40.914],[16.1381,40.9184],[16.1445,40.9224],[16.1487,40.9235],[16.1556,40.9227],[16.1603,40.9254],[16.1619,40.9282],[16.163,40.9286],[16.1697,40.9275],[16.1806,40.9232],[16.2025,40.9175]]]}},{"type":"Feature","properties":{"i":"076037","n":"Grumento Nova"},"geometry":{"type":"Polygon","coordinates":[[[15.9603,40.3071],[15.9551,40.2999],[15.9527,40.2952],[15.9522,40.2921],[15.9522,40.287],[15.9546,40.2825],[15.9566,40.2805],[15.9564,40.2798],[15.9479,40.268],[15.9423,40.2622],[15.9355,40.2652],[15.9316,40.2691],[15.924,40.2666],[15.9211,40.2647],[15.9203,40.2629],[15.9182,40.2612],[15.9148,40.2599],[15.8917,40.2628],[15.8827,40.2625],[15.8798,40.2666],[15.8665,40.274],[15.8546,40.2776],[15.8419,40.2787],[15.8383,40.2818],[15.8297,40.281],[15.8207,40.2759],[15.8164,40.2752],[15.8132,40.2775],[15.8075,40.279],[15.802,40.2789],[15.8016,40.281],[15.8019,40.2893],[15.8109,40.2974],[15.8092,40.304],[15.8077,40.3054],[15.8054,40.3109],[15.8162,40.3176],[15.819,40.3209],[15.8266,40.3247],[15.8331,40.3315],[15.84,40.3354],[15.8423,40.3321],[15.8475,40.3284],[15.8601,40.323],[15.8649,40.3219],[15.8746,40.3163],[15.8868,40.3115],[15.8896,40.311],[15.9295,40.3125],[15.9517,40.3114],[15.9566,40.3108],[15.9603,40.3071]]]}},{"type":"Feature","properties":{"i":"076038","n":"Guardia Perticara"},"geometry":{"type":"Polygon","coordinates":[[[16.1634,40.3385],[16.1498,40.3393],[16.138,40.3371],[16.1383,40.325],[16.1332,40.3211],[16.1258,40.3189],[16.1143,40.3228],[16.1115,40.3252],[16.1071,40.3272],[16.0894,40.3306],[16.0802,40.3314],[16.0729,40.3332],[16.0707,40.3344],[16.0658,40.3419],[16.0607,40.3457],[16.0504,40.3437],[16.0476,40.3437],[16.0475,40.3443],[16.0483,40.3467],[16.0605,40.357],[16.0592,40.3592],[16.0633,40.374],[16.0615,40.3767],[16.0643,40.3796],[16.074,40.3817],[16.0792,40.3859],[16.0871,40.39],[16.1042,40.3936],[16.1131,40.3989],[16.1186,40.3979],[16.1199,40.3959],[16.1539,40.3745],[16.1555,40.3635],[16.166,40.3475],[16.1634,40.3385]]]}},{"type":"Feature","properties":{"i":"076039","n":"Lagonegro"},"geometry":{"type":"Polygon","coordinates":[[[15.8688,40.1517],[15.8665,40.1502],[15.8622,40.1494],[15.8503,40.1488],[15.8425,40.1404],[15.8421,40.1337],[15.8311,40.1319],[15.8272,40.1285],[15.8275,40.1244],[15.8212,40.1194],[15.8128,40.1185],[15.8015,40.1157],[15.7685,40.1032],[15.7547,40.1029],[15.7486,40.1039],[15.7397,40.1142],[15.7298,40.1218],[15.7191,40.1213],[15.7156,40.1183],[15.7117,40.1164],[15.7058,40.1177],[15.7031,40.12],[15.7032,40.1232],[15.7055,40.1324],[15.7095,40.1378],[15.7069,40.1465],[15.7015,40.1534],[15.7005,40.1583],[15.7017,40.1615],[15.7155,40.1684],[15.7165,40.1696],[15.7125,40.1784],[15.7169,40.1816],[15.728,40.1859],[15.7299,40.1895],[15.7313,40.1993],[15.7345,40.2017],[15.7392,40.2028],[15.7512,40.2018],[15.7572,40.2072],[15.7732,40.2168],[15.787,40.2182],[15.801,40.2079],[15.8059,40.202],[15.815,40.1941],[15.829,40.1879],[15.8334,40.1885],[15.8365,40.1901],[15.8398,40.1902],[15.8428,40.1842],[15.8408,40.1791],[15.8408,40.1758],[15.8418,40.1742],[15.8511,40.1663],[15.8569,40.1624],[15.8688,40.1517]]]}},{"type":"Feature","properties":{"i":"076040","n":"Latronico"},"geometry":{"type":"Polygon","coordinates":[[[16.0609,40.1],[16.0638,40.0945],[16.064,40.0871],[16.075,40.0731],[16.0734,40.072],[16.0609,40.0707],[16.0607,40.07],[16.0626,40.0588],[16.0678,40.0504],[16.0729,40.0483],[16.0685,40.047],[16.064,40.0404],[16.0541,40.0372],[16.0142,40.0412],[16.0143,40.0431],[16.0132,40.044],[15.998,40.0529],[15.9888,40.0555],[15.9805,40.0546],[15.9768,40.0551],[15.9741,40.0579],[15.9677,40.0624],[15.9659,40.0647],[15.9652,40.0791],[15.9557,40.0745],[15.9507,40.0739],[15.9396,40.0787],[15.9436,40.0884],[15.9431,40.092],[15.9444,40.0954],[15.9484,40.0998],[15.9581,40.1081],[15.9665,40.1093],[15.9687,40.1158],[15.9797,40.1211],[16.0155,40.1312],[16.02,40.1347],[16.0229,40.1301],[16.0353,40.1198],[16.0476,40.115],[16.0584,40.0993],[16.0609,40.1]]]}},{"type":"Feature","properties":{"i":"076041","n":"Laurenzana"},"geometry":{"type":"Polygon","coordinates":[[[16.0221,40.4904],[16.0272,40.487],[16.036,40.4779],[16.0442,40.4619],[16.0413,40.4587],[16.0378,40.4519],[16.0351,40.4406],[16.0353,40.4347],[16.04,40.4298],[16.0329,40.4259],[16.0189,40.4239],[16.0159,40.4228],[16.0036,40.4099],[15.9802,40.4025],[15.9702,40.4007],[15.9542,40.4001],[15.9488,40.3981],[15.9382,40.4003],[15.93,40.4042],[15.9246,40.4089],[15.9202,40.4106],[15.9123,40.4106],[15.9288,40.4342],[15.9274,40.4438],[15.9275,40.4493],[15.929,40.4642],[15.9304,40.4684],[15.926,40.4878],[15.9301,40.4899],[15.936,40.491],[15.9446,40.4908],[15.9633,40.4941],[15.9668,40.4971],[15.9695,40.5026],[15.9736,40.5167],[15.9795,40.521],[15.9916,40.5215],[15.9971,40.5194],[16.0027,40.5072],[16.0044,40.4987],[16.0046,40.491],[16.0053,40.4898],[16.0119,40.4874],[16.0181,40.4879],[16.0221,40.4904]]]}},{"type":"Feature","properties":{"i":"076042","n":"Lauria"},"geometry":{"type":"Polygon","coordinates":[[[15.9202,40.1557],[15.9354,40.1383],[15.9342,40.1274],[15.9311,40.1229],[15.9312,40.122],[15.9453,40.1152],[15.9507,40.1135],[15.9573,40.1125],[15.9687,40.1158],[15.9665,40.1093],[15.9581,40.1081],[15.9484,40.0998],[15.9444,40.0954],[15.9431,40.092],[15.9436,40.0884],[15.9396,40.0787],[15.9507,40.0739],[15.9557,40.0745],[15.9652,40.0791],[15.9659,40.0647],[15.9677,40.0624],[15.9741,40.0579],[15.9768,40.0551],[15.9709,40.0546],[15.9596,40.052],[15.9467,40.0459],[15.9382,40.04],[15.9279,40.036],[15.9237,40.0323],[15.9215,40.03],[15.9208,40.0279],[15.9258,40.006],[15.928,40.0011],[15.9232,39.9998],[15.9201,39.9949],[15.9165,39.992],[15.9113,39.9888],[15.9044,39.9862],[15.898,39.9817],[15.8962,39.9827],[15.8939,39.9861],[15.8919,39.993],[15.8897,39.9946],[15.8786,39.9962],[15.8738,39.9933],[15.8684,39.988],[15.8567,39.9999],[15.8477,40.0059],[15.8451,40.0042],[15.8392,40.0031],[15.8201,40.0019],[15.8188,40.0051],[15.8141,40.0051],[15.8088,40.011],[15.8117,40.023],[15.8076,40.0356],[15.8049,40.0402],[15.7961,40.045],[15.7991,40.0511],[15.8027,40.0528],[15.8158,40.0665],[15.8191,40.0748],[15.8223,40.0807],[15.8251,40.0836],[15.834,40.0897],[15.8386,40.0941],[15.8395,40.0959],[15.8405,40.1006],[15.8332,40.1139],[15.8316,40.1151],[15.8275,40.1244],[15.8272,40.1285],[15.8311,40.1319],[15.8421,40.1337],[15.8425,40.1404],[15.8508,40.149],[15.8622,40.1494],[15.8665,40.1502],[15.8688,40.1517],[15.8742,40.1504],[15.8801,40.1473],[15.8962,40.1442],[15.8998,40.146],[15.9011,40.148],[15.9036,40.1581],[15.9064,40.1613],[15.9167,40.1558],[15.9202,40.1557]]]}},{"type":"Feature","properties":{"i":"076043","n":"Lavello"},"geometry":{"type":"Polygon","coordinates":[[[15.9375,41.1136],[15.9522,41.1106],[15.9541,41.1094],[15.9597,41.1013],[15.96,41.1001],[15.959,41.0979],[15.9541,41.0931],[15.9325,41.0836],[15.9307,41.0808],[15.9316,41.0739],[15.9102,41.0668],[15.9029,41.066],[15.8982,41.0647],[15.8951,41.0613],[15.892,41.055],[15.8796,41.0406],[15.8709,41.0456],[15.8674,41.0677],[15.8698,41.0711],[15.8909,41.0871],[15.8869,41.0901],[15.8698,41.0813],[15.8631,41.0792],[15.8591,41.0688],[15.8611,41.0657],[15.8659,41.0624],[15.8672,41.0558],[15.8668,41.0549],[15.8612,41.0526],[15.8562,41.0417],[15.8495,41.0339],[15.8442,41.034],[15.823,41.0173],[15.819,41.016],[15.8132,41.017],[15.806,41.0197],[15.7992,41.0207],[15.7539,41.0207],[15.7459,41.0161],[15.7431,41.0156],[15.7446,41.0176],[15.7428,41.022],[15.7359,41.0215],[15.7369,41.0257],[15.7405,41.0257],[15.7437,41.027],[15.7406,41.032],[15.7374,41.0314],[15.7369,41.0376],[15.7475,41.0446],[15.7454,41.048],[15.7451,41.0503],[15.748,41.0567],[15.7494,41.0675],[15.7555,41.0801],[15.763,41.0841],[15.7662,41.085],[15.7677,41.0834],[15.769,41.0834],[15.7829,41.0897],[15.7882,41.0907],[15.7885,41.0878],[15.7906,41.0878],[15.7978,41.091],[15.8016,41.0984],[15.8025,41.1017],[15.8016,41.1044],[15.8036,41.1109],[15.8117,41.1161],[15.8167,41.1181],[15.8215,41.1195],[15.8251,41.1184],[15.8296,41.1233],[15.8302,41.1277],[15.8336,41.1301],[15.8378,41.1304],[15.8395,41.1296],[15.839,41.1258],[15.8396,41.1242],[15.845,41.1243],[15.8466,41.1256],[15.8472,41.1297],[15.8546,41.1331],[15.8589,41.1313],[15.865,41.131],[15.8696,41.1368],[15.8703,41.1399],[15.8749,41.1368],[15.8777,41.1377],[15.8944,41.1233],[15.9008,41.1264],[15.9214,41.1115],[15.9318,41.109],[15.9375,41.1136]]]}},{"type":"Feature","properties":{"i":"076044","n":"Maratea"},"geometry":{"type":"MultiPolygon","coordinates":[[[[15.7436,39.9342],[15.7437,39.9332],[15.743,39.9334],[15.7436,39.9342]]],[[[15.7169,39.9677],[15.7173,39.9673],[15.7149,39.9667],[15.7155,39.9675],[15.7169,39.9677]]],[[[15.7222,40.0453],[15.7199,40.0441],[15.7203,40.043],[15.7304,40.0274],[15.7407,40.021],[15.7431,40.0169],[15.7441,40.0132],[15.7565,40.0014],[15.7637,40.001],[15.7689,40.0048],[15.778,40.0056],[15.7892,39.9897],[15.7871,39.9814],[15.7871,39.9682],[15.7802,39.966],[15.774,39.9615],[15.772,39.9592],[15.7711,39.9567],[15.7721,39.9506],[15.7713,39.946],[15.7659,39.9306],[15.7624,39.9271],[15.7559,39.9236],[15.7505,39.9334],[15.7488,39.9343],[15.7444,39.9344],[15.7395,39.9384],[15.7362,39.9423],[15.7354,39.9535],[15.7344,39.9584],[15.7324,39.9624],[15.7104,39.9864],[15.706,39.989],[15.6956,39.999],[15.69,40.0004],[15.684,40.0037],[15.6751,40.0146],[15.6763,40.0214],[15.6753,40.03],[15.6701,40.0321],[15.6645,40.0396],[15.6617,40.0403],[15.6475,40.0393],[15.6445,40.0416],[15.6449,40.0429],[15.6488,40.0451],[15.6581,40.0476],[15.6649,40.0504],[15.6709,40.0541],[15.6744,40.0549],[15.6958,40.0505],[15.7033,40.0467],[15.708,40.0463],[15.7186,40.0475],[15.7216,40.0464],[15.7222,40.0453]]]]}},{"type":"Feature","properties":{"i":"076045","n":"Marsico Nuovo"},"geometry":{"type":"Polygon","coordinates":[[[15.7674,40.4737],[15.7727,40.4627],[15.7855,40.4469],[15.7905,40.4336],[15.7908,40.4295],[15.7928,40.4266],[15.7999,40.4257],[15.7946,40.4162],[15.7919,40.4147],[15.7895,40.4119],[15.7908,40.4058],[15.7939,40.3994],[15.7954,40.3805],[15.7944,40.3728],[15.7969,40.3692],[15.7826,40.3584],[15.7752,40.3657],[15.7551,40.3791],[15.7522,40.3839],[15.7459,40.3907],[15.7417,40.3894],[15.7296,40.3895],[15.7262,40.3901],[15.7238,40.3931],[15.7194,40.3943],[15.6811,40.3934],[15.6775,40.3964],[15.671,40.3983],[15.6627,40.3925],[15.6504,40.4082],[15.648,40.414],[15.6503,40.4161],[15.6549,40.4366],[15.6557,40.4373],[15.6676,40.4448],[15.6683,40.444],[15.6731,40.4445],[15.6811,40.4469],[15.6819,40.4477],[15.6816,40.452],[15.6859,40.4551],[15.6893,40.4561],[15.699,40.4569],[15.7043,40.4596],[15.7141,40.4675],[15.7236,40.471],[15.7366,40.4809],[15.7381,40.4834],[15.7385,40.4862],[15.7632,40.4762],[15.7674,40.4737]]]}},{"type":"Feature","properties":{"i":"076046","n":"Marsicovetere"},"geometry":{"type":"Polygon","coordinates":[[[15.8648,40.3846],[15.8522,40.3767],[15.8447,40.3652],[15.8377,40.3403],[15.84,40.3354],[15.8331,40.3315],[15.8283,40.3262],[15.8235,40.3229],[15.8147,40.3287],[15.8097,40.3364],[15.8123,40.3493],[15.8186,40.3536],[15.8077,40.357],[15.7944,40.3728],[15.7954,40.3805],[15.7947,40.3945],[15.7939,40.3994],[15.79,40.4087],[15.7896,40.4125],[15.7946,40.4162],[15.7999,40.4257],[15.8112,40.4241],[15.8258,40.4136],[15.832,40.4079],[15.8415,40.4016],[15.8533,40.3979],[15.8648,40.3846]]]}},{"type":"Feature","properties":{"i":"076047","n":"Maschito"},"geometry":{"type":"Polygon","coordinates":[[[15.9127,40.9133],[15.9038,40.912],[15.8974,40.9131],[15.8887,40.9165],[15.8778,40.9164],[15.87,40.9148],[15.8683,40.9141],[15.8676,40.9126],[15.865,40.9105],[15.8479,40.903],[15.8398,40.8945],[15.8099,40.8877],[15.8029,40.8877],[15.7853,40.8965],[15.78,40.8981],[15.7807,40.8991],[15.7803,40.903],[15.7778,40.9061],[15.7626,40.9139],[15.7646,40.9163],[15.7723,40.9189],[15.7757,40.9188],[15.7844,40.9232],[15.7879,40.9272],[15.7957,40.932],[15.8247,40.9336],[15.8385,40.931],[15.8449,40.9288],[15.86,40.9282],[15.8873,40.938],[15.8957,40.9439],[15.8996,40.9505],[15.9014,40.9521],[15.9093,40.9551],[15.9102,40.9505],[15.9115,40.9484],[15.9176,40.9427],[15.9271,40.9388],[15.9342,40.9371],[15.94,40.9336],[15.9391,40.9311],[15.9341,40.9259],[15.9276,40.9232],[15.9127,40.9133]]]}},{"type":"Feature","properties":{"i":"076048","n":"Melfi"},"geometry":{"type":"Polygon","coordinates":[[[15.7662,41.085],[15.763,41.0841],[15.7555,41.0801],[15.7494,41.0675],[15.748,41.0567],[15.7451,41.0503],[15.7454,41.048],[15.7475,41.0446],[15.7369,41.0376],[15.7374,41.0314],[15.7406,41.032],[15.7437,41.027],[15.7405,41.0257],[15.7369,41.0257],[15.7359,41.0215],[15.7233,41.0185],[15.7076,41.0083],[15.6982,40.9976],[15.7017,40.9938],[15.7016,40.9926],[15.695,40.9897],[15.6878,40.9897],[15.6845,40.9905],[15.6752,40.9839],[15.6618,40.98],[15.6459,40.9642],[15.6423,40.9594],[15.6398,40.9611],[15.6379,40.9611],[15.6378,40.958],[15.6354,40.9507],[15.633,40.9517],[15.6257,40.9475],[15.617,40.9481],[15.6125,40.9501],[15.5986,40.9513],[15.5941,40.9506],[15.5869,40.9509],[15.5675,40.9571],[15.5643,40.9593],[15.5623,40.9621],[15.5617,40.9637],[15.5666,40.9688],[15.5683,40.9756],[15.5703,40.9935],[15.5696,41.002],[15.5663,41.0115],[15.5596,41.0179],[15.5588,41.0216],[15.5592,41.0244],[15.5632,41.031],[15.5532,41.0379],[15.5483,41.0526],[15.5463,41.0529],[15.5429,41.0559],[15.5435,41.059],[15.5423,41.0671],[15.5403,41.0681],[15.5393,41.0704],[15.5402,41.0722],[15.5439,41.0737],[15.5499,41.0746],[15.5534,41.0775],[15.5557,41.0803],[15.5568,41.0838],[15.5597,41.0882],[15.5663,41.0898],[15.5766,41.0956],[15.5857,41.0983],[15.6042,41.0966],[15.6133,41.0982],[15.6225,41.0981],[15.6308,41.0967],[15.6359,41.0925],[15.6473,41.0896],[15.6531,41.0892],[15.6561,41.0912],[15.6757,41.0894],[15.6794,41.0868],[15.6841,41.0867],[15.7203,41.0901],[15.7261,41.0934],[15.7259,41.0954],[15.7301,41.098],[15.7322,41.0989],[15.7394,41.0994],[15.7526,41.0973],[15.7533,41.0948],[15.7662,41.085]]]}},{"type":"Feature","properties":{"i":"076049","n":"Missanello"},"geometry":{"type":"Polygon","coordinates":[[[16.1955,40.2654],[16.1861,40.2645],[16.1681,40.2611],[16.1601,40.2629],[16.1552,40.2778],[16.1567,40.2864],[16.1559,40.2905],[16.1549,40.2931],[16.152,40.2964],[16.1495,40.2973],[16.1526,40.3037],[16.1585,40.3114],[16.1598,40.3158],[16.1578,40.317],[16.1476,40.3167],[16.1402,40.3217],[16.139,40.324],[16.1379,40.3301],[16.138,40.3371],[16.1498,40.3393],[16.1749,40.3384],[16.1753,40.3308],[16.1828,40.328],[16.1872,40.323],[16.1891,40.3205],[16.1894,40.3183],[16.1884,40.3169],[16.171,40.3181],[16.1631,40.3115],[16.1707,40.3092],[16.1723,40.3054],[16.1728,40.2997],[16.188,40.2901],[16.1955,40.2654]]]}},{"type":"Feature","properties":{"i":"076050","n":"Moliterno"},"geometry":{"type":"Polygon","coordinates":[[[15.8827,40.2625],[15.8801,40.259],[15.8789,40.2557],[15.8807,40.2524],[15.8831,40.2507],[15.8841,40.248],[15.8802,40.24],[15.8753,40.2358],[15.8757,40.2331],[15.879,40.2257],[15.8864,40.2252],[15.8924,40.2234],[15.8941,40.2226],[15.8966,40.2196],[15.902,40.2065],[15.9031,40.1939],[15.9058,40.1908],[15.9118,40.1862],[15.9174,40.1793],[15.9172,40.1767],[15.9202,40.1708],[15.9212,40.1662],[15.9214,40.1628],[15.9191,40.1573],[15.9202,40.1555],[15.9155,40.1563],[15.9064,40.1613],[15.9036,40.1581],[15.9011,40.148],[15.8998,40.146],[15.8962,40.1442],[15.8801,40.1473],[15.8742,40.1504],[15.8688,40.1517],[15.8569,40.1624],[15.8511,40.1663],[15.8418,40.1742],[15.8408,40.1758],[15.8408,40.1791],[15.8428,40.1842],[15.8398,40.1902],[15.8365,40.1901],[15.8334,40.1885],[15.829,40.1879],[15.815,40.1941],[15.8059,40.202],[15.801,40.2079],[15.7879,40.2177],[15.7915,40.2182],[15.7957,40.2219],[15.7972,40.2248],[15.7905,40.2293],[15.7896,40.2306],[15.7878,40.2374],[15.7893,40.2418],[15.7907,40.2441],[15.7969,40.2465],[15.8039,40.2507],[15.7995,40.2599],[15.7996,40.2678],[15.8001,40.2698],[15.8064,40.2723],[15.8058,40.2745],[15.8017,40.2789],[15.8075,40.279],[15.8132,40.2775],[15.8164,40.2752],[15.8207,40.2759],[15.8297,40.281],[15.8383,40.2818],[15.8419,40.2787],[15.8546,40.2776],[15.8665,40.274],[15.8798,40.2666],[15.8827,40.2625]]]}},{"type":"Feature","properties":{"i":"076051","n":"Montemilone"},"geometry":{"type":"Polygon","coordinates":[[[16.0405,41.0284],[16.0306,41.0267],[16.0279,41.0241],[16.0271,41.0173],[16.0276,41.0116],[16.0312,41.0052],[16.0316,41.0007],[16.0312,40.998],[16.027,40.9912],[16.0233,40.9869],[16.0186,40.9837],[16.0103,40.9757],[16.0086,40.9723],[16.0029,40.9702],[15.9837,40.97],[15.9653,40.9732],[15.9546,40.9739],[15.9022,40.9875],[15.8909,40.9923],[15.8877,40.9948],[15.8976,41.0056],[15.9149,41.0132],[15.9157,41.0145],[15.9149,41.0186],[15.9155,41.0266],[15.9167,41.0295],[15.9171,41.0343],[15.915,41.0402],[15.913,41.0441],[15.898,41.0604],[15.8973,41.0635],[15.8982,41.0647],[15.9011,41.0656],[15.9102,41.0668],[15.9316,41.0739],[15.9307,41.0808],[15.9325,41.0836],[15.9541,41.0931],[15.9582,41.0928],[15.9763,41.0942],[15.9777,41.0933],[15.983,41.0887],[15.9836,41.0854],[15.9822,41.0828],[15.9802,41.0816],[15.9823,41.0774],[15.9987,41.0548],[16.0094,41.0572],[16.0269,41.0479],[16.0348,41.0411],[16.0399,41.0341],[16.0405,41.0284]]]}},{"type":"Feature","properties":{"i":"076052","n":"Montemurro"},"geometry":{"type":"Polygon","coordinates":[[[16.0373,40.3533],[16.0328,40.3512],[16.0297,40.3506],[16.0193,40.3449],[16.0216,40.3388],[16.021,40.3362],[16.0186,40.3329],[16.0218,40.3262],[16.0319,40.324],[16.0292,40.3161],[16.0303,40.3007],[16.0332,40.2947],[16.0396,40.2919],[16.042,40.2888],[16.0441,40.2851],[16.0447,40.2823],[16.0449,40.2781],[16.0437,40.2761],[16.044,40.2727],[16.0446,40.2717],[16.0478,40.2706],[16.0457,40.2694],[16.0375,40.2712],[16.0096,40.2704],[16.0072,40.2712],[16.0014,40.2762],[15.9966,40.2777],[15.9904,40.277],[15.9791,40.2788],[15.9725,40.2803],[15.9726,40.2819],[15.971,40.2825],[15.9566,40.2805],[15.9555,40.2813],[15.9522,40.287],[15.9527,40.2952],[15.9551,40.2999],[15.9627,40.3108],[15.9673,40.3196],[15.9661,40.3271],[15.9603,40.3305],[15.959,40.3321],[15.9533,40.3462],[15.9571,40.353],[15.9641,40.3569],[15.9692,40.354],[15.975,40.3559],[15.9774,40.3605],[15.9951,40.3634],[16.0082,40.3595],[16.0111,40.3573],[16.0373,40.3533]]]}},{"type":"Feature","properties":{"i":"076053","n":"Muro Lucano"},"geometry":{"type":"Polygon","coordinates":[[[15.5245,40.7888],[15.5237,40.7851],[15.5242,40.7827],[15.525,40.7795],[15.5282,40.776],[15.529,40.769],[15.5221,40.7561],[15.5194,40.7545],[15.5218,40.7372],[15.5234,40.7345],[15.5356,40.725],[15.5398,40.7174],[15.5448,40.7046],[15.5315,40.6943],[15.5063,40.6818],[15.496,40.6775],[15.491,40.6769],[15.4872,40.6728],[15.4695,40.6737],[15.4583,40.6784],[15.4558,40.6799],[15.4531,40.6837],[15.4431,40.6888],[15.4304,40.6921],[15.4285,40.6932],[15.4251,40.6957],[15.4214,40.7021],[15.4125,40.7096],[15.4099,40.7129],[15.4062,40.7152],[15.4026,40.7163],[15.3925,40.7175],[15.3815,40.7241],[15.3809,40.7269],[15.3832,40.729],[15.3834,40.7302],[15.3833,40.7359],[15.3811,40.7381],[15.3791,40.7509],[15.3837,40.7636],[15.389,40.7676],[15.3952,40.7653],[15.4176,40.763],[15.42,40.764],[15.4214,40.7681],[15.4241,40.7706],[15.4442,40.7744],[15.4503,40.7739],[15.4534,40.7694],[15.4633,40.7695],[15.4625,40.7757],[15.461,40.7796],[15.4641,40.7919],[15.4762,40.8026],[15.4975,40.8018],[15.5112,40.799],[15.5227,40.7917],[15.5245,40.7888]]]}},{"type":"Feature","properties":{"i":"076054","n":"Nemoli"},"geometry":{"type":"Polygon","coordinates":[[[15.7961,40.045],[15.7847,40.0516],[15.7821,40.0546],[15.7824,40.0643],[15.7856,40.0776],[15.7904,40.084],[15.8006,40.0942],[15.8099,40.1033],[15.8185,40.1104],[15.821,40.1135],[15.8212,40.1194],[15.8275,40.1244],[15.8316,40.1151],[15.8332,40.1139],[15.8405,40.1006],[15.8395,40.0959],[15.8386,40.0941],[15.834,40.0897],[15.8251,40.0836],[15.8223,40.0807],[15.8191,40.0748],[15.8158,40.0665],[15.8027,40.0528],[15.7991,40.0511],[15.7961,40.045]]]}},{"type":"Feature","properties":{"i":"076055","n":"Noepoli"},"geometry":{"type":"MultiPolygon","coordinates":[[[[16.3667,40.0725],[16.354,40.0656],[16.3511,40.0654],[16.3444,40.0668],[16.3393,40.0645],[16.3227,40.0495],[16.3096,40.0553],[16.3045,40.0596],[16.3029,40.0723],[16.2882,40.0783],[16.2842,40.0812],[16.2839,40.0836],[16.2713,40.089],[16.2681,40.0896],[16.2573,40.0874],[16.2532,40.0842],[16.2525,40.0902],[16.2479,40.1027],[16.2501,40.1048],[16.2534,40.1061],[16.2575,40.0979],[16.2665,40.0909],[16.2712,40.0902],[16.2741,40.0923],[16.2772,40.1012],[16.2768,40.109],[16.2927,40.1046],[16.3072,40.1086],[16.3143,40.1061],[16.3237,40.1074],[16.3353,40.1127],[16.3402,40.1165],[16.3421,40.1194],[16.3476,40.1227],[16.3505,40.1233],[16.3552,40.1222],[16.3594,40.1192],[16.3536,40.117],[16.3592,40.114],[16.3688,40.112],[16.3756,40.109],[16.369,40.1038],[16.3553,40.0909],[16.361,40.0881],[16.3663,40.0944],[16.3739,40.092],[16.374,40.0904],[16.3656,40.0794],[16.3624,40.0729],[16.3667,40.0725]]],[[[16.3582,40.1338],[16.3618,40.1415],[16.3743,40.1464],[16.3691,40.1402],[16.3618,40.1383],[16.3582,40.1338]]],[[[16.3973,40.167],[16.3954,40.1659],[16.3933,40.1623],[16.3965,40.1538],[16.3814,40.1512],[16.3771,40.1519],[16.3726,40.1542],[16.3678,40.1602],[16.3667,40.1655],[16.369,40.1704],[16.3759,40.1751],[16.3806,40.1761],[16.3847,40.1758],[16.3973,40.167]]]]}},{"type":"Feature","properties":{"i":"076056","n":"Oppido Lucano"},"geometry":{"type":"Polygon","coordinates":[[[16.1149,40.7676],[16.1179,40.7643],[16.121,40.7631],[16.1264,40.7532],[16.1301,40.7485],[16.1211,40.7498],[16.1159,40.7516],[16.1076,40.7514],[16.1015,40.7496],[16.0886,40.7483],[16.0783,40.7489],[16.0691,40.7476],[16.0633,40.7452],[16.0598,40.7451],[16.0535,40.7492],[16.0465,40.7506],[16.0191,40.7392],[16.0139,40.7382],[16.0034,40.7415],[16.0015,40.744],[15.9964,40.7448],[15.9789,40.7432],[15.9775,40.7421],[15.9553,40.7522],[15.9535,40.7561],[15.9575,40.7558],[15.9641,40.7611],[15.9632,40.7693],[15.9678,40.7771],[15.9733,40.7811],[15.9857,40.7855],[15.9983,40.7871],[16.0168,40.7851],[16.038,40.786],[16.0508,40.7895],[16.0507,40.7877],[16.0534,40.7874],[16.0565,40.789],[16.064,40.7863],[16.0731,40.7803],[16.0754,40.7798],[16.0774,40.7795],[16.0909,40.782],[16.1097,40.7675],[16.1118,40.7665],[16.1149,40.7676]]]}},{"type":"Feature","properties":{"i":"076057","n":"Palazzo San Gervasio"},"geometry":{"type":"Polygon","coordinates":[[[15.9766,40.9585],[15.9832,40.9545],[16.0051,40.9496],[16.0186,40.9446],[16.0112,40.9365],[16.0033,40.9297],[15.9864,40.9248],[15.9833,40.9221],[15.9793,40.9148],[15.9786,40.911],[15.9793,40.9096],[15.9785,40.9005],[15.9753,40.8929],[15.9694,40.8822],[15.9659,40.8722],[15.9643,40.8601],[15.9603,40.857],[15.9557,40.849],[15.953,40.8463],[15.9402,40.8508],[15.9384,40.8536],[15.9324,40.8585],[15.918,40.8671],[15.9116,40.8738],[15.9077,40.8824],[15.9103,40.8876],[15.9159,40.8938],[15.9173,40.8974],[15.9168,40.9003],[15.9099,40.9029],[15.9095,40.905],[15.9108,40.9124],[15.9169,40.9155],[15.9204,40.9187],[15.9276,40.9232],[15.9341,40.9259],[15.9391,40.9311],[15.94,40.9336],[15.9342,40.9371],[15.9271,40.9388],[15.9176,40.9427],[15.9115,40.9484],[15.9102,40.9505],[15.9094,40.9547],[15.9219,40.9588],[15.9227,40.9603],[15.9238,40.9604],[15.9306,40.9589],[15.9447,40.9532],[15.9565,40.9504],[15.9589,40.9537],[15.9581,40.9607],[15.9566,40.9625],[15.9614,40.9631],[15.9684,40.9618],[15.9739,40.9602],[15.9766,40.9585]]]}},{"type":"Feature","properties":{"i":"076058","n":"Pescopagano"},"geometry":{"type":"Polygon","coordinates":[[[15.4051,40.8808],[15.4287,40.8796],[15.4411,40.8763],[15.4443,40.877],[15.4498,40.8728],[15.4537,40.8682],[15.4569,40.8673],[15.4613,40.8673],[15.4684,40.8722],[15.4724,40.8733],[15.4736,40.8671],[15.4756,40.8658],[15.4789,40.8449],[15.4748,40.836],[15.4724,40.8339],[15.4709,40.8314],[15.468,40.8293],[15.461,40.8274],[15.4574,40.8251],[15.4507,40.8178],[15.4375,40.8113],[15.4288,40.8077],[15.4168,40.806],[15.4051,40.8055],[15.3987,40.8062],[15.3928,40.8043],[15.3861,40.7972],[15.3774,40.7949],[15.368,40.7975],[15.3666,40.7983],[15.3661,40.8005],[15.3794,40.8062],[15.3805,40.8109],[15.3788,40.8122],[15.3747,40.8131],[15.3665,40.8121],[15.3584,40.8195],[15.3568,40.8215],[15.3567,40.8236],[15.3536,40.8242],[15.3481,40.8281],[15.3439,40.8288],[15.335,40.8349],[15.3494,40.8364],[15.361,40.8392],[15.3742,40.8348],[15.3773,40.836],[15.3783,40.8407],[15.3755,40.8486],[15.3741,40.8601],[15.378,40.8676],[15.3665,40.8719],[15.3594,40.8714],[15.357,40.8701],[15.3552,40.8709],[15.3535,40.876],[15.3542,40.8827],[15.3726,40.8857],[15.3796,40.8807],[15.3836,40.8765],[15.3881,40.8756],[15.4009,40.8789],[15.401,40.8805],[15.4021,40.8815],[15.4051,40.8808]]]}},{"type":"Feature","properties":{"i":"076059","n":"Picerno"},"geometry":{"type":"Polygon","coordinates":[[[15.6534,40.6788],[15.6541,40.677],[15.6572,40.674],[15.6675,40.6677],[15.6772,40.6672],[15.6884,40.6681],[15.7071,40.6598],[15.7089,40.6504],[15.7143,40.6392],[15.7115,40.6383],[15.7107,40.633],[15.7098,40.6314],[15.7043,40.6267],[15.6988,40.6239],[15.6948,40.619],[15.6894,40.6086],[15.6771,40.601],[15.671,40.5982],[15.6571,40.5943],[15.6535,40.5946],[15.6453,40.6002],[15.6395,40.6056],[15.6334,40.6134],[15.631,40.6186],[15.6289,40.6208],[15.6225,40.6224],[15.6141,40.6227],[15.5923,40.6173],[15.5835,40.6197],[15.5816,40.6238],[15.5815,40.6333],[15.5718,40.6379],[15.5655,40.6395],[15.5636,40.6442],[15.56,40.6643],[15.5604,40.6687],[15.5629,40.6723],[15.5783,40.6854],[15.5864,40.6743],[15.5999,40.6653],[15.6062,40.6639],[15.6174,40.6684],[15.6316,40.6771],[15.6423,40.6811],[15.6534,40.6788]]]}},{"type":"Feature","properties":{"i":"076060","n":"Pietragalla"},"geometry":{"type":"Polygon","coordinates":[[[15.8908,40.7901],[15.8967,40.7878],[15.9093,40.7807],[15.9166,40.7741],[15.9152,40.7723],[15.9056,40.7681],[15.9052,40.7654],[15.9154,40.7588],[15.921,40.7569],[15.9175,40.7508],[15.9149,40.7487],[15.9086,40.7495],[15.8988,40.7473],[15.8848,40.7421],[15.878,40.7366],[15.8779,40.7311],[15.8789,40.7282],[15.8797,40.7192],[15.874,40.7037],[15.8725,40.7019],[15.8667,40.7074],[15.8632,40.7097],[15.8227,40.7296],[15.8103,40.7332],[15.8032,40.7331],[15.8041,40.7363],[15.8014,40.7394],[15.7985,40.7386],[15.7916,40.7407],[15.7942,40.7441],[15.7952,40.7473],[15.7949,40.7633],[15.7919,40.7701],[15.7928,40.7748],[15.8031,40.7813],[15.8029,40.7825],[15.8054,40.7857],[15.8108,40.7894],[15.8165,40.7897],[15.8189,40.7921],[15.8386,40.7903],[15.8543,40.7871],[15.8678,40.7858],[15.8733,40.7872],[15.8755,40.789],[15.8853,40.7919],[15.8908,40.7901]]]}},{"type":"Feature","properties":{"i":"076061","n":"Pietrapertosa"},"geometry":{"type":"Polygon","coordinates":[[[16.0622,40.553],[16.0686,40.5451],[16.0717,40.5439],[16.0757,40.5446],[16.0778,40.5441],[16.0811,40.5413],[16.1109,40.5083],[16.1161,40.5011],[16.1164,40.4997],[16.1114,40.4923],[16.1013,40.4888],[16.0967,40.4862],[16.0956,40.4843],[16.1111,40.4665],[16.1144,40.4608],[16.1163,40.4591],[16.1192,40.458],[16.1282,40.458],[16.1411,40.4536],[16.1417,40.4511],[16.1385,40.4492],[16.1341,40.4448],[16.1321,40.4408],[16.1316,40.4355],[16.1279,40.4303],[16.1147,40.4295],[16.1019,40.4386],[16.0802,40.4491],[16.0705,40.4479],[16.0563,40.441],[16.0519,40.4474],[16.0498,40.4526],[16.0442,40.4619],[16.036,40.4779],[16.0272,40.487],[16.0221,40.4904],[16.0238,40.4946],[16.0335,40.5028],[16.0393,40.5045],[16.0525,40.5269],[16.0572,40.5309],[16.0559,40.5383],[16.0531,40.5458],[16.0478,40.5454],[16.0461,40.5456],[16.0458,40.5467],[16.0462,40.5553],[16.0489,40.5695],[16.0524,40.5663],[16.057,40.5598],[16.0582,40.5542],[16.0622,40.553]]]}},{"type":"Feature","properties":{"i":"076062","n":"Pignola"},"geometry":{"type":"Polygon","coordinates":[[[15.8624,40.5794],[15.8602,40.5756],[15.8591,40.5686],[15.8571,40.5635],[15.853,40.5599],[15.8451,40.5573],[15.8412,40.5542],[15.8404,40.5526],[15.8363,40.5523],[15.8283,40.5536],[15.8189,40.5563],[15.8158,40.5581],[15.8129,40.5564],[15.8112,40.5506],[15.8088,40.5478],[15.7978,40.5434],[15.7911,40.5423],[15.7812,40.545],[15.7783,40.5482],[15.778,40.553],[15.7765,40.558],[15.7695,40.5616],[15.7664,40.5618],[15.7663,40.5583],[15.7649,40.5563],[15.7594,40.5551],[15.7508,40.5546],[15.7448,40.5565],[15.749,40.5638],[15.7452,40.5668],[15.7305,40.5615],[15.7288,40.56],[15.7298,40.5676],[15.7288,40.5753],[15.7251,40.5819],[15.7305,40.5938],[15.7334,40.5976],[15.7513,40.6106],[15.7565,40.614],[15.7601,40.6152],[15.7644,40.6129],[15.7627,40.6101],[15.7619,40.6057],[15.7777,40.6049],[15.7937,40.6069],[15.8059,40.6033],[15.8198,40.5979],[15.8368,40.5972],[15.8379,40.5967],[15.8377,40.5942],[15.8363,40.5915],[15.8373,40.5851],[15.84,40.5831],[15.8588,40.5794],[15.8624,40.5794]]]}},{"type":"Feature","properties":{"i":"076063","n":"Potenza"},"geometry":{"type":"Polygon","coordinates":[[[15.8032,40.7331],[15.8103,40.7332],[15.8227,40.7296],[15.8667,40.7074],[15.8714,40.7023],[15.8693,40.7012],[15.8695,40.7004],[15.8748,40.697],[15.8776,40.6932],[15.8779,40.687],[15.8769,40.6835],[15.8694,40.6742],[15.871,40.6643],[15.8738,40.6591],[15.8773,40.6553],[15.8933,40.6496],[15.9022,40.6487],[15.9,40.6416],[15.8922,40.6337],[15.8916,40.625],[15.8885,40.6169],[15.8766,40.6078],[15.8636,40.5925],[15.8641,40.5851],[15.8624,40.5794],[15.8588,40.5794],[15.84,40.5831],[15.8373,40.5851],[15.8363,40.5915],[15.8377,40.5942],[15.8379,40.5967],[15.8368,40.5972],[15.8198,40.5979],[15.8059,40.6033],[15.7937,40.6069],[15.7777,40.6049],[15.7619,40.6057],[15.7627,40.6101],[15.7644,40.6129],[15.7615,40.6149],[15.757,40.6142],[15.7535,40.6115],[15.7523,40.613],[15.7231,40.6212],[15.7181,40.6254],[15.7137,40.6406],[15.7089,40.6504],[15.7071,40.6598],[15.7132,40.6598],[15.7173,40.6616],[15.7287,40.6725],[15.735,40.6757],[15.7426,40.6811],[15.7439,40.6841],[15.7426,40.6871],[15.7419,40.6941],[15.7436,40.704],[15.7713,40.7219],[15.7624,40.7287],[15.761,40.7321],[15.7606,40.7368],[15.7737,40.7407],[15.7781,40.7394],[15.7826,40.7363],[15.7839,40.7346],[15.7877,40.733],[15.8014,40.7315],[15.8032,40.7331]]]}},{"type":"Feature","properties":{"i":"076064","n":"Rapolla"},"geometry":{"type":"Polygon","coordinates":[[[15.7431,41.0156],[15.7476,41.0145],[15.7478,41.0129],[15.7454,40.9981],[15.7453,40.9887],[15.7463,40.985],[15.7411,40.9691],[15.7342,40.9728],[15.726,40.9705],[15.7256,40.9697],[15.7273,40.9646],[15.7267,40.9641],[15.7167,40.9686],[15.7097,40.9705],[15.6992,40.9726],[15.6906,40.9733],[15.6838,40.9643],[15.6695,40.9616],[15.6603,40.9607],[15.6493,40.954],[15.6472,40.9546],[15.6423,40.9594],[15.6459,40.9642],[15.6618,40.98],[15.6752,40.9839],[15.6845,40.9905],[15.6878,40.9897],[15.695,40.9897],[15.7016,40.9926],[15.7017,40.9938],[15.6982,40.9976],[15.7076,41.0083],[15.7233,41.0185],[15.7322,41.0209],[15.7428,41.022],[15.7446,41.0176],[15.7431,41.0156]]]}},{"type":"Feature","properties":{"i":"076065","n":"Rapone"},"geometry":{"type":"Polygon","coordinates":[[[15.5196,40.8357],[15.5183,40.8319],[15.5156,40.8285],[15.5065,40.8273],[15.4955,40.819],[15.4915,40.8173],[15.4888,40.817],[15.4731,40.8207],[15.4712,40.822],[15.4724,40.8339],[15.4748,40.836],[15.4789,40.8449],[15.4756,40.8658],[15.4738,40.8669],[15.4727,40.8695],[15.4724,40.8733],[15.4731,40.8749],[15.4697,40.8789],[15.4675,40.8869],[15.4676,40.8896],[15.4936,40.898],[15.493,40.8946],[15.494,40.8915],[15.4971,40.8859],[15.5023,40.8796],[15.5073,40.8759],[15.518,40.8724],[15.5231,40.87],[15.5284,40.8643],[15.5313,40.8582],[15.5282,40.8491],[15.5217,40.8405],[15.5196,40.8357]]]}},{"type":"Feature","properties":{"i":"076066","n":"Rionero in Vulture"},"geometry":{"type":"Polygon","coordinates":[[[15.6944,40.9295],[15.6843,40.9222],[15.6782,40.9203],[15.6806,40.9149],[15.6851,40.9086],[15.6972,40.8953],[15.6999,40.8943],[15.6998,40.8927],[15.6909,40.8831],[15.6861,40.8798],[15.6789,40.8843],[15.6695,40.8814],[15.6695,40.8879],[15.6668,40.8934],[15.6519,40.9016],[15.6383,40.8986],[15.6268,40.9033],[15.624,40.9065],[15.6141,40.9065],[15.6101,40.9088],[15.6104,40.914],[15.6163,40.9226],[15.6174,40.9225],[15.6196,40.9197],[15.624,40.9195],[15.6321,40.9214],[15.6454,40.9266],[15.6529,40.933],[15.6554,40.9372],[15.6531,40.9427],[15.6499,40.9458],[15.6425,40.9491],[15.6395,40.9489],[15.6236,40.9443],[15.614,40.9391],[15.6093,40.9338],[15.6091,40.9329],[15.6098,40.9323],[15.6089,40.9277],[15.6018,40.9201],[15.5875,40.9098],[15.5748,40.9087],[15.5643,40.909],[15.5602,40.9101],[15.5549,40.914],[15.5443,40.9188],[15.5349,40.9197],[15.5347,40.9246],[15.5393,40.9318],[15.5437,40.9477],[15.5495,40.9542],[15.5617,40.9637],[15.5643,40.9593],[15.5675,40.9571],[15.5869,40.9509],[15.5941,40.9506],[15.5986,40.9513],[15.6125,40.9501],[15.617,40.9481],[15.6257,40.9475],[15.633,40.9517],[15.6354,40.9507],[15.6378,40.958],[15.6379,40.9611],[15.6398,40.9611],[15.6472,40.9546],[15.6472,40.9526],[15.6553,40.9415],[15.6612,40.9394],[15.668,40.9388],[15.679,40.9348],[15.6817,40.9334],[15.6844,40.9292],[15.6887,40.9278],[15.6944,40.9295]]]}},{"type":"Feature","properties":{"i":"076067","n":"Ripacandida"},"geometry":{"type":"Polygon","coordinates":[[[15.7686,40.8737],[15.7681,40.8696],[15.7623,40.8635],[15.7608,40.8628],[15.7584,40.8564],[15.7545,40.8608],[15.7475,40.864],[15.7434,40.8652],[15.7378,40.8649],[15.7305,40.867],[15.7237,40.8704],[15.7202,40.8749],[15.7178,40.8841],[15.7122,40.8908],[15.7075,40.8931],[15.6972,40.8953],[15.6851,40.9086],[15.6806,40.9149],[15.6782,40.9203],[15.6843,40.9222],[15.6944,40.9295],[15.7042,40.9336],[15.7035,40.9269],[15.7068,40.9275],[15.7256,40.923],[15.7377,40.9232],[15.7453,40.9218],[15.7544,40.911],[15.7543,40.9082],[15.7564,40.9034],[15.7611,40.8959],[15.7655,40.8911],[15.7686,40.8737]]]}},{"type":"Feature","properties":{"i":"076068","n":"Rivello"},"geometry":{"type":"Polygon","coordinates":[[[15.7847,40.0516],[15.7689,40.047],[15.759,40.0454],[15.7565,40.0454],[15.7487,40.0502],[15.7387,40.0506],[15.7222,40.0453],[15.7216,40.0464],[15.7186,40.0475],[15.708,40.0463],[15.7033,40.0467],[15.6958,40.0505],[15.6803,40.0532],[15.6762,40.0549],[15.6758,40.0642],[15.6686,40.0732],[15.6517,40.0776],[15.6515,40.0783],[15.6522,40.0794],[15.6554,40.0807],[15.6618,40.0793],[15.6708,40.0816],[15.677,40.0845],[15.6838,40.0906],[15.6933,40.1033],[15.7058,40.1177],[15.7117,40.1164],[15.7156,40.1183],[15.7191,40.1213],[15.7301,40.1217],[15.7397,40.1142],[15.7486,40.1039],[15.7585,40.1028],[15.7696,40.1035],[15.8015,40.1157],[15.8128,40.1185],[15.8212,40.1194],[15.821,40.1135],[15.8185,40.1104],[15.8099,40.1033],[15.8006,40.0942],[15.7904,40.084],[15.7856,40.0776],[15.7824,40.0643],[15.7817,40.0568],[15.7827,40.0536],[15.7847,40.0516]]]}},{"type":"Feature","properties":{"i":"076069","n":"Roccanova"},"geometry":{"type":"Polygon","coordinates":[[[16.2353,40.2662],[16.2365,40.2629],[16.2418,40.2621],[16.2439,40.2606],[16.2372,40.2438],[16.2371,40.2417],[16.2386,40.2372],[16.2448,40.2333],[16.2484,40.225],[16.2506,40.2153],[16.2644,40.2047],[16.2767,40.1989],[16.2703,40.1904],[16.2603,40.1841],[16.2464,40.1802],[16.2357,40.1836],[16.2221,40.1855],[16.2177,40.1919],[16.2109,40.1973],[16.1999,40.1999],[16.1925,40.2051],[16.1844,40.2123],[16.1737,40.217],[16.1646,40.2188],[16.1554,40.2228],[16.1481,40.2267],[16.143,40.2318],[16.1488,40.2392],[16.1523,40.2473],[16.1526,40.2505],[16.1504,40.257],[16.1472,40.2617],[16.1601,40.2629],[16.1681,40.2611],[16.1861,40.2645],[16.1955,40.2654],[16.2183,40.2664],[16.2353,40.2662]]]}},{"type":"Feature","properties":{"i":"076070","n":"Rotonda"},"geometry":{"type":"Polygon","coordinates":[[[16.1205,39.9051],[16.1014,39.9064],[16.091,39.9031],[16.0833,39.8969],[16.081,39.8963],[16.0676,39.8965],[16.0598,39.8983],[16.0547,39.8985],[16.049,39.8948],[16.0443,39.9021],[16.0424,39.9112],[16.0415,39.9121],[16.0363,39.9167],[16.0184,39.9243],[16.0165,39.9258],[16.0167,39.9271],[16.0219,39.9341],[16.014,39.9406],[16.0106,39.9468],[16.0069,39.9569],[16.007,39.9585],[16.021,39.9758],[16.0234,39.9775],[16.0253,39.9758],[16.0503,39.9676],[16.0581,39.9642],[16.0599,39.9602],[16.0587,39.9562],[16.0624,39.9466],[16.0821,39.9338],[16.0863,39.9316],[16.0911,39.9305],[16.0998,39.9254],[16.1048,39.9216],[16.1098,39.9163],[16.1214,39.9112],[16.1222,39.9091],[16.1205,39.9051]]]}},{"type":"Feature","properties":{"i":"076071","n":"Ruoti"},"geometry":{"type":"Polygon","coordinates":[[[15.7038,40.7587],[15.7066,40.7544],[15.7065,40.7442],[15.6974,40.7298],[15.6953,40.7241],[15.7008,40.7213],[15.7244,40.7168],[15.7436,40.704],[15.7419,40.6941],[15.7426,40.6871],[15.7439,40.6841],[15.7433,40.682],[15.735,40.6757],[15.7287,40.6725],[15.7176,40.6618],[15.7132,40.6598],[15.7071,40.6598],[15.6884,40.6681],[15.6772,40.6672],[15.6675,40.6677],[15.6633,40.6697],[15.6562,40.6749],[15.6541,40.677],[15.6531,40.6807],[15.6487,40.6862],[15.6405,40.6905],[15.6342,40.697],[15.6343,40.7007],[15.6507,40.7071],[15.6591,40.724],[15.6603,40.7297],[15.6662,40.7377],[15.6798,40.7479],[15.6878,40.7498],[15.695,40.7539],[15.697,40.7562],[15.7038,40.7587]]]}},{"type":"Feature","properties":{"i":"076072","n":"Ruvo del Monte"},"geometry":{"type":"Polygon","coordinates":[[[15.6016,40.874],[15.6001,40.862],[15.5954,40.8606],[15.5934,40.8567],[15.5917,40.8556],[15.5866,40.8549],[15.5768,40.8556],[15.5738,40.844],[15.5557,40.8412],[15.5529,40.8439],[15.5457,40.8436],[15.5438,40.842],[15.544,40.8401],[15.5407,40.8381],[15.5304,40.8349],[15.5242,40.8344],[15.5196,40.8357],[15.5217,40.8405],[15.5282,40.8491],[15.5313,40.8582],[15.5284,40.8643],[15.5229,40.8702],[15.5073,40.8759],[15.5023,40.8796],[15.4971,40.8859],[15.494,40.8915],[15.493,40.8946],[15.4936,40.898],[15.4991,40.8995],[15.5026,40.9018],[15.5272,40.9078],[15.5286,40.9112],[15.5285,40.9138],[15.5322,40.918],[15.5349,40.9197],[15.5372,40.9187],[15.5381,40.9174],[15.5381,40.9152],[15.5356,40.912],[15.5363,40.9063],[15.5462,40.8939],[15.5576,40.8837],[15.5595,40.8808],[15.5532,40.8767],[15.559,40.8689],[15.5772,40.8597],[15.5841,40.8673],[15.5934,40.8732],[15.596,40.8728],[15.6016,40.874]]]}},{"type":"Feature","properties":{"i":"076073","n":"San Chirico Nuovo"},"geometry":{"type":"Polygon","coordinates":[[[16.1283,40.6947],[16.1184,40.6854],[16.1014,40.6731],[16.0853,40.6683],[16.0809,40.666],[16.0797,40.6629],[16.0742,40.6607],[16.0689,40.6606],[16.0642,40.6616],[16.0596,40.6597],[16.0561,40.6564],[16.0555,40.6505],[16.0482,40.6356],[16.0365,40.6323],[16.0303,40.6328],[16.0332,40.6655],[16.0532,40.6744],[16.0551,40.6835],[16.054,40.687],[16.0548,40.6894],[16.0574,40.6923],[16.0703,40.6969],[16.073,40.7001],[16.078,40.7037],[16.0857,40.6964],[16.089,40.6951],[16.09,40.6918],[16.0895,40.6849],[16.0992,40.6893],[16.1097,40.6962],[16.1192,40.6953],[16.1241,40.694],[16.1283,40.6947]]]}},{"type":"Feature","properties":{"i":"076074","n":"San Chirico Raparo"},"geometry":{"type":"Polygon","coordinates":[[[16.1069,40.1602],[16.0941,40.1592],[16.0799,40.1621],[16.0734,40.1654],[16.0653,40.1665],[16.0422,40.1587],[16.0383,40.1582],[16.0335,40.1588],[16.0343,40.1646],[16.0301,40.175],[16.0251,40.1831],[16.0268,40.1878],[16.0268,40.1914],[16.0065,40.2004],[15.9912,40.2027],[15.9811,40.2023],[15.9743,40.2092],[15.9722,40.2095],[15.973,40.2119],[15.9865,40.2241],[15.988,40.2276],[15.9985,40.2271],[16.0107,40.2243],[16.0129,40.2222],[16.0134,40.22],[16.0167,40.2176],[16.0301,40.2185],[16.0356,40.22],[16.0425,40.2203],[16.0498,40.22],[16.0535,40.2177],[16.0639,40.2181],[16.0675,40.2211],[16.0744,40.2334],[16.0778,40.243],[16.0797,40.258],[16.0872,40.2566],[16.0864,40.2538],[16.0863,40.2471],[16.0926,40.2425],[16.0994,40.2315],[16.1102,40.2319],[16.1123,40.2334],[16.1217,40.231],[16.1276,40.2311],[16.1375,40.2491],[16.1397,40.2517],[16.1418,40.2592],[16.1412,40.2603],[16.1472,40.2617],[16.1504,40.257],[16.1526,40.2505],[16.1523,40.2473],[16.1488,40.2392],[16.143,40.2318],[16.1426,40.2303],[16.1399,40.2022],[16.1405,40.192],[16.1389,40.1862],[16.133,40.1864],[16.1245,40.181],[16.1233,40.178],[16.112,40.1642],[16.1069,40.1602]]]}},{"type":"Feature","properties":{"i":"076075","n":"San Costantino Albanese"},"geometry":{"type":"Polygon","coordinates":[[[16.3227,40.0495],[16.3199,40.0457],[16.3162,40.0337],[16.3156,40.0271],[16.3161,40.0183],[16.3104,40.0154],[16.2972,40.011],[16.2908,40.0097],[16.2764,39.9995],[16.2667,39.9996],[16.2642,40.0078],[16.2567,40.0173],[16.2443,40.0231],[16.2448,40.0322],[16.2479,40.0456],[16.251,40.0495],[16.256,40.0621],[16.2573,40.0711],[16.2572,40.0757],[16.2532,40.0842],[16.2573,40.0874],[16.2643,40.0893],[16.2687,40.0896],[16.2839,40.0836],[16.2842,40.0812],[16.2882,40.0783],[16.3029,40.0723],[16.3045,40.0596],[16.3096,40.0553],[16.3227,40.0495]]]}},{"type":"Feature","properties":{"i":"076076","n":"San Fele"},"geometry":{"type":"Polygon","coordinates":[[[15.6815,40.8331],[15.6806,40.8299],[15.683,40.822],[15.6829,40.8186],[15.6796,40.8071],[15.6773,40.8046],[15.6754,40.8039],[15.6605,40.8027],[15.6601,40.8001],[15.6615,40.7945],[15.6666,40.7858],[15.6666,40.7833],[15.661,40.7835],[15.6502,40.7812],[15.6468,40.7766],[15.6456,40.7735],[15.6381,40.7665],[15.6189,40.7707],[15.5972,40.7791],[15.5887,40.7778],[15.5769,40.7846],[15.5646,40.7885],[15.5538,40.798],[15.55,40.7968],[15.5436,40.7928],[15.534,40.7956],[15.5302,40.7921],[15.5245,40.7888],[15.5227,40.7917],[15.5112,40.799],[15.4975,40.8018],[15.4874,40.8027],[15.4829,40.8129],[15.4808,40.8153],[15.4747,40.8177],[15.4671,40.8187],[15.4712,40.822],[15.4731,40.8207],[15.4888,40.817],[15.4915,40.8173],[15.4955,40.819],[15.5065,40.8273],[15.5156,40.8285],[15.5183,40.8319],[15.5196,40.8357],[15.5242,40.8344],[15.5304,40.8349],[15.5407,40.8381],[15.544,40.8401],[15.5438,40.842],[15.5457,40.8436],[15.5529,40.8439],[15.5557,40.8412],[15.5738,40.844],[15.5768,40.8556],[15.5866,40.8549],[15.5917,40.8556],[15.5938,40.8574],[15.5984,40.8572],[15.6001,40.862],[15.6016,40.874],[15.6052,40.8739],[15.6108,40.8756],[15.6144,40.8784],[15.616,40.8774],[15.6164,40.875],[15.6139,40.8643],[15.6099,40.858],[15.606,40.8549],[15.6037,40.8511],[15.6016,40.8449],[15.6022,40.8385],[15.6034,40.8367],[15.6093,40.832],[15.6135,40.8308],[15.6229,40.8365],[15.628,40.8441],[15.6363,40.8455],[15.6413,40.841],[15.6459,40.8396],[15.6538,40.8407],[15.6562,40.8448],[15.6634,40.8449],[15.6665,40.8412],[15.6666,40.84],[15.6649,40.8391],[15.663,40.8395],[15.6619,40.8341],[15.6624,40.8327],[15.6716,40.8296],[15.68,40.8334],[15.6815,40.8331]],[[15.6705,40.8182],[15.6743,40.8201],[15.6744,40.8224],[15.6696,40.8215],[15.6705,40.8182]],[[15.6621,40.8387],[15.6616,40.8437],[15.6527,40.8379],[15.654,40.8363],[15.6613,40.8374],[15.6621,40.8387]]]}},{"type":"Feature","properties":{"i":"076077","n":"San Martino d'Agri"},"geometry":{"type":"MultiPolygon","coordinates":[[[[16.1412,40.2603],[16.1418,40.2592],[16.1397,40.2517],[16.1375,40.2491],[16.1276,40.2311],[16.1217,40.231],[16.1123,40.2334],[16.1102,40.2319],[16.0994,40.2315],[16.0926,40.2425],[16.0863,40.2471],[16.0864,40.2538],[16.0872,40.2566],[16.0965,40.2571],[16.1057,40.2595],[16.1133,40.2632],[16.125,40.2614],[16.1412,40.2603]]],[[[16.0797,40.258],[16.0778,40.243],[16.0744,40.2334],[16.0675,40.2211],[16.0639,40.2181],[16.0535,40.2177],[16.0498,40.22],[16.0425,40.2203],[16.0356,40.22],[16.0301,40.2185],[16.0167,40.2176],[16.0134,40.22],[16.0129,40.2222],[16.0107,40.2243],[15.9985,40.2271],[15.988,40.2276],[15.9862,40.2422],[15.9842,40.2476],[15.9839,40.253],[15.9849,40.2564],[15.9968,40.261],[16.0041,40.2609],[16.0067,40.2718],[16.0096,40.2704],[16.0375,40.2712],[16.0457,40.2694],[16.0491,40.2714],[16.0513,40.2717],[16.0532,40.271],[16.0638,40.2634],[16.0744,40.2587],[16.0797,40.258]]]]}},{"type":"Feature","properties":{"i":"076078","n":"San Severino Lucano"},"geometry":{"type":"Polygon","coordinates":[[[16.2141,39.9932],[16.2152,39.9882],[16.2197,39.9818],[16.2234,39.9789],[16.2236,39.9777],[16.2214,39.9724],[16.2113,39.9602],[16.1999,39.9519],[16.1945,39.9574],[16.1834,39.9571],[16.1844,39.9485],[16.172,39.9419],[16.1702,39.9487],[16.1706,39.9556],[16.1752,39.9666],[16.1726,39.98],[16.1659,39.9875],[16.1606,39.9911],[16.1454,40.0054],[16.1401,40.0083],[16.1335,40.0134],[16.1286,40.0192],[16.1283,40.022],[16.1228,40.0328],[16.1197,40.0415],[16.1251,40.0464],[16.1248,40.0495],[16.1196,40.049],[16.1086,40.0446],[16.1016,40.0354],[16.0977,40.0339],[16.0924,40.0534],[16.0911,40.0551],[16.0948,40.0545],[16.0973,40.0528],[16.1014,40.0528],[16.1128,40.0547],[16.1244,40.0599],[16.1317,40.0613],[16.1374,40.0644],[16.1374,40.0638],[16.1408,40.063],[16.1482,40.0621],[16.1532,40.0624],[16.154,40.0633],[16.1559,40.0633],[16.1602,40.0602],[16.1606,40.0564],[16.1565,40.0536],[16.1504,40.0522],[16.148,40.049],[16.1445,40.0389],[16.1502,40.0352],[16.1684,40.0353],[16.1714,40.0393],[16.1715,40.0418],[16.1697,40.0433],[16.1694,40.0445],[16.1832,40.0509],[16.1857,40.0495],[16.1867,40.0479],[16.1905,40.0478],[16.1913,40.0488],[16.1915,40.053],[16.1893,40.059],[16.1933,40.0624],[16.1933,40.0529],[16.194,40.0503],[16.1965,40.0455],[16.1999,40.0423],[16.2027,40.0372],[16.2052,40.0291],[16.2086,40.0068],[16.2084,40.0007],[16.2141,39.9932]]]}},{"type":"Feature","properties":{"i":"076079","n":"Sant'Angelo Le Fratte"},"geometry":{"type":"Polygon","coordinates":[[[15.6018,40.5602],[15.6061,40.5527],[15.6061,40.5496],[15.6052,40.5476],[15.5996,40.5467],[15.5995,40.5376],[15.5956,40.534],[15.5898,40.5314],[15.5836,40.5347],[15.5708,40.5309],[15.5659,40.5262],[15.564,40.5216],[15.5572,40.514],[15.5505,40.5092],[15.549,40.5113],[15.543,40.5148],[15.5353,40.5223],[15.54,40.5244],[15.542,40.5324],[15.5377,40.5396],[15.5381,40.5415],[15.536,40.5454],[15.5288,40.5564],[15.5304,40.5598],[15.5366,40.5665],[15.5393,40.5681],[15.5425,40.5648],[15.5482,40.5565],[15.5508,40.5554],[15.5542,40.5568],[15.5678,40.5572],[15.5761,40.5599],[15.5804,40.5623],[15.5833,40.5649],[15.5922,40.5665],[15.5976,40.5617],[15.6018,40.5602]]]}},{"type":"Feature","properties":{"i":"076080","n":"Sant'Arcangelo"},"geometry":{"type":"Polygon","coordinates":[[[16.3697,40.2558],[16.3703,40.2533],[16.3698,40.2498],[16.3621,40.2437],[16.3602,40.2354],[16.361,40.2315],[16.3587,40.2245],[16.3546,40.2215],[16.349,40.2155],[16.3501,40.2078],[16.3476,40.2083],[16.3374,40.213],[16.3171,40.2115],[16.3124,40.209],[16.3097,40.2021],[16.3081,40.2007],[16.3005,40.2005],[16.2959,40.2017],[16.2853,40.2014],[16.2829,40.1997],[16.2767,40.1989],[16.2644,40.2047],[16.2506,40.2153],[16.2484,40.225],[16.2448,40.2333],[16.2386,40.2372],[16.2371,40.2417],[16.2372,40.2438],[16.2439,40.2606],[16.2418,40.2621],[16.2365,40.2629],[16.2353,40.2662],[16.2445,40.2672],[16.2509,40.2722],[16.2568,40.2741],[16.2606,40.2738],[16.272,40.2706],[16.2844,40.2689],[16.2931,40.2695],[16.3102,40.2734],[16.3155,40.2761],[16.3189,40.2797],[16.328,40.298],[16.3326,40.304],[16.3463,40.3069],[16.3522,40.3098],[16.3756,40.3104],[16.3748,40.2964],[16.364,40.2879],[16.3676,40.281],[16.3714,40.2779],[16.3727,40.2706],[16.3677,40.2624],[16.3685,40.257],[16.3697,40.2558]]]}},{"type":"Feature","properties":{"i":"076081","n":"Sarconi"},"geometry":{"type":"Polygon","coordinates":[[[15.9423,40.2622],[15.9388,40.2571],[15.9337,40.2541],[15.9271,40.246],[15.9262,40.2355],[15.9293,40.2254],[15.9306,40.2177],[15.9286,40.2132],[15.9288,40.2046],[15.9371,40.1984],[15.9399,40.198],[15.9354,40.195],[15.9308,40.1845],[15.9241,40.1797],[15.9172,40.1767],[15.9177,40.1788],[15.9146,40.1831],[15.9031,40.1939],[15.902,40.2065],[15.8965,40.2198],[15.8941,40.2226],[15.8924,40.2234],[15.8864,40.2252],[15.8788,40.2259],[15.8757,40.2331],[15.8753,40.2358],[15.8802,40.24],[15.8841,40.248],[15.8831,40.2507],[15.8807,40.2524],[15.8789,40.2557],[15.8794,40.2578],[15.8827,40.2625],[15.8917,40.2628],[15.9148,40.2599],[15.9182,40.2612],[15.9203,40.2629],[15.9211,40.2647],[15.924,40.2666],[15.9316,40.2691],[15.9355,40.2652],[15.9423,40.2622]]]}},{"type":"Feature","properties":{"i":"076082","n":"Sasso di Castalda"},"geometry":{"type":"Polygon","coordinates":[[[15.7385,40.4862],[15.7381,40.4834],[15.7366,40.4809],[15.7236,40.471],[15.7141,40.4675],[15.7043,40.4596],[15.699,40.4569],[15.6893,40.4561],[15.6859,40.4551],[15.6816,40.452],[15.6819,40.4477],[15.6811,40.4469],[15.6731,40.4445],[15.668,40.444],[15.6645,40.4523],[15.6556,40.4604],[15.6593,40.4634],[15.6633,40.4648],[15.6641,40.4672],[15.6609,40.4782],[15.6538,40.4962],[15.6481,40.5047],[15.6441,40.5139],[15.6777,40.5175],[15.6811,40.515],[15.6842,40.5147],[15.6993,40.5197],[15.7152,40.5213],[15.7218,40.5257],[15.7233,40.5169],[15.7487,40.5007],[15.7488,40.4986],[15.748,40.4968],[15.7385,40.4862]]]}},{"type":"Feature","properties":{"i":"076083","n":"Satriano di Lucania"},"geometry":{"type":"Polygon","coordinates":[[[15.6777,40.5175],[15.6416,40.5133],[15.6367,40.5138],[15.6279,40.5157],[15.6215,40.5197],[15.607,40.527],[15.5949,40.531],[15.5898,40.5314],[15.5921,40.5325],[15.5973,40.5332],[15.6019,40.5354],[15.6065,40.5397],[15.6052,40.5476],[15.6063,40.5514],[15.6018,40.5602],[15.6001,40.5754],[15.599,40.5785],[15.5998,40.5832],[15.6038,40.581],[15.6076,40.5811],[15.623,40.5711],[15.6475,40.5635],[15.6564,40.5589],[15.6566,40.5567],[15.6674,40.5461],[15.6733,40.5431],[15.6801,40.5347],[15.6815,40.5274],[15.6727,40.5237],[15.6777,40.5175]]]}},{"type":"Feature","properties":{"i":"076084","n":"Savoia di Lucania"},"geometry":{"type":"Polygon","coordinates":[[[15.6386,40.607],[15.636,40.6021],[15.6328,40.5994],[15.5998,40.5832],[15.599,40.5785],[15.6001,40.5754],[15.6018,40.5602],[15.5976,40.5617],[15.5922,40.5665],[15.5833,40.5649],[15.5804,40.5623],[15.5761,40.5599],[15.5678,40.5572],[15.5542,40.5568],[15.5508,40.5554],[15.5482,40.5565],[15.5425,40.5648],[15.5321,40.5739],[15.5321,40.5755],[15.5374,40.5828],[15.5471,40.5926],[15.5519,40.5961],[15.5561,40.5961],[15.5616,40.5939],[15.5664,40.5934],[15.57,40.5934],[15.5747,40.5953],[15.5923,40.6173],[15.5949,40.6184],[15.6141,40.6227],[15.6217,40.6225],[15.6289,40.6208],[15.631,40.6186],[15.6334,40.6134],[15.6386,40.607]]]}},{"type":"Feature","properties":{"i":"076085","n":"Senise"},"geometry":{"type":"Polygon","coordinates":[[[16.3501,40.2078],[16.3491,40.2047],[16.3512,40.2004],[16.3532,40.1987],[16.3594,40.1862],[16.3703,40.1837],[16.3806,40.1761],[16.3759,40.1751],[16.369,40.1704],[16.3667,40.1655],[16.3678,40.1602],[16.3726,40.1542],[16.3778,40.1516],[16.3835,40.1516],[16.3743,40.1464],[16.3618,40.1415],[16.3582,40.1338],[16.3517,40.127],[16.3505,40.1233],[16.3476,40.1227],[16.3421,40.1194],[16.3402,40.1165],[16.3353,40.1127],[16.3237,40.1074],[16.3143,40.1061],[16.3072,40.1086],[16.2927,40.1046],[16.2768,40.109],[16.2772,40.1012],[16.2741,40.0923],[16.2712,40.0902],[16.2665,40.0909],[16.2572,40.0983],[16.2534,40.1061],[16.2667,40.1091],[16.2844,40.1186],[16.2765,40.1262],[16.2618,40.1371],[16.241,40.144],[16.2403,40.1543],[16.2486,40.1769],[16.2464,40.1802],[16.2603,40.1841],[16.2703,40.1904],[16.2767,40.1989],[16.2829,40.1997],[16.2853,40.2014],[16.2959,40.2017],[16.3005,40.2005],[16.3081,40.2007],[16.3097,40.2021],[16.3124,40.209],[16.3171,40.2115],[16.3374,40.213],[16.3476,40.2083],[16.3501,40.2078]]]}},{"type":"Feature","properties":{"i":"076086","n":"Spinoso"},"geometry":{"type":"Polygon","coordinates":[[[16.0067,40.2718],[16.0041,40.2609],[15.9968,40.261],[15.9849,40.2564],[15.9839,40.253],[15.9842,40.2476],[15.9862,40.2422],[15.988,40.2276],[15.9865,40.2241],[15.9738,40.2132],[15.9722,40.2095],[15.9612,40.2091],[15.9522,40.2077],[15.9456,40.2041],[15.9416,40.201],[15.9395,40.1979],[15.9371,40.1984],[15.9288,40.2046],[15.9286,40.2132],[15.9306,40.2177],[15.9293,40.2254],[15.9262,40.2355],[15.9271,40.246],[15.9337,40.2541],[15.9392,40.2576],[15.9423,40.2622],[15.9481,40.2683],[15.9566,40.2805],[15.971,40.2825],[15.9726,40.2819],[15.9725,40.2803],[15.9791,40.2788],[15.9904,40.277],[15.9966,40.2777],[16.0014,40.2762],[16.0067,40.2718]]]}},{"type":"Feature","properties":{"i":"076087","n":"Teana"},"geometry":{"type":"Polygon","coordinates":[[[16.2111,40.1388],[16.2046,40.1327],[16.1976,40.1304],[16.1903,40.1294],[16.1773,40.1294],[16.1725,40.1268],[16.1708,40.1234],[16.1633,40.1182],[16.1489,40.1132],[16.1412,40.1086],[16.1345,40.1065],[16.1214,40.1045],[16.1124,40.1139],[16.1105,40.1198],[16.1119,40.1235],[16.1229,40.1348],[16.1323,40.1404],[16.1426,40.1429],[16.1496,40.1433],[16.168,40.1392],[16.1758,40.1382],[16.1975,40.1437],[16.2019,40.1427],[16.2031,40.1409],[16.2058,40.1391],[16.2111,40.1388]]]}},{"type":"Feature","properties":{"i":"076088","n":"Terranova di Pollino"},"geometry":{"type":"Polygon","coordinates":[[[16.3161,40.0183],[16.3214,40.008],[16.3225,39.9989],[16.3261,39.9935],[16.3294,39.9942],[16.3427,39.989],[16.3479,39.9862],[16.3501,39.983],[16.3528,39.9813],[16.3649,39.9785],[16.3673,39.9748],[16.3608,39.9664],[16.3625,39.9636],[16.3621,39.9602],[16.3581,39.9541],[16.3502,39.9514],[16.3469,39.9494],[16.3399,39.9373],[16.3398,39.9329],[16.3477,39.9249],[16.3597,39.9196],[16.3593,39.9171],[16.3555,39.9089],[16.3552,39.9018],[16.3503,39.8987],[16.344,39.902],[16.3412,39.9046],[16.3402,39.9068],[16.3162,39.9291],[16.3054,39.9335],[16.2833,39.9309],[16.279,39.9325],[16.2667,39.9349],[16.2536,39.9323],[16.2424,39.9269],[16.2336,39.9247],[16.2302,39.9249],[16.2203,39.928],[16.2168,39.928],[16.2143,39.9266],[16.2143,39.9256],[16.2194,39.9176],[16.2186,39.9092],[16.2147,39.896],[16.1998,39.9005],[16.192,39.9048],[16.1886,39.9076],[16.1909,39.9112],[16.2022,39.9225],[16.1968,39.9328],[16.1936,39.9471],[16.1974,39.9488],[16.1995,39.9504],[16.1999,39.9519],[16.2113,39.9602],[16.2214,39.9724],[16.2236,39.9777],[16.2234,39.9789],[16.2197,39.9818],[16.2152,39.9882],[16.2141,39.9932],[16.2216,39.9934],[16.235,39.9978],[16.2398,40.0007],[16.2435,40.0125],[16.2446,40.0182],[16.2443,40.0231],[16.2567,40.0173],[16.2642,40.0078],[16.2667,39.9996],[16.2764,39.9995],[16.2908,40.0097],[16.2972,40.011],[16.3104,40.0154],[16.3161,40.0183]]]}},{"type":"Feature","properties":{"i":"076089","n":"Tito"},"geometry":{"type":"MultiPolygon","coordinates":[[[[15.5921,40.5325],[15.5956,40.534],[15.5993,40.5371],[15.5996,40.5467],[15.6052,40.5476],[15.6065,40.5397],[15.6019,40.5354],[15.5973,40.5332],[15.5921,40.5325]]],[[[15.7535,40.6115],[15.7513,40.6106],[15.7334,40.5976],[15.7305,40.5938],[15.7251,40.5819],[15.7288,40.5753],[15.7298,40.5676],[15.7286,40.5623],[15.7288,40.5592],[15.7268,40.5581],[15.719,40.5576],[15.7162,40.5552],[15.7115,40.5495],[15.7124,40.5399],[15.7177,40.5297],[15.7218,40.5257],[15.7152,40.5213],[15.6993,40.5197],[15.6842,40.5147],[15.6811,40.515],[15.6788,40.5164],[15.6727,40.5237],[15.6815,40.5274],[15.6801,40.5347],[15.6733,40.5431],[15.6674,40.5461],[15.6566,40.5567],[15.6564,40.5589],[15.6475,40.5635],[15.623,40.5711],[15.6076,40.5811],[15.6038,40.581],[15.5998,40.5832],[15.6328,40.5994],[15.636,40.6021],[15.6386,40.607],[15.6453,40.6002],[15.6539,40.5944],[15.6571,40.5943],[15.6682,40.597],[15.6771,40.601],[15.6894,40.6086],[15.6948,40.619],[15.6988,40.6239],[15.7043,40.6267],[15.71,40.6316],[15.711,40.6374],[15.7124,40.6389],[15.7142,40.639],[15.7181,40.6254],[15.7208,40.6225],[15.7231,40.6212],[15.7523,40.613],[15.7535,40.6115]]]]}},{"type":"Feature","properties":{"i":"076090","n":"Tolve"},"geometry":{"type":"Polygon","coordinates":[[[16.1301,40.7485],[16.1347,40.742],[16.1422,40.7372],[16.1493,40.7306],[16.149,40.7204],[16.1512,40.7192],[16.1474,40.7152],[16.1472,40.7115],[16.1489,40.7032],[16.1459,40.6957],[16.1361,40.6971],[16.1241,40.694],[16.1192,40.6953],[16.1097,40.6962],[16.0992,40.6893],[16.0895,40.6849],[16.09,40.6918],[16.089,40.6951],[16.0857,40.6964],[16.078,40.7037],[16.073,40.7001],[16.0703,40.6969],[16.0577,40.6924],[16.0548,40.6894],[16.054,40.6857],[16.0551,40.6835],[16.0532,40.6744],[16.0332,40.6655],[16.0303,40.6328],[16.0174,40.6339],[16.0051,40.6362],[15.995,40.6396],[15.9898,40.6453],[15.9848,40.6492],[15.9774,40.6517],[15.9727,40.659],[15.9727,40.6615],[15.9738,40.6625],[15.974,40.6647],[15.9638,40.6694],[15.962,40.6741],[15.9622,40.6802],[15.9647,40.6845],[15.965,40.6898],[15.9522,40.6981],[15.9448,40.6985],[15.9388,40.7015],[15.9433,40.7081],[15.9561,40.7149],[15.9643,40.7176],[15.9663,40.7205],[15.9663,40.7254],[15.9738,40.7371],[15.9789,40.7432],[15.9938,40.745],[15.9994,40.7445],[16.0015,40.744],[16.0034,40.7415],[16.0139,40.7382],[16.0191,40.7392],[16.0465,40.7506],[16.0535,40.7492],[16.0598,40.7451],[16.0633,40.7452],[16.0691,40.7476],[16.0783,40.7489],[16.0886,40.7483],[16.1015,40.7496],[16.1076,40.7514],[16.1159,40.7516],[16.1211,40.7498],[16.1301,40.7485]]]}},{"type":"Feature","properties":{"i":"076091","n":"Tramutola"},"geometry":{"type":"Polygon","coordinates":[[[15.8235,40.3229],[15.819,40.3209],[15.8162,40.3176],[15.8054,40.3109],[15.8077,40.3054],[15.8092,40.304],[15.8109,40.2974],[15.8019,40.2893],[15.8017,40.2789],[15.798,40.2803],[15.7952,40.2849],[15.7897,40.29],[15.7669,40.2941],[15.765,40.2984],[15.7577,40.2996],[15.7492,40.2987],[15.7438,40.3008],[15.7269,40.3154],[15.7273,40.3176],[15.7262,40.3223],[15.721,40.3245],[15.7203,40.3268],[15.7398,40.3308],[15.7542,40.3348],[15.8138,40.3552],[15.8186,40.3534],[15.8123,40.3493],[15.8097,40.3364],[15.8147,40.3287],[15.8235,40.3229]]]}},{"type":"Feature","properties":{"i":"076092","n":"Trecchina"},"geometry":{"type":"Polygon","coordinates":[[[15.7961,40.045],[15.8049,40.0402],[15.8076,40.0356],[15.8117,40.023],[15.8088,40.011],[15.8141,40.0051],[15.8188,40.0051],[15.8201,40.0019],[15.8196,39.9981],[15.8182,39.9962],[15.8146,39.9946],[15.8019,39.9827],[15.7951,39.9717],[15.7896,39.9686],[15.7871,39.9682],[15.7871,39.9814],[15.7892,39.9897],[15.778,40.0056],[15.7689,40.0048],[15.7637,40.001],[15.7565,40.0014],[15.7441,40.0132],[15.7431,40.0169],[15.7407,40.021],[15.7308,40.0269],[15.7221,40.0395],[15.7199,40.0441],[15.7387,40.0506],[15.7487,40.0502],[15.7565,40.0454],[15.759,40.0454],[15.7689,40.047],[15.7847,40.0516],[15.7961,40.045]]]}},{"type":"Feature","properties":{"i":"076093","n":"Trivigno"},"geometry":{"type":"Polygon","coordinates":[[[16.0228,40.5726],[16.0219,40.5691],[16.0165,40.5649],[16.0071,40.5557],[15.9993,40.5421],[15.9957,40.5374],[15.9906,40.5323],[15.9873,40.5312],[15.9752,40.54],[15.966,40.5503],[15.9591,40.5534],[15.9569,40.5553],[15.9507,40.5613],[15.948,40.5665],[15.9451,40.57],[15.9394,40.5734],[15.9441,40.5787],[15.9663,40.5828],[15.9713,40.5846],[15.9795,40.5892],[15.9873,40.595],[15.99,40.5953],[15.9918,40.595],[15.9994,40.5888],[16.0145,40.5804],[16.0178,40.5777],[16.0184,40.5752],[16.0201,40.5729],[16.0228,40.5726]]]}},{"type":"Feature","properties":{"i":"076094","n":"Vaglio Basilicata"},"geometry":{"type":"Polygon","coordinates":[[[15.9813,40.6502],[15.9812,40.6488],[15.9803,40.6483],[15.9733,40.6459],[15.9662,40.6465],[15.9598,40.6488],[15.9536,40.6484],[15.9414,40.6379],[15.9376,40.6444],[15.9269,40.649],[15.9173,40.6512],[15.9022,40.6487],[15.8976,40.6488],[15.8933,40.6496],[15.8771,40.6554],[15.8738,40.6591],[15.871,40.6643],[15.8694,40.6742],[15.8769,40.6835],[15.8779,40.687],[15.8776,40.6932],[15.8748,40.697],[15.8692,40.701],[15.8714,40.7023],[15.8898,40.7013],[15.9082,40.6931],[15.9104,40.6929],[15.9255,40.6935],[15.9346,40.6957],[15.9388,40.7015],[15.9448,40.6985],[15.9522,40.6981],[15.965,40.6898],[15.9647,40.6845],[15.9622,40.6802],[15.962,40.6741],[15.9638,40.6694],[15.9735,40.6653],[15.9741,40.6642],[15.9727,40.6615],[15.9727,40.659],[15.9772,40.6519],[15.9813,40.6502]]]}},{"type":"Feature","properties":{"i":"076095","n":"Venosa"},"geometry":{"type":"Polygon","coordinates":[[[15.8973,41.0635],[15.898,41.0604],[15.913,41.0441],[15.915,41.0402],[15.9171,41.0343],[15.9167,41.0295],[15.9155,41.0266],[15.9149,41.0186],[15.9157,41.0145],[15.9149,41.0132],[15.8976,41.0056],[15.8877,40.9948],[15.8909,40.9923],[15.9022,40.9875],[15.9201,40.9825],[15.9366,40.9791],[15.9546,40.9739],[15.9718,40.9721],[15.9766,40.9585],[15.9739,40.9602],[15.9684,40.9618],[15.9614,40.9631],[15.9566,40.9625],[15.9581,40.9607],[15.9589,40.9537],[15.9565,40.9504],[15.9447,40.9532],[15.9269,40.9601],[15.9229,40.9604],[15.9219,40.9588],[15.9136,40.9558],[15.9081,40.9549],[15.9014,40.9521],[15.8996,40.9505],[15.8957,40.9439],[15.8873,40.938],[15.86,40.9282],[15.8449,40.9288],[15.8385,40.931],[15.8247,40.9336],[15.7957,40.932],[15.7879,40.9272],[15.7844,40.9232],[15.7757,40.9188],[15.7723,40.9189],[15.7646,40.9163],[15.7626,40.9139],[15.7591,40.9209],[15.7574,40.9286],[15.7571,40.9344],[15.7521,40.9362],[15.7437,40.937],[15.7425,40.9394],[15.7408,40.949],[15.7385,40.9473],[15.7357,40.9521],[15.7357,40.9535],[15.739,40.9572],[15.7411,40.9691],[15.7463,40.985],[15.7453,40.9887],[15.7454,40.9981],[15.7478,41.0139],[15.7472,41.0146],[15.7431,41.0156],[15.7459,41.0161],[15.7539,41.0207],[15.7992,41.0207],[15.806,41.0197],[15.8132,41.017],[15.819,41.016],[15.823,41.0173],[15.8442,41.034],[15.8495,41.0339],[15.8562,41.0417],[15.8612,41.0526],[15.8668,41.0549],[15.8672,41.0558],[15.8659,41.0624],[15.8611,41.0657],[15.8591,41.0688],[15.8631,41.0792],[15.8698,41.0813],[15.8869,41.0901],[15.8909,41.0871],[15.8766,41.0766],[15.8691,41.0704],[15.8675,41.0683],[15.8684,41.0584],[15.8709,41.0456],[15.8796,41.0406],[15.892,41.055],[15.8935,41.0587],[15.8973,41.0635]]]}},{"type":"Feature","properties":{"i":"076096","n":"Vietri di Potenza"},"geometry":{"type":"Polygon","coordinates":[[[15.5923,40.6173],[15.5747,40.5953],[15.57,40.5934],[15.5664,40.5934],[15.5616,40.5939],[15.5561,40.5961],[15.5519,40.5961],[15.5471,40.5926],[15.5374,40.5828],[15.5321,40.5755],[15.5326,40.573],[15.5227,40.5703],[15.5199,40.5705],[15.5153,40.5735],[15.515,40.5802],[15.5101,40.5857],[15.5056,40.587],[15.5007,40.5856],[15.4909,40.5868],[15.4888,40.5888],[15.4886,40.5912],[15.4877,40.5922],[15.4838,40.5936],[15.474,40.5927],[15.4723,40.5935],[15.4641,40.6036],[15.4541,40.6065],[15.4495,40.6091],[15.4529,40.6123],[15.4556,40.618],[15.4649,40.6279],[15.4653,40.6309],[15.4867,40.6285],[15.4923,40.6292],[15.4996,40.6325],[15.518,40.6349],[15.5427,40.6291],[15.5478,40.6309],[15.5517,40.6342],[15.56,40.6383],[15.5655,40.6395],[15.5718,40.6379],[15.5815,40.6333],[15.5816,40.6238],[15.5835,40.6197],[15.5923,40.6173]]]}},{"type":"Feature","properties":{"i":"076097","n":"Viggianello"},"geometry":{"type":"Polygon","coordinates":[[[16.172,39.9419],[16.1683,39.9325],[16.1704,39.9304],[16.178,39.9279],[16.1767,39.9276],[16.1759,39.9257],[16.1755,39.9123],[16.158,39.9197],[16.1499,39.9144],[16.138,39.9014],[16.135,39.9034],[16.1342,39.9048],[16.1284,39.9062],[16.1205,39.9051],[16.1222,39.9091],[16.1214,39.9112],[16.1098,39.9163],[16.1048,39.9216],[16.0998,39.9254],[16.0911,39.9305],[16.0863,39.9316],[16.0821,39.9338],[16.0624,39.9466],[16.0587,39.9562],[16.0599,39.9602],[16.0581,39.9642],[16.0503,39.9676],[16.0253,39.9758],[16.0298,39.9781],[16.0338,39.9828],[16.0307,39.9913],[16.0351,39.9955],[16.0406,40.003],[16.0402,40.0068],[16.0419,40.0124],[16.0496,40.0222],[16.0497,40.0265],[16.0521,40.0321],[16.0562,40.0348],[16.0772,40.0355],[16.0821,40.0296],[16.0821,40.0262],[16.0844,40.024],[16.0952,40.0289],[16.0974,40.0318],[16.0977,40.0339],[16.1016,40.0354],[16.1086,40.0446],[16.1196,40.049],[16.1246,40.0496],[16.1252,40.0466],[16.1197,40.0415],[16.1228,40.0328],[16.1283,40.022],[16.1286,40.0192],[16.1335,40.0134],[16.1401,40.0083],[16.1454,40.0054],[16.1606,39.9911],[16.1659,39.9875],[16.1726,39.98],[16.1752,39.9666],[16.1706,39.9556],[16.1702,39.9487],[16.172,39.9419]]]}},{"type":"Feature","properties":{"i":"076098","n":"Viggiano"},"geometry":{"type":"Polygon","coordinates":[[[15.9488,40.3981],[15.9473,40.3946],[15.9478,40.3862],[15.9543,40.3797],[15.9568,40.3783],[15.9581,40.3709],[15.9573,40.3667],[15.9578,40.3652],[15.9597,40.3611],[15.9641,40.3569],[15.9571,40.353],[15.9533,40.3462],[15.959,40.3321],[15.9603,40.3305],[15.9661,40.3271],[15.9672,40.3219],[15.9668,40.3183],[15.9603,40.3071],[15.9566,40.3108],[15.9517,40.3114],[15.9295,40.3125],[15.8896,40.311],[15.8868,40.3115],[15.8746,40.3163],[15.8649,40.3219],[15.8601,40.323],[15.8465,40.329],[15.842,40.3324],[15.8384,40.3376],[15.8377,40.3403],[15.843,40.3601],[15.8465,40.3688],[15.8522,40.3767],[15.8648,40.3846],[15.8678,40.3848],[15.8699,40.3921],[15.8741,40.3955],[15.8812,40.3996],[15.8968,40.403],[15.9123,40.4106],[15.9183,40.4109],[15.9246,40.4089],[15.93,40.4042],[15.9382,40.4003],[15.9488,40.3981]]]}},{"type":"Feature","properties":{"i":"076099","n":"Ginestra"},"geometry":{"type":"Polygon","coordinates":[[[15.7626,40.9139],[15.7776,40.9062],[15.7803,40.903],[15.7807,40.8991],[15.7774,40.8948],[15.7736,40.8934],[15.7717,40.8891],[15.7711,40.8836],[15.772,40.8823],[15.7707,40.877],[15.7686,40.8737],[15.7655,40.8911],[15.7611,40.8959],[15.7564,40.9034],[15.7543,40.9082],[15.7544,40.911],[15.7453,40.9218],[15.7377,40.9232],[15.7256,40.923],[15.7068,40.9275],[15.7035,40.9269],[15.704,40.9332],[15.71,40.9337],[15.7128,40.9391],[15.7187,40.9413],[15.7259,40.9409],[15.7345,40.9436],[15.7408,40.949],[15.7425,40.9394],[15.7437,40.937],[15.7521,40.9362],[15.7571,40.9344],[15.7574,40.9286],[15.7591,40.9209],[15.7626,40.9139]]]}},{"type":"Feature","properties":{"i":"076100","n":"Paterno"},"geometry":{"type":"Polygon","coordinates":[[[15.7969,40.3692],[15.8077,40.357],[15.8138,40.3552],[15.7542,40.3348],[15.7398,40.3308],[15.7203,40.3268],[15.7077,40.3383],[15.7047,40.3422],[15.7044,40.3637],[15.7092,40.3692],[15.7098,40.3759],[15.7006,40.3838],[15.6909,40.3881],[15.6811,40.3934],[15.7194,40.3943],[15.7238,40.3931],[15.7262,40.3901],[15.7296,40.3895],[15.7417,40.3894],[15.7459,40.3907],[15.7522,40.3839],[15.7551,40.3791],[15.7752,40.3657],[15.7826,40.3584],[15.7969,40.3692]]]}}]}
