{"type":"FeatureCollection","fonte":"Confini comunali ISTAT via openpolis/geojson-italy — CC BY 4.0","features":[{"type":"Feature","properties":{"i":"058001","n":"Affile"},"geometry":{"type":"Polygon","coordinates":[[[13.1206,41.8945],[13.1103,41.8853],[13.0985,41.8765],[13.0937,41.8698],[13.0935,41.8659],[13.0836,41.8735],[13.0773,41.8808],[13.0703,41.8842],[13.0557,41.8875],[13.0542,41.8902],[13.0526,41.9007],[13.0512,41.9015],[13.0551,41.9032],[13.0589,41.9116],[13.0591,41.9138],[13.0623,41.9121],[13.0783,41.9107],[13.0953,41.9048],[13.1136,41.8952],[13.1206,41.8945]]]}},{"type":"Feature","properties":{"i":"058002","n":"Agosta"},"geometry":{"type":"Polygon","coordinates":[[[13.0614,41.9614],[13.0545,41.9534],[13.0513,41.9509],[13.051,41.9568],[13.0298,41.9694],[13.018,41.9794],[13.0248,41.9785],[13.0265,41.9791],[13.0238,41.9811],[13.0228,41.9838],[13.023,41.9885],[13.0265,41.9983],[13.0297,42.0021],[13.0403,42.0003],[13.0497,41.9958],[13.0504,41.9786],[13.059,41.9629],[13.0614,41.9614]]]}},{"type":"Feature","properties":{"i":"058003","n":"Albano Laziale"},"geometry":{"type":"Polygon","coordinates":[[[12.6932,41.7389],[12.6883,41.7346],[12.6786,41.7283],[12.6664,41.7262],[12.6633,41.7245],[12.6633,41.7215],[12.6506,41.7162],[12.6453,41.7151],[12.6429,41.7163],[12.6222,41.7179],[12.6207,41.7135],[12.6219,41.7095],[12.6251,41.7065],[12.6383,41.699],[12.6416,41.6992],[12.6514,41.703],[12.656,41.7033],[12.6586,41.6989],[12.6569,41.6967],[12.6523,41.6931],[12.651,41.6887],[12.6513,41.6837],[12.6406,41.6795],[12.6318,41.6745],[12.6112,41.6858],[12.5998,41.6901],[12.6016,41.6911],[12.604,41.6987],[12.608,41.7051],[12.6047,41.7066],[12.6033,41.7082],[12.6,41.7198],[12.5977,41.7211],[12.5945,41.7208],[12.5947,41.726],[12.596,41.7298],[12.6036,41.7326],[12.6071,41.7328],[12.6087,41.7309],[12.6076,41.73],[12.6126,41.7249],[12.6207,41.726],[12.6323,41.7291],[12.6358,41.7307],[12.6339,41.7381],[12.6444,41.7389],[12.6528,41.7347],[12.6557,41.734],[12.6604,41.7353],[12.674,41.7328],[12.6852,41.7366],[12.6868,41.7385],[12.6871,41.7427],[12.6837,41.7509],[12.6861,41.7523],[12.6887,41.7486],[12.6888,41.7442],[12.6913,41.7394],[12.6932,41.7389]]]}},{"type":"Feature","properties":{"i":"058004","n":"Allumiere"},"geometry":{"type":"Polygon","coordinates":[[[11.8735,42.2187],[11.8785,42.2176],[11.8881,42.209],[11.899,42.2025],[11.9087,42.1944],[11.9135,42.1952],[11.923,42.1923],[11.9256,42.1904],[11.9224,42.1798],[11.9252,42.1695],[11.9179,42.1565],[11.9198,42.1545],[11.9164,42.1494],[11.9138,42.1419],[11.918,42.1382],[11.9202,42.1392],[11.9254,42.1394],[11.9346,42.1385],[11.9481,42.1357],[11.9499,42.133],[11.9479,42.13],[11.942,42.129],[11.9296,42.1317],[11.9236,42.1267],[11.9233,42.1258],[11.9252,42.1206],[11.9347,42.1198],[11.9488,42.1209],[11.9673,42.1171],[11.9711,42.1131],[11.9733,42.1094],[11.9735,42.1079],[11.9682,42.0945],[11.9629,42.0857],[11.9597,42.0858],[11.9512,42.091],[11.9362,42.087],[11.9173,42.0847],[11.9059,42.0793],[11.9054,42.0784],[11.8997,42.0768],[11.8846,42.0828],[11.8679,42.0927],[11.8706,42.0952],[11.8721,42.0992],[11.8688,42.1108],[11.8685,42.1159],[11.8697,42.1208],[11.8689,42.1241],[11.8615,42.1298],[11.8618,42.133],[11.8554,42.1373],[11.8413,42.142],[11.8228,42.1465],[11.8283,42.1511],[11.831,42.1573],[11.8278,42.1646],[11.8277,42.1665],[11.8343,42.1736],[11.8403,42.1757],[11.8458,42.1795],[11.8521,42.1885],[11.8664,42.1971],[11.8691,42.1995],[11.8676,42.2011],[11.8661,42.2069],[11.8708,42.2116],[11.8735,42.2187]]]}},{"type":"Feature","properties":{"i":"058005","n":"Anguillara Sabazia"},"geometry":{"type":"Polygon","coordinates":[[[12.3155,42.1137],[12.3225,42.1078],[12.326,42.1072],[12.3397,42.1081],[12.3438,42.1039],[12.3368,42.0935],[12.3296,42.089],[12.3212,42.0894],[12.3168,42.0857],[12.3221,42.0746],[12.3186,42.0723],[12.3142,42.0675],[12.3115,42.0619],[12.3069,42.0589],[12.3034,42.0594],[12.2957,42.0575],[12.2883,42.0575],[12.276,42.062],[12.2615,42.059],[12.2607,42.048],[12.2636,42.044],[12.2638,42.0395],[12.2625,42.0304],[12.2632,42.0203],[12.2429,42.0172],[12.2334,42.0203],[12.206,42.0157],[12.2028,42.0143],[12.2006,42.0189],[12.2005,42.0235],[12.204,42.0296],[12.2111,42.034],[12.2265,42.0388],[12.2224,42.051],[12.2173,42.0615],[12.2159,42.0705],[12.218,42.0827],[12.2346,42.1201],[12.2851,42.1358],[12.2855,42.129],[12.281,42.1183],[12.282,42.113],[12.2829,42.1121],[12.2851,42.1106],[12.2865,42.1105],[12.2905,42.1139],[12.2984,42.1113],[12.3085,42.1062],[12.3155,42.1137]]]}},{"type":"Feature","properties":{"i":"058006","n":"Anticoli Corrado"},"geometry":{"type":"Polygon","coordinates":[[[13.0113,42.0123],[13.0126,42.0094],[13.0102,42.0054],[13.0034,42.0003],[12.9963,41.9914],[12.9912,41.9872],[12.993,41.9855],[12.9925,41.9843],[12.9887,41.9826],[12.9862,41.9833],[12.9848,41.9846],[12.9769,41.9817],[12.9678,41.9929],[12.9669,42.0013],[12.963,42.0113],[12.9578,42.0149],[12.9491,42.0241],[12.948,42.0271],[12.945,42.0287],[12.9564,42.0355],[12.9568,42.0366],[12.959,42.0363],[12.9744,42.0294],[13.005,42.012],[13.0113,42.0123]]]}},{"type":"Feature","properties":{"i":"058007","n":"Anzio"},"geometry":{"type":"Polygon","coordinates":[[[12.6183,41.5403],[12.6208,41.5323],[12.6288,41.522],[12.6286,41.5187],[12.6349,41.5091],[12.6398,41.5041],[12.6436,41.4946],[12.6446,41.4813],[12.6457,41.4771],[12.6403,41.4673],[12.6372,41.458],[12.636,41.4529],[12.6373,41.4512],[12.6311,41.4444],[12.6221,41.4438],[12.618,41.4464],[12.6171,41.4517],[12.6148,41.4572],[12.6092,41.4651],[12.6038,41.4722],[12.5887,41.4889],[12.5829,41.4984],[12.5712,41.513],[12.5528,41.534],[12.5597,41.5352],[12.5747,41.5399],[12.5781,41.5433],[12.5836,41.5435],[12.5919,41.5412],[12.5949,41.5422],[12.6168,41.5446],[12.6179,41.5432],[12.6183,41.5403]]]}},{"type":"Feature","properties":{"i":"058008","n":"Arcinazzo Romano"},"geometry":{"type":"Polygon","coordinates":[[[13.1384,41.8931],[13.1416,41.8928],[13.1454,41.8894],[13.1508,41.8841],[13.1536,41.8794],[13.1588,41.8746],[13.1808,41.867],[13.1869,41.864],[13.1911,41.8559],[13.1913,41.851],[13.1842,41.846],[13.1732,41.8494],[13.164,41.8503],[13.1583,41.8487],[13.1545,41.8437],[13.1365,41.8437],[13.1219,41.8474],[13.1051,41.8573],[13.0935,41.8659],[13.0937,41.8698],[13.0985,41.8765],[13.1176,41.8915],[13.1217,41.8963],[13.125,41.8963],[13.1384,41.8931]]]}},{"type":"Feature","properties":{"i":"058009","n":"Ariccia"},"geometry":{"type":"Polygon","coordinates":[[[12.6904,41.7147],[12.6867,41.7131],[12.6807,41.7077],[12.6741,41.7001],[12.6711,41.6976],[12.668,41.6962],[12.6644,41.6885],[12.6658,41.684],[12.6621,41.6831],[12.6598,41.6816],[12.6539,41.6732],[12.6528,41.6666],[12.6561,41.6666],[12.6563,41.6641],[12.6476,41.6591],[12.6433,41.6576],[12.6457,41.6598],[12.6463,41.6652],[12.6455,41.6668],[12.636,41.6702],[12.6318,41.6745],[12.6406,41.6795],[12.6513,41.6837],[12.651,41.6887],[12.6523,41.6931],[12.6569,41.6967],[12.6586,41.6989],[12.656,41.7033],[12.6514,41.703],[12.6416,41.6992],[12.6383,41.699],[12.6251,41.7065],[12.6219,41.7095],[12.6207,41.7135],[12.6222,41.7179],[12.6429,41.7163],[12.6453,41.7151],[12.6506,41.7162],[12.6633,41.7215],[12.6633,41.7245],[12.6664,41.7262],[12.6786,41.7283],[12.6883,41.7346],[12.6938,41.7395],[12.6963,41.7397],[12.7092,41.7334],[12.7004,41.7311],[12.6977,41.7291],[12.6923,41.722],[12.6904,41.7147]]]}},{"type":"Feature","properties":{"i":"058010","n":"Arsoli"},"geometry":{"type":"Polygon","coordinates":[[[13.0266,42.05],[13.0465,42.0353],[13.0492,42.0235],[13.0476,42.0205],[13.0406,42.0132],[13.0328,42.0068],[13.0288,42.0094],[13.0258,42.0104],[13.0207,42.0104],[13.0146,42.013],[13.0175,42.0167],[13.0143,42.0247],[13.0043,42.0383],[13.0031,42.0421],[13.0032,42.0443],[13.0056,42.0453],[13.0084,42.0522],[13.0138,42.0528],[13.0205,42.0508],[13.0266,42.05]]]}},{"type":"Feature","properties":{"i":"058011","n":"Artena"},"geometry":{"type":"MultiPolygon","coordinates":[[[[12.8513,41.6664],[12.8398,41.6648],[12.8394,41.6686],[12.8351,41.6791],[12.8296,41.6987],[12.8366,41.7039],[12.8404,41.7012],[12.8465,41.6987],[12.8511,41.7012],[12.8539,41.6976],[12.8547,41.6917],[12.8518,41.6864],[12.8495,41.6768],[12.8513,41.6664]]],[[[12.8533,41.7605],[12.8577,41.7574],[12.8762,41.7504],[12.9034,41.7514],[12.9153,41.7538],[12.9231,41.753],[12.9377,41.7477],[12.9563,41.7502],[12.9649,41.7534],[12.9675,41.7532],[12.9771,41.7497],[12.9696,41.7427],[12.9667,41.7417],[12.9639,41.7431],[12.9587,41.7422],[12.9548,41.7343],[12.9562,41.7304],[12.9592,41.7122],[12.9582,41.6964],[12.954,41.6944],[12.9478,41.6972],[12.9427,41.7063],[12.9378,41.7129],[12.924,41.7113],[12.9203,41.7097],[12.9083,41.7072],[12.9042,41.7078],[12.8941,41.7116],[12.8791,41.7082],[12.8788,41.7066],[12.8803,41.7018],[12.8766,41.704],[12.8738,41.7042],[12.8642,41.708],[12.8598,41.7117],[12.8545,41.712],[12.8509,41.7148],[12.8519,41.7153],[12.8542,41.7231],[12.8552,41.7291],[12.8547,41.7324],[12.8537,41.7349],[12.8508,41.7376],[12.8488,41.7463],[12.8468,41.7504],[12.8394,41.7551],[12.8409,41.7566],[12.8295,41.7577],[12.8133,41.7574],[12.7949,41.7556],[12.7956,41.7644],[12.7972,41.7678],[12.8005,41.7685],[12.8056,41.7667],[12.8164,41.766],[12.8486,41.7604],[12.8533,41.7605]]]]}},{"type":"Feature","properties":{"i":"058012","n":"Bellegra"},"geometry":{"type":"Polygon","coordinates":[[[13.0512,41.9015],[13.0526,41.9007],[13.0542,41.8902],[13.0557,41.8875],[13.0459,41.8801],[13.0456,41.8789],[13.0466,41.8661],[13.0493,41.862],[13.0534,41.8607],[13.053,41.8596],[13.0477,41.8596],[13.0431,41.8658],[13.0338,41.8715],[13.0213,41.8745],[13.0144,41.8695],[13.0109,41.8655],[13.0055,41.8649],[13.0014,41.8676],[13.0003,41.8824],[12.9913,41.9048],[12.9936,41.9085],[12.9931,41.912],[13.0014,41.9179],[13.0006,41.9171],[13.0024,41.9152],[13.0089,41.9118],[13.0179,41.9052],[13.0273,41.9019],[13.031,41.901],[13.0386,41.9019],[13.0512,41.9015]]]}},{"type":"Feature","properties":{"i":"058013","n":"Bracciano"},"geometry":{"type":"Polygon","coordinates":[[[12.2299,42.1805],[12.228,42.1777],[12.2281,42.1758],[12.2294,42.1738],[12.2284,42.1716],[12.2207,42.1606],[12.218,42.1581],[12.2034,42.1543],[12.1939,42.1492],[12.1919,42.1472],[12.2346,42.1201],[12.218,42.0827],[12.2159,42.0705],[12.2173,42.0615],[12.2224,42.051],[12.2265,42.0388],[12.2111,42.034],[12.204,42.0296],[12.194,42.0276],[12.19,42.0254],[12.1803,42.0269],[12.1698,42.0316],[12.1626,42.0255],[12.1542,42.0259],[12.146,42.023],[12.1353,42.0219],[12.1333,42.0246],[12.1331,42.027],[12.1342,42.0442],[12.1322,42.0499],[12.1312,42.0503],[12.1251,42.0503],[12.1223,42.0472],[12.1236,42.0429],[12.1287,42.0342],[12.1265,42.0331],[12.1089,42.0332],[12.1029,42.0341],[12.0955,42.0368],[12.091,42.0401],[12.0846,42.0467],[12.0727,42.0516],[12.0669,42.05],[12.0653,42.0483],[12.0651,42.0552],[12.0659,42.06],[12.0591,42.0683],[12.0586,42.0734],[12.0593,42.0771],[12.0753,42.0857],[12.0837,42.0812],[12.1079,42.0884],[12.1167,42.0934],[12.125,42.0999],[12.1349,42.1167],[12.1371,42.1222],[12.1388,42.1273],[12.1368,42.1319],[12.1393,42.1376],[12.1519,42.147],[12.1475,42.1561],[12.1497,42.1605],[12.1569,42.1624],[12.1647,42.1669],[12.1688,42.1753],[12.1732,42.1771],[12.1803,42.1786],[12.1971,42.1788],[12.2022,42.18],[12.2035,42.1828],[12.2064,42.1844],[12.2157,42.1867],[12.2205,42.1837],[12.2299,42.1805]]]}},{"type":"Feature","properties":{"i":"058014","n":"Camerata Nuova"},"geometry":{"type":"Polygon","coordinates":[[[13.1991,41.9865],[13.2021,41.986],[13.2142,41.9873],[13.2294,41.9823],[13.2322,41.9801],[13.2343,41.977],[13.2312,41.9748],[13.2167,41.9697],[13.2034,41.9583],[13.2039,41.9545],[13.1941,41.9572],[13.1848,41.9573],[13.1632,41.9651],[13.1508,41.9681],[13.1456,41.9681],[13.1443,41.9675],[13.1291,41.9782],[13.1185,41.9836],[13.0927,42.0031],[13.0906,42.0061],[13.0899,42.009],[13.0938,42.0078],[13.1014,42.0084],[13.101,42.011],[13.0962,42.0198],[13.0976,42.0256],[13.101,42.0266],[13.1039,42.0263],[13.1164,42.021],[13.1378,42.0158],[13.147,42.012],[13.1612,42.0024],[13.1697,41.9978],[13.1847,41.993],[13.1974,41.9879],[13.1991,41.9865]]]}},{"type":"Feature","properties":{"i":"058015","n":"Campagnano di Roma"},"geometry":{"type":"Polygon","coordinates":[[[12.4199,42.1375],[12.4268,42.1369],[12.4248,42.1356],[12.4224,42.1273],[12.4237,42.1208],[12.4225,42.1156],[12.4169,42.1123],[12.4159,42.1106],[12.409,42.1102],[12.3953,42.1026],[12.3941,42.1018],[12.3915,42.0952],[12.3898,42.0952],[12.3777,42.1004],[12.3676,42.0975],[12.3582,42.0993],[12.3438,42.1039],[12.3397,42.1081],[12.326,42.1072],[12.3225,42.1078],[12.3155,42.1137],[12.3161,42.1143],[12.3248,42.1149],[12.3351,42.1127],[12.336,42.1145],[12.3368,42.1226],[12.3073,42.1409],[12.3097,42.1487],[12.3117,42.1512],[12.3262,42.1462],[12.3295,42.1463],[12.3344,42.1526],[12.3447,42.1536],[12.3454,42.157],[12.3531,42.1657],[12.3682,42.1714],[12.3703,42.1729],[12.3701,42.1738],[12.3733,42.1721],[12.3782,42.1674],[12.3777,42.1643],[12.379,42.1627],[12.3941,42.1516],[12.4022,42.1419],[12.4091,42.1353],[12.4199,42.1375]]]}},{"type":"Feature","properties":{"i":"058016","n":"Canale Monterano"},"geometry":{"type":"Polygon","coordinates":[[[12.0877,42.1615],[12.1165,42.161],[12.1178,42.1615],[12.1288,42.156],[12.1338,42.1516],[12.1359,42.1473],[12.1342,42.1471],[12.1197,42.1388],[12.1128,42.1364],[12.1091,42.1338],[12.101,42.1254],[12.0787,42.1092],[12.074,42.1021],[12.0671,42.0974],[12.0591,42.0964],[12.0555,42.0947],[12.0499,42.0996],[12.0433,42.1075],[12.04,42.1128],[12.0397,42.115],[12.0361,42.1197],[12.0323,42.1214],[12.0296,42.1216],[12.0286,42.1274],[12.0378,42.1378],[12.041,42.1383],[12.047,42.1442],[12.0491,42.1474],[12.0509,42.1531],[12.0558,42.1548],[12.0568,42.1563],[12.0577,42.1641],[12.0693,42.1644],[12.0719,42.1626],[12.0812,42.1614],[12.0877,42.1615]]]}},{"type":"Feature","properties":{"i":"058017","n":"Canterano"},"geometry":{"type":"Polygon","coordinates":[[[13.0528,41.9264],[13.0488,41.9243],[13.0404,41.9225],[13.0282,41.9231],[13.0209,41.9292],[13.0184,41.9361],[13.0383,41.9511],[13.051,41.9568],[13.0515,41.9464],[13.0555,41.9416],[13.0563,41.9374],[13.0554,41.9355],[13.0536,41.9352],[13.0523,41.9326],[13.0528,41.9264]]]}},{"type":"Feature","properties":{"i":"058018","n":"Capena"},"geometry":{"type":"Polygon","coordinates":[[[12.5282,42.179],[12.5428,42.1719],[12.5447,42.1707],[12.5484,42.1662],[12.5489,42.1599],[12.5517,42.147],[12.5555,42.1381],[12.5707,42.1309],[12.583,42.13],[12.5948,42.1357],[12.5979,42.1342],[12.5982,42.1284],[12.5973,42.1266],[12.6057,42.1298],[12.6048,42.1313],[12.611,42.13],[12.6176,42.1235],[12.6186,42.1209],[12.6225,42.1176],[12.6226,42.116],[12.6288,42.1085],[12.6287,42.1074],[12.6271,42.1064],[12.6159,42.1059],[12.6111,42.1048],[12.6073,42.1019],[12.6052,42.0966],[12.6051,42.0893],[12.6013,42.087],[12.5981,42.0866],[12.5964,42.0869],[12.5815,42.1011],[12.5759,42.1106],[12.5818,42.1132],[12.5862,42.1134],[12.5859,42.1145],[12.5816,42.1152],[12.5727,42.1152],[12.5605,42.1103],[12.5553,42.1046],[12.5512,42.1046],[12.5399,42.1124],[12.5437,42.1158],[12.5447,42.1182],[12.5443,42.1207],[12.5394,42.1277],[12.5317,42.1429],[12.5306,42.1479],[12.531,42.1614],[12.5296,42.1656],[12.5184,42.1696],[12.5155,42.1723],[12.5184,42.177],[12.5282,42.179]]]}},{"type":"Feature","properties":{"i":"058019","n":"Capranica Prenestina"},"geometry":{"type":"Polygon","coordinates":[[[12.9209,41.9289],[12.9386,41.9265],[12.9382,41.9234],[12.9392,41.918],[12.945,41.906],[12.9458,41.902],[12.9448,41.8999],[12.9539,41.8875],[12.9548,41.8839],[12.9551,41.8758],[12.9585,41.87],[12.9641,41.8674],[12.9681,41.8645],[12.9695,41.8613],[12.9646,41.8551],[12.9633,41.8563],[12.9553,41.8546],[12.9531,41.8548],[12.9405,41.8599],[12.9398,41.8622],[12.9338,41.8678],[12.9303,41.8684],[12.9226,41.8668],[12.9182,41.8715],[12.9176,41.874],[12.9246,41.8825],[12.9295,41.8902],[12.9298,41.8962],[12.9283,41.8974],[12.9206,41.8987],[12.9126,41.8964],[12.9024,41.9005],[12.9118,41.9047],[12.9132,41.9047],[12.9135,41.9137],[12.9092,41.9174],[12.9009,41.9198],[12.9075,41.9249],[12.9183,41.9287],[12.9209,41.9289]]]}},{"type":"Feature","properties":{"i":"058020","n":"Carpineto Romano"},"geometry":{"type":"Polygon","coordinates":[[[13.1585,41.615],[13.1577,41.6113],[13.1509,41.603],[13.1499,41.5962],[13.1558,41.5869],[13.163,41.5848],[13.1724,41.5846],[13.1751,41.5836],[13.1718,41.5778],[13.1684,41.5745],[13.1565,41.5721],[13.1502,41.5693],[13.1454,41.565],[13.1338,41.5611],[13.1302,41.5608],[13.1244,41.5572],[13.1239,41.5556],[13.1254,41.5498],[13.1112,41.5537],[13.107,41.5505],[13.1037,41.545],[13.0956,41.5542],[13.0852,41.5597],[13.0802,41.5609],[13.0691,41.5696],[13.054,41.5776],[13.0444,41.5767],[13.0348,41.5717],[13.0216,41.5735],[13.0083,41.581],[13.0112,41.5837],[13.0161,41.5933],[13.0251,41.5997],[13.0336,41.5999],[13.0355,41.6008],[13.0354,41.6089],[13.0368,41.6159],[13.0403,41.6232],[13.0484,41.6324],[13.047,41.6388],[13.0478,41.6459],[13.0548,41.6501],[13.0721,41.6549],[13.0743,41.6552],[13.0918,41.6388],[13.0967,41.6362],[13.1081,41.6347],[13.1219,41.6296],[13.1448,41.6143],[13.1585,41.615]]]}},{"type":"Feature","properties":{"i":"058021","n":"Casape"},"geometry":{"type":"Polygon","coordinates":[[[12.9009,41.9198],[12.9092,41.9174],[12.9135,41.9137],[12.9132,41.9047],[12.9118,41.9047],[12.9024,41.9005],[12.8934,41.9033],[12.8728,41.9059],[12.8661,41.9059],[12.8784,41.9137],[12.8839,41.9188],[12.8908,41.9199],[12.9009,41.9198]]]}},{"type":"Feature","properties":{"i":"058022","n":"Castel Gandolfo"},"geometry":{"type":"Polygon","coordinates":[[[12.6754,41.7596],[12.6861,41.7523],[12.6837,41.7509],[12.6874,41.7415],[12.6868,41.7385],[12.6852,41.7366],[12.674,41.7328],[12.6604,41.7353],[12.651,41.7442],[12.6493,41.7489],[12.6484,41.7466],[12.6557,41.734],[12.6528,41.7347],[12.6444,41.7389],[12.6339,41.7381],[12.6358,41.7307],[12.6247,41.7269],[12.6126,41.7249],[12.6076,41.73],[12.6087,41.7309],[12.6071,41.7328],[12.6036,41.7326],[12.596,41.7298],[12.5992,41.7361],[12.6042,41.7376],[12.616,41.7367],[12.6291,41.7403],[12.6323,41.7431],[12.6363,41.7494],[12.6553,41.7636],[12.6649,41.7638],[12.6716,41.7621],[12.6754,41.7596]]]}},{"type":"Feature","properties":{"i":"058023","n":"Castel Madama"},"geometry":{"type":"Polygon","coordinates":[[[12.9106,41.9848],[12.9118,41.9831],[12.9162,41.9841],[12.9196,41.9808],[12.9252,41.9728],[12.9216,41.9726],[12.9187,41.9706],[12.9164,41.9674],[12.9144,41.9602],[12.9139,41.9564],[12.9145,41.9534],[12.9135,41.9486],[12.9104,41.9434],[12.8982,41.9568],[12.8958,41.9576],[12.8882,41.9554],[12.8875,41.9533],[12.8753,41.9479],[12.8689,41.9473],[12.8654,41.9474],[12.8634,41.9483],[12.853,41.9478],[12.848,41.9465],[12.8449,41.9484],[12.8312,41.9509],[12.8269,41.9507],[12.8249,41.9524],[12.8235,41.9566],[12.8248,41.9613],[12.846,41.9858],[12.8498,41.9857],[12.8526,41.9834],[12.8699,41.9891],[12.874,41.9894],[12.8804,41.9857],[12.8862,41.9848],[12.8899,41.99],[12.8947,41.9908],[12.9089,41.9874],[12.9106,41.9848]]]}},{"type":"Feature","properties":{"i":"058024","n":"Castelnuovo di Porto"},"geometry":{"type":"Polygon","coordinates":[[[12.5399,42.1124],[12.5512,42.1046],[12.5553,42.1046],[12.5605,42.1103],[12.5727,42.1152],[12.5816,42.1152],[12.5859,42.1145],[12.5862,42.1134],[12.5818,42.1132],[12.5759,42.1106],[12.5815,42.1011],[12.5964,42.0869],[12.5912,42.0883],[12.5891,42.0876],[12.5872,42.0758],[12.5859,42.0732],[12.5776,42.0764],[12.5466,42.0965],[12.5262,42.1051],[12.5156,42.1072],[12.4977,42.1037],[12.4924,42.1017],[12.4754,42.0859],[12.4742,42.0892],[12.4746,42.096],[12.4684,42.1023],[12.4642,42.1036],[12.4616,42.107],[12.4624,42.1116],[12.4649,42.1144],[12.4635,42.1188],[12.4631,42.1194],[12.455,42.1203],[12.4508,42.1237],[12.4464,42.129],[12.4461,42.132],[12.4539,42.139],[12.4563,42.1402],[12.4627,42.1403],[12.4664,42.1382],[12.4663,42.1341],[12.4702,42.1312],[12.4856,42.1284],[12.4893,42.1307],[12.495,42.1306],[12.5094,42.128],[12.5122,42.1267],[12.5178,42.1224],[12.5289,42.1171],[12.5349,42.1146],[12.536,42.1156],[12.5373,42.1151],[12.5398,42.1134],[12.5399,42.1124]]]}},{"type":"Feature","properties":{"i":"058025","n":"Castel San Pietro Romano"},"geometry":{"type":"Polygon","coordinates":[[[12.9402,41.8611],[12.9376,41.8612],[12.9264,41.8518],[12.9213,41.843],[12.9219,41.84],[12.9189,41.8366],[12.9171,41.8374],[12.8925,41.8409],[12.8865,41.8444],[12.8851,41.8473],[12.886,41.8499],[12.8848,41.8533],[12.8807,41.858],[12.8773,41.8603],[12.8637,41.8645],[12.8469,41.8668],[12.8466,41.8681],[12.8546,41.8714],[12.8547,41.8705],[12.8562,41.8702],[12.8703,41.8676],[12.8746,41.8675],[12.8813,41.8696],[12.8809,41.8708],[12.8794,41.871],[12.8795,41.8728],[12.8876,41.8741],[12.8924,41.8737],[12.8959,41.8693],[12.8993,41.8681],[12.9138,41.8724],[12.9181,41.8746],[12.9175,41.8733],[12.9182,41.8715],[12.9226,41.8668],[12.9321,41.8684],[12.9365,41.8659],[12.9402,41.8611]]]}},{"type":"Feature","properties":{"i":"058026","n":"Cave"},"geometry":{"type":"Polygon","coordinates":[[[12.9592,41.8277],[12.9632,41.8225],[12.9508,41.8107],[12.9506,41.8082],[12.9515,41.8031],[12.961,41.7947],[12.9618,41.7907],[12.9589,41.7867],[12.935,41.7887],[12.9355,41.7868],[12.9349,41.7869],[12.9193,41.7949],[12.9093,41.7974],[12.9047,41.808],[12.9034,41.8209],[12.9061,41.8275],[12.9084,41.8276],[12.9143,41.8328],[12.9155,41.8353],[12.9166,41.836],[12.9189,41.8366],[12.9256,41.8361],[12.9269,41.8355],[12.9264,41.8326],[12.9355,41.8264],[12.9451,41.8243],[12.9563,41.826],[12.9592,41.8277]]]}},{"type":"Feature","properties":{"i":"058027","n":"Cerreto Laziale"},"geometry":{"type":"Polygon","coordinates":[[[13.0031,41.9473],[12.9966,41.945],[12.9884,41.9396],[12.9654,41.9319],[12.9646,41.9288],[12.9661,41.9254],[12.9554,41.9307],[12.959,41.933],[12.9646,41.9396],[12.9644,41.9442],[12.9578,41.9591],[12.9605,41.9638],[12.959,41.9704],[12.9606,41.973],[12.9785,41.98],[12.9928,41.9579],[13.0031,41.9473]]]}},{"type":"Feature","properties":{"i":"058028","n":"Cervara di Roma"},"geometry":{"type":"Polygon","coordinates":[[[13.0899,42.009],[13.0906,42.0061],[13.0927,42.0031],[13.1185,41.9836],[13.1291,41.9782],[13.1443,41.9675],[13.14,41.9634],[13.1213,41.9601],[13.1124,41.9631],[13.0987,41.9634],[13.0704,41.9609],[13.0614,41.9614],[13.059,41.9629],[13.0504,41.9786],[13.0497,41.9958],[13.0403,42.0003],[13.0331,42.0014],[13.0328,42.0068],[13.0406,42.0132],[13.0476,42.0205],[13.0492,42.0235],[13.0545,42.0164],[13.0639,42.013],[13.0778,42.0094],[13.0899,42.009]]]}},{"type":"Feature","properties":{"i":"058029","n":"Cerveteri"},"geometry":{"type":"Polygon","coordinates":[[[12.0593,42.0771],[12.0586,42.0734],[12.0591,42.0683],[12.0659,42.06],[12.0651,42.0552],[12.0653,42.0483],[12.0669,42.05],[12.0727,42.0516],[12.0846,42.0467],[12.091,42.0401],[12.0955,42.0368],[12.1029,42.0341],[12.1089,42.0332],[12.1265,42.0331],[12.1287,42.0342],[12.1236,42.0429],[12.1226,42.0481],[12.1251,42.0503],[12.1322,42.0499],[12.1342,42.0442],[12.1331,42.0258],[12.1353,42.0219],[12.146,42.023],[12.1542,42.0259],[12.1626,42.0255],[12.1698,42.0316],[12.1803,42.0269],[12.19,42.0254],[12.194,42.0276],[12.204,42.0296],[12.2005,42.0235],[12.2006,42.0189],[12.2028,42.0143],[12.1899,41.997],[12.179,41.9748],[12.1764,41.9759],[12.1746,41.9737],[12.175,41.9684],[12.1783,41.9673],[12.1751,41.9514],[12.1655,41.9439],[12.1528,41.937],[12.1497,41.9406],[12.1206,41.9643],[12.0917,41.9771],[12.0817,41.9784],[12.0748,41.9742],[12.0655,41.9787],[12.0579,41.9725],[12.0543,41.9685],[12.0431,41.9619],[12.0355,41.9732],[12.0298,41.9783],[12.0184,41.9861],[12.0067,41.9914],[12.012,42.0002],[12.0216,42.0093],[12.0221,42.0124],[12.018,42.0205],[12.0118,42.0285],[12.0095,42.0331],[11.9968,42.0497],[11.9949,42.0559],[12.001,42.0606],[12.0076,42.064],[12.0182,42.0714],[12.0223,42.0756],[12.0325,42.0765],[12.0593,42.0771]]]}},{"type":"Feature","properties":{"i":"058030","n":"Ciciliano"},"geometry":{"type":"Polygon","coordinates":[[[12.9606,41.973],[12.959,41.9704],[12.9605,41.9638],[12.9578,41.9591],[12.9644,41.9442],[12.9646,41.9396],[12.959,41.933],[12.9497,41.9275],[12.9452,41.9264],[12.9386,41.9265],[12.9209,41.9289],[12.9104,41.9434],[12.9135,41.9486],[12.9145,41.9534],[12.9139,41.9564],[12.9144,41.9602],[12.9164,41.9674],[12.9187,41.9706],[12.9216,41.9726],[12.9252,41.9728],[12.9356,41.9775],[12.9427,41.9706],[12.9448,41.9696],[12.9504,41.9701],[12.9606,41.973]]]}},{"type":"Feature","properties":{"i":"058031","n":"Cineto Romano"},"geometry":{"type":"Polygon","coordinates":[[[12.9732,42.0732],[12.9722,42.0706],[12.9722,42.0642],[12.9739,42.061],[12.9758,42.0603],[12.9804,42.0538],[12.9831,42.0476],[12.9865,42.0452],[12.985,42.0426],[12.9759,42.0359],[12.9695,42.0361],[12.9631,42.0383],[12.9591,42.0384],[12.9558,42.0376],[12.9558,42.0361],[12.9536,42.0383],[12.9516,42.0428],[12.9455,42.0479],[12.9399,42.0498],[12.9357,42.0527],[12.9354,42.0595],[12.9345,42.0618],[12.9324,42.0633],[12.9445,42.0622],[12.9521,42.0645],[12.9697,42.0748],[12.9732,42.0732]]]}},{"type":"Feature","properties":{"i":"058032","n":"Civitavecchia"},"geometry":{"type":"Polygon","coordinates":[[[11.8228,42.1465],[11.8413,42.142],[11.8554,42.1373],[11.8618,42.133],[11.8615,42.1298],[11.8689,42.1241],[11.8697,42.1208],[11.8685,42.1159],[11.8688,42.1108],[11.8721,42.0992],[11.8706,42.0952],[11.8673,42.092],[11.8663,42.0861],[11.8633,42.0808],[11.8536,42.071],[11.8474,42.0681],[11.8397,42.0668],[11.8322,42.0641],[11.8181,42.057],[11.8124,42.0605],[11.8138,42.0626],[11.8073,42.0753],[11.8077,42.0777],[11.8062,42.0806],[11.7984,42.0864],[11.7877,42.0887],[11.7785,42.0932],[11.7693,42.1016],[11.7704,42.1021],[11.7858,42.0905],[11.7888,42.0897],[11.7902,42.0923],[11.7881,42.0959],[11.7868,42.0956],[11.7878,42.0945],[11.785,42.0951],[11.7823,42.0973],[11.7823,42.0995],[11.7782,42.1031],[11.7751,42.1015],[11.7639,42.1119],[11.7602,42.1117],[11.7599,42.1146],[11.7649,42.1185],[11.7632,42.1224],[11.7581,42.1239],[11.7548,42.1259],[11.7433,42.1429],[11.744,42.1473],[11.7429,42.1496],[11.7379,42.1537],[11.7359,42.1544],[11.7338,42.1581],[11.7472,42.1618],[11.7559,42.1616],[11.7722,42.1638],[11.7905,42.16],[11.8036,42.1558],[11.8228,42.1465]]]}},{"type":"Feature","properties":{"i":"058033","n":"Civitella San Paolo"},"geometry":{"type":"Polygon","coordinates":[[[12.6018,42.1968],[12.5957,42.1956],[12.5972,42.1936],[12.5933,42.1875],[12.59,42.1884],[12.5862,42.1881],[12.5805,42.1862],[12.5671,42.178],[12.5631,42.1774],[12.5534,42.1723],[12.5543,42.163],[12.5536,42.1619],[12.5503,42.1602],[12.5489,42.1599],[12.5484,42.1662],[12.5447,42.1707],[12.5282,42.179],[12.5292,42.181],[12.5328,42.1825],[12.537,42.183],[12.5384,42.1842],[12.5382,42.1852],[12.5432,42.1879],[12.5436,42.1896],[12.5428,42.1907],[12.553,42.2169],[12.5559,42.2207],[12.56,42.2243],[12.5604,42.2268],[12.5904,42.2174],[12.599,42.2074],[12.6018,42.1968]]]}},{"type":"Feature","properties":{"i":"058034","n":"Colleferro"},"geometry":{"type":"Polygon","coordinates":[[[13.0344,41.7433],[13.0253,41.7428],[13.0234,41.7417],[13.0172,41.7293],[13.0151,41.723],[13.0082,41.7167],[13.0039,41.7143],[12.9977,41.7145],[12.9941,41.7161],[12.985,41.7146],[12.9767,41.7158],[12.9738,41.7156],[12.9663,41.713],[12.9647,41.7118],[12.9648,41.7072],[12.966,41.7028],[12.9658,41.6995],[12.9636,41.6934],[12.9609,41.6916],[12.9582,41.6914],[12.9552,41.6922],[12.9522,41.6949],[12.9554,41.6947],[12.9582,41.6964],[12.9589,41.7027],[12.9592,41.7122],[12.9562,41.7304],[12.9548,41.7343],[12.9587,41.7422],[12.9639,41.7431],[12.9667,41.7417],[12.9696,41.7427],[12.9763,41.7486],[12.9771,41.7497],[12.9708,41.7519],[12.9735,41.7519],[12.9786,41.755],[12.982,41.762],[12.9833,41.767],[12.9942,41.7694],[13.0052,41.7701],[13.0098,41.7669],[13.0205,41.7532],[13.0255,41.7485],[13.0326,41.7458],[13.0344,41.7433]]]}},{"type":"Feature","properties":{"i":"058035","n":"Colonna"},"geometry":{"type":"MultiPolygon","coordinates":[[[[12.7379,41.8403],[12.7389,41.843],[12.7401,41.8406],[12.7379,41.8403]]],[[[12.76,41.8144],[12.7593,41.8188],[12.7495,41.8306],[12.746,41.8315],[12.7425,41.8312],[12.7403,41.8334],[12.7423,41.8346],[12.7451,41.835],[12.747,41.8371],[12.7464,41.84],[12.7506,41.8417],[12.7564,41.8413],[12.766,41.8385],[12.7706,41.8338],[12.7673,41.8253],[12.7621,41.816],[12.76,41.8144]]]]}},{"type":"Feature","properties":{"i":"058036","n":"Fiano Romano"},"geometry":{"type":"Polygon","coordinates":[[[12.6308,42.1695],[12.6384,42.1485],[12.6388,42.1397],[12.635,42.1344],[12.6346,42.1304],[12.6358,42.1261],[12.6376,42.1237],[12.6291,42.1193],[12.6225,42.1176],[12.6186,42.1209],[12.6176,42.1235],[12.6146,42.1266],[12.6098,42.1304],[12.6048,42.1313],[12.6057,42.1298],[12.5973,42.1266],[12.5982,42.1284],[12.5979,42.1342],[12.5948,42.1357],[12.583,42.13],[12.5707,42.1309],[12.5555,42.1381],[12.5517,42.147],[12.5489,42.1599],[12.5541,42.1624],[12.5534,42.1723],[12.5631,42.1774],[12.5671,42.178],[12.5805,42.1862],[12.5862,42.1881],[12.59,42.1884],[12.5933,42.1875],[12.5972,42.1936],[12.5957,42.1956],[12.6125,42.1989],[12.6145,42.1954],[12.6133,42.187],[12.6136,42.1811],[12.6275,42.1708],[12.6308,42.1695]]]}},{"type":"Feature","properties":{"i":"058037","n":"Filacciano"},"geometry":{"type":"Polygon","coordinates":[[[12.603,42.2482],[12.5934,42.2426],[12.5837,42.2419],[12.5825,42.2425],[12.5786,42.2465],[12.5854,42.2536],[12.5856,42.2611],[12.5817,42.264],[12.5986,42.2713],[12.6032,42.2741],[12.6058,42.2741],[12.6074,42.2717],[12.6077,42.267],[12.6054,42.2604],[12.6144,42.2548],[12.6103,42.2545],[12.6046,42.2507],[12.603,42.2482]]]}},{"type":"Feature","properties":{"i":"058038","n":"Formello"},"geometry":{"type":"Polygon","coordinates":[[[12.4159,42.1106],[12.4195,42.0949],[12.419,42.0925],[12.4316,42.0783],[12.4394,42.0744],[12.4521,42.0555],[12.453,42.0517],[12.453,42.0499],[12.4501,42.0433],[12.4462,42.0452],[12.4359,42.0454],[12.4194,42.0537],[12.4047,42.0591],[12.412,42.048],[12.4133,42.0427],[12.42,42.038],[12.4243,42.0365],[12.4288,42.0299],[12.4288,42.0249],[12.4257,42.0257],[12.4142,42.0316],[12.393,42.04],[12.3905,42.0429],[12.3867,42.0501],[12.383,42.0544],[12.3752,42.0545],[12.373,42.0552],[12.3727,42.0564],[12.3727,42.0741],[12.3734,42.08],[12.3809,42.081],[12.384,42.0823],[12.3893,42.0861],[12.3924,42.0918],[12.3915,42.0952],[12.3945,42.1021],[12.409,42.1102],[12.4159,42.1106]]]}},{"type":"Feature","properties":{"i":"058039","n":"Frascati"},"geometry":{"type":"Polygon","coordinates":[[[12.7046,41.8401],[12.7024,41.8396],[12.7021,41.8378],[12.7032,41.8318],[12.703,41.8261],[12.7018,41.8212],[12.6945,41.8176],[12.6886,41.8167],[12.6854,41.8137],[12.6864,41.81],[12.6912,41.808],[12.6949,41.8022],[12.695,41.7998],[12.6891,41.7962],[12.6856,41.8006],[12.6815,41.8023],[12.6683,41.8016],[12.6572,41.8026],[12.64,41.8068],[12.6384,41.8096],[12.631,41.8173],[12.6284,41.8183],[12.6296,41.8255],[12.6315,41.8285],[12.6445,41.8214],[12.6516,41.8162],[12.6586,41.8173],[12.6609,41.8183],[12.6573,41.8231],[12.6451,41.8259],[12.6402,41.8298],[12.6409,41.8322],[12.6452,41.834],[12.6517,41.8321],[12.653,41.8329],[12.6497,41.8485],[12.6512,41.8502],[12.6551,41.8474],[12.6607,41.8407],[12.6627,41.8404],[12.6636,41.8411],[12.6637,41.8443],[12.659,41.8494],[12.6571,41.8504],[12.675,41.8522],[12.6827,41.8492],[12.6838,41.8462],[12.6841,41.8405],[12.6902,41.8405],[12.689,41.8439],[12.6989,41.843],[12.7046,41.8401]]]}},{"type":"Feature","properties":{"i":"058040","n":"Gallicano nel Lazio"},"geometry":{"type":"Polygon","coordinates":[[[12.8419,41.8685],[12.8438,41.8647],[12.8379,41.8605],[12.8314,41.8608],[12.8326,41.8545],[12.8341,41.8535],[12.8257,41.8573],[12.8145,41.8659],[12.8103,41.8634],[12.8071,41.86],[12.7981,41.8644],[12.7782,41.8631],[12.768,41.8703],[12.7548,41.8857],[12.7453,41.8923],[12.7423,41.8955],[12.7415,41.8976],[12.7704,41.9094],[12.7778,41.9109],[12.7951,41.9033],[12.8027,41.8985],[12.8187,41.8829],[12.8263,41.8778],[12.8387,41.8724],[12.8419,41.8685]]]}},{"type":"Feature","properties":{"i":"058041","n":"Gavignano"},"geometry":{"type":"Polygon","coordinates":[[[13.0869,41.719],[13.0877,41.7146],[13.0914,41.7108],[13.0958,41.7037],[13.0921,41.697],[13.0908,41.6895],[13.0912,41.6874],[13.0829,41.6882],[13.0636,41.6829],[13.0599,41.6841],[13.0463,41.6953],[13.0373,41.7051],[13.0411,41.7111],[13.051,41.7112],[13.054,41.7192],[13.0614,41.7265],[13.0606,41.7273],[13.0611,41.7285],[13.0643,41.7309],[13.0654,41.7289],[13.0701,41.724],[13.0869,41.719]]]}},{"type":"Feature","properties":{"i":"058042","n":"Genazzano"},"geometry":{"type":"Polygon","coordinates":[[[12.9851,41.8609],[12.9898,41.855],[12.9938,41.8468],[12.9913,41.8454],[12.9903,41.8419],[12.9902,41.84],[12.9915,41.8359],[12.9941,41.8354],[13.0046,41.8283],[13.0074,41.8303],[13.0113,41.8302],[13.0082,41.8212],[13.0106,41.8172],[13.0111,41.8091],[13.006,41.8055],[13.0034,41.7994],[13.0019,41.7912],[13.0001,41.7874],[12.994,41.7796],[12.992,41.772],[12.9924,41.7686],[12.9833,41.767],[12.9783,41.7709],[12.9762,41.7746],[12.9691,41.7792],[12.9605,41.7827],[12.9589,41.7867],[12.9618,41.7907],[12.961,41.7947],[12.9515,41.8031],[12.9506,41.8082],[12.9508,41.8107],[12.9632,41.8225],[12.9592,41.8277],[12.9611,41.8291],[12.9645,41.8362],[12.9666,41.8521],[12.9646,41.8551],[12.9695,41.8613],[12.9759,41.8615],[12.9813,41.8601],[12.9851,41.8609]]]}},{"type":"Feature","properties":{"i":"058043","n":"Genzano di Roma"},"geometry":{"type":"Polygon","coordinates":[[[12.7056,41.6914],[12.7165,41.6823],[12.7244,41.6798],[12.736,41.6777],[12.7339,41.6731],[12.7366,41.6674],[12.7427,41.6611],[12.7429,41.6483],[12.7327,41.6458],[12.7251,41.6474],[12.7211,41.6471],[12.7174,41.6433],[12.718,41.6367],[12.7213,41.6335],[12.7202,41.6312],[12.7176,41.6311],[12.7058,41.643],[12.7048,41.646],[12.7139,41.6531],[12.7194,41.6598],[12.7187,41.6654],[12.7167,41.6665],[12.7078,41.6662],[12.7104,41.6695],[12.7148,41.6714],[12.7152,41.6723],[12.7151,41.676],[12.7105,41.682],[12.6994,41.684],[12.697,41.6811],[12.695,41.6805],[12.6852,41.6829],[12.684,41.6841],[12.6784,41.686],[12.6729,41.6844],[12.6719,41.6831],[12.6724,41.6823],[12.6707,41.6807],[12.6684,41.6808],[12.6652,41.6836],[12.6658,41.684],[12.6644,41.6884],[12.668,41.6962],[12.6711,41.6976],[12.6741,41.7001],[12.6807,41.7077],[12.6867,41.7131],[12.6904,41.7147],[12.7004,41.7056],[12.7017,41.7023],[12.7022,41.6963],[12.7056,41.6914]]]}},{"type":"Feature","properties":{"i":"058044","n":"Gerano"},"geometry":{"type":"Polygon","coordinates":[[[13.0184,41.9361],[13.0209,41.9292],[13.0167,41.9276],[13.0148,41.9257],[13.0014,41.9179],[12.9915,41.911],[12.9874,41.9114],[12.9731,41.9236],[12.9661,41.9254],[12.9646,41.9288],[12.9654,41.9319],[12.9884,41.9396],[12.9966,41.945],[13.0031,41.9473],[13.003,41.9454],[13.0085,41.9441],[13.0184,41.9361]]]}},{"type":"Feature","properties":{"i":"058045","n":"Gorga"},"geometry":{"type":"Polygon","coordinates":[[[13.1163,41.6713],[13.116,41.6678],[13.1234,41.664],[13.139,41.6619],[13.147,41.6603],[13.1499,41.6589],[13.1509,41.657],[13.1506,41.6528],[13.1539,41.6476],[13.1584,41.6359],[13.1577,41.6294],[13.1549,41.626],[13.1551,41.6208],[13.1564,41.6189],[13.162,41.6168],[13.1585,41.615],[13.1448,41.6143],[13.1219,41.6296],[13.1081,41.6347],[13.0976,41.636],[13.0931,41.638],[13.0783,41.6509],[13.0743,41.6552],[13.0797,41.6565],[13.0845,41.659],[13.0867,41.6647],[13.0925,41.6711],[13.0976,41.6739],[13.0991,41.6788],[13.1006,41.6802],[13.1027,41.6799],[13.1089,41.6749],[13.1163,41.6713]]]}},{"type":"Feature","properties":{"i":"058046","n":"Grottaferrata"},"geometry":{"type":"MultiPolygon","coordinates":[[[[12.6816,41.7554],[12.6754,41.7596],[12.6799,41.7662],[12.6835,41.769],[12.6883,41.763],[12.6866,41.7576],[12.6816,41.7554]]],[[[12.695,41.7998],[12.7013,41.798],[12.7096,41.7978],[12.7173,41.7997],[12.7234,41.7996],[12.7226,41.7964],[12.7232,41.7934],[12.729,41.782],[12.7125,41.7813],[12.6962,41.7821],[12.6898,41.7797],[12.684,41.7724],[12.6806,41.7714],[12.6747,41.7757],[12.6708,41.7766],[12.6524,41.7748],[12.6506,41.7751],[12.6442,41.7799],[12.6436,41.787],[12.6386,41.7913],[12.6366,41.795],[12.6409,41.7971],[12.6444,41.7968],[12.6459,41.7934],[12.6519,41.7913],[12.6536,41.7926],[12.6522,41.7961],[12.6372,41.8035],[12.6384,41.8096],[12.64,41.8068],[12.6572,41.8026],[12.6683,41.8016],[12.6815,41.8023],[12.6856,41.8006],[12.6891,41.7962],[12.695,41.7998]]]]}},{"type":"Feature","properties":{"i":"058047","n":"Guidonia Montecelio"},"geometry":{"type":"Polygon","coordinates":[[[12.7654,42.0422],[12.7627,42.0316],[12.7638,42.0226],[12.7586,42.019],[12.7604,42.009],[12.7566,42.0022],[12.7565,42.0004],[12.7603,41.9939],[12.7655,41.9903],[12.7699,41.9821],[12.7783,41.9808],[12.7728,41.9747],[12.7648,41.9709],[12.7638,41.9621],[12.762,41.9565],[12.7573,41.9567],[12.7342,41.9521],[12.7281,41.9523],[12.7233,41.972],[12.7146,41.972],[12.7137,41.9692],[12.7144,41.966],[12.7073,41.9467],[12.694,41.942],[12.6909,41.9401],[12.6897,41.9359],[12.6682,41.9283],[12.6594,41.9319],[12.6514,41.9418],[12.6448,41.9445],[12.6431,41.9543],[12.6381,41.9573],[12.6276,41.9588],[12.6207,41.9621],[12.6132,41.9723],[12.6181,41.9871],[12.6234,41.9865],[12.6313,41.987],[12.636,41.985],[12.641,41.9815],[12.64,41.9784],[12.6473,41.9746],[12.65,41.9749],[12.6565,41.9798],[12.6682,41.9981],[12.6727,41.9983],[12.6789,42.0022],[12.6785,42.0056],[12.6793,42.0062],[12.685,42.0085],[12.712,42.015],[12.7129,42.0167],[12.7127,42.0193],[12.7258,42.0217],[12.7296,42.0267],[12.7378,42.0283],[12.7447,42.034],[12.7444,42.0406],[12.7484,42.0439],[12.7508,42.0445],[12.762,42.044],[12.7654,42.0422]]]}},{"type":"Feature","properties":{"i":"058048","n":"Jenne"},"geometry":{"type":"Polygon","coordinates":[[[13.2032,41.8723],[13.1957,41.8688],[13.1897,41.8596],[13.1869,41.864],[13.1808,41.867],[13.1588,41.8746],[13.1536,41.8794],[13.1508,41.8841],[13.1454,41.8894],[13.1416,41.8928],[13.1384,41.8931],[13.1378,41.8942],[13.1377,41.8961],[13.1418,41.9033],[13.145,41.9082],[13.151,41.914],[13.1552,41.9211],[13.1559,41.9235],[13.1591,41.9271],[13.1678,41.9338],[13.1724,41.9347],[13.1769,41.9407],[13.1747,41.9438],[13.1769,41.9444],[13.1842,41.9422],[13.1834,41.936],[13.2013,41.9195],[13.203,41.9165],[13.204,41.9124],[13.2019,41.9109],[13.2009,41.9072],[13.2033,41.901],[13.2072,41.8993],[13.2076,41.8893],[13.2049,41.8752],[13.2032,41.8723]]]}},{"type":"Feature","properties":{"i":"058049","n":"Labico"},"geometry":{"type":"Polygon","coordinates":[[[12.8897,41.7985],[12.8892,41.7962],[12.8917,41.7915],[12.8922,41.7883],[12.8915,41.7819],[12.8882,41.7772],[12.8844,41.7768],[12.8782,41.7779],[12.8764,41.7797],[12.8713,41.7813],[12.8627,41.779],[12.861,41.7778],[12.8437,41.7754],[12.8414,41.7773],[12.8301,41.7918],[12.8317,41.7944],[12.8362,41.7981],[12.8394,41.7965],[12.8445,41.7959],[12.8559,41.8021],[12.8636,41.7994],[12.8734,41.8016],[12.8751,41.8026],[12.8762,41.8045],[12.8816,41.8067],[12.8897,41.7985]]]}},{"type":"Feature","properties":{"i":"058050","n":"Lanuvio"},"geometry":{"type":"Polygon","coordinates":[[[12.7213,41.6335],[12.7239,41.6373],[12.7254,41.6433],[12.7281,41.6425],[12.7333,41.6378],[12.7257,41.6297],[12.7211,41.6277],[12.7195,41.6217],[12.7234,41.6189],[12.7221,41.6166],[12.7169,41.6125],[12.714,41.6114],[12.7061,41.6112],[12.6975,41.61],[12.6618,41.5982],[12.6534,41.6058],[12.6518,41.6102],[12.6544,41.626],[12.6549,41.6402],[12.6578,41.647],[12.6529,41.6622],[12.6565,41.6647],[12.6561,41.6666],[12.6528,41.6666],[12.6539,41.6732],[12.6598,41.6816],[12.6621,41.6831],[12.6658,41.684],[12.6652,41.6836],[12.6657,41.683],[12.6684,41.6808],[12.6707,41.6807],[12.6724,41.6823],[12.6719,41.6831],[12.6729,41.6844],[12.6784,41.686],[12.684,41.6841],[12.6852,41.6829],[12.695,41.6805],[12.697,41.6811],[12.6994,41.684],[12.7105,41.682],[12.7151,41.676],[12.7152,41.6723],[12.7148,41.6714],[12.7104,41.6695],[12.7078,41.6662],[12.7167,41.6665],[12.7187,41.6654],[12.7194,41.6598],[12.7139,41.6531],[12.7048,41.646],[12.7058,41.643],[12.7176,41.6311],[12.7206,41.6313],[12.7213,41.6335]]]}},{"type":"Feature","properties":{"i":"058051","n":"Licenza"},"geometry":{"type":"Polygon","coordinates":[[[12.8989,42.1015],[12.9002,42.0975],[12.8995,42.0931],[12.8999,42.0912],[12.902,42.0885],[12.9082,42.0823],[12.9173,42.08],[12.9208,42.0783],[12.9276,42.0708],[12.9285,42.0689],[12.9285,42.0681],[12.9215,42.0633],[12.9174,42.0595],[12.9161,42.0571],[12.9116,42.0534],[12.9081,42.0528],[12.9074,42.0557],[12.9034,42.058],[12.8743,42.0587],[12.8723,42.0625],[12.8715,42.07],[12.8738,42.0792],[12.8641,42.0823],[12.8609,42.0873],[12.868,42.0912],[12.8668,42.1036],[12.8845,42.1042],[12.885,42.1031],[12.8842,42.1021],[12.8856,42.1005],[12.8959,42.1004],[12.8989,42.1015]]]}},{"type":"Feature","properties":{"i":"058052","n":"Magliano Romano"},"geometry":{"type":"Polygon","coordinates":[[[12.4663,42.1607],[12.4567,42.1456],[12.4539,42.139],[12.4458,42.1318],[12.4426,42.1313],[12.4401,42.1325],[12.4393,42.1341],[12.4329,42.136],[12.4199,42.1375],[12.411,42.1545],[12.4092,42.1598],[12.4085,42.1741],[12.4095,42.1804],[12.4115,42.1822],[12.4145,42.1807],[12.4259,42.1813],[12.4294,42.1839],[12.4356,42.183],[12.4458,42.1875],[12.4507,42.182],[12.4582,42.1706],[12.4626,42.1662],[12.4663,42.1607]]]}},{"type":"Feature","properties":{"i":"058053","n":"Mandela"},"geometry":{"type":"Polygon","coordinates":[[[12.9558,42.0361],[12.9564,42.0355],[12.945,42.0287],[12.9402,42.0274],[12.9315,42.0233],[12.9282,42.019],[12.9116,42.0181],[12.9081,42.0238],[12.9052,42.0308],[12.9058,42.0445],[12.9081,42.0528],[12.9116,42.0534],[12.9161,42.0571],[12.9174,42.0595],[12.9215,42.0633],[12.9268,42.0669],[12.9345,42.0618],[12.9354,42.0595],[12.9357,42.0527],[12.9399,42.0498],[12.9455,42.0479],[12.9516,42.0428],[12.9536,42.0383],[12.9558,42.0361]]]}},{"type":"Feature","properties":{"i":"058054","n":"Manziana"},"geometry":{"type":"Polygon","coordinates":[[[12.0753,42.0857],[12.071,42.0885],[12.0613,42.09],[12.0571,42.0923],[12.0555,42.0947],[12.0591,42.0964],[12.0671,42.0974],[12.074,42.1021],[12.0787,42.1092],[12.101,42.1254],[12.1091,42.1338],[12.1128,42.1364],[12.1197,42.1388],[12.1342,42.1471],[12.1395,42.1493],[12.1432,42.1544],[12.1475,42.1561],[12.1519,42.147],[12.1393,42.1376],[12.1368,42.1319],[12.1388,42.1273],[12.1371,42.1222],[12.1349,42.1167],[12.125,42.0999],[12.1167,42.0934],[12.1079,42.0884],[12.0916,42.0834],[12.0837,42.0812],[12.0753,42.0857]]]}},{"type":"Feature","properties":{"i":"058055","n":"Marano Equo"},"geometry":{"type":"Polygon","coordinates":[[[13.0328,42.0068],[13.0331,42.0014],[13.0297,42.0021],[13.0265,41.9983],[13.023,41.9885],[13.0228,41.9838],[13.0238,41.9811],[13.0265,41.9791],[13.026,41.9788],[13.018,41.9794],[13.0099,41.9771],[13.003,41.9768],[13.0002,41.9782],[12.9963,41.9831],[12.9912,41.9872],[12.9963,41.9914],[13.0034,42.0003],[13.0102,42.0054],[13.0126,42.0094],[13.0113,42.0123],[13.0146,42.013],[13.0207,42.0104],[13.0258,42.0104],[13.0297,42.0091],[13.0328,42.0068]]]}},{"type":"Feature","properties":{"i":"058056","n":"Marcellina"},"geometry":{"type":"Polygon","coordinates":[[[12.8255,42.0056],[12.8079,42.0047],[12.8034,42.0011],[12.8052,41.9981],[12.805,41.9936],[12.8031,41.9904],[12.7944,41.9907],[12.7931,41.9913],[12.79,41.9937],[12.788,41.9983],[12.7887,41.9996],[12.7882,42.0007],[12.785,42.0022],[12.7782,42.0038],[12.7723,42.0012],[12.7654,42.0007],[12.7566,42.0022],[12.7604,42.009],[12.7646,42.0125],[12.7779,42.0196],[12.7858,42.028],[12.7961,42.0318],[12.8052,42.0327],[12.8092,42.0327],[12.8204,42.0307],[12.8254,42.0288],[12.8255,42.0056]]]}},{"type":"Feature","properties":{"i":"058057","n":"Marino"},"geometry":{"type":"Polygon","coordinates":[[[12.684,41.7724],[12.6835,41.769],[12.6799,41.7662],[12.6754,41.7596],[12.6716,41.7621],[12.6649,41.7638],[12.6553,41.7636],[12.6363,41.7494],[12.6323,41.7431],[12.6291,41.7403],[12.6224,41.738],[12.616,41.7367],[12.6042,41.7376],[12.5992,41.7361],[12.5998,41.7391],[12.5969,41.7405],[12.5876,41.7395],[12.5847,41.7399],[12.5847,41.7421],[12.5869,41.7455],[12.5842,41.7522],[12.5945,41.7551],[12.5967,41.7586],[12.5876,41.7595],[12.5865,41.7669],[12.5883,41.7698],[12.5901,41.7799],[12.6163,41.778],[12.6214,41.7752],[12.6243,41.7753],[12.642,41.7786],[12.6436,41.7839],[12.6442,41.7799],[12.6506,41.7751],[12.6577,41.775],[12.6708,41.7766],[12.6747,41.7757],[12.6806,41.7714],[12.684,41.7724]]]}},{"type":"Feature","properties":{"i":"058058","n":"Mazzano Romano"},"geometry":{"type":"Polygon","coordinates":[[[12.417,42.246],[12.4193,42.2346],[12.4182,42.2304],[12.4176,42.2155],[12.4206,42.2075],[12.4155,42.1984],[12.4127,42.1914],[12.4115,42.1822],[12.4098,42.1812],[12.4085,42.1741],[12.4092,42.1598],[12.411,42.1545],[12.4199,42.1375],[12.4091,42.1353],[12.4022,42.1419],[12.3941,42.1516],[12.379,42.1627],[12.3777,42.1643],[12.3782,42.1674],[12.3733,42.1721],[12.3701,42.1738],[12.3704,42.1759],[12.3737,42.1808],[12.3728,42.1985],[12.3703,42.2073],[12.3718,42.2115],[12.3747,42.2127],[12.3792,42.2128],[12.3868,42.2166],[12.3921,42.2225],[12.3983,42.2321],[12.4011,42.233],[12.4026,42.2298],[12.4043,42.2292],[12.4088,42.2298],[12.4123,42.237],[12.4124,42.2399],[12.4049,42.2488],[12.4082,42.2512],[12.4122,42.2574],[12.4133,42.2501],[12.417,42.246]]]}},{"type":"Feature","properties":{"i":"058059","n":"Mentana"},"geometry":{"type":"Polygon","coordinates":[[[12.7151,42.0572],[12.7103,42.0525],[12.6968,42.0466],[12.6941,42.0443],[12.6877,42.044],[12.6798,42.047],[12.6758,42.0482],[12.6753,42.0477],[12.673,42.0423],[12.6731,42.0397],[12.6745,42.0349],[12.6788,42.0283],[12.6789,42.0226],[12.6759,42.0161],[12.6709,42.0094],[12.6539,42.0132],[12.6531,42.0119],[12.6499,42.0125],[12.6263,42.0252],[12.6148,42.0295],[12.6235,42.0407],[12.6291,42.0521],[12.6376,42.055],[12.6419,42.0553],[12.6488,42.0531],[12.653,42.0473],[12.6618,42.0443],[12.6651,42.0442],[12.6712,42.0461],[12.6735,42.0476],[12.675,42.0495],[12.6737,42.0529],[12.669,42.0553],[12.667,42.0577],[12.6666,42.0601],[12.6698,42.0666],[12.6765,42.072],[12.677,42.0695],[12.6798,42.0678],[12.6953,42.067],[12.714,42.0622],[12.7151,42.0572]]]}},{"type":"Feature","properties":{"i":"058060","n":"Monte Compatri"},"geometry":{"type":"MultiPolygon","coordinates":[[[[12.7425,41.8312],[12.746,41.8315],[12.7495,41.8306],[12.7593,41.8188],[12.7601,41.8161],[12.7598,41.8078],[12.7571,41.8079],[12.7507,41.7987],[12.7461,41.7975],[12.7385,41.7877],[12.7393,41.7784],[12.729,41.782],[12.7251,41.7889],[12.7226,41.7964],[12.7234,41.7996],[12.7215,41.8032],[12.7236,41.8059],[12.7259,41.8123],[12.7245,41.8193],[12.7215,41.8258],[12.7147,41.8344],[12.7114,41.837],[12.7129,41.8389],[12.7162,41.8402],[12.7239,41.8377],[12.725,41.8361],[12.7261,41.8311],[12.7254,41.829],[12.7265,41.8268],[12.7425,41.8312]]],[[[12.7412,41.8321],[12.7405,41.8321],[12.7392,41.8348],[12.7379,41.8403],[12.7464,41.84],[12.747,41.8371],[12.7451,41.835],[12.7423,41.8346],[12.7403,41.8334],[12.7412,41.8321]]],[[[12.7277,41.8865],[12.7267,41.8846],[12.7276,41.8829],[12.7383,41.8758],[12.7445,41.8656],[12.7448,41.8555],[12.7381,41.8418],[12.7334,41.8479],[12.7276,41.8502],[12.7202,41.8583],[12.713,41.8607],[12.7053,41.8655],[12.6991,41.8823],[12.6986,41.8902],[12.7044,41.8904],[12.7128,41.888],[12.7277,41.8865]]]]}},{"type":"Feature","properties":{"i":"058061","n":"Monteflavio"},"geometry":{"type":"Polygon","coordinates":[[[12.8668,42.1036],[12.868,42.0912],[12.8624,42.0881],[12.8595,42.0935],[12.8554,42.0958],[12.8452,42.0976],[12.8397,42.0969],[12.8358,42.0953],[12.8238,42.1036],[12.7954,42.1093],[12.7888,42.1117],[12.7852,42.1172],[12.7883,42.1184],[12.8016,42.1195],[12.8082,42.1177],[12.8161,42.1182],[12.8202,42.1198],[12.8358,42.1296],[12.8393,42.1341],[12.8483,42.1384],[12.8514,42.1376],[12.8519,42.1343],[12.8548,42.1295],[12.8608,42.126],[12.8601,42.1216],[12.8661,42.1084],[12.8668,42.1036]]]}},{"type":"Feature","properties":{"i":"058062","n":"Montelanico"},"geometry":{"type":"Polygon","coordinates":[[[13.0991,41.6788],[13.0976,41.6739],[13.0925,41.6711],[13.0867,41.6647],[13.0845,41.659],[13.0797,41.6565],[13.0548,41.6501],[13.0478,41.6459],[13.047,41.6388],[13.0484,41.6324],[13.0403,41.6232],[13.0368,41.6159],[13.0354,41.6089],[13.0356,41.6016],[13.0346,41.6],[13.0251,41.5997],[13.0253,41.601],[13.0215,41.6095],[13.0158,41.612],[13.0046,41.6199],[12.9871,41.6408],[12.986,41.6455],[12.9944,41.6469],[13.0035,41.6504],[13.0128,41.657],[13.0172,41.662],[13.0203,41.6641],[13.0336,41.6687],[13.0499,41.6688],[13.0556,41.6778],[13.0665,41.684],[13.0829,41.6882],[13.0912,41.6874],[13.0937,41.6881],[13.0976,41.6861],[13.0991,41.6788]]]}},{"type":"Feature","properties":{"i":"058063","n":"Montelibretti"},"geometry":{"type":"Polygon","coordinates":[[[12.7163,42.1548],[12.7193,42.1572],[12.7281,42.1584],[12.7342,42.1578],[12.7464,42.1534],[12.7461,42.1517],[12.7441,42.1495],[12.7434,42.1454],[12.7504,42.1436],[12.7542,42.1409],[12.7524,42.1314],[12.7366,42.1256],[12.7279,42.1205],[12.7021,42.1115],[12.697,42.1165],[12.6933,42.1233],[12.6875,42.1288],[12.681,42.1257],[12.682,42.1221],[12.6875,42.1151],[12.6876,42.1139],[12.6774,42.1074],[12.669,42.1048],[12.663,42.1064],[12.658,42.1062],[12.6571,42.1038],[12.6611,42.1018],[12.6614,42.1005],[12.6606,42.0996],[12.6492,42.1009],[12.6417,42.1056],[12.6381,42.1014],[12.6257,42.1062],[12.628,42.1067],[12.6288,42.1085],[12.6226,42.116],[12.6225,42.1176],[12.6291,42.1193],[12.6376,42.1237],[12.6358,42.1261],[12.6346,42.1304],[12.635,42.1344],[12.6388,42.1397],[12.6384,42.1485],[12.6308,42.1695],[12.6343,42.1705],[12.6453,42.1644],[12.6482,42.16],[12.6478,42.1565],[12.6467,42.156],[12.6465,42.1526],[12.6519,42.1506],[12.6566,42.151],[12.6602,42.1546],[12.6656,42.1572],[12.672,42.159],[12.6788,42.1576],[12.6865,42.1547],[12.6868,42.1538],[12.6954,42.1523],[12.7056,42.152],[12.7163,42.1548]]]}},{"type":"Feature","properties":{"i":"058064","n":"Monte Porzio Catone"},"geometry":{"type":"Polygon","coordinates":[[[12.7114,41.837],[12.7147,41.8344],[12.7215,41.8258],[12.7245,41.8193],[12.7259,41.8123],[12.7236,41.8059],[12.7215,41.8032],[12.7234,41.7996],[12.7173,41.7997],[12.7096,41.7978],[12.7013,41.798],[12.696,41.7992],[12.695,41.7998],[12.6949,41.8022],[12.6925,41.8066],[12.6894,41.809],[12.6864,41.81],[12.6854,41.8137],[12.6886,41.8167],[12.6945,41.8176],[12.7018,41.8212],[12.703,41.8261],[12.7032,41.8318],[12.7021,41.8355],[12.7024,41.8396],[12.7053,41.8396],[12.7072,41.8363],[12.7076,41.834],[12.7114,41.837]]]}},{"type":"Feature","properties":{"i":"058065","n":"Monterotondo"},"geometry":{"type":"Polygon","coordinates":[[[12.6765,42.072],[12.6698,42.0666],[12.6666,42.0601],[12.667,42.0577],[12.669,42.0553],[12.6737,42.0529],[12.675,42.0495],[12.6735,42.0476],[12.6712,42.0461],[12.6651,42.0442],[12.6618,42.0443],[12.653,42.0473],[12.6488,42.0531],[12.6419,42.0553],[12.6376,42.055],[12.6291,42.0521],[12.6235,42.0407],[12.6148,42.0295],[12.6082,42.031],[12.588,42.0425],[12.5819,42.0475],[12.58,42.0518],[12.5704,42.0585],[12.5653,42.0636],[12.5663,42.0655],[12.5794,42.0647],[12.5834,42.0659],[12.5872,42.0758],[12.5891,42.0876],[12.5912,42.0883],[12.5981,42.0866],[12.6035,42.088],[12.6051,42.0893],[12.6052,42.0966],[12.6073,42.1019],[12.6111,42.1048],[12.6159,42.1059],[12.6257,42.1062],[12.6381,42.1014],[12.6387,42.096],[12.6366,42.0918],[12.6373,42.0897],[12.6409,42.0886],[12.6532,42.0877],[12.6568,42.0864],[12.6765,42.072]]]}},{"type":"Feature","properties":{"i":"058066","n":"Montorio Romano"},"geometry":{"type":"Polygon","coordinates":[[[12.8483,42.1384],[12.8393,42.1341],[12.8358,42.1296],[12.8202,42.1198],[12.8161,42.1182],[12.8082,42.1177],[12.8016,42.1195],[12.7883,42.1184],[12.7852,42.1172],[12.7689,42.1263],[12.7583,42.1333],[12.7542,42.1409],[12.7504,42.1436],[12.7434,42.1454],[12.7433,42.1469],[12.7441,42.1495],[12.7468,42.1478],[12.7517,42.1465],[12.7987,42.1547],[12.7991,42.1575],[12.8005,42.1567],[12.8073,42.1571],[12.8191,42.1522],[12.83,42.1487],[12.8441,42.1456],[12.8491,42.1436],[12.8499,42.1406],[12.8483,42.1384]]]}},{"type":"Feature","properties":{"i":"058067","n":"Moricone"},"geometry":{"type":"Polygon","coordinates":[[[12.7852,42.1172],[12.7888,42.1117],[12.787,42.1115],[12.7859,42.1095],[12.7896,42.1055],[12.7963,42.0907],[12.7966,42.0877],[12.7952,42.0862],[12.7911,42.0865],[12.7824,42.0893],[12.7706,42.1045],[12.7628,42.1077],[12.7452,42.1113],[12.7347,42.1067],[12.7272,42.1005],[12.7185,42.1011],[12.7036,42.1036],[12.6926,42.1096],[12.6887,42.1086],[12.6804,42.1021],[12.6714,42.1031],[12.669,42.1048],[12.6774,42.1074],[12.6876,42.1139],[12.6875,42.1151],[12.682,42.1221],[12.681,42.1257],[12.6875,42.1288],[12.6933,42.1233],[12.697,42.1165],[12.7021,42.1115],[12.7034,42.1117],[12.7279,42.1205],[12.7366,42.1256],[12.7524,42.1314],[12.7542,42.1409],[12.7583,42.1333],[12.7689,42.1263],[12.7852,42.1172]]]}},{"type":"Feature","properties":{"i":"058068","n":"Morlupo"},"geometry":{"type":"Polygon","coordinates":[[[12.5399,42.1124],[12.5398,42.1134],[12.5373,42.1151],[12.536,42.1156],[12.5349,42.1146],[12.5289,42.1171],[12.5178,42.1224],[12.5122,42.1267],[12.5094,42.128],[12.495,42.1306],[12.4893,42.1307],[12.4856,42.1284],[12.4702,42.1312],[12.4663,42.1341],[12.4664,42.1382],[12.4627,42.1403],[12.4563,42.1402],[12.4539,42.139],[12.4567,42.1456],[12.4663,42.1607],[12.4742,42.1573],[12.4754,42.1558],[12.4832,42.1572],[12.487,42.1598],[12.4935,42.1626],[12.5048,42.1602],[12.5134,42.1657],[12.5153,42.1686],[12.5155,42.1723],[12.5184,42.1696],[12.5296,42.1656],[12.531,42.1614],[12.5306,42.1479],[12.5317,42.1429],[12.5394,42.1277],[12.5443,42.1207],[12.5447,42.1182],[12.5437,42.1158],[12.5399,42.1124]]]}},{"type":"Feature","properties":{"i":"058069","n":"Nazzano"},"geometry":{"type":"Polygon","coordinates":[[[12.6132,42.202],[12.6125,42.1989],[12.6018,42.1968],[12.599,42.2074],[12.5904,42.2174],[12.5604,42.2268],[12.5651,42.2301],[12.5702,42.2307],[12.5767,42.2375],[12.5755,42.242],[12.5755,42.2452],[12.5786,42.2465],[12.5837,42.2419],[12.5934,42.2426],[12.603,42.2482],[12.6047,42.246],[12.6057,42.2426],[12.6041,42.236],[12.6046,42.2343],[12.6074,42.2331],[12.6107,42.2338],[12.6151,42.2335],[12.6218,42.222],[12.6182,42.2154],[12.6122,42.2133],[12.6094,42.2138],[12.6053,42.2119],[12.6061,42.2101],[12.6115,42.2058],[12.6132,42.202]]]}},{"type":"Feature","properties":{"i":"058070","n":"Nemi"},"geometry":{"type":"Polygon","coordinates":[[[12.7056,41.6914],[12.7022,41.6963],[12.7017,41.7023],[12.7004,41.7056],[12.6904,41.715],[12.6923,41.722],[12.6977,41.7291],[12.7004,41.7311],[12.7092,41.7334],[12.7193,41.7292],[12.7226,41.7255],[12.7197,41.7124],[12.7159,41.7061],[12.7068,41.6949],[12.7056,41.6914]]]}},{"type":"Feature","properties":{"i":"058071","n":"Nerola"},"geometry":{"type":"Polygon","coordinates":[[[12.7907,42.1849],[12.7952,42.1806],[12.794,42.178],[12.7883,42.173],[12.7791,42.1707],[12.7806,42.1668],[12.7968,42.1618],[12.7991,42.1575],[12.7987,42.1547],[12.7835,42.1515],[12.7507,42.1465],[12.7441,42.1495],[12.7461,42.1517],[12.7464,42.1534],[12.7342,42.1578],[12.7261,42.1584],[12.7193,42.1572],[12.7163,42.1548],[12.7198,42.1625],[12.7234,42.1657],[12.7302,42.1675],[12.7373,42.1667],[12.7462,42.1724],[12.7504,42.1777],[12.7571,42.1836],[12.7682,42.1884],[12.7745,42.1883],[12.7883,42.1861],[12.7907,42.1849]]]}},{"type":"Feature","properties":{"i":"058072","n":"Nettuno"},"geometry":{"type":"Polygon","coordinates":[[[12.7232,41.5024],[12.7201,41.4995],[12.7269,41.4836],[12.7348,41.4801],[12.7401,41.4803],[12.7436,41.479],[12.7479,41.4733],[12.7465,41.4637],[12.7433,41.4589],[12.7396,41.4582],[12.7379,41.4565],[12.7387,41.4472],[12.7466,41.4442],[12.7498,41.444],[12.7542,41.4457],[12.7672,41.4355],[12.7749,41.4235],[12.7732,41.4163],[12.7638,41.4104],[12.7149,41.4401],[12.6983,41.4483],[12.6887,41.4518],[12.6839,41.453],[12.6777,41.4529],[12.664,41.4565],[12.6467,41.4542],[12.6409,41.4529],[12.6373,41.4512],[12.636,41.4529],[12.6372,41.458],[12.6403,41.4673],[12.6457,41.4771],[12.6446,41.4813],[12.6436,41.4946],[12.6398,41.5041],[12.6349,41.5091],[12.6286,41.5187],[12.6288,41.522],[12.6208,41.5323],[12.6183,41.5403],[12.621,41.538],[12.6456,41.5364],[12.6541,41.5331],[12.6737,41.523],[12.6766,41.521],[12.6799,41.517],[12.6809,41.508],[12.6917,41.5069],[12.7021,41.5073],[12.7192,41.5054],[12.7218,41.5048],[12.7232,41.5024]]]}},{"type":"Feature","properties":{"i":"058073","n":"Olevano Romano"},"geometry":{"type":"Polygon","coordinates":[[[13.0534,41.8607],[13.0593,41.86],[13.0603,41.8593],[13.0622,41.8565],[13.0605,41.8511],[13.0678,41.8519],[13.0716,41.8542],[13.0696,41.8488],[13.0654,41.8314],[13.0606,41.8298],[13.0536,41.8299],[13.0472,41.8319],[13.036,41.8319],[13.034,41.8309],[13.0335,41.8277],[13.0257,41.8237],[13.0224,41.8256],[13.0165,41.827],[13.0098,41.8255],[13.0113,41.8302],[13.0074,41.8303],[13.0046,41.8283],[12.9941,41.8354],[12.9915,41.8359],[12.9902,41.84],[12.9903,41.8419],[12.9913,41.8454],[12.9938,41.8468],[12.9898,41.855],[12.9851,41.8609],[12.9867,41.8631],[12.9916,41.8661],[12.9975,41.8673],[13.0014,41.8676],[13.0055,41.8649],[13.0109,41.8655],[13.0144,41.8695],[13.0213,41.8745],[13.0338,41.8715],[13.0431,41.8658],[13.0477,41.8596],[13.053,41.8596],[13.0534,41.8607]]]}},{"type":"Feature","properties":{"i":"058074","n":"Palestrina"},"geometry":{"type":"Polygon","coordinates":[[[12.8466,41.8681],[12.8469,41.8668],[12.8637,41.8645],[12.8773,41.8603],[12.8807,41.858],[12.8848,41.8533],[12.886,41.8499],[12.8851,41.8473],[12.8865,41.8444],[12.8925,41.8409],[12.9171,41.8374],[12.9189,41.8366],[12.9155,41.8353],[12.9143,41.8328],[12.9084,41.8276],[12.9061,41.8275],[12.9041,41.8234],[12.9034,41.8202],[12.9047,41.808],[12.9072,41.8031],[12.8993,41.801],[12.8935,41.8008],[12.8897,41.7985],[12.8816,41.8067],[12.8762,41.8045],[12.8751,41.8026],[12.8734,41.8016],[12.8636,41.7994],[12.8559,41.8021],[12.8445,41.7959],[12.8394,41.7965],[12.8362,41.7981],[12.8348,41.7972],[12.8305,41.7931],[12.8303,41.7914],[12.8414,41.7773],[12.8437,41.7754],[12.847,41.7757],[12.8471,41.7698],[12.8501,41.7698],[12.8548,41.7673],[12.8533,41.7605],[12.8486,41.7604],[12.8164,41.766],[12.8056,41.7667],[12.8013,41.7684],[12.7972,41.7678],[12.7956,41.7715],[12.7965,41.7729],[12.7993,41.7758],[12.8051,41.7766],[12.8088,41.7815],[12.81,41.7851],[12.8095,41.7878],[12.8141,41.8008],[12.8205,41.8013],[12.8269,41.8053],[12.8303,41.8079],[12.8327,41.8125],[12.8351,41.8153],[12.8431,41.8198],[12.8535,41.8299],[12.8539,41.8315],[12.8423,41.8378],[12.839,41.8419],[12.8362,41.8478],[12.837,41.8493],[12.8356,41.8518],[12.8326,41.8545],[12.8314,41.8608],[12.8379,41.8605],[12.8438,41.8647],[12.8419,41.8685],[12.8466,41.8681]]]}},{"type":"Feature","properties":{"i":"058075","n":"Palombara Sabina"},"geometry":{"type":"Polygon","coordinates":[[[12.8358,42.0953],[12.8326,42.0893],[12.831,42.0811],[12.8365,42.0776],[12.8324,42.0731],[12.8226,42.0664],[12.805,42.0604],[12.8017,42.0567],[12.7976,42.0546],[12.7766,42.0449],[12.7682,42.0419],[12.7654,42.0422],[12.762,42.044],[12.7508,42.0445],[12.7477,42.043],[12.7386,42.0449],[12.7334,42.0482],[12.7309,42.0539],[12.729,42.0551],[12.7151,42.0572],[12.714,42.0622],[12.6953,42.067],[12.6798,42.0678],[12.677,42.0695],[12.6765,42.072],[12.6568,42.0864],[12.6486,42.0884],[12.6409,42.0886],[12.6373,42.0897],[12.6365,42.091],[12.6387,42.096],[12.6381,42.1014],[12.6417,42.1056],[12.6492,42.1009],[12.6599,42.0995],[12.6614,42.101],[12.6571,42.1038],[12.658,42.1062],[12.663,42.1064],[12.669,42.1048],[12.6714,42.1031],[12.6804,42.1021],[12.6887,42.1086],[12.6926,42.1096],[12.7036,42.1036],[12.7185,42.1011],[12.7272,42.1005],[12.7347,42.1067],[12.7452,42.1113],[12.7628,42.1077],[12.7706,42.1045],[12.7824,42.0893],[12.7911,42.0865],[12.7959,42.0864],[12.7967,42.0893],[12.7896,42.1055],[12.7859,42.1095],[12.7874,42.1117],[12.7954,42.1093],[12.8238,42.1036],[12.8358,42.0953]]]}},{"type":"Feature","properties":{"i":"058076","n":"Percile"},"geometry":{"type":"Polygon","coordinates":[[[12.9486,42.0893],[12.9505,42.0871],[12.958,42.0821],[12.964,42.0794],[12.9697,42.0748],[12.9521,42.0645],[12.9445,42.0622],[12.9324,42.0633],[12.9268,42.0669],[12.9286,42.0683],[12.9279,42.0703],[12.9213,42.0779],[12.9173,42.08],[12.9082,42.0823],[12.9007,42.09],[12.8995,42.0931],[12.9002,42.0975],[12.8989,42.1015],[12.9012,42.1031],[12.9033,42.1091],[12.9087,42.1136],[12.9111,42.1146],[12.919,42.115],[12.9307,42.1084],[12.9486,42.0893]]]}},{"type":"Feature","properties":{"i":"058077","n":"Pisoniano"},"geometry":{"type":"Polygon","coordinates":[[[12.9661,41.9254],[12.9731,41.9236],[12.9874,41.9114],[12.9915,41.911],[12.9931,41.912],[12.9936,41.9085],[12.9913,41.9048],[12.9926,41.9028],[12.9886,41.9025],[12.9742,41.898],[12.9721,41.8937],[12.9592,41.8885],[12.9539,41.8875],[12.9448,41.8999],[12.9458,41.902],[12.945,41.906],[12.9392,41.918],[12.9382,41.9234],[12.9386,41.9265],[12.9452,41.9264],[12.9497,41.9275],[12.9554,41.9307],[12.9661,41.9254]]]}},{"type":"Feature","properties":{"i":"058078","n":"Poli"},"geometry":{"type":"Polygon","coordinates":[[[12.9024,41.9005],[12.9126,41.8964],[12.9206,41.8987],[12.9283,41.8974],[12.9298,41.8962],[12.9295,41.8902],[12.9246,41.8825],[12.9181,41.8746],[12.9138,41.8724],[12.8993,41.8681],[12.8959,41.8693],[12.8924,41.8737],[12.8905,41.8741],[12.8795,41.8728],[12.8794,41.871],[12.8809,41.8708],[12.8813,41.8696],[12.8746,41.8675],[12.8703,41.8676],[12.8547,41.8705],[12.8557,41.8735],[12.8479,41.8775],[12.8475,41.8844],[12.8434,41.8935],[12.852,41.8991],[12.8561,41.9004],[12.8661,41.9059],[12.8728,41.9059],[12.8934,41.9033],[12.9024,41.9005]]]}},{"type":"Feature","properties":{"i":"058079","n":"Pomezia"},"geometry":{"type":"Polygon","coordinates":[[[12.5953,41.6922],[12.5927,41.6871],[12.5824,41.6761],[12.5802,41.6721],[12.5711,41.6637],[12.5674,41.6622],[12.5587,41.661],[12.5416,41.6507],[12.5356,41.6508],[12.5163,41.621],[12.5046,41.6161],[12.4992,41.6155],[12.4957,41.6164],[12.4924,41.6152],[12.4895,41.61],[12.4874,41.6002],[12.4876,41.5958],[12.4845,41.5995],[12.4505,41.6293],[12.4396,41.6384],[12.4159,41.6555],[12.4513,41.6814],[12.4594,41.6849],[12.4683,41.6879],[12.4943,41.6923],[12.4981,41.6919],[12.5096,41.6866],[12.5147,41.6883],[12.5202,41.6926],[12.5361,41.6992],[12.5451,41.7059],[12.5545,41.7116],[12.5756,41.7127],[12.5798,41.7068],[12.592,41.6943],[12.5953,41.6922]]]}},{"type":"Feature","properties":{"i":"058080","n":"Ponzano Romano"},"geometry":{"type":"MultiPolygon","coordinates":[[[[12.5839,42.2839],[12.5849,42.2812],[12.5799,42.2765],[12.5772,42.2726],[12.5762,42.268],[12.5787,42.2641],[12.5817,42.264],[12.5856,42.2611],[12.5854,42.2536],[12.5806,42.2481],[12.5755,42.2452],[12.5755,42.242],[12.5767,42.2375],[12.5702,42.2307],[12.5651,42.2301],[12.5604,42.2268],[12.5514,42.2327],[12.5523,42.2419],[12.5465,42.2494],[12.5387,42.2566],[12.5395,42.2614],[12.5428,42.2661],[12.544,42.2728],[12.5337,42.2763],[12.5409,42.281],[12.5476,42.2875],[12.5504,42.2931],[12.5573,42.2896],[12.5596,42.2778],[12.5595,42.275],[12.5585,42.2734],[12.5625,42.2714],[12.5738,42.2724],[12.5756,42.2733],[12.576,42.2759],[12.5737,42.2823],[12.5738,42.284],[12.5747,42.2849],[12.5781,42.2855],[12.5839,42.2839]]],[[[12.506,42.2742],[12.5049,42.2777],[12.5119,42.283],[12.5157,42.2876],[12.5196,42.2948],[12.5243,42.2921],[12.5285,42.2919],[12.5322,42.293],[12.5355,42.296],[12.5272,42.2766],[12.5125,42.2718],[12.5075,42.2726],[12.506,42.2742]]]]}},{"type":"Feature","properties":{"i":"058081","n":"Riano"},"geometry":{"type":"Polygon","coordinates":[[[12.5859,42.0732],[12.5839,42.0667],[12.5825,42.0655],[12.5771,42.0647],[12.5663,42.0655],[12.5638,42.0665],[12.5623,42.0682],[12.5621,42.071],[12.5634,42.075],[12.5558,42.0763],[12.5462,42.0764],[12.5356,42.0713],[12.5289,42.0693],[12.5084,42.0696],[12.5033,42.0687],[12.4972,42.0663],[12.4962,42.0633],[12.4939,42.0604],[12.4925,42.0656],[12.4833,42.0758],[12.4808,42.076],[12.4763,42.0747],[12.4754,42.0859],[12.4924,42.1017],[12.4977,42.1037],[12.5156,42.1072],[12.5262,42.1051],[12.5466,42.0965],[12.5776,42.0764],[12.5859,42.0732]]]}},{"type":"Feature","properties":{"i":"058082","n":"Rignano Flaminio"},"geometry":{"type":"Polygon","coordinates":[[[12.5382,42.1852],[12.5377,42.1834],[12.5292,42.181],[12.5282,42.179],[12.5184,42.177],[12.5159,42.1733],[12.5153,42.1686],[12.5134,42.1657],[12.5048,42.1602],[12.4935,42.1626],[12.487,42.1598],[12.4832,42.1572],[12.4754,42.1558],[12.4742,42.1573],[12.4663,42.1607],[12.4626,42.1662],[12.4582,42.1706],[12.4507,42.182],[12.4458,42.1875],[12.4356,42.183],[12.4294,42.1839],[12.4311,42.1851],[12.4343,42.19],[12.4353,42.2003],[12.4413,42.2021],[12.4524,42.2039],[12.455,42.2023],[12.4569,42.2024],[12.4601,42.2046],[12.4621,42.2074],[12.4684,42.2232],[12.468,42.2257],[12.4697,42.232],[12.4804,42.2341],[12.4796,42.2391],[12.4838,42.2414],[12.4921,42.232],[12.4923,42.2291],[12.4911,42.2266],[12.4948,42.2211],[12.5044,42.2164],[12.508,42.2103],[12.5122,42.2003],[12.5318,42.1881],[12.5382,42.1852]]]}},{"type":"Feature","properties":{"i":"058083","n":"Riofreddo"},"geometry":{"type":"Polygon","coordinates":[[[13.0266,42.05],[13.0113,42.053],[13.0084,42.0522],[13.0056,42.0453],[13.0032,42.0443],[12.9999,42.045],[12.9924,42.0443],[12.9865,42.0452],[12.9831,42.0476],[12.9804,42.0538],[12.9758,42.0603],[12.9739,42.061],[12.9722,42.0642],[12.9723,42.0713],[12.9732,42.0732],[12.9967,42.0762],[13.0096,42.0766],[13.0153,42.076],[13.018,42.077],[13.0193,42.0791],[13.019,42.074],[13.0217,42.0672],[13.026,42.0631],[13.0275,42.0562],[13.0266,42.05]]]}},{"type":"Feature","properties":{"i":"058084","n":"Rocca Canterano"},"geometry":{"type":"Polygon","coordinates":[[[13.018,41.9794],[13.0298,41.9694],[13.051,41.9568],[13.0383,41.9511],[13.0184,41.9361],[13.0085,41.9441],[13.003,41.9454],[13.0029,41.9477],[12.9928,41.9579],[12.9785,41.98],[12.9763,41.9789],[12.9769,41.9817],[12.9848,41.9846],[12.9867,41.983],[12.9897,41.9827],[12.9925,41.9843],[12.993,41.9855],[12.9963,41.9831],[13.0002,41.9782],[13.003,41.9768],[13.0099,41.9771],[13.018,41.9794]]]}},{"type":"Feature","properties":{"i":"058085","n":"Rocca di Cave"},"geometry":{"type":"Polygon","coordinates":[[[12.9646,41.8551],[12.9666,41.8521],[12.9645,41.8362],[12.9611,41.8291],[12.9563,41.826],[12.9451,41.8243],[12.9363,41.8261],[12.9264,41.8326],[12.9265,41.8358],[12.9246,41.8365],[12.9189,41.8366],[12.9219,41.84],[12.9213,41.843],[12.9264,41.8518],[12.9376,41.8612],[12.9402,41.8611],[12.9409,41.8597],[12.9531,41.8548],[12.9553,41.8546],[12.9633,41.8563],[12.9646,41.8551]]]}},{"type":"Feature","properties":{"i":"058086","n":"Rocca di Papa"},"geometry":{"type":"Polygon","coordinates":[[[12.729,41.782],[12.7393,41.7784],[12.7489,41.7678],[12.7574,41.7603],[12.7638,41.7574],[12.7748,41.7557],[12.7886,41.7592],[12.7956,41.7644],[12.7949,41.7556],[12.8005,41.7511],[12.7987,41.7463],[12.7938,41.7407],[12.7883,41.7383],[12.7841,41.7342],[12.7826,41.7309],[12.7772,41.7256],[12.7715,41.7237],[12.752,41.7298],[12.7193,41.7292],[12.6963,41.7397],[12.693,41.7389],[12.6913,41.7394],[12.6888,41.7442],[12.6887,41.7486],[12.6876,41.7507],[12.6816,41.7554],[12.6866,41.7576],[12.6883,41.763],[12.6835,41.769],[12.684,41.7724],[12.6898,41.7797],[12.6962,41.7821],[12.6995,41.7823],[12.7125,41.7813],[12.729,41.782]]]}},{"type":"Feature","properties":{"i":"058087","n":"Roccagiovine"},"geometry":{"type":"Polygon","coordinates":[[[12.9081,42.0528],[12.9058,42.0445],[12.9051,42.0375],[12.9032,42.0396],[12.877,42.0428],[12.8589,42.0411],[12.8514,42.0389],[12.8482,42.0417],[12.8597,42.054],[12.8612,42.0575],[12.868,42.0601],[12.8736,42.0607],[12.8743,42.0587],[12.8762,42.0583],[12.9034,42.058],[12.9074,42.0557],[12.9081,42.0528]]]}},{"type":"Feature","properties":{"i":"058088","n":"Rocca Priora"},"geometry":{"type":"MultiPolygon","coordinates":[[[[12.8394,41.7551],[12.8314,41.7512],[12.8231,41.7501],[12.812,41.75],[12.8005,41.7511],[12.7949,41.7556],[12.8133,41.7574],[12.8295,41.7577],[12.8409,41.7566],[12.8394,41.7551]]],[[[12.7972,41.7678],[12.7954,41.764],[12.7886,41.7592],[12.7748,41.7557],[12.7638,41.7574],[12.7574,41.7603],[12.7489,41.7678],[12.7393,41.7784],[12.7385,41.7877],[12.7461,41.7975],[12.7507,41.7987],[12.7571,41.8079],[12.7967,41.8025],[12.8015,41.8086],[12.8019,41.8105],[12.8039,41.8109],[12.8104,41.8062],[12.8141,41.8008],[12.8095,41.7878],[12.81,41.7851],[12.8088,41.7815],[12.8051,41.7766],[12.7993,41.7758],[12.7965,41.7729],[12.7956,41.7715],[12.7972,41.7678]]]]}},{"type":"Feature","properties":{"i":"058089","n":"Rocca Santo Stefano"},"geometry":{"type":"Polygon","coordinates":[[[13.0528,41.9264],[13.0591,41.9138],[13.0589,41.9116],[13.0551,41.9032],[13.0512,41.9015],[13.0386,41.9019],[13.031,41.901],[13.0273,41.9019],[13.0179,41.9052],[13.0089,41.9118],[13.0024,41.9152],[13.0006,41.9171],[13.0148,41.9257],[13.0167,41.9276],[13.0209,41.9292],[13.0271,41.9235],[13.0294,41.9229],[13.0404,41.9225],[13.0488,41.9243],[13.0528,41.9264]]]}},{"type":"Feature","properties":{"i":"058090","n":"Roiate"},"geometry":{"type":"Polygon","coordinates":[[[13.0935,41.8659],[13.1015,41.8605],[13.0964,41.8607],[13.0914,41.8582],[13.0716,41.8542],[13.0678,41.8519],[13.0605,41.8511],[13.0622,41.8565],[13.0603,41.8593],[13.0593,41.86],[13.0527,41.8605],[13.0501,41.8616],[13.0485,41.8627],[13.0466,41.8661],[13.0456,41.8796],[13.0557,41.8875],[13.0703,41.8842],[13.0773,41.8808],[13.0836,41.8735],[13.0935,41.8659]]]}},{"type":"Feature","properties":{"i":"058091","n":"Roma"},"geometry":{"type":"MultiPolygon","coordinates":[[[[12.3915,42.0952],[12.3924,42.0918],[12.3893,42.0861],[12.384,42.0823],[12.3809,42.081],[12.3734,42.08],[12.3727,42.0741],[12.373,42.0552],[12.3765,42.0544],[12.383,42.0544],[12.3867,42.0501],[12.3905,42.0429],[12.393,42.04],[12.4142,42.0316],[12.4257,42.0257],[12.4286,42.0249],[12.4288,42.0299],[12.4243,42.0365],[12.42,42.038],[12.4133,42.0427],[12.412,42.048],[12.4047,42.0591],[12.4194,42.0537],[12.4359,42.0454],[12.4462,42.0452],[12.4501,42.0433],[12.4509,42.042],[12.4539,42.0451],[12.4563,42.0509],[12.4557,42.0555],[12.454,42.0581],[12.4549,42.0596],[12.4635,42.0613],[12.4803,42.0611],[12.4824,42.0626],[12.4827,42.0639],[12.4812,42.0673],[12.4793,42.0696],[12.4766,42.0704],[12.4752,42.0746],[12.4808,42.076],[12.4833,42.0758],[12.4925,42.0656],[12.4939,42.0604],[12.4962,42.0633],[12.4972,42.0663],[12.505,42.0692],[12.5289,42.0693],[12.5356,42.0713],[12.5462,42.0764],[12.5558,42.0763],[12.5634,42.075],[12.5621,42.0687],[12.5637,42.0665],[12.5663,42.0655],[12.5653,42.0636],[12.5704,42.0585],[12.58,42.0518],[12.583,42.0464],[12.588,42.0425],[12.6082,42.031],[12.6148,42.0295],[12.6129,42.0244],[12.6025,42.0187],[12.6068,42.0147],[12.6074,42.012],[12.6036,42.0069],[12.5983,42.0025],[12.5972,42.0006],[12.6019,41.9964],[12.6103,41.9943],[12.6184,41.9902],[12.6182,41.9874],[12.6132,41.9723],[12.6207,41.9621],[12.6276,41.9588],[12.6381,41.9573],[12.6431,41.9543],[12.6448,41.9445],[12.6514,41.9418],[12.6594,41.9319],[12.6682,41.9283],[12.6856,41.9349],[12.6897,41.9359],[12.693,41.9338],[12.6987,41.9364],[12.7175,41.93],[12.726,41.9282],[12.7301,41.9313],[12.7367,41.9327],[12.7446,41.9306],[12.7506,41.9265],[12.7518,41.9248],[12.772,41.9279],[12.7836,41.9227],[12.8071,41.9166],[12.8078,41.9145],[12.807,41.909],[12.8026,41.9095],[12.7996,41.9087],[12.7957,41.9053],[12.7985,41.9032],[12.8285,41.8896],[12.8325,41.89],[12.8434,41.8935],[12.8475,41.8844],[12.8479,41.8775],[12.8557,41.8735],[12.8555,41.8723],[12.8466,41.8681],[12.8419,41.8685],[12.8387,41.8724],[12.8263,41.8778],[12.8187,41.8829],[12.8027,41.8985],[12.7951,41.9033],[12.7778,41.9109],[12.7704,41.9094],[12.7415,41.8976],[12.737,41.8996],[12.7355,41.8993],[12.7352,41.8984],[12.7366,41.8958],[12.7366,41.8932],[12.7316,41.8886],[12.7277,41.8865],[12.7128,41.888],[12.7044,41.8904],[12.6986,41.8902],[12.6991,41.8823],[12.7053,41.8655],[12.713,41.8607],[12.7202,41.8583],[12.7276,41.8502],[12.7334,41.8479],[12.7381,41.8418],[12.7379,41.8388],[12.7402,41.8327],[12.7425,41.8312],[12.7265,41.8268],[12.7254,41.829],[12.7261,41.8311],[12.7243,41.8373],[12.7162,41.8402],[12.7129,41.8389],[12.7076,41.834],[12.7072,41.8363],[12.7053,41.8396],[12.6989,41.843],[12.689,41.8439],[12.6902,41.8405],[12.6841,41.8405],[12.6838,41.8462],[12.6827,41.8492],[12.675,41.8522],[12.6571,41.8504],[12.659,41.8494],[12.6637,41.8443],[12.6636,41.8411],[12.6627,41.8404],[12.6607,41.8407],[12.6551,41.8474],[12.6512,41.8502],[12.6497,41.8485],[12.653,41.8329],[12.6517,41.8321],[12.6452,41.834],[12.6409,41.8322],[12.6402,41.8298],[12.6451,41.8259],[12.6573,41.8231],[12.6609,41.8183],[12.6586,41.8173],[12.6516,41.8162],[12.6445,41.8214],[12.6315,41.8285],[12.6296,41.8255],[12.6284,41.8183],[12.631,41.8173],[12.6384,41.8096],[12.6372,41.8035],[12.6522,41.7961],[12.6536,41.7926],[12.6522,41.7913],[12.6456,41.7935],[12.6444,41.7968],[12.6409,41.7971],[12.6382,41.7963],[12.6376,41.7979],[12.6316,41.8047],[12.6287,41.8066],[12.6234,41.8078],[12.6217,41.8057],[12.6196,41.8057],[12.6035,41.8088],[12.5928,41.819],[12.5885,41.8162],[12.588,41.8082],[12.5943,41.7996],[12.5989,41.7974],[12.5969,41.7914],[12.5904,41.783],[12.5894,41.7742],[12.5881,41.7691],[12.5865,41.7669],[12.5876,41.7595],[12.5967,41.7586],[12.5945,41.7551],[12.5842,41.7522],[12.5869,41.7455],[12.5845,41.7413],[12.5847,41.7399],[12.5869,41.7395],[12.5969,41.7405],[12.5998,41.7391],[12.5994,41.7365],[12.5947,41.726],[12.5945,41.7208],[12.5977,41.7211],[12.6,41.7198],[12.6033,41.7082],[12.6047,41.7066],[12.608,41.7051],[12.604,41.6987],[12.6016,41.6911],[12.5998,41.6901],[12.592,41.6943],[12.5798,41.7068],[12.5756,41.7127],[12.5545,41.7116],[12.5451,41.7059],[12.5361,41.6992],[12.5202,41.6926],[12.5147,41.6883],[12.5096,41.6866],[12.4981,41.6919],[12.4943,41.6923],[12.4683,41.6879],[12.4594,41.6849],[12.4513,41.6814],[12.4159,41.6555],[12.3837,41.6774],[12.3652,41.6886],[12.321,41.7108],[12.2822,41.7266],[12.2522,41.7367],[12.2419,41.7397],[12.241,41.7393],[12.2412,41.7386],[12.2358,41.7388],[12.2342,41.7407],[12.2442,41.7438],[12.2563,41.7462],[12.2842,41.7554],[12.2829,41.7608],[12.2798,41.7638],[12.2784,41.7668],[12.2784,41.7756],[12.2798,41.7815],[12.2811,41.784],[12.2863,41.7888],[12.2897,41.7895],[12.3018,41.7946],[12.3138,41.798],[12.3123,41.8025],[12.3009,41.8184],[12.286,41.8336],[12.2647,41.8533],[12.2631,41.8566],[12.2624,41.8623],[12.261,41.8648],[12.2489,41.8776],[12.2385,41.8811],[12.237,41.8845],[12.2383,41.8876],[12.244,41.8897],[12.2565,41.8969],[12.2709,41.9241],[12.2726,41.9262],[12.2908,41.9408],[12.2967,41.9471],[12.3011,41.9589],[12.3038,41.9633],[12.3006,41.9648],[12.2766,41.9671],[12.2708,41.9671],[12.2636,41.9704],[12.2635,41.9758],[12.2565,41.9739],[12.2543,41.9726],[12.2515,41.9724],[12.2499,41.9735],[12.2476,41.9843],[12.2452,41.9888],[12.2439,41.9966],[12.2429,42.0172],[12.2632,42.0203],[12.2625,42.0304],[12.2638,42.0395],[12.2636,42.044],[12.2607,42.048],[12.2615,42.059],[12.2755,42.0621],[12.2883,42.0575],[12.2957,42.0575],[12.3034,42.0594],[12.3079,42.0592],[12.3115,42.0619],[12.3142,42.0675],[12.3186,42.0723],[12.3221,42.0746],[12.3168,42.0857],[12.3212,42.0894],[12.3296,42.089],[12.3368,42.0935],[12.3438,42.1039],[12.3582,42.0993],[12.3676,42.0975],[12.3777,42.1004],[12.3898,42.0952],[12.3915,42.0952]],[[12.4529,41.9067],[12.4505,41.9065],[12.4466,41.9016],[12.454,41.9003],[12.4563,41.9004],[12.4583,41.9016],[12.4575,41.9059],[12.4556,41.9068],[12.4529,41.9067]]],[[[12.3155,42.1137],[12.3085,42.1062],[12.2984,42.1113],[12.2905,42.1139],[12.2865,42.1105],[12.2851,42.1106],[12.2829,42.1121],[12.282,42.113],[12.281,42.1183],[12.2855,42.129],[12.2851,42.1358],[12.2914,42.137],[12.3015,42.1375],[12.3073,42.1409],[12.3368,42.1226],[12.336,42.1145],[12.3351,42.1127],[12.3248,42.1149],[12.3161,42.1143],[12.3155,42.1137]]]]}},{"type":"Feature","properties":{"i":"058092","n":"Roviano"},"geometry":{"type":"Polygon","coordinates":[[[13.0032,42.0443],[13.0031,42.0421],[13.0043,42.0383],[13.0143,42.0247],[13.0175,42.0167],[13.0146,42.013],[13.005,42.012],[12.9744,42.0294],[12.959,42.0363],[12.9568,42.0366],[12.9564,42.0355],[12.9558,42.0361],[12.9558,42.0376],[12.9591,42.0384],[12.9631,42.0383],[12.9695,42.0361],[12.9759,42.0359],[12.985,42.0426],[12.9865,42.0452],[12.9924,42.0443],[12.9999,42.045],[13.0032,42.0443]]]}},{"type":"Feature","properties":{"i":"058093","n":"Sacrofano"},"geometry":{"type":"Polygon","coordinates":[[[12.4461,42.132],[12.4464,42.129],[12.4508,42.1237],[12.455,42.1203],[12.4631,42.1194],[12.4635,42.1188],[12.4649,42.1144],[12.4624,42.1116],[12.4616,42.107],[12.4642,42.1036],[12.4684,42.1023],[12.4746,42.096],[12.4742,42.0892],[12.4754,42.0859],[12.4763,42.0747],[12.4752,42.0746],[12.475,42.0738],[12.4766,42.0704],[12.4793,42.0696],[12.4812,42.0673],[12.4827,42.0634],[12.4803,42.0611],[12.4635,42.0613],[12.4549,42.0596],[12.454,42.0581],[12.4557,42.0555],[12.4563,42.0509],[12.4539,42.0451],[12.4509,42.042],[12.4501,42.0433],[12.453,42.0499],[12.4521,42.0555],[12.4394,42.0744],[12.4316,42.0783],[12.419,42.0925],[12.4195,42.0949],[12.4159,42.1106],[12.4169,42.1123],[12.4225,42.1156],[12.4237,42.1208],[12.4224,42.1273],[12.4243,42.1346],[12.4261,42.1368],[12.4329,42.136],[12.4393,42.1341],[12.4401,42.1325],[12.4426,42.1313],[12.4461,42.132]]]}},{"type":"Feature","properties":{"i":"058094","n":"Sambuci"},"geometry":{"type":"Polygon","coordinates":[[[12.9626,41.9739],[12.9535,41.9708],[12.9448,41.9696],[12.9427,41.9706],[12.9356,41.9775],[12.9252,41.9728],[12.9196,41.9808],[12.9162,41.9841],[12.9118,41.9831],[12.9106,41.9848],[12.9149,41.989],[12.9182,41.9903],[12.9233,41.9917],[12.9307,41.9919],[12.9336,41.9934],[12.9322,41.998],[12.9269,42.0068],[12.9262,42.0114],[12.9272,42.0116],[12.9357,42.0081],[12.943,42.0007],[12.9484,41.9929],[12.9535,41.9831],[12.9616,41.9757],[12.9626,41.9739]]]}},{"type":"Feature","properties":{"i":"058095","n":"San Gregorio da Sassola"},"geometry":{"type":"Polygon","coordinates":[[[12.9104,41.9434],[12.9209,41.9289],[12.9183,41.9287],[12.9075,41.9249],[12.9009,41.9198],[12.8908,41.9199],[12.8839,41.9188],[12.8784,41.9137],[12.8708,41.9087],[12.8561,41.9004],[12.8496,41.8977],[12.8434,41.8935],[12.8325,41.89],[12.8285,41.8896],[12.7958,41.9049],[12.7996,41.9087],[12.8026,41.9095],[12.807,41.909],[12.8078,41.9145],[12.8071,41.9166],[12.8137,41.9166],[12.8202,41.9182],[12.8304,41.923],[12.8389,41.9347],[12.8405,41.9394],[12.848,41.9465],[12.853,41.9478],[12.8634,41.9483],[12.8654,41.9474],[12.8689,41.9473],[12.8753,41.9479],[12.8875,41.9533],[12.8882,41.9554],[12.8958,41.9576],[12.8982,41.9568],[12.9104,41.9434]]]}},{"type":"Feature","properties":{"i":"058096","n":"San Polo dei Cavalieri"},"geometry":{"type":"Polygon","coordinates":[[[12.8624,42.0881],[12.8609,42.0873],[12.8641,42.0823],[12.8738,42.0792],[12.8715,42.07],[12.8723,42.0625],[12.8736,42.0607],[12.868,42.0601],[12.862,42.0581],[12.8597,42.054],[12.8482,42.0417],[12.8371,42.0423],[12.8306,42.0406],[12.8275,42.0368],[12.8455,42.0266],[12.8504,42.0268],[12.852,42.0257],[12.8534,42.0221],[12.8547,42.0109],[12.8538,42.0067],[12.8482,41.9925],[12.8455,41.9878],[12.8279,42.0018],[12.8258,42.005],[12.8254,42.0288],[12.8219,42.0304],[12.8092,42.0327],[12.7961,42.0318],[12.7858,42.028],[12.7779,42.0196],[12.7646,42.0125],[12.7604,42.009],[12.7586,42.019],[12.7638,42.0226],[12.7627,42.0316],[12.7654,42.0422],[12.7696,42.0422],[12.7766,42.0449],[12.8017,42.0567],[12.805,42.0604],[12.8226,42.0664],[12.8324,42.0731],[12.8365,42.0776],[12.831,42.0811],[12.8326,42.0893],[12.8358,42.0953],[12.8397,42.0969],[12.8452,42.0976],[12.8547,42.096],[12.8595,42.0935],[12.8624,42.0881]]]}},{"type":"Feature","properties":{"i":"058097","n":"Santa Marinella"},"geometry":{"type":"Polygon","coordinates":[[[11.9173,42.0847],[11.9185,42.0822],[11.9189,42.0773],[11.918,42.0617],[11.9164,42.0562],[11.9181,42.0473],[11.9142,42.0439],[11.9169,42.0397],[11.9799,42.0166],[11.9905,42.0126],[11.9977,42.0089],[12.0038,42.0229],[12.0015,42.0282],[12.0095,42.0331],[12.0118,42.0285],[12.018,42.0205],[12.0221,42.0124],[12.0216,42.0093],[12.012,42.0002],[12.0067,41.9914],[11.9788,41.9969],[11.9732,42.0011],[11.9677,42.0104],[11.9632,42.0147],[11.948,42.0213],[11.9204,42.0361],[11.9188,42.0376],[11.9129,42.0399],[11.9076,42.0406],[11.8785,42.0377],[11.8715,42.0362],[11.8709,42.0355],[11.8716,42.0343],[11.8542,42.0325],[11.845,42.0299],[11.8363,42.029],[11.8345,42.0292],[11.8331,42.0304],[11.8306,42.0389],[11.8203,42.05],[11.8195,42.055],[11.8181,42.057],[11.8322,42.0641],[11.8397,42.0668],[11.8474,42.0681],[11.8536,42.071],[11.8633,42.0808],[11.8663,42.0861],[11.8679,42.0927],[11.8846,42.0828],[11.8997,42.0768],[11.9054,42.0784],[11.9059,42.0793],[11.9173,42.0847]]]}},{"type":"Feature","properties":{"i":"058098","n":"Sant'Angelo Romano"},"geometry":{"type":"Polygon","coordinates":[[[12.7477,42.043],[12.7444,42.0406],[12.7447,42.034],[12.7378,42.0283],[12.7296,42.0267],[12.7258,42.0217],[12.7127,42.0193],[12.7129,42.0167],[12.712,42.015],[12.685,42.0085],[12.6793,42.0062],[12.6785,42.0056],[12.6789,42.0022],[12.6727,41.9983],[12.6682,41.9981],[12.668,41.9994],[12.671,42.0065],[12.6709,42.0094],[12.6759,42.0161],[12.6789,42.0226],[12.6788,42.0283],[12.6745,42.0349],[12.6729,42.0415],[12.6758,42.0482],[12.6877,42.044],[12.6941,42.0443],[12.6968,42.0466],[12.7103,42.0525],[12.7151,42.0572],[12.729,42.0551],[12.7309,42.0539],[12.7334,42.0482],[12.7367,42.046],[12.7417,42.044],[12.7477,42.043]]]}},{"type":"Feature","properties":{"i":"058099","n":"Sant'Oreste"},"geometry":{"type":"Polygon","coordinates":[[[12.5504,42.2931],[12.5476,42.2875],[12.5409,42.281],[12.5337,42.2763],[12.544,42.2728],[12.5428,42.2661],[12.5395,42.2614],[12.5387,42.2566],[12.5465,42.2494],[12.5523,42.2419],[12.5514,42.2327],[12.5604,42.2268],[12.56,42.2243],[12.5559,42.2207],[12.553,42.2169],[12.5428,42.1907],[12.5436,42.1896],[12.5432,42.1879],[12.5382,42.1852],[12.5318,42.1881],[12.5122,42.2003],[12.508,42.2103],[12.5044,42.2164],[12.4948,42.2211],[12.4911,42.2266],[12.4923,42.2291],[12.4921,42.232],[12.4883,42.237],[12.4771,42.2483],[12.4792,42.2515],[12.4832,42.2622],[12.4905,42.2698],[12.5007,42.2715],[12.506,42.2742],[12.5075,42.2726],[12.5125,42.2718],[12.5272,42.2766],[12.5355,42.296],[12.5504,42.2931]]]}},{"type":"Feature","properties":{"i":"058100","n":"San Vito Romano"},"geometry":{"type":"Polygon","coordinates":[[[12.9926,41.9028],[12.9926,41.9009],[13.0003,41.8824],[13.0014,41.8676],[12.9916,41.8661],[12.9867,41.8631],[12.9851,41.8609],[12.9813,41.8601],[12.9759,41.8615],[12.9695,41.8613],[12.9681,41.8645],[12.9579,41.8707],[12.9551,41.8758],[12.9548,41.8839],[12.9539,41.8875],[12.9592,41.8885],[12.9721,41.8937],[12.9742,41.898],[12.9886,41.9025],[12.9926,41.9028]]]}},{"type":"Feature","properties":{"i":"058101","n":"Saracinesco"},"geometry":{"type":"Polygon","coordinates":[[[12.9769,41.9817],[12.9763,41.9789],[12.9626,41.9739],[12.9616,41.9757],[12.9535,41.9831],[12.9456,41.997],[12.9363,42.0077],[12.9288,42.0112],[12.9262,42.0114],[12.9282,42.019],[12.9315,42.0233],[12.9402,42.0274],[12.945,42.0287],[12.9474,42.0276],[12.9491,42.0241],[12.9578,42.0149],[12.963,42.0113],[12.9669,42.0013],[12.9678,41.9929],[12.9769,41.9817]]]}},{"type":"Feature","properties":{"i":"058102","n":"Segni"},"geometry":{"type":"Polygon","coordinates":[[[13.0608,41.7267],[13.0614,41.7265],[13.054,41.7192],[13.051,41.7112],[13.0411,41.7111],[13.0373,41.7051],[13.0501,41.692],[13.0599,41.6841],[13.0636,41.6829],[13.0556,41.6778],[13.0499,41.6688],[13.0336,41.6687],[13.0203,41.6641],[13.0172,41.662],[13.0128,41.657],[13.0035,41.6504],[12.9944,41.6469],[12.986,41.6455],[12.9809,41.647],[12.963,41.6575],[12.9431,41.6742],[12.943,41.6865],[12.9473,41.6897],[12.9521,41.6949],[12.9552,41.6922],[12.9596,41.6913],[12.9621,41.692],[12.964,41.694],[12.9658,41.6995],[12.966,41.7028],[12.9646,41.7087],[12.9653,41.7125],[12.9738,41.7156],[12.9767,41.7158],[12.985,41.7146],[12.9941,41.7161],[12.9977,41.7145],[13.0039,41.7143],[13.0082,41.7167],[13.0151,41.723],[13.0172,41.7293],[13.0234,41.7417],[13.0253,41.7428],[13.0416,41.7435],[13.0513,41.7423],[13.056,41.7397],[13.0546,41.7352],[13.0551,41.7297],[13.0583,41.7273],[13.0608,41.7267]]]}},{"type":"Feature","properties":{"i":"058103","n":"Subiaco"},"geometry":{"type":"Polygon","coordinates":[[[13.2039,41.9545],[13.2015,41.9495],[13.1999,41.9481],[13.19,41.9473],[13.1768,41.9479],[13.1747,41.9438],[13.1769,41.9407],[13.1724,41.9347],[13.1678,41.9338],[13.1591,41.9271],[13.1559,41.9235],[13.1552,41.9211],[13.151,41.914],[13.145,41.9082],[13.1377,41.8961],[13.1384,41.8931],[13.1238,41.8964],[13.1217,41.8963],[13.1206,41.8945],[13.1136,41.8952],[13.0953,41.9048],[13.0783,41.9107],[13.0623,41.9121],[13.0591,41.9138],[13.0526,41.9273],[13.0523,41.9326],[13.0536,41.9352],[13.0554,41.9355],[13.0563,41.9374],[13.0555,41.9416],[13.0515,41.9464],[13.0513,41.9509],[13.0545,41.9534],[13.0614,41.9614],[13.0704,41.9609],[13.0987,41.9634],[13.1124,41.9631],[13.1213,41.9601],[13.14,41.9634],[13.1447,41.9678],[13.1508,41.9681],[13.1696,41.9633],[13.1815,41.9582],[13.1848,41.9573],[13.1941,41.9572],[13.2039,41.9545]]]}},{"type":"Feature","properties":{"i":"058104","n":"Tivoli"},"geometry":{"type":"Polygon","coordinates":[[[12.8455,41.9878],[12.846,41.9858],[12.8248,41.9613],[12.8235,41.9566],[12.826,41.951],[12.8312,41.9509],[12.8449,41.9484],[12.848,41.9465],[12.8405,41.9394],[12.8389,41.9347],[12.8304,41.923],[12.8227,41.919],[12.8137,41.9166],[12.8071,41.9166],[12.7836,41.9227],[12.772,41.9279],[12.7518,41.9248],[12.7506,41.9265],[12.7446,41.9306],[12.7367,41.9327],[12.7301,41.9313],[12.726,41.9282],[12.7175,41.93],[12.6987,41.9364],[12.693,41.9338],[12.6897,41.9359],[12.6909,41.9401],[12.694,41.942],[12.7076,41.9469],[12.7144,41.966],[12.7137,41.9692],[12.7146,41.972],[12.7233,41.972],[12.7281,41.9523],[12.7342,41.9521],[12.7573,41.9567],[12.762,41.9565],[12.7638,41.9621],[12.7648,41.9709],[12.7728,41.9747],[12.7783,41.9808],[12.7699,41.9821],[12.7655,41.9903],[12.7603,41.9939],[12.7565,42.0004],[12.7566,42.0022],[12.7654,42.0007],[12.7723,42.0012],[12.7782,42.0038],[12.785,42.0022],[12.7882,42.0007],[12.7887,41.9996],[12.788,41.9983],[12.79,41.9937],[12.7931,41.9913],[12.7944,41.9907],[12.8031,41.9904],[12.805,41.9936],[12.8052,41.9981],[12.8034,42.0011],[12.8079,42.0047],[12.8255,42.0056],[12.8279,42.0018],[12.8455,41.9878]]]}},{"type":"Feature","properties":{"i":"058105","n":"Tolfa"},"geometry":{"type":"Polygon","coordinates":[[[11.9173,42.2325],[11.9202,42.2297],[11.9248,42.2271],[11.9432,42.2195],[11.955,42.2121],[11.9664,42.211],[11.9706,42.2126],[11.9744,42.211],[11.9797,42.2047],[11.9865,42.194],[11.9879,42.1886],[11.9974,42.1725],[12.0005,42.1615],[12.0023,42.1585],[12.0348,42.1516],[12.0439,42.154],[12.0509,42.1531],[12.0491,42.1474],[12.047,42.1442],[12.041,42.1383],[12.0378,42.1378],[12.0286,42.1274],[12.0296,42.1216],[12.0323,42.1214],[12.0361,42.1197],[12.0397,42.115],[12.04,42.1128],[12.0433,42.1075],[12.0571,42.0923],[12.0623,42.0896],[12.071,42.0885],[12.0753,42.0857],[12.0593,42.0771],[12.0325,42.0765],[12.0223,42.0756],[12.0182,42.0714],[12.0076,42.064],[12.001,42.0606],[11.9949,42.0559],[11.9968,42.0497],[12.0095,42.0331],[12.0015,42.0282],[12.0038,42.0229],[11.9977,42.0089],[11.9905,42.0126],[11.9799,42.0166],[11.9169,42.0397],[11.9142,42.0439],[11.9181,42.0473],[11.9164,42.0562],[11.918,42.0617],[11.9189,42.0773],[11.9185,42.0822],[11.9173,42.0847],[11.9362,42.087],[11.9512,42.091],[11.9597,42.0858],[11.9629,42.0857],[11.9682,42.0945],[11.9735,42.1088],[11.9711,42.1131],[11.9673,42.1171],[11.9488,42.1209],[11.9347,42.1198],[11.9261,42.1202],[11.9247,42.1211],[11.9236,42.1267],[11.9296,42.1317],[11.942,42.129],[11.9479,42.13],[11.9499,42.133],[11.9481,42.1357],[11.9346,42.1385],[11.9254,42.1394],[11.9202,42.1392],[11.918,42.1382],[11.9138,42.1419],[11.9164,42.1494],[11.9198,42.1545],[11.9179,42.1565],[11.9252,42.1695],[11.9224,42.1798],[11.9256,42.1904],[11.923,42.1923],[11.9135,42.1952],[11.9087,42.1944],[11.899,42.2025],[11.8881,42.209],[11.8785,42.2176],[11.8735,42.2187],[11.879,42.222],[11.8815,42.2248],[11.8816,42.2267],[11.8797,42.2271],[11.8794,42.228],[11.8827,42.23],[11.8902,42.2303],[11.8924,42.2333],[11.8976,42.2374],[11.9101,42.2404],[11.913,42.2363],[11.912,42.2352],[11.9123,42.234],[11.9173,42.2325]]]}},{"type":"Feature","properties":{"i":"058106","n":"Torrita Tiberina"},"geometry":{"type":"Polygon","coordinates":[[[12.6144,42.2548],[12.6202,42.2501],[12.6271,42.2485],[12.6325,42.2444],[12.6341,42.2389],[12.6406,42.2361],[12.6418,42.2315],[12.6393,42.2256],[12.6372,42.208],[12.6308,42.2062],[12.621,42.206],[12.6132,42.202],[12.6115,42.2058],[12.6061,42.2101],[12.6053,42.2119],[12.6094,42.2138],[12.6122,42.2133],[12.6182,42.2154],[12.6218,42.222],[12.6151,42.2335],[12.6107,42.2338],[12.6074,42.2331],[12.6046,42.2343],[12.6041,42.236],[12.6057,42.2426],[12.6047,42.246],[12.603,42.2482],[12.6046,42.2507],[12.6103,42.2545],[12.6144,42.2548]]]}},{"type":"Feature","properties":{"i":"058107","n":"Trevignano Romano"},"geometry":{"type":"Polygon","coordinates":[[[12.3066,42.1597],[12.3033,42.1558],[12.3025,42.1535],[12.3047,42.1514],[12.3097,42.1487],[12.3073,42.1409],[12.3015,42.1375],[12.287,42.1364],[12.2346,42.1201],[12.1919,42.1472],[12.1939,42.1492],[12.2034,42.1543],[12.218,42.1581],[12.2207,42.1606],[12.2284,42.1716],[12.2294,42.1738],[12.2281,42.1758],[12.228,42.1777],[12.2299,42.1805],[12.2353,42.1772],[12.25,42.1768],[12.2714,42.1819],[12.2742,42.1779],[12.273,42.1769],[12.2719,42.1736],[12.2735,42.1717],[12.2778,42.1713],[12.2823,42.172],[12.2843,42.1733],[12.2965,42.1674],[12.2992,42.1639],[12.3066,42.1597]]]}},{"type":"Feature","properties":{"i":"058108","n":"Vallepietra"},"geometry":{"type":"Polygon","coordinates":[[[13.2963,41.9486],[13.2923,41.9418],[13.277,41.9306],[13.2758,41.926],[13.2715,41.9257],[13.2701,41.9239],[13.2685,41.9193],[13.2638,41.9158],[13.2434,41.9155],[13.2405,41.904],[13.242,41.9022],[13.2454,41.9002],[13.2457,41.8994],[13.2438,41.8967],[13.2351,41.8889],[13.2132,41.8754],[13.2066,41.8723],[13.2032,41.8723],[13.2049,41.8752],[13.2076,41.8893],[13.2072,41.8993],[13.2033,41.901],[13.2009,41.9072],[13.2019,41.9109],[13.204,41.9124],[13.203,41.9165],[13.2013,41.9195],[13.1834,41.936],[13.1842,41.9422],[13.1769,41.9444],[13.1747,41.9438],[13.1768,41.9479],[13.19,41.9473],[13.2005,41.9483],[13.2039,41.9545],[13.2034,41.9583],[13.2044,41.9595],[13.2167,41.9697],[13.2312,41.9748],[13.2343,41.977],[13.2417,41.9718],[13.2523,41.9692],[13.2611,41.9684],[13.2654,41.9668],[13.2695,41.9622],[13.286,41.9504],[13.2963,41.9486]]]}},{"type":"Feature","properties":{"i":"058109","n":"Vallinfreda"},"geometry":{"type":"Polygon","coordinates":[[[13.0241,42.0922],[13.0193,42.0791],[13.0169,42.0765],[12.9967,42.0762],[12.9732,42.0732],[12.9697,42.0748],[12.964,42.0794],[12.958,42.0821],[12.9505,42.0871],[12.9486,42.0893],[12.9568,42.0973],[12.9586,42.1021],[12.967,42.1173],[12.9674,42.1201],[12.9735,42.1168],[12.9764,42.1161],[12.9844,42.1102],[12.9871,42.1041],[12.9979,42.0974],[13.0026,42.0921],[13.0241,42.0922]]]}},{"type":"Feature","properties":{"i":"058110","n":"Valmontone"},"geometry":{"type":"Polygon","coordinates":[[[12.9589,41.7867],[12.9605,41.7827],[12.9691,41.7792],[12.9762,41.7746],[12.9783,41.7709],[12.9833,41.767],[12.982,41.762],[12.9786,41.755],[12.9756,41.7527],[12.9735,41.7519],[12.9708,41.7519],[12.9649,41.7534],[12.9563,41.7502],[12.9377,41.7477],[12.9231,41.753],[12.9153,41.7538],[12.9034,41.7514],[12.8762,41.7504],[12.8577,41.7574],[12.8533,41.7605],[12.8548,41.7673],[12.8501,41.7698],[12.8478,41.7695],[12.8468,41.7702],[12.847,41.7757],[12.861,41.7778],[12.8627,41.779],[12.8713,41.7813],[12.8764,41.7797],[12.8782,41.7779],[12.8844,41.7768],[12.8882,41.7772],[12.8915,41.7819],[12.8922,41.7883],[12.8917,41.7915],[12.8892,41.7962],[12.8897,41.7985],[12.8935,41.8008],[12.8993,41.801],[12.9072,41.8031],[12.9093,41.7974],[12.9193,41.7949],[12.9349,41.7869],[12.9355,41.7868],[12.935,41.7887],[12.9589,41.7867]]]}},{"type":"Feature","properties":{"i":"058111","n":"Velletri"},"geometry":{"type":"Polygon","coordinates":[[[12.8304,41.6998],[12.8296,41.6987],[12.83,41.6968],[12.8351,41.6791],[12.8399,41.6671],[12.8404,41.6582],[12.8396,41.6564],[12.8381,41.6539],[12.835,41.6523],[12.8302,41.6588],[12.8291,41.659],[12.8238,41.656],[12.8188,41.6506],[12.8194,41.6487],[12.8255,41.6434],[12.8252,41.6415],[12.8159,41.6382],[12.8133,41.6385],[12.8093,41.6354],[12.8104,41.6289],[12.8101,41.6226],[12.808,41.6204],[12.7961,41.6225],[12.7916,41.6217],[12.7858,41.6185],[12.7817,41.6115],[12.7783,41.6017],[12.7761,41.5989],[12.7719,41.597],[12.7698,41.594],[12.7687,41.5876],[12.7671,41.5841],[12.7559,41.5727],[12.7523,41.5778],[12.7383,41.5792],[12.7324,41.5814],[12.7334,41.5844],[12.7383,41.5896],[12.7403,41.5931],[12.741,41.6024],[12.7402,41.6035],[12.7344,41.6042],[12.7265,41.6008],[12.7249,41.5997],[12.7229,41.5957],[12.7193,41.5935],[12.7137,41.5935],[12.7032,41.5953],[12.6975,41.6058],[12.6975,41.61],[12.7061,41.6112],[12.714,41.6114],[12.718,41.6132],[12.7221,41.6166],[12.7234,41.6189],[12.7195,41.6217],[12.7211,41.6277],[12.7257,41.6297],[12.7333,41.6374],[12.7321,41.6395],[12.7281,41.6425],[12.7254,41.6433],[12.7239,41.6373],[12.7213,41.6335],[12.718,41.6367],[12.7174,41.6433],[12.7211,41.6471],[12.7251,41.6474],[12.7327,41.6458],[12.7429,41.6483],[12.7427,41.6611],[12.7366,41.6674],[12.7339,41.6731],[12.736,41.6777],[12.7244,41.6798],[12.7165,41.6823],[12.7056,41.6914],[12.7068,41.6949],[12.7159,41.7061],[12.7203,41.7137],[12.7226,41.7255],[12.7193,41.7292],[12.752,41.7298],[12.7715,41.7237],[12.7772,41.7256],[12.7826,41.7309],[12.7841,41.7342],[12.7883,41.7383],[12.8007,41.7315],[12.802,41.7262],[12.8047,41.7209],[12.813,41.7087],[12.8077,41.6951],[12.8176,41.695],[12.8214,41.6956],[12.8267,41.6971],[12.8304,41.6998]]]}},{"type":"Feature","properties":{"i":"058112","n":"Vicovaro"},"geometry":{"type":"Polygon","coordinates":[[[12.9051,42.0375],[12.9052,42.0308],[12.9081,42.0238],[12.9116,42.0181],[12.9282,42.019],[12.9262,42.0114],[12.9269,42.0068],[12.9322,41.998],[12.9336,41.9934],[12.9307,41.9919],[12.9233,41.9917],[12.9182,41.9903],[12.9149,41.989],[12.9106,41.9848],[12.9089,41.9874],[12.8947,41.9908],[12.8899,41.99],[12.8862,41.9848],[12.8804,41.9857],[12.874,41.9894],[12.8699,41.9891],[12.8526,41.9834],[12.8498,41.9857],[12.846,41.9858],[12.8455,41.9878],[12.8482,41.9925],[12.8538,42.0067],[12.8547,42.0109],[12.8538,42.0208],[12.852,42.0257],[12.8504,42.0268],[12.8455,42.0266],[12.8275,42.0368],[12.8306,42.0406],[12.8406,42.0425],[12.8482,42.0417],[12.8514,42.0389],[12.8589,42.0411],[12.877,42.0428],[12.9032,42.0396],[12.9051,42.0375]]]}},{"type":"Feature","properties":{"i":"058113","n":"Vivaro Romano"},"geometry":{"type":"Polygon","coordinates":[[[12.9933,42.1291],[12.9947,42.126],[12.999,42.1234],[13.0112,42.1211],[13.0167,42.1166],[13.0306,42.1154],[13.0327,42.1136],[13.0319,42.1058],[13.0284,42.1005],[13.026,42.0984],[13.0241,42.0922],[13.0026,42.0921],[12.9979,42.0974],[12.9871,42.1041],[12.9844,42.1102],[12.9764,42.1161],[12.9735,42.1168],[12.9674,42.1201],[12.9784,42.1304],[12.9933,42.1291]]]}},{"type":"Feature","properties":{"i":"058114","n":"Zagarolo"},"geometry":{"type":"Polygon","coordinates":[[[12.7415,41.8976],[12.7423,41.8955],[12.7453,41.8923],[12.7548,41.8857],[12.768,41.8703],[12.7782,41.8631],[12.7981,41.8644],[12.8071,41.86],[12.8103,41.8634],[12.8145,41.8659],[12.8257,41.8573],[12.8341,41.8535],[12.837,41.8493],[12.8362,41.8478],[12.8407,41.8398],[12.8431,41.8373],[12.8539,41.8315],[12.8535,41.8299],[12.8431,41.8198],[12.8371,41.8169],[12.8324,41.812],[12.8276,41.8154],[12.8257,41.824],[12.8207,41.8285],[12.8155,41.8297],[12.7993,41.8298],[12.7901,41.8481],[12.7871,41.851],[12.7842,41.8506],[12.7741,41.846],[12.7723,41.8461],[12.7671,41.8505],[12.7652,41.8534],[12.7642,41.857],[12.7568,41.8622],[12.749,41.8571],[12.7448,41.8555],[12.7447,41.8645],[12.7437,41.8672],[12.7383,41.8758],[12.7312,41.88],[12.7276,41.8829],[12.7267,41.8846],[12.7277,41.8865],[12.7316,41.8886],[12.7366,41.8932],[12.7366,41.8958],[12.7352,41.8984],[12.7355,41.8993],[12.737,41.8996],[12.7415,41.8976]]]}},{"type":"Feature","properties":{"i":"058115","n":"Lariano"},"geometry":{"type":"Polygon","coordinates":[[[12.8509,41.7148],[12.8267,41.6971],[12.8176,41.695],[12.808,41.6949],[12.8076,41.6956],[12.813,41.7087],[12.8047,41.7209],[12.802,41.7262],[12.8007,41.7315],[12.7883,41.7383],[12.793,41.7402],[12.796,41.7428],[12.7987,41.7463],[12.8005,41.7511],[12.812,41.75],[12.8243,41.7502],[12.8314,41.7512],[12.8394,41.7551],[12.8468,41.7504],[12.8488,41.7463],[12.8508,41.7376],[12.8537,41.7349],[12.8547,41.7324],[12.8552,41.7291],[12.8542,41.7231],[12.8519,41.7153],[12.8509,41.7148]]]}},{"type":"Feature","properties":{"i":"058116","n":"Ladispoli"},"geometry":{"type":"Polygon","coordinates":[[[12.1528,41.937],[12.1503,41.9348],[12.1484,41.9341],[12.1383,41.9363],[12.1314,41.9326],[12.1276,41.9296],[12.125,41.9258],[12.1194,41.9289],[12.11,41.9319],[12.1008,41.9327],[12.0925,41.9357],[12.0771,41.9466],[12.0597,41.9534],[12.0517,41.9557],[12.0442,41.9622],[12.0431,41.9619],[12.0543,41.9685],[12.0579,41.9725],[12.0655,41.9787],[12.0748,41.9742],[12.0817,41.9784],[12.0917,41.9771],[12.1206,41.9643],[12.1497,41.9406],[12.1528,41.937]]]}},{"type":"Feature","properties":{"i":"058117","n":"Ardea"},"geometry":{"type":"Polygon","coordinates":[[[12.6318,41.6745],[12.6339,41.6719],[12.611,41.6592],[12.6014,41.6529],[12.5978,41.6502],[12.5951,41.645],[12.583,41.639],[12.5617,41.624],[12.5513,41.6192],[12.5502,41.6174],[12.5505,41.6155],[12.5538,41.6133],[12.5549,41.6116],[12.5546,41.6099],[12.5513,41.6055],[12.5418,41.6039],[12.5327,41.6001],[12.5302,41.5983],[12.5307,41.5974],[12.5328,41.5984],[12.5434,41.5955],[12.5498,41.5911],[12.5589,41.5828],[12.5703,41.5776],[12.5842,41.5543],[12.5883,41.5445],[12.5877,41.5428],[12.5781,41.5433],[12.5747,41.5399],[12.5597,41.5352],[12.5528,41.534],[12.5352,41.5517],[12.4876,41.5958],[12.4874,41.6002],[12.4895,41.61],[12.4924,41.6152],[12.4957,41.6164],[12.4992,41.6155],[12.5046,41.6161],[12.5163,41.621],[12.5356,41.6508],[12.5416,41.6507],[12.5587,41.661],[12.5674,41.6622],[12.5711,41.6637],[12.5802,41.6721],[12.5824,41.6761],[12.5927,41.6871],[12.5953,41.6922],[12.6112,41.6858],[12.6318,41.6745]]]}},{"type":"Feature","properties":{"i":"058118","n":"Ciampino"},"geometry":{"type":"Polygon","coordinates":[[[12.6382,41.7963],[12.6366,41.795],[12.6386,41.7913],[12.6436,41.787],[12.6439,41.7858],[12.6428,41.7795],[12.6406,41.778],[12.6214,41.7752],[12.6163,41.778],[12.5901,41.7799],[12.5904,41.783],[12.5969,41.7914],[12.5989,41.7974],[12.5943,41.7996],[12.588,41.8082],[12.5885,41.8162],[12.5928,41.819],[12.6035,41.8088],[12.6196,41.8057],[12.6217,41.8057],[12.6234,41.8078],[12.6287,41.8066],[12.6316,41.8047],[12.6376,41.7979],[12.6382,41.7963]]]}},{"type":"Feature","properties":{"i":"058119","n":"San Cesareo"},"geometry":{"type":"Polygon","coordinates":[[[12.8324,41.812],[12.8303,41.8079],[12.8269,41.8053],[12.8205,41.8013],[12.8159,41.8007],[12.8141,41.8008],[12.8104,41.8062],[12.8039,41.8109],[12.8019,41.8105],[12.8015,41.8086],[12.7967,41.8025],[12.7598,41.8078],[12.76,41.8144],[12.7621,41.816],[12.7673,41.8253],[12.7706,41.8338],[12.766,41.8385],[12.7564,41.8413],[12.7506,41.8417],[12.7464,41.84],[12.7401,41.8406],[12.7389,41.843],[12.7448,41.8555],[12.749,41.8571],[12.7568,41.8622],[12.7642,41.857],[12.7652,41.8534],[12.7671,41.8505],[12.7723,41.8461],[12.775,41.8463],[12.7842,41.8506],[12.7865,41.851],[12.7882,41.8504],[12.7931,41.8428],[12.7993,41.8298],[12.8155,41.8297],[12.8207,41.8285],[12.8257,41.824],[12.8276,41.8154],[12.8324,41.812]]]}},{"type":"Feature","properties":{"i":"058120","n":"Fiumicino"},"geometry":{"type":"Polygon","coordinates":[[[12.2429,42.0172],[12.2439,41.9966],[12.2452,41.9888],[12.2476,41.9843],[12.2499,41.9735],[12.2515,41.9724],[12.2543,41.9726],[12.2565,41.9739],[12.2635,41.9758],[12.2636,41.9704],[12.2708,41.9671],[12.2766,41.9671],[12.3006,41.9648],[12.3038,41.9633],[12.3011,41.9589],[12.2967,41.9471],[12.2908,41.9408],[12.2726,41.9262],[12.2709,41.9241],[12.2565,41.8969],[12.244,41.8897],[12.2383,41.8876],[12.237,41.8845],[12.2385,41.8811],[12.2489,41.8776],[12.261,41.8648],[12.2624,41.8623],[12.2631,41.8566],[12.2647,41.8533],[12.286,41.8336],[12.3009,41.8184],[12.3123,41.8025],[12.3138,41.798],[12.3018,41.7946],[12.2897,41.7895],[12.2863,41.7888],[12.2811,41.784],[12.2798,41.7815],[12.2784,41.7756],[12.2784,41.7668],[12.2798,41.7638],[12.2829,41.7608],[12.2842,41.7554],[12.2563,41.7462],[12.2396,41.7432],[12.2311,41.7408],[12.2223,41.7444],[12.2193,41.7514],[12.2208,41.7514],[12.2232,41.7453],[12.2244,41.7446],[12.2273,41.7457],[12.229,41.7505],[12.2287,41.7529],[12.2205,41.7684],[12.224,41.7812],[12.2237,41.783],[12.2202,41.7922],[12.2089,41.8148],[12.2035,41.8298],[12.1982,41.8402],[12.1843,41.8631],[12.1633,41.8917],[12.1543,41.902],[12.1406,41.9155],[12.125,41.9258],[12.1276,41.9296],[12.1314,41.9326],[12.1383,41.9363],[12.1484,41.9341],[12.1503,41.9348],[12.1528,41.937],[12.1655,41.9439],[12.1751,41.9514],[12.1783,41.9673],[12.175,41.9684],[12.1746,41.9737],[12.1764,41.9759],[12.179,41.9748],[12.1899,41.997],[12.2028,42.0143],[12.206,42.0157],[12.2334,42.0203],[12.2429,42.0172]]]}},{"type":"Feature","properties":{"i":"058122","n":"Fonte Nuova"},"geometry":{"type":"Polygon","coordinates":[[[12.6709,42.0094],[12.671,42.0065],[12.668,41.9994],[12.6682,41.9981],[12.6583,41.9824],[12.6565,41.9798],[12.6489,41.9746],[12.6473,41.9746],[12.64,41.9784],[12.641,41.9815],[12.636,41.985],[12.6313,41.987],[12.6234,41.9865],[12.6181,41.9871],[12.6183,41.9903],[12.6103,41.9943],[12.6019,41.9964],[12.5972,42.0006],[12.5983,42.0025],[12.6036,42.0069],[12.6074,42.012],[12.6068,42.0147],[12.6025,42.0187],[12.6129,42.0244],[12.6148,42.0295],[12.6263,42.0252],[12.6499,42.0125],[12.6531,42.0119],[12.6539,42.0132],[12.6709,42.0094]]]}}]}
