{"type":"FeatureCollection","fonte":"Confini comunali ISTAT via openpolis/geojson-italy — CC BY 4.0","features":[{"type":"Feature","properties":{"i":"065001","n":"Acerno"},"geometry":{"type":"Polygon","coordinates":[[[15.056,40.7742],[15.0636,40.7724],[15.0766,40.7712],[15.0964,40.7664],[15.1279,40.7607],[15.1323,40.7611],[15.1355,40.757],[15.1397,40.7564],[15.1457,40.7328],[15.1427,40.73],[15.1243,40.7226],[15.1096,40.7224],[15.1038,40.7214],[15.0989,40.7196],[15.0966,40.7161],[15.084,40.7122],[15.0715,40.7121],[15.0611,40.7143],[15.0539,40.7134],[15.0466,40.7059],[15.044,40.7019],[15.0438,40.6993],[15.0379,40.7016],[15.0328,40.7007],[15.0264,40.6971],[15.0158,40.6977],[15.015,40.6986],[15.0137,40.7061],[15.0155,40.7147],[15.006,40.7294],[15.0036,40.7373],[15.005,40.7387],[15.0073,40.7469],[15.0082,40.755],[15.0059,40.7687],[15.0092,40.7732],[15.0135,40.7747],[15.0199,40.7796],[15.0258,40.7817],[15.0287,40.7816],[15.0409,40.7781],[15.0528,40.7738],[15.056,40.7742]]]}},{"type":"Feature","properties":{"i":"065002","n":"Agropoli"},"geometry":{"type":"Polygon","coordinates":[[[15.0439,40.3877],[15.0427,40.3851],[15.0416,40.3781],[15.0349,40.3634],[15.0325,40.3533],[15.0347,40.3411],[15.0384,40.34],[15.0484,40.341],[15.0425,40.3334],[15.0423,40.3303],[15.0404,40.3293],[15.026,40.3264],[15.019,40.3267],[15.016,40.3289],[15.0125,40.3302],[15.0125,40.3273],[15.0015,40.3242],[14.9862,40.3164],[14.9811,40.3185],[14.9683,40.3276],[14.9646,40.3291],[14.9535,40.3379],[14.9538,40.3394],[14.96,40.3406],[14.9623,40.3409],[14.9654,40.34],[14.9686,40.3406],[14.9714,40.3429],[14.9726,40.3464],[14.9747,40.3485],[14.9827,40.3548],[14.9829,40.3544],[14.9795,40.3519],[14.9794,40.3508],[14.9832,40.3507],[14.9947,40.3544],[14.9992,40.3605],[15.001,40.3792],[15.0047,40.3851],[15.006,40.3859],[15.016,40.3875],[15.0294,40.392],[15.0369,40.392],[15.0404,40.3889],[15.0439,40.3877]]]}},{"type":"Feature","properties":{"i":"065003","n":"Albanella"},"geometry":{"type":"Polygon","coordinates":[[[15.166,40.4982],[15.1732,40.4881],[15.1738,40.4858],[15.1726,40.482],[15.1696,40.4824],[15.1622,40.4864],[15.1571,40.4873],[15.1439,40.4867],[15.1375,40.4853],[15.1386,40.4831],[15.1386,40.48],[15.1373,40.4774],[15.126,40.4713],[15.1207,40.47],[15.1116,40.4634],[15.0992,40.4655],[15.0853,40.4695],[15.0815,40.4717],[15.0647,40.4771],[15.0639,40.4812],[15.0624,40.483],[15.0497,40.4848],[15.0459,40.486],[15.0429,40.4884],[15.0384,40.4944],[15.0297,40.4994],[15.0256,40.5052],[15.0245,40.5081],[15.0279,40.5121],[15.036,40.5112],[15.044,40.5131],[15.0471,40.5163],[15.0485,40.5211],[15.0501,40.5223],[15.0548,40.5195],[15.0633,40.5174],[15.0767,40.5119],[15.0808,40.5071],[15.0873,40.5022],[15.1081,40.4997],[15.1205,40.5007],[15.1275,40.5075],[15.1359,40.5106],[15.1413,40.5114],[15.1535,40.5112],[15.1591,40.5073],[15.166,40.4982]]]}},{"type":"Feature","properties":{"i":"065004","n":"Alfano"},"geometry":{"type":"MultiPolygon","coordinates":[[[[15.433,40.1815],[15.4375,40.1839],[15.4405,40.1836],[15.4401,40.1818],[15.433,40.1815]]],[[[15.4308,40.1798],[15.433,40.1774],[15.4357,40.1772],[15.4432,40.1804],[15.4486,40.1805],[15.4522,40.1774],[15.4533,40.1753],[15.4522,40.1714],[15.4489,40.1736],[15.4458,40.1738],[15.432,40.1699],[15.4297,40.1631],[15.4151,40.17],[15.4108,40.1807],[15.4102,40.1866],[15.417,40.1876],[15.4231,40.1867],[15.4255,40.1853],[15.4308,40.1798]]]]}},{"type":"Feature","properties":{"i":"065005","n":"Altavilla Silentina"},"geometry":{"type":"Polygon","coordinates":[[[15.1663,40.5524],[15.1707,40.5519],[15.1836,40.5331],[15.1839,40.5296],[15.1798,40.5256],[15.1791,40.5241],[15.1795,40.5225],[15.1835,40.518],[15.1893,40.5148],[15.1719,40.5016],[15.1707,40.5],[15.1666,40.4983],[15.166,40.4982],[15.1591,40.5073],[15.1535,40.5112],[15.1413,40.5114],[15.1359,40.5106],[15.1275,40.5075],[15.1205,40.5007],[15.1081,40.4997],[15.0873,40.5022],[15.0808,40.5071],[15.0767,40.5119],[15.0513,40.5214],[15.0501,40.5223],[15.0465,40.5333],[15.0513,40.5349],[15.0654,40.5432],[15.0738,40.5439],[15.0779,40.5393],[15.0824,40.5406],[15.0842,40.5447],[15.0897,40.5485],[15.0992,40.553],[15.1172,40.551],[15.1207,40.5477],[15.1254,40.5472],[15.137,40.5538],[15.1442,40.5565],[15.1506,40.5618],[15.1568,40.5606],[15.161,40.5583],[15.1663,40.5524]]]}},{"type":"Feature","properties":{"i":"065006","n":"Amalfi"},"geometry":{"type":"Polygon","coordinates":[[[14.6055,40.6356],[14.6079,40.6344],[14.6058,40.6334],[14.5985,40.6326],[14.5771,40.6181],[14.5759,40.6197],[14.5715,40.6204],[14.5618,40.6202],[14.5587,40.6212],[14.5565,40.6285],[14.5602,40.6255],[14.5675,40.6232],[14.5701,40.6235],[14.5774,40.6279],[14.5802,40.6341],[14.5804,40.6368],[14.5755,40.6377],[14.5727,40.6392],[14.5702,40.6428],[14.5704,40.6451],[14.5721,40.6467],[14.5779,40.6476],[14.5902,40.6465],[14.6021,40.6396],[14.6055,40.6356]]]}},{"type":"Feature","properties":{"i":"065007","n":"Angri"},"geometry":{"type":"Polygon","coordinates":[[[14.5857,40.728],[14.5836,40.7276],[14.5819,40.7253],[14.5853,40.7186],[14.5838,40.7122],[14.5799,40.7096],[14.5754,40.7104],[14.5705,40.716],[14.5677,40.7224],[14.5651,40.7224],[14.5637,40.7266],[14.5604,40.7316],[14.5539,40.7295],[14.5479,40.7343],[14.5473,40.7374],[14.5462,40.739],[14.5427,40.7402],[14.5568,40.7465],[14.5572,40.7498],[14.5541,40.7564],[14.5514,40.7594],[14.5505,40.7623],[14.5523,40.7661],[14.5547,40.7684],[14.561,40.771],[14.5769,40.7599],[14.5794,40.7591],[14.5836,40.7507],[14.5857,40.728]]]}},{"type":"Feature","properties":{"i":"065008","n":"Aquara"},"geometry":{"type":"Polygon","coordinates":[[[15.2621,40.486],[15.2641,40.4842],[15.2715,40.4815],[15.2841,40.4749],[15.2868,40.4718],[15.2878,40.4681],[15.2812,40.4588],[15.2787,40.457],[15.2757,40.4564],[15.2754,40.4442],[15.2761,40.4386],[15.2751,40.4309],[15.274,40.4291],[15.2745,40.4252],[15.2784,40.4223],[15.2694,40.4166],[15.2724,40.4101],[15.2647,40.4063],[15.2582,40.4048],[15.2563,40.4056],[15.2544,40.4126],[15.2518,40.4173],[15.2421,40.4208],[15.2426,40.4228],[15.2373,40.4282],[15.2312,40.4297],[15.2279,40.4316],[15.2229,40.4377],[15.2222,40.441],[15.2227,40.4475],[15.2217,40.4501],[15.2191,40.4512],[15.216,40.4513],[15.2048,40.4618],[15.2094,40.4671],[15.2115,40.4682],[15.2473,40.4725],[15.2551,40.4794],[15.258,40.4864],[15.2621,40.486]]]}},{"type":"Feature","properties":{"i":"065009","n":"Ascea"},"geometry":{"type":"Polygon","coordinates":[[[15.2692,40.1503],[15.2689,40.1468],[15.2663,40.1428],[15.2676,40.1407],[15.2663,40.1384],[15.2639,40.1378],[15.2532,40.1388],[15.2488,40.1405],[15.2466,40.1423],[15.2391,40.1437],[15.2347,40.1419],[15.2262,40.1414],[15.221,40.1419],[15.2125,40.1446],[15.1999,40.1435],[15.1979,40.1403],[15.1929,40.1244],[15.1863,40.1248],[15.1776,40.1281],[15.169,40.1381],[15.1465,40.1601],[15.15,40.1607],[15.153,40.1623],[15.1539,40.1657],[15.1535,40.1667],[15.1476,40.168],[15.1407,40.1682],[15.1395,40.1701],[15.1391,40.1733],[15.1415,40.1774],[15.1448,40.1784],[15.1474,40.1824],[15.1528,40.1812],[15.1621,40.1837],[15.1684,40.1883],[15.1728,40.1895],[15.1755,40.189],[15.1897,40.1893],[15.1933,40.1857],[15.1979,40.1715],[15.1989,40.163],[15.2008,40.1612],[15.2245,40.1694],[15.2328,40.1682],[15.2369,40.1673],[15.2392,40.1647],[15.2449,40.1608],[15.2692,40.1503]]]}},{"type":"Feature","properties":{"i":"065010","n":"Atena Lucana"},"geometry":{"type":"Polygon","coordinates":[[[15.5867,40.4436],[15.5856,40.4405],[15.5708,40.4326],[15.5479,40.4267],[15.5274,40.4524],[15.5177,40.4555],[15.5178,40.463],[15.5167,40.4689],[15.5195,40.478],[15.518,40.4811],[15.5295,40.4835],[15.5389,40.488],[15.5441,40.4862],[15.557,40.4777],[15.5646,40.4766],[15.569,40.4745],[15.5759,40.4696],[15.5781,40.4623],[15.5806,40.4578],[15.5866,40.452],[15.59,40.4475],[15.5886,40.4448],[15.5867,40.4436]]]}},{"type":"Feature","properties":{"i":"065011","n":"Atrani"},"geometry":{"type":"Polygon","coordinates":[[[14.6079,40.6344],[14.6055,40.6356],[14.6068,40.6388],[14.6103,40.6363],[14.6079,40.6344]]]}},{"type":"Feature","properties":{"i":"065012","n":"Auletta"},"geometry":{"type":"Polygon","coordinates":[[[15.4166,40.5976],[15.4321,40.5909],[15.4355,40.5881],[15.4454,40.5858],[15.4413,40.5807],[15.4452,40.5734],[15.4497,40.5688],[15.4518,40.5619],[15.4361,40.55],[15.4356,40.5468],[15.4389,40.5425],[15.4415,40.536],[15.439,40.5346],[15.4358,40.5307],[15.4382,40.5277],[15.4462,40.5336],[15.4535,40.5341],[15.454,40.5257],[15.4442,40.522],[15.4419,40.5219],[15.4399,40.5203],[15.44,40.5152],[15.4454,40.5082],[15.4444,40.506],[15.4398,40.5039],[15.4269,40.5038],[15.4216,40.5028],[15.414,40.498],[15.4122,40.4933],[15.4096,40.4934],[15.4123,40.501],[15.4127,40.5106],[15.4162,40.5202],[15.4231,40.5263],[15.4181,40.5317],[15.4111,40.5371],[15.402,40.5422],[15.3976,40.5473],[15.3974,40.5506],[15.3992,40.554],[15.403,40.5579],[15.4093,40.5617],[15.41,40.5628],[15.4098,40.564],[15.4089,40.5652],[15.4059,40.5661],[15.3979,40.5646],[15.3918,40.5669],[15.3894,40.5693],[15.3858,40.5707],[15.3814,40.5711],[15.3818,40.5776],[15.3787,40.5788],[15.3812,40.5825],[15.3837,40.5844],[15.3992,40.5931],[15.4101,40.5971],[15.4166,40.5976]]]}},{"type":"Feature","properties":{"i":"065013","n":"Baronissi"},"geometry":{"type":"Polygon","coordinates":[[[14.82,40.7314],[14.8214,40.727],[14.8087,40.7229],[14.7985,40.7212],[14.7924,40.7229],[14.7881,40.726],[14.7769,40.7227],[14.7726,40.7235],[14.7718,40.7244],[14.7713,40.7273],[14.7725,40.7317],[14.7693,40.7361],[14.758,40.7377],[14.7456,40.7355],[14.7386,40.7351],[14.7321,40.737],[14.7314,40.7456],[14.7399,40.7454],[14.7464,40.7469],[14.7578,40.7537],[14.7586,40.7575],[14.7598,40.7591],[14.7651,40.7607],[14.768,40.7611],[14.7725,40.7576],[14.7746,40.7571],[14.7927,40.7574],[14.82,40.7314]]]}},{"type":"Feature","properties":{"i":"065014","n":"Battipaglia"},"geometry":{"type":"Polygon","coordinates":[[[14.9063,40.5472],[14.8976,40.5609],[14.8828,40.58],[14.8845,40.5823],[14.9115,40.5999],[14.9136,40.6001],[14.9244,40.6106],[14.9329,40.6103],[14.9517,40.6146],[14.9663,40.6237],[14.9692,40.6359],[14.9742,40.6431],[14.9757,40.6432],[14.9804,40.6315],[14.9908,40.625],[14.9905,40.6239],[14.9932,40.6237],[14.9963,40.6268],[14.9979,40.6308],[15.0116,40.6417],[15.0138,40.6392],[15.0166,40.621],[15.0158,40.6142],[15.0161,40.6064],[15.0217,40.5973],[15.0213,40.595],[15.005,40.5881],[14.9909,40.5871],[14.9846,40.5813],[14.9853,40.5743],[14.9708,40.5728],[14.9588,40.5695],[14.9534,40.5715],[14.946,40.5715],[14.9302,40.559],[14.9303,40.5564],[14.9312,40.5551],[14.9306,40.5536],[14.9277,40.5523],[14.9188,40.5546],[14.916,40.5541],[14.9064,40.551],[14.9063,40.5472]]]}},{"type":"Feature","properties":{"i":"065015","n":"Bellosguardo"},"geometry":{"type":"Polygon","coordinates":[[[15.3412,40.4243],[15.3383,40.4138],[15.3288,40.4126],[15.3131,40.3993],[15.3099,40.3975],[15.3043,40.3982],[15.2922,40.4015],[15.2724,40.4101],[15.2694,40.4166],[15.2784,40.4223],[15.2799,40.4256],[15.2889,40.4317],[15.2952,40.4374],[15.3007,40.4335],[15.3055,40.4322],[15.3121,40.4393],[15.3142,40.44],[15.3151,40.4384],[15.323,40.4391],[15.3282,40.4331],[15.3295,40.4262],[15.3353,40.4242],[15.3412,40.4243]]]}},{"type":"Feature","properties":{"i":"065016","n":"Bracigliano"},"geometry":{"type":"Polygon","coordinates":[[[14.7358,40.8363],[14.7383,40.8341],[14.7417,40.8285],[14.7302,40.8214],[14.7233,40.8137],[14.7171,40.8043],[14.6928,40.8159],[14.6846,40.8177],[14.676,40.8215],[14.6738,40.825],[14.6737,40.8284],[14.6747,40.8304],[14.6859,40.841],[14.6957,40.8404],[14.7017,40.838],[14.723,40.8386],[14.7298,40.8409],[14.7342,40.8395],[14.7358,40.8363]]]}},{"type":"Feature","properties":{"i":"065017","n":"Buccino"},"geometry":{"type":"Polygon","coordinates":[[[15.4216,40.6294],[15.422,40.6244],[15.4213,40.6164],[15.4219,40.6139],[15.427,40.6112],[15.423,40.6046],[15.4178,40.6002],[15.4166,40.5976],[15.4101,40.5971],[15.3992,40.5931],[15.3816,40.5829],[15.3787,40.5788],[15.3761,40.5767],[15.3728,40.5774],[15.3606,40.5858],[15.3547,40.5884],[15.3472,40.5888],[15.3377,40.5913],[15.3306,40.597],[15.3258,40.5997],[15.3079,40.6038],[15.3068,40.6062],[15.3125,40.614],[15.3271,40.6205],[15.3272,40.6229],[15.3251,40.6271],[15.323,40.6286],[15.3181,40.6298],[15.3198,40.6314],[15.3197,40.6325],[15.3167,40.6347],[15.3162,40.6368],[15.3203,40.6408],[15.3295,40.6473],[15.326,40.6569],[15.3226,40.6598],[15.3225,40.6648],[15.3241,40.6673],[15.3242,40.6697],[15.3222,40.6732],[15.3246,40.6724],[15.3302,40.6739],[15.3346,40.687],[15.3343,40.7004],[15.3393,40.7102],[15.3408,40.7113],[15.3461,40.7098],[15.3494,40.7072],[15.3518,40.7013],[15.3504,40.7],[15.3477,40.7011],[15.3468,40.7006],[15.3454,40.6944],[15.3453,40.6918],[15.3464,40.6913],[15.3486,40.6848],[15.3474,40.6727],[15.352,40.6673],[15.3583,40.6557],[15.3662,40.6532],[15.3756,40.6528],[15.3806,40.6513],[15.3856,40.649],[15.392,40.6412],[15.4101,40.6347],[15.4119,40.6333],[15.4216,40.6294]]]}},{"type":"Feature","properties":{"i":"065018","n":"Buonabitacolo"},"geometry":{"type":"Polygon","coordinates":[[[15.6386,40.2814],[15.639,40.278],[15.6431,40.2677],[15.647,40.2611],[15.6446,40.2577],[15.6356,40.2547],[15.6231,40.258],[15.6085,40.2673],[15.6042,40.2785],[15.6066,40.2882],[15.6068,40.2924],[15.603,40.2973],[15.6119,40.3095],[15.6243,40.3162],[15.6349,40.2973],[15.6386,40.2814]]]}},{"type":"Feature","properties":{"i":"065019","n":"Caggiano"},"geometry":{"type":"Polygon","coordinates":[[[15.5326,40.573],[15.5393,40.5681],[15.5366,40.5665],[15.5304,40.5598],[15.5288,40.5564],[15.536,40.5454],[15.5381,40.5415],[15.5377,40.5396],[15.542,40.5324],[15.54,40.5244],[15.5353,40.5223],[15.526,40.5313],[15.5056,40.536],[15.4937,40.5379],[15.473,40.5432],[15.4701,40.5432],[15.4688,40.5421],[15.4702,40.5495],[15.4625,40.5575],[15.4548,40.5602],[15.4483,40.5599],[15.4518,40.5619],[15.4497,40.5688],[15.4452,40.5734],[15.4413,40.5807],[15.4458,40.5865],[15.4585,40.5817],[15.4656,40.5824],[15.469,40.5837],[15.4754,40.5924],[15.4838,40.5936],[15.4877,40.5922],[15.4886,40.5912],[15.4888,40.5888],[15.4909,40.5868],[15.5007,40.5856],[15.5056,40.587],[15.5101,40.5857],[15.515,40.5802],[15.5153,40.5735],[15.5199,40.5705],[15.5244,40.5704],[15.5326,40.573]]]}},{"type":"Feature","properties":{"i":"065020","n":"Calvanico"},"geometry":{"type":"Polygon","coordinates":[[[14.87,40.7968],[14.8717,40.788],[14.8679,40.7771],[14.8546,40.77],[14.853,40.7647],[14.8533,40.7618],[14.8509,40.7593],[14.8436,40.7546],[14.8426,40.7544],[14.8367,40.7571],[14.8206,40.7653],[14.8158,40.7722],[14.8154,40.7754],[14.8223,40.7771],[14.8254,40.7817],[14.8287,40.7902],[14.8284,40.7925],[14.8272,40.7941],[14.8364,40.7937],[14.8421,40.7961],[14.8446,40.7997],[14.8457,40.8],[14.8532,40.8001],[14.8686,40.798],[14.87,40.7968]]]}},{"type":"Feature","properties":{"i":"065021","n":"Camerota"},"geometry":{"type":"MultiPolygon","coordinates":[[[[15.3607,39.9961],[15.3599,39.9966],[15.3607,39.9972],[15.3613,39.9968],[15.3607,39.9961]]],[[[15.4256,40.0706],[15.4307,40.0697],[15.4173,40.0579],[15.4068,40.0444],[15.4075,40.0318],[15.4137,40.0286],[15.4219,40.0279],[15.43,40.025],[15.431,40.0223],[15.4458,40.0196],[15.4398,40.0126],[15.4325,40.0064],[15.4246,39.9939],[15.4207,39.9907],[15.4186,39.9906],[15.4129,39.9931],[15.4119,39.9947],[15.3889,39.9973],[15.3823,40.0005],[15.3763,40.0004],[15.3749,39.9987],[15.3694,39.9975],[15.3597,39.9986],[15.3546,40.0],[15.3427,40.0048],[15.3183,40.03],[15.3145,40.0316],[15.3093,40.0319],[15.3105,40.034],[15.3214,40.038],[15.3249,40.0407],[15.3251,40.052],[15.3301,40.0607],[15.3326,40.0627],[15.3404,40.0733],[15.3422,40.0764],[15.3428,40.0824],[15.345,40.0807],[15.3493,40.0794],[15.3581,40.078],[15.3809,40.0806],[15.3982,40.0779],[15.4118,40.0737],[15.4256,40.0706]]]]}},{"type":"Feature","properties":{"i":"065022","n":"Campagna"},"geometry":{"type":"Polygon","coordinates":[[[15.169,40.7066],[15.1727,40.696],[15.1711,40.6952],[15.1686,40.6916],[15.1691,40.6848],[15.1696,40.6832],[15.1717,40.6811],[15.1742,40.6797],[15.1923,40.6772],[15.2117,40.672],[15.2217,40.6662],[15.2199,40.6635],[15.2083,40.6543],[15.2002,40.657],[15.1976,40.6445],[15.2037,40.639],[15.2076,40.6265],[15.2043,40.6233],[15.2022,40.6227],[15.1965,40.6258],[15.1895,40.6251],[15.1857,40.6227],[15.1865,40.6185],[15.1846,40.6163],[15.1628,40.6104],[15.1454,40.6101],[15.1415,40.6094],[15.1311,40.6004],[15.1231,40.5993],[15.1157,40.5933],[15.1123,40.5923],[15.1021,40.5924],[15.0978,40.5916],[15.0959,40.5948],[15.0975,40.6018],[15.0966,40.6046],[15.0932,40.6072],[15.0888,40.6158],[15.089,40.6178],[15.0874,40.6206],[15.0818,40.6263],[15.0796,40.627],[15.0772,40.6263],[15.0745,40.6282],[15.0727,40.6315],[15.073,40.6349],[15.0785,40.6376],[15.074,40.6481],[15.0731,40.6491],[15.0648,40.6502],[15.0585,40.6524],[15.0593,40.6554],[15.0615,40.6568],[15.0634,40.6596],[15.0628,40.6613],[15.0609,40.663],[15.0542,40.6654],[15.0487,40.669],[15.0548,40.6751],[15.0541,40.679],[15.0512,40.6852],[15.0439,40.6965],[15.044,40.7019],[15.0466,40.7059],[15.0539,40.7134],[15.0611,40.7143],[15.0715,40.7121],[15.084,40.7122],[15.0966,40.7161],[15.0989,40.7196],[15.1038,40.7214],[15.1096,40.7224],[15.1243,40.7226],[15.1427,40.73],[15.1457,40.7328],[15.149,40.7316],[15.1512,40.7297],[15.1529,40.7198],[15.1628,40.711],[15.169,40.7066]]]}},{"type":"Feature","properties":{"i":"065023","n":"Campora"},"geometry":{"type":"Polygon","coordinates":[[[15.3543,40.2704],[15.3518,40.2668],[15.3436,40.2669],[15.3411,40.2682],[15.3327,40.2697],[15.3113,40.268],[15.3065,40.2665],[15.3033,40.2704],[15.2874,40.2777],[15.2837,40.2823],[15.2814,40.2834],[15.279,40.2882],[15.2742,40.2914],[15.2738,40.2946],[15.2747,40.2974],[15.2803,40.3034],[15.283,40.3089],[15.2861,40.3309],[15.2859,40.3354],[15.2868,40.337],[15.2928,40.3343],[15.3062,40.3331],[15.3071,40.3303],[15.3065,40.3268],[15.3096,40.3226],[15.325,40.3155],[15.3262,40.2976],[15.3294,40.2932],[15.3527,40.283],[15.3553,40.2749],[15.3543,40.2704]]]}},{"type":"Feature","properties":{"i":"065024","n":"Cannalonga"},"geometry":{"type":"Polygon","coordinates":[[[15.3518,40.2668],[15.3469,40.2577],[15.3433,40.2543],[15.3397,40.2489],[15.3462,40.2345],[15.3343,40.2238],[15.3206,40.2298],[15.3137,40.2351],[15.3004,40.2395],[15.2869,40.2407],[15.2868,40.2446],[15.2905,40.2475],[15.2955,40.2562],[15.2947,40.2644],[15.2978,40.2673],[15.3022,40.2678],[15.3065,40.2665],[15.3113,40.268],[15.3327,40.2697],[15.3411,40.2682],[15.3436,40.2669],[15.3518,40.2668]]]}},{"type":"Feature","properties":{"i":"065025","n":"Capaccio Paestum"},"geometry":{"type":"Polygon","coordinates":[[[15.0815,40.4717],[15.0702,40.4665],[15.0678,40.4554],[15.0726,40.4491],[15.0782,40.449],[15.0815,40.4509],[15.089,40.4522],[15.1037,40.4521],[15.1128,40.4512],[15.1053,40.4302],[15.1042,40.4279],[15.1009,40.4257],[15.1011,40.4194],[15.1003,40.4174],[15.0917,40.4136],[15.0862,40.41],[15.0809,40.4025],[15.0603,40.3852],[15.0439,40.3877],[15.0404,40.3889],[15.0369,40.392],[15.0294,40.392],[15.016,40.3875],[15.006,40.3859],[15.0047,40.3851],[15.001,40.3792],[14.9989,40.3884],[14.9939,40.4018],[14.9784,40.4314],[14.9421,40.4819],[14.9518,40.4811],[14.959,40.4831],[14.9643,40.4862],[14.9705,40.4913],[14.9722,40.4957],[14.9776,40.4997],[14.9888,40.4943],[14.9907,40.4943],[14.9909,40.4969],[14.9883,40.5018],[14.9924,40.5061],[14.9959,40.5084],[14.9983,40.5082],[15.002,40.4962],[15.0039,40.4951],[15.0072,40.4949],[15.0155,40.4975],[15.0183,40.5038],[15.0225,40.5074],[15.0245,40.5081],[15.0256,40.5052],[15.0297,40.4994],[15.0384,40.4944],[15.0429,40.4884],[15.0459,40.486],[15.0497,40.4848],[15.0624,40.483],[15.0639,40.4812],[15.0647,40.4771],[15.0815,40.4717]]]}},{"type":"Feature","properties":{"i":"065026","n":"Casalbuono"},"geometry":{"type":"Polygon","coordinates":[[[15.7313,40.1993],[15.7299,40.1895],[15.728,40.1859],[15.7169,40.1816],[15.7125,40.1784],[15.704,40.1854],[15.7034,40.1874],[15.6981,40.1922],[15.6929,40.1929],[15.6882,40.1957],[15.6809,40.204],[15.6647,40.21],[15.6557,40.2124],[15.6487,40.2097],[15.6446,40.2104],[15.6435,40.2113],[15.6432,40.2152],[15.645,40.2201],[15.6501,40.2227],[15.6481,40.2287],[15.6578,40.2298],[15.6625,40.2335],[15.6642,40.236],[15.6648,40.237],[15.6639,40.241],[15.6652,40.254],[15.6656,40.2548],[15.668,40.2555],[15.7311,40.2244],[15.7397,40.2191],[15.7404,40.2184],[15.732,40.2028],[15.7313,40.1993]]]}},{"type":"Feature","properties":{"i":"065027","n":"Casaletto Spartano"},"geometry":{"type":"MultiPolygon","coordinates":[[[[15.616,40.1119],[15.6158,40.1091],[15.6067,40.1086],[15.6025,40.1071],[15.5995,40.1078],[15.601,40.1098],[15.6086,40.1143],[15.611,40.114],[15.616,40.1119]]],[[[15.5673,40.1386],[15.5738,40.1355],[15.577,40.1355],[15.5791,40.1346],[15.5801,40.1328],[15.58,40.1305],[15.5771,40.1281],[15.5574,40.1325],[15.5543,40.1339],[15.5544,40.136],[15.5588,40.1381],[15.5673,40.1386]]],[[[15.7125,40.1784],[15.7165,40.1696],[15.7155,40.1684],[15.7017,40.1615],[15.7005,40.1583],[15.7015,40.1534],[15.7069,40.1465],[15.7095,40.1378],[15.7055,40.1324],[15.7032,40.1232],[15.7031,40.12],[15.7058,40.1177],[15.6966,40.1064],[15.6925,40.1075],[15.6732,40.1233],[15.6685,40.1313],[15.668,40.1334],[15.6687,40.1349],[15.6719,40.1367],[15.6738,40.1397],[15.6742,40.1419],[15.6685,40.1479],[15.6676,40.1481],[15.6507,40.1385],[15.6486,40.1438],[15.6445,40.1461],[15.6306,40.1379],[15.6254,40.1377],[15.6222,40.1383],[15.6166,40.1411],[15.614,40.1453],[15.6093,40.1467],[15.6017,40.1472],[15.5988,40.1453],[15.5979,40.1434],[15.5964,40.1431],[15.5903,40.143],[15.5811,40.1457],[15.5771,40.1573],[15.5772,40.1607],[15.5835,40.1715],[15.591,40.179],[15.5928,40.1828],[15.5942,40.1893],[15.5948,40.1997],[15.6131,40.2117],[15.6211,40.2188],[15.6249,40.2209],[15.6308,40.222],[15.6482,40.2277],[15.6497,40.2254],[15.6501,40.2227],[15.645,40.2201],[15.644,40.2189],[15.6432,40.2152],[15.6438,40.2108],[15.6487,40.2097],[15.6557,40.2124],[15.6781,40.2053],[15.6809,40.204],[15.69,40.1942],[15.6929,40.1929],[15.6981,40.1922],[15.7008,40.1902],[15.7034,40.1874],[15.704,40.1854],[15.7125,40.1784]]]]}},{"type":"Feature","properties":{"i":"065028","n":"Casal Velino"},"geometry":{"type":"Polygon","coordinates":[[[15.1637,40.2265],[15.1636,40.2254],[15.16,40.2236],[15.1562,40.2237],[15.1536,40.2227],[15.1489,40.2192],[15.1494,40.2172],[15.1549,40.2134],[15.1583,40.2016],[15.1563,40.1978],[15.1551,40.1962],[15.1484,40.1922],[15.1395,40.1893],[15.1396,40.188],[15.1474,40.1824],[15.1448,40.1784],[15.1415,40.1774],[15.1395,40.1744],[15.1392,40.1714],[15.1397,40.1695],[15.1412,40.168],[15.1476,40.168],[15.153,40.167],[15.1539,40.1657],[15.1524,40.1618],[15.1465,40.1601],[15.1329,40.1709],[15.1235,40.1752],[15.1168,40.1769],[15.1128,40.177],[15.1019,40.1738],[15.0946,40.1731],[15.0956,40.1794],[15.0936,40.1879],[15.0996,40.1975],[15.0973,40.2006],[15.0942,40.2021],[15.09,40.203],[15.0886,40.2042],[15.0937,40.2067],[15.0975,40.204],[15.1089,40.2024],[15.1021,40.212],[15.1016,40.216],[15.1113,40.2189],[15.1248,40.2274],[15.121,40.2323],[15.119,40.2321],[15.1175,40.2334],[15.1195,40.2374],[15.1247,40.2447],[15.1376,40.2456],[15.141,40.2433],[15.1485,40.2426],[15.1496,40.2432],[15.1566,40.2382],[15.1612,40.2324],[15.1637,40.2265]]]}},{"type":"Feature","properties":{"i":"065029","n":"Caselle in Pittari"},"geometry":{"type":"Polygon","coordinates":[[[15.5948,40.1997],[15.5942,40.1893],[15.5913,40.1794],[15.5835,40.1715],[15.5772,40.1607],[15.577,40.164],[15.5569,40.1662],[15.5541,40.165],[15.5527,40.1601],[15.5457,40.1541],[15.5339,40.1505],[15.5284,40.1503],[15.5194,40.1548],[15.5152,40.1579],[15.5139,40.1684],[15.512,40.1707],[15.5047,40.1715],[15.4993,40.1744],[15.4952,40.18],[15.4932,40.1802],[15.4912,40.1762],[15.4904,40.169],[15.4955,40.1645],[15.4948,40.1634],[15.4866,40.1693],[15.4825,40.1764],[15.4817,40.1795],[15.4908,40.1838],[15.4963,40.1951],[15.4968,40.1993],[15.4939,40.2037],[15.483,40.2113],[15.48,40.2151],[15.4821,40.2174],[15.4849,40.218],[15.5024,40.2127],[15.5076,40.2125],[15.5155,40.2142],[15.5247,40.2191],[15.5348,40.2154],[15.5457,40.2088],[15.5617,40.205],[15.564,40.2036],[15.5893,40.1986],[15.5927,40.1983],[15.5948,40.1997]]]}},{"type":"Feature","properties":{"i":"065030","n":"Castelcivita"},"geometry":{"type":"MultiPolygon","coordinates":[[[[15.2909,40.5188],[15.281,40.5178],[15.2857,40.5243],[15.292,40.5209],[15.2909,40.5188]]],[[[15.2959,40.545],[15.2919,40.5338],[15.2831,40.53],[15.281,40.5206],[15.2759,40.5075],[15.278,40.4968],[15.2777,40.493],[15.274,40.4924],[15.2693,40.4932],[15.2661,40.4925],[15.2621,40.486],[15.258,40.4864],[15.2551,40.4794],[15.2473,40.4725],[15.2115,40.4682],[15.2075,40.4652],[15.2042,40.461],[15.2022,40.461],[15.189,40.4632],[15.1708,40.4726],[15.1696,40.4775],[15.1726,40.482],[15.1737,40.4862],[15.1732,40.4881],[15.166,40.4982],[15.1707,40.5],[15.1719,40.5016],[15.1893,40.5148],[15.1943,40.5068],[15.2005,40.4999],[15.2072,40.4982],[15.2127,40.5001],[15.2167,40.5034],[15.2195,40.5072],[15.2199,40.5117],[15.2175,40.515],[15.2172,40.517],[15.2178,40.5203],[15.2197,40.5234],[15.2314,40.5353],[15.2354,40.5423],[15.2414,40.5467],[15.2443,40.5475],[15.2476,40.5463],[15.2511,40.5463],[15.2553,40.5482],[15.2587,40.5525],[15.2613,40.5543],[15.267,40.5527],[15.2734,40.5497],[15.2959,40.545]]]]}},{"type":"Feature","properties":{"i":"065031","n":"Castellabate"},"geometry":{"type":"MultiPolygon","coordinates":[[[[14.9003,40.2504],[14.8995,40.2503],[14.8999,40.2516],[14.901,40.252],[14.9003,40.2504]]],[[[14.9862,40.3164],[14.9853,40.3151],[14.9862,40.3137],[15.0011,40.3155],[15.0031,40.3143],[14.9942,40.3113],[14.9926,40.3096],[14.992,40.306],[14.9869,40.306],[14.9804,40.2931],[14.9749,40.2897],[14.9686,40.2891],[14.9673,40.2883],[14.9646,40.2826],[14.9703,40.2788],[14.9717,40.2764],[14.9713,40.2749],[14.9658,40.2708],[14.9655,40.2501],[14.9629,40.2415],[14.9564,40.2362],[14.9537,40.2326],[14.9495,40.2336],[14.9402,40.2333],[14.935,40.2287],[14.9264,40.232],[14.9147,40.2394],[14.91,40.2435],[14.905,40.2518],[14.9049,40.2533],[14.9232,40.2641],[14.9374,40.2702],[14.9432,40.2752],[14.9443,40.278],[14.9456,40.2829],[14.9468,40.2981],[14.9463,40.3058],[14.9445,40.3133],[14.9393,40.3193],[14.9427,40.3303],[14.9456,40.3369],[14.9535,40.3379],[14.9646,40.3291],[14.9683,40.3276],[14.9811,40.3185],[14.9862,40.3164]]]]}},{"type":"Feature","properties":{"i":"065032","n":"Castelnuovo Cilento"},"geometry":{"type":"Polygon","coordinates":[[[15.2171,40.2356],[15.2153,40.2347],[15.2124,40.2284],[15.2147,40.222],[15.215,40.2184],[15.207,40.2128],[15.1983,40.2113],[15.1738,40.1971],[15.1722,40.1924],[15.1728,40.1895],[15.1684,40.1883],[15.1621,40.1837],[15.1528,40.1812],[15.1474,40.1824],[15.1396,40.188],[15.1401,40.1899],[15.1421,40.1899],[15.1484,40.1922],[15.1551,40.1962],[15.158,40.2005],[15.1583,40.2016],[15.1549,40.2134],[15.1489,40.2182],[15.1489,40.2192],[15.1522,40.222],[15.1562,40.2237],[15.16,40.2236],[15.1636,40.2254],[15.1637,40.2265],[15.1682,40.2269],[15.1754,40.2301],[15.1889,40.2274],[15.2031,40.2308],[15.2055,40.2335],[15.2069,40.246],[15.2119,40.2447],[15.2141,40.2431],[15.2169,40.2387],[15.2171,40.2356]]]}},{"type":"Feature","properties":{"i":"065033","n":"Castelnuovo di Conza"},"geometry":{"type":"Polygon","coordinates":[[[15.335,40.8349],[15.3439,40.8288],[15.3481,40.8281],[15.3536,40.8242],[15.3519,40.8219],[15.3449,40.8179],[15.3321,40.8191],[15.3217,40.8153],[15.3066,40.8073],[15.2978,40.8075],[15.2948,40.8053],[15.2922,40.8018],[15.2848,40.7995],[15.2807,40.7995],[15.2813,40.8044],[15.2864,40.8222],[15.2955,40.8381],[15.299,40.8391],[15.3108,40.8395],[15.3184,40.8386],[15.3219,40.8375],[15.3284,40.833],[15.3307,40.8324],[15.3331,40.8331],[15.335,40.8349]]]}},{"type":"Feature","properties":{"i":"065034","n":"Castel San Giorgio"},"geometry":{"type":"Polygon","coordinates":[[[14.6945,40.7685],[14.6781,40.766],[14.67,40.7673],[14.659,40.7677],[14.6565,40.767],[14.6547,40.7742],[14.6579,40.7745],[14.6556,40.7747],[14.6557,40.7858],[14.6589,40.7886],[14.6628,40.7905],[14.6675,40.7901],[14.6728,40.7915],[14.6755,40.7943],[14.678,40.7948],[14.689,40.7959],[14.7034,40.7948],[14.7169,40.798],[14.7136,40.7937],[14.7148,40.7901],[14.7171,40.789],[14.7165,40.7821],[14.7152,40.7803],[14.7113,40.7754],[14.7025,40.7731],[14.6945,40.7685]]]}},{"type":"Feature","properties":{"i":"065035","n":"Castel San Lorenzo"},"geometry":{"type":"Polygon","coordinates":[[[15.216,40.4513],[15.22,40.4509],[15.2221,40.4495],[15.2229,40.4377],[15.2279,40.4316],[15.2312,40.4297],[15.2373,40.4282],[15.2426,40.4228],[15.2399,40.4119],[15.2368,40.4066],[15.2334,40.4043],[15.2286,40.4038],[15.223,40.4059],[15.2088,40.4035],[15.2055,40.4025],[15.1997,40.3939],[15.1966,40.3917],[15.1948,40.3911],[15.1877,40.3932],[15.184,40.3955],[15.1859,40.3955],[15.1877,40.3974],[15.1888,40.4036],[15.1878,40.4075],[15.1958,40.4126],[15.2022,40.415],[15.2097,40.42],[15.2092,40.4287],[15.2076,40.435],[15.2083,40.4512],[15.2115,40.4518],[15.216,40.4513]]]}},{"type":"Feature","properties":{"i":"065036","n":"Castiglione del Genovesi"},"geometry":{"type":"Polygon","coordinates":[[[14.8477,40.7076],[14.8452,40.7061],[14.8383,40.7076],[14.8335,40.7159],[14.8297,40.7258],[14.8283,40.7272],[14.8254,40.727],[14.8224,40.725],[14.82,40.7314],[14.8332,40.7411],[14.8387,40.7488],[14.8442,40.7522],[14.848,40.7531],[14.8504,40.7511],[14.8538,40.7369],[14.8623,40.7339],[14.8619,40.7283],[14.8575,40.721],[14.8509,40.7159],[14.8521,40.7132],[14.8557,40.713],[14.8564,40.7111],[14.8557,40.7081],[14.8477,40.7076]]]}},{"type":"Feature","properties":{"i":"065037","n":"Cava de' Tirreni"},"geometry":{"type":"Polygon","coordinates":[[[14.7314,40.7456],[14.7321,40.737],[14.7297,40.7333],[14.7308,40.7275],[14.7353,40.718],[14.7401,40.7121],[14.7463,40.7103],[14.748,40.7083],[14.7362,40.692],[14.7362,40.6852],[14.7329,40.6828],[14.7228,40.685],[14.7207,40.6865],[14.7078,40.6851],[14.6811,40.6789],[14.6791,40.6744],[14.6759,40.6724],[14.6703,40.6751],[14.6681,40.6786],[14.6708,40.6851],[14.6711,40.69],[14.6681,40.6951],[14.6582,40.7051],[14.6605,40.713],[14.6718,40.7151],[14.688,40.7233],[14.6891,40.7242],[14.6903,40.7283],[14.6903,40.7308],[14.6941,40.7362],[14.6998,40.7381],[14.703,40.7401],[14.7059,40.7452],[14.714,40.7518],[14.7246,40.752],[14.7272,40.7505],[14.7314,40.7456]]]}},{"type":"Feature","properties":{"i":"065038","n":"Celle di Bulgheria"},"geometry":{"type":"Polygon","coordinates":[[[15.4256,40.0706],[15.4118,40.0737],[15.3982,40.0779],[15.3809,40.0806],[15.3581,40.078],[15.3493,40.0794],[15.345,40.0807],[15.3428,40.0824],[15.3502,40.0856],[15.3535,40.0913],[15.3547,40.0975],[15.3532,40.1028],[15.3541,40.1085],[15.355,40.1131],[15.3576,40.1157],[15.369,40.1236],[15.3769,40.1213],[15.3812,40.1186],[15.3837,40.118],[15.3862,40.1203],[15.3876,40.123],[15.3917,40.1369],[15.3954,40.1361],[15.4047,40.1376],[15.4148,40.1405],[15.4173,40.1393],[15.4062,40.1162],[15.4062,40.1107],[15.4097,40.1046],[15.4117,40.1031],[15.4146,40.103],[15.4244,40.0989],[15.4317,40.0864],[15.4292,40.0757],[15.4256,40.0706]]]}},{"type":"Feature","properties":{"i":"065039","n":"Centola"},"geometry":{"type":"MultiPolygon","coordinates":[[[[15.3576,40.1157],[15.355,40.1131],[15.3541,40.1085],[15.3532,40.1028],[15.3547,40.0975],[15.3535,40.0913],[15.3502,40.0856],[15.3428,40.0824],[15.3422,40.0764],[15.3404,40.0733],[15.3326,40.0627],[15.3301,40.0607],[15.3251,40.052],[15.3251,40.0421],[15.3243,40.04],[15.3214,40.038],[15.3105,40.034],[15.3089,40.0306],[15.2941,40.0286],[15.2925,40.027],[15.2923,40.0248],[15.2853,40.0228],[15.2707,40.0227],[15.2681,40.0258],[15.2677,40.0313],[15.2736,40.0323],[15.2762,40.032],[15.2749,40.0315],[15.2755,40.03],[15.2788,40.0297],[15.2808,40.0305],[15.2836,40.0332],[15.285,40.0359],[15.285,40.0399],[15.2819,40.0551],[15.2762,40.0668],[15.279,40.0679],[15.2829,40.0717],[15.2839,40.0766],[15.2834,40.0796],[15.2767,40.088],[15.2759,40.0954],[15.2766,40.0994],[15.2805,40.0998],[15.2869,40.0941],[15.2888,40.0952],[15.2977,40.0966],[15.2986,40.0953],[15.3001,40.0952],[15.3055,40.1012],[15.3057,40.1029],[15.3039,40.1038],[15.3025,40.1056],[15.3026,40.1093],[15.3053,40.1145],[15.3079,40.1149],[15.3109,40.1131],[15.3165,40.1141],[15.3167,40.1201],[15.3177,40.1219],[15.334,40.13],[15.3381,40.1302],[15.3437,40.1282],[15.3475,40.1231],[15.3576,40.1157]]]]}},{"type":"Feature","properties":{"i":"065040","n":"Ceraso"},"geometry":{"type":"Polygon","coordinates":[[[15.3338,40.1995],[15.323,40.1938],[15.3028,40.1876],[15.288,40.1838],[15.2811,40.1843],[15.2754,40.1775],[15.2762,40.1697],[15.2788,40.1673],[15.2757,40.1673],[15.2739,40.1656],[15.2739,40.1637],[15.2763,40.1619],[15.2759,40.1595],[15.2703,40.1559],[15.2692,40.1503],[15.2449,40.1608],[15.2392,40.1647],[15.2369,40.1673],[15.2328,40.1682],[15.2245,40.1694],[15.2008,40.1612],[15.1989,40.163],[15.1979,40.1715],[15.1924,40.187],[15.1897,40.1893],[15.1738,40.1892],[15.1728,40.1895],[15.1722,40.1924],[15.1738,40.1971],[15.1983,40.2113],[15.2011,40.2121],[15.2027,40.2114],[15.2056,40.2082],[15.2147,40.2028],[15.2291,40.2012],[15.2575,40.2054],[15.2684,40.2104],[15.2713,40.2125],[15.2907,40.2143],[15.3012,40.2122],[15.3131,40.2027],[15.3188,40.2003],[15.3338,40.1995]]]}},{"type":"Feature","properties":{"i":"065041","n":"Cetara"},"geometry":{"type":"Polygon","coordinates":[[[14.7101,40.6565],[14.7021,40.646],[14.6922,40.6466],[14.6868,40.6489],[14.6817,40.6525],[14.6777,40.6595],[14.6775,40.6654],[14.6797,40.6684],[14.686,40.6692],[14.6917,40.6684],[14.7027,40.6638],[14.7082,40.6636],[14.7118,40.662],[14.7095,40.6586],[14.7101,40.6565]]]}},{"type":"Feature","properties":{"i":"065042","n":"Cicerale"},"geometry":{"type":"Polygon","coordinates":[[[15.0603,40.3852],[15.062,40.3839],[15.0778,40.3778],[15.106,40.3734],[15.1104,40.3755],[15.1195,40.3764],[15.129,40.3756],[15.1594,40.3789],[15.1657,40.3726],[15.1517,40.357],[15.1538,40.3508],[15.1545,40.3515],[15.1606,40.3519],[15.1696,40.3488],[15.1711,40.3458],[15.1687,40.3315],[15.1464,40.3309],[15.1426,40.3275],[15.1316,40.3225],[15.1258,40.3202],[15.1122,40.3172],[15.1074,40.3251],[15.1033,40.3287],[15.0843,40.3394],[15.0822,40.3457],[15.0826,40.3476],[15.0851,40.3508],[15.086,40.3575],[15.0804,40.3603],[15.0776,40.366],[15.0684,40.3655],[15.0661,40.3644],[15.0561,40.3756],[15.0455,40.3814],[15.0427,40.3851],[15.0439,40.3877],[15.0603,40.3852]]]}},{"type":"Feature","properties":{"i":"065043","n":"Colliano"},"geometry":{"type":"Polygon","coordinates":[[[15.3827,40.7364],[15.3833,40.7359],[15.3834,40.7302],[15.3832,40.729],[15.3809,40.7269],[15.3811,40.725],[15.3857,40.7218],[15.3816,40.7145],[15.3777,40.7142],[15.3678,40.7161],[15.352,40.7205],[15.3455,40.7179],[15.3431,40.7138],[15.3393,40.7102],[15.3346,40.7015],[15.3346,40.687],[15.3302,40.6739],[15.3246,40.6724],[15.3233,40.6727],[15.3097,40.6792],[15.3025,40.6845],[15.2851,40.6903],[15.282,40.6902],[15.2837,40.6853],[15.2832,40.6834],[15.2778,40.6817],[15.2733,40.6815],[15.2679,40.6831],[15.2534,40.6899],[15.251,40.6898],[15.2502,40.7009],[15.2491,40.702],[15.2487,40.7049],[15.2485,40.7123],[15.2495,40.7142],[15.2515,40.7154],[15.26,40.7246],[15.2711,40.734],[15.2743,40.7359],[15.2823,40.7383],[15.2926,40.7435],[15.3019,40.7518],[15.3055,40.7537],[15.3271,40.7406],[15.3387,40.7387],[15.3558,40.7383],[15.3827,40.7364]]]}},{"type":"Feature","properties":{"i":"065044","n":"Conca dei Marini"},"geometry":{"type":"Polygon","coordinates":[[[14.5771,40.6181],[14.5765,40.6154],[14.5728,40.613],[14.5714,40.615],[14.5696,40.6157],[14.5546,40.6136],[14.5587,40.6212],[14.5618,40.6202],[14.5715,40.6204],[14.5759,40.6197],[14.5771,40.6181]]]}},{"type":"Feature","properties":{"i":"065045","n":"Controne"},"geometry":{"type":"Polygon","coordinates":[[[15.218,40.5207],[15.2172,40.5159],[15.2199,40.5117],[15.2195,40.5072],[15.2167,40.5034],[15.2127,40.5001],[15.2092,40.4985],[15.2061,40.4983],[15.2,40.5003],[15.1943,40.5068],[15.1893,40.5148],[15.1819,40.5195],[15.1791,40.5241],[15.1839,40.5296],[15.1836,40.5331],[15.1884,40.5333],[15.1996,40.5318],[15.2049,40.5212],[15.218,40.5207]]]}},{"type":"Feature","properties":{"i":"065046","n":"Contursi Terme"},"geometry":{"type":"Polygon","coordinates":[[[15.2733,40.6815],[15.2727,40.6774],[15.2696,40.6739],[15.2675,40.6731],[15.2638,40.6646],[15.269,40.6604],[15.2737,40.6589],[15.2744,40.658],[15.2748,40.6506],[15.2715,40.6418],[15.2725,40.6351],[15.2761,40.6304],[15.2757,40.629],[15.2536,40.622],[15.2497,40.6225],[15.247,40.6204],[15.2393,40.6281],[15.2298,40.6333],[15.2277,40.6329],[15.2252,40.6308],[15.2241,40.6291],[15.2241,40.6267],[15.2229,40.6254],[15.2151,40.6217],[15.2125,40.6223],[15.2076,40.6265],[15.2037,40.639],[15.1976,40.6445],[15.2002,40.657],[15.2083,40.6543],[15.2199,40.6635],[15.2217,40.6662],[15.2251,40.6644],[15.2272,40.6608],[15.2338,40.6582],[15.2349,40.6585],[15.2445,40.6692],[15.2494,40.6798],[15.2513,40.69],[15.2534,40.6899],[15.2679,40.6831],[15.2733,40.6815]]]}},{"type":"Feature","properties":{"i":"065047","n":"Corbara"},"geometry":{"type":"Polygon","coordinates":[[[14.6104,40.716],[14.6105,40.7145],[14.6045,40.7064],[14.5985,40.7001],[14.5923,40.6961],[14.5906,40.694],[14.5874,40.6949],[14.577,40.7014],[14.5773,40.7053],[14.5799,40.7096],[14.5821,40.7107],[14.5842,40.713],[14.5853,40.7186],[14.5819,40.7253],[14.5836,40.7276],[14.5905,40.7283],[14.5938,40.7294],[14.5959,40.7288],[14.6054,40.722],[14.6104,40.716]]]}},{"type":"Feature","properties":{"i":"065048","n":"Corleto Monforte"},"geometry":{"type":"Polygon","coordinates":[[[15.4096,40.4934],[15.4231,40.4913],[15.4384,40.4861],[15.4433,40.4772],[15.4476,40.4743],[15.4508,40.4706],[15.4512,40.4693],[15.4479,40.4639],[15.4519,40.4594],[15.4517,40.4578],[15.4486,40.4578],[15.4449,40.4601],[15.4318,40.461],[15.4304,40.4473],[15.435,40.4372],[15.4348,40.4361],[15.4316,40.4304],[15.4282,40.4279],[15.4249,40.4196],[15.427,40.4109],[15.4321,40.407],[15.4364,40.4066],[15.4333,40.4039],[15.427,40.4017],[15.4104,40.3995],[15.3951,40.4008],[15.3838,40.4074],[15.3833,40.4094],[15.3811,40.4106],[15.3773,40.4119],[15.3584,40.4152],[15.3462,40.4228],[15.3413,40.4277],[15.342,40.4307],[15.3454,40.4325],[15.3529,40.439],[15.3567,40.4442],[15.3691,40.4521],[15.3862,40.4586],[15.3858,40.4638],[15.3809,40.4683],[15.3757,40.4762],[15.3765,40.4787],[15.3749,40.4909],[15.3763,40.4942],[15.3784,40.4967],[15.383,40.5001],[15.3913,40.4961],[15.4096,40.4934]]]}},{"type":"Feature","properties":{"i":"065049","n":"Cuccaro Vetere"},"geometry":{"type":"Polygon","coordinates":[[[15.2788,40.1673],[15.2762,40.1697],[15.2754,40.1775],[15.2811,40.1843],[15.288,40.1838],[15.323,40.1938],[15.347,40.2077],[15.3445,40.1981],[15.3352,40.1919],[15.3314,40.1863],[15.3298,40.1806],[15.3327,40.1701],[15.3228,40.1555],[15.315,40.1513],[15.3014,40.1543],[15.2937,40.1546],[15.29,40.1571],[15.2788,40.1673]]]}},{"type":"Feature","properties":{"i":"065050","n":"Eboli"},"geometry":{"type":"Polygon","coordinates":[[[15.0978,40.5916],[15.0924,40.5839],[15.086,40.5789],[15.0835,40.5793],[15.0821,40.5842],[15.0772,40.5866],[15.0749,40.5861],[15.0739,40.585],[15.0743,40.5837],[15.0793,40.5802],[15.0793,40.5784],[15.0698,40.5628],[15.0677,40.5621],[15.0652,40.5626],[15.0625,40.5671],[15.0605,40.5677],[15.0441,40.5501],[15.0326,40.5462],[15.0326,40.5393],[15.0335,40.5343],[15.0356,40.5319],[15.0358,40.5308],[15.0346,40.5274],[15.0293,40.5206],[15.0234,40.5162],[15.0243,40.5126],[15.0279,40.5121],[15.0245,40.5081],[15.0225,40.5074],[15.0183,40.5038],[15.0155,40.4975],[15.0072,40.4949],[15.0029,40.4955],[15.0009,40.4983],[14.9983,40.5082],[14.9959,40.5084],[14.9924,40.5061],[14.9883,40.5018],[14.9909,40.4969],[14.9907,40.4943],[14.9888,40.4943],[14.9776,40.4997],[14.9722,40.4957],[14.9705,40.4913],[14.9643,40.4862],[14.959,40.4831],[14.9547,40.4816],[14.9509,40.4811],[14.9421,40.4819],[14.9356,40.4924],[14.9168,40.5289],[14.9063,40.5472],[14.9064,40.551],[14.916,40.5541],[14.9188,40.5546],[14.9277,40.5523],[14.9306,40.5536],[14.9312,40.5551],[14.9303,40.5564],[14.9302,40.559],[14.946,40.5715],[14.9534,40.5715],[14.9588,40.5695],[14.9708,40.5728],[14.9853,40.5743],[14.9846,40.5813],[14.9909,40.5871],[15.005,40.5881],[15.0213,40.595],[15.0217,40.5973],[15.0161,40.6064],[15.0158,40.6142],[15.0166,40.621],[15.0138,40.6392],[15.0108,40.6434],[15.0166,40.6463],[15.0229,40.6457],[15.0328,40.6396],[15.0373,40.6388],[15.0507,40.6439],[15.059,40.6521],[15.0648,40.6502],[15.0731,40.6491],[15.0785,40.6376],[15.073,40.6349],[15.0727,40.6315],[15.0745,40.6282],[15.0772,40.6263],[15.0796,40.627],[15.0818,40.6263],[15.0874,40.6206],[15.089,40.6178],[15.0888,40.6158],[15.0932,40.6072],[15.0966,40.6046],[15.0975,40.6018],[15.0959,40.5948],[15.0978,40.5916]]]}},{"type":"Feature","properties":{"i":"065051","n":"Felitto"},"geometry":{"type":"Polygon","coordinates":[[[15.2724,40.4101],[15.2902,40.4023],[15.3038,40.3984],[15.3079,40.3979],[15.3082,40.3968],[15.308,40.3871],[15.2999,40.3771],[15.2948,40.3745],[15.289,40.3689],[15.2859,40.3643],[15.2861,40.361],[15.2845,40.356],[15.2809,40.3528],[15.2671,40.3566],[15.2485,40.3598],[15.2416,40.3659],[15.227,40.3749],[15.2145,40.3753],[15.2093,40.374],[15.2053,40.3718],[15.199,40.3756],[15.1897,40.3835],[15.1828,40.3936],[15.1821,40.3955],[15.184,40.3955],[15.1885,40.3929],[15.1948,40.3911],[15.1997,40.3939],[15.2055,40.4025],[15.223,40.4059],[15.2286,40.4038],[15.2344,40.4047],[15.2368,40.4066],[15.2399,40.4119],[15.2421,40.4208],[15.2518,40.4173],[15.2544,40.4126],[15.2558,40.4071],[15.2571,40.4049],[15.2647,40.4063],[15.2724,40.4101]]]}},{"type":"Feature","properties":{"i":"065052","n":"Fisciano"},"geometry":{"type":"Polygon","coordinates":[[[14.8272,40.7941],[14.8284,40.7925],[14.8287,40.7902],[14.8254,40.7817],[14.8223,40.7771],[14.8154,40.7754],[14.8158,40.7722],[14.8206,40.7653],[14.8426,40.7544],[14.847,40.7569],[14.848,40.7531],[14.8442,40.7522],[14.8387,40.7488],[14.8332,40.7411],[14.82,40.7314],[14.7927,40.7574],[14.7746,40.7571],[14.7725,40.7576],[14.7689,40.7601],[14.768,40.7611],[14.774,40.7696],[14.7595,40.7754],[14.7582,40.7776],[14.7592,40.7827],[14.7635,40.7863],[14.7655,40.7891],[14.7652,40.8046],[14.7744,40.8054],[14.7945,40.7984],[14.7978,40.7986],[14.8021,40.8001],[14.8018,40.8032],[14.8085,40.8051],[14.8116,40.8048],[14.814,40.8039],[14.8151,40.8025],[14.8272,40.7941]]]}},{"type":"Feature","properties":{"i":"065053","n":"Furore"},"geometry":{"type":"Polygon","coordinates":[[[14.5587,40.6212],[14.5546,40.6136],[14.5393,40.6133],[14.5376,40.6242],[14.5445,40.6214],[14.5507,40.6235],[14.5565,40.6285],[14.5587,40.6212]]]}},{"type":"Feature","properties":{"i":"065054","n":"Futani"},"geometry":{"type":"Polygon","coordinates":[[[15.314,40.1297],[15.3091,40.1328],[15.3004,40.1417],[15.2873,40.1493],[15.2775,40.1537],[15.2703,40.1559],[15.2759,40.1595],[15.2763,40.1619],[15.2739,40.1637],[15.2739,40.1656],[15.2757,40.1673],[15.2788,40.1673],[15.29,40.1571],[15.2937,40.1546],[15.3014,40.1543],[15.315,40.1513],[15.3228,40.1555],[15.3327,40.1701],[15.3298,40.1806],[15.3314,40.1863],[15.3352,40.1919],[15.3445,40.1981],[15.347,40.2077],[15.3534,40.202],[15.3499,40.1983],[15.3461,40.1973],[15.344,40.1925],[15.3456,40.1691],[15.3485,40.1671],[15.3505,40.1627],[15.3493,40.158],[15.3477,40.1553],[15.3433,40.1517],[15.3325,40.1464],[15.3243,40.1438],[15.3196,40.1378],[15.3155,40.1301],[15.314,40.1297]]]}},{"type":"Feature","properties":{"i":"065055","n":"Giffoni Sei Casali"},"geometry":{"type":"Polygon","coordinates":[[[14.884,40.6828],[14.8868,40.6975],[14.8887,40.7029],[14.892,40.7078],[14.8977,40.7124],[14.8952,40.7151],[14.8889,40.7177],[14.8818,40.7219],[14.8771,40.7279],[14.8709,40.7331],[14.8647,40.733],[14.8538,40.7369],[14.8504,40.7511],[14.848,40.7531],[14.847,40.7569],[14.8509,40.7593],[14.8533,40.7618],[14.853,40.7647],[14.8546,40.77],[14.8679,40.7771],[14.8717,40.788],[14.892,40.772],[14.9069,40.7583],[14.9202,40.7394],[14.9233,40.7309],[14.9181,40.7152],[14.9135,40.7053],[14.8985,40.6887],[14.8942,40.6862],[14.884,40.6828]]]}},{"type":"Feature","properties":{"i":"065056","n":"Giffoni Valle Piana"},"geometry":{"type":"Polygon","coordinates":[[[14.9637,40.7879],[14.9688,40.7858],[14.978,40.7857],[14.9881,40.7886],[14.9906,40.7851],[14.9914,40.7824],[15.0078,40.777],[15.0092,40.7732],[15.0059,40.7687],[15.0082,40.755],[15.0073,40.7469],[15.0047,40.7381],[15.0001,40.7359],[14.9885,40.7365],[14.9795,40.735],[14.9775,40.7324],[14.9685,40.7266],[14.9611,40.7234],[14.9558,40.7192],[14.9532,40.7122],[14.9547,40.7075],[14.9547,40.7027],[14.9456,40.691],[14.943,40.6885],[14.941,40.6879],[14.9402,40.6864],[14.9408,40.6856],[14.9395,40.6836],[14.9349,40.6817],[14.915,40.6784],[14.9048,40.6775],[14.9042,40.6765],[14.9004,40.6749],[14.8946,40.6675],[14.8901,40.66],[14.8829,40.6613],[14.8745,40.6545],[14.873,40.6519],[14.8719,40.6527],[14.872,40.6551],[14.8733,40.6575],[14.868,40.6694],[14.8674,40.6718],[14.8681,40.6734],[14.8771,40.6799],[14.8942,40.6862],[14.8994,40.6895],[14.9135,40.7053],[14.9181,40.7152],[14.9233,40.7309],[14.9202,40.7394],[14.9069,40.7583],[14.892,40.772],[14.8717,40.788],[14.8704,40.7963],[14.8763,40.7977],[14.9005,40.8068],[14.9164,40.809],[14.9192,40.8052],[14.9198,40.8013],[14.9257,40.7975],[14.9384,40.7917],[14.9477,40.7886],[14.9637,40.7879]]]}},{"type":"Feature","properties":{"i":"065057","n":"Gioi"},"geometry":{"type":"Polygon","coordinates":[[[15.2751,40.2906],[15.279,40.2882],[15.2808,40.2841],[15.2837,40.2823],[15.2543,40.2736],[15.2556,40.2717],[15.2628,40.2706],[15.2601,40.2647],[15.2482,40.2566],[15.2447,40.2552],[15.2338,40.2556],[15.2332,40.2547],[15.2233,40.2507],[15.2201,40.2511],[15.2106,40.2562],[15.2074,40.2603],[15.2028,40.2637],[15.1864,40.2652],[15.1754,40.2678],[15.1672,40.2677],[15.1826,40.2738],[15.1908,40.2852],[15.1943,40.2911],[15.1967,40.2924],[15.2037,40.2933],[15.2109,40.296],[15.2154,40.3],[15.2281,40.3057],[15.234,40.3023],[15.2465,40.2902],[15.2589,40.2835],[15.2751,40.2906]]]}},{"type":"Feature","properties":{"i":"065058","n":"Giungano"},"geometry":{"type":"Polygon","coordinates":[[[15.106,40.3734],[15.0778,40.3778],[15.062,40.3839],[15.0603,40.3852],[15.0809,40.4025],[15.0837,40.4074],[15.0879,40.406],[15.0983,40.4043],[15.1078,40.3982],[15.1235,40.3918],[15.1251,40.389],[15.1236,40.3874],[15.1105,40.3799],[15.106,40.3734]]]}},{"type":"Feature","properties":{"i":"065059","n":"Ispani"},"geometry":{"type":"Polygon","coordinates":[[[15.5752,40.0779],[15.5327,40.0737],[15.5328,40.0769],[15.5316,40.0829],[15.5412,40.0945],[15.5533,40.1017],[15.5588,40.1036],[15.5593,40.1021],[15.567,40.0989],[15.5717,40.094],[15.5752,40.0779]]]}},{"type":"Feature","properties":{"i":"065060","n":"Laureana Cilento"},"geometry":{"type":"Polygon","coordinates":[[[15.0519,40.3064],[15.0533,40.3048],[15.0542,40.2972],[15.0497,40.2935],[15.0438,40.2918],[15.0367,40.2862],[15.0344,40.2896],[15.0285,40.2928],[15.0171,40.2959],[15.005,40.2968],[14.9986,40.3021],[14.992,40.306],[14.9926,40.3096],[14.9942,40.3113],[15.0031,40.3143],[15.0011,40.3155],[14.9862,40.3137],[14.9854,40.3157],[14.9878,40.3176],[15.0015,40.3242],[15.0125,40.3273],[15.0161,40.3251],[15.018,40.3215],[15.0398,40.3147],[15.0521,40.3079],[15.0519,40.3064]]]}},{"type":"Feature","properties":{"i":"065061","n":"Laurino"},"geometry":{"type":"Polygon","coordinates":[[[15.3476,40.385],[15.3572,40.3751],[15.3514,40.37],[15.3459,40.3667],[15.3421,40.3608],[15.3426,40.3513],[15.3487,40.3429],[15.3465,40.3417],[15.3455,40.3385],[15.3501,40.3386],[15.3601,40.3355],[15.361,40.3328],[15.3587,40.3284],[15.358,40.3246],[15.3676,40.3187],[15.3696,40.3162],[15.3694,40.3125],[15.3665,40.3033],[15.363,40.302],[15.359,40.2991],[15.359,40.2927],[15.3602,40.2859],[15.3663,40.2829],[15.397,40.278],[15.4152,40.2717],[15.4194,40.266],[15.4132,40.2609],[15.4056,40.262],[15.4015,40.2653],[15.3987,40.2693],[15.3956,40.2695],[15.3949,40.269],[15.3962,40.2667],[15.405,40.26],[15.4124,40.2581],[15.4147,40.2565],[15.4125,40.2484],[15.4098,40.2441],[15.4083,40.2396],[15.4082,40.2338],[15.4104,40.2303],[15.4082,40.229],[15.401,40.2295],[15.3911,40.2344],[15.3874,40.2338],[15.3787,40.2414],[15.3701,40.2546],[15.3595,40.2675],[15.3543,40.2704],[15.3553,40.2749],[15.3527,40.283],[15.3294,40.2932],[15.3262,40.2976],[15.325,40.3155],[15.3096,40.3226],[15.3065,40.3268],[15.3071,40.3303],[15.3062,40.3331],[15.2928,40.3343],[15.2871,40.3372],[15.2876,40.3378],[15.2864,40.34],[15.2787,40.3442],[15.2809,40.3528],[15.2845,40.356],[15.2861,40.361],[15.2859,40.3643],[15.2883,40.3679],[15.2948,40.3745],[15.3004,40.3776],[15.308,40.3871],[15.3084,40.3929],[15.3079,40.3979],[15.3139,40.3966],[15.3279,40.3903],[15.3355,40.3878],[15.343,40.387],[15.3476,40.385]]]}},{"type":"Feature","properties":{"i":"065062","n":"Laurito"},"geometry":{"type":"Polygon","coordinates":[[[15.4102,40.1866],[15.4108,40.1807],[15.4151,40.17],[15.4297,40.1631],[15.4301,40.1594],[15.4332,40.1578],[15.4347,40.156],[15.4342,40.1507],[15.433,40.1493],[15.4203,40.1437],[15.4173,40.1393],[15.4148,40.1405],[15.4047,40.1376],[15.3954,40.1361],[15.3917,40.1369],[15.3937,40.1392],[15.3949,40.1432],[15.3954,40.1461],[15.3944,40.1515],[15.3791,40.168],[15.376,40.1757],[15.3696,40.1807],[15.3655,40.1924],[15.3655,40.197],[15.3667,40.2029],[15.369,40.2061],[15.3706,40.2005],[15.3821,40.1934],[15.4037,40.1867],[15.4102,40.1866]]]}},{"type":"Feature","properties":{"i":"065063","n":"Laviano"},"geometry":{"type":"Polygon","coordinates":[[[15.3066,40.8073],[15.3075,40.8063],[15.3112,40.8055],[15.3307,40.8025],[15.3483,40.8023],[15.3651,40.8007],[15.3661,40.8005],[15.3666,40.7983],[15.368,40.7975],[15.3774,40.7949],[15.3861,40.7972],[15.3877,40.7935],[15.3813,40.7817],[15.3827,40.7776],[15.3851,40.7738],[15.3911,40.7672],[15.389,40.7676],[15.3837,40.7636],[15.3791,40.7513],[15.3811,40.7381],[15.3827,40.7364],[15.3558,40.7383],[15.3387,40.7387],[15.3271,40.7406],[15.3037,40.7547],[15.2955,40.7605],[15.2893,40.7678],[15.2815,40.7752],[15.275,40.7798],[15.2679,40.7881],[15.2659,40.7928],[15.2677,40.794],[15.2778,40.7969],[15.2807,40.7995],[15.2848,40.7995],[15.2922,40.8018],[15.2948,40.8053],[15.2978,40.8075],[15.3066,40.8073]]]}},{"type":"Feature","properties":{"i":"065064","n":"Lustra"},"geometry":{"type":"Polygon","coordinates":[[[15.0626,40.3024],[15.065,40.298],[15.0737,40.2951],[15.0828,40.2952],[15.0898,40.2943],[15.1169,40.2892],[15.1218,40.2855],[15.1238,40.2807],[15.1294,40.272],[15.1308,40.2651],[15.1296,40.2626],[15.1304,40.2577],[15.1245,40.2567],[15.1205,40.2581],[15.1181,40.2626],[15.1185,40.265],[15.1144,40.2674],[15.1,40.273],[15.0912,40.2798],[15.0838,40.2809],[15.0799,40.279],[15.0703,40.2784],[15.0606,40.2812],[15.0461,40.2876],[15.0399,40.2828],[15.0409,40.2776],[15.0406,40.2769],[15.0401,40.2773],[15.0388,40.2825],[15.0367,40.2862],[15.0438,40.2918],[15.0497,40.2935],[15.0542,40.2972],[15.0533,40.3048],[15.0519,40.3064],[15.0626,40.3024]]]}},{"type":"Feature","properties":{"i":"065065","n":"Magliano Vetere"},"geometry":{"type":"Polygon","coordinates":[[[15.2809,40.3528],[15.2787,40.3442],[15.2771,40.3419],[15.276,40.3345],[15.269,40.3278],[15.2525,40.3306],[15.2513,40.333],[15.2468,40.3356],[15.2339,40.3359],[15.2212,40.3356],[15.2099,40.3332],[15.2052,40.329],[15.1969,40.3309],[15.1977,40.3358],[15.1942,40.3384],[15.1987,40.346],[15.2043,40.349],[15.2081,40.3521],[15.2105,40.3573],[15.2101,40.3654],[15.2059,40.3716],[15.2093,40.374],[15.2145,40.3753],[15.227,40.3749],[15.2416,40.3659],[15.2485,40.3598],[15.2671,40.3566],[15.2809,40.3528]]]}},{"type":"Feature","properties":{"i":"065066","n":"Maiori"},"geometry":{"type":"Polygon","coordinates":[[[14.6754,40.6723],[14.6797,40.6684],[14.6775,40.6654],[14.6777,40.6595],[14.6824,40.6517],[14.6868,40.6489],[14.6922,40.6466],[14.7024,40.6455],[14.6935,40.6353],[14.6894,40.6337],[14.6816,40.6332],[14.6743,40.6349],[14.6644,40.6392],[14.6461,40.6454],[14.6337,40.6486],[14.6335,40.6477],[14.6341,40.6567],[14.6255,40.6732],[14.6255,40.6748],[14.6574,40.6715],[14.6631,40.6716],[14.6676,40.6731],[14.6703,40.6751],[14.6754,40.6723]]]}},{"type":"Feature","properties":{"i":"065067","n":"Mercato San Severino"},"geometry":{"type":"Polygon","coordinates":[[[14.7652,40.8046],[14.7655,40.7891],[14.7635,40.7863],[14.7592,40.7827],[14.7582,40.7776],[14.7595,40.7754],[14.774,40.7696],[14.768,40.7611],[14.7598,40.7591],[14.7586,40.7575],[14.7578,40.7537],[14.7464,40.7469],[14.7399,40.7454],[14.7314,40.7456],[14.7272,40.7505],[14.7246,40.752],[14.714,40.7518],[14.7047,40.7579],[14.6946,40.7669],[14.6947,40.7687],[14.7025,40.7731],[14.7113,40.7754],[14.7165,40.7821],[14.7171,40.789],[14.7148,40.7901],[14.7136,40.7937],[14.7169,40.798],[14.7171,40.8043],[14.7233,40.8137],[14.7302,40.8214],[14.7389,40.8118],[14.7427,40.806],[14.7476,40.8033],[14.7555,40.8036],[14.7635,40.8053],[14.7652,40.8046]]]}},{"type":"Feature","properties":{"i":"065068","n":"Minori"},"geometry":{"type":"Polygon","coordinates":[[[14.6335,40.6477],[14.6249,40.6479],[14.6222,40.6495],[14.6198,40.6529],[14.6172,40.6665],[14.6232,40.6723],[14.6255,40.6732],[14.6341,40.6567],[14.6335,40.6477]]]}},{"type":"Feature","properties":{"i":"065069","n":"Moio della Civitella"},"geometry":{"type":"Polygon","coordinates":[[[15.3065,40.2665],[15.301,40.2678],[15.2962,40.2665],[15.2947,40.2644],[15.2955,40.2562],[15.2905,40.2475],[15.2751,40.2361],[15.27,40.2349],[15.2459,40.2345],[15.2449,40.2355],[15.2445,40.2405],[15.2451,40.2414],[15.2412,40.2493],[15.2332,40.255],[15.2367,40.2559],[15.2415,40.2552],[15.2457,40.2556],[15.2524,40.2591],[15.2601,40.2647],[15.2628,40.2706],[15.2556,40.2717],[15.2543,40.2736],[15.2837,40.2823],[15.2874,40.2777],[15.3033,40.2704],[15.3065,40.2665]]]}},{"type":"Feature","properties":{"i":"065070","n":"Montano Antilia"},"geometry":{"type":"Polygon","coordinates":[[[15.3704,40.2083],[15.3667,40.2029],[15.3655,40.197],[15.3655,40.1924],[15.3673,40.1859],[15.3696,40.1807],[15.376,40.1757],[15.3779,40.172],[15.3775,40.1709],[15.3783,40.1693],[15.3811,40.1655],[15.3894,40.1576],[15.3944,40.1515],[15.3954,40.1461],[15.3941,40.1403],[15.3917,40.1369],[15.3876,40.123],[15.3862,40.1203],[15.3828,40.1179],[15.3769,40.1213],[15.369,40.1236],[15.3576,40.1157],[15.3475,40.1231],[15.3437,40.1282],[15.3373,40.1303],[15.3334,40.1299],[15.3177,40.1219],[15.314,40.1297],[15.3155,40.1301],[15.3196,40.1378],[15.3239,40.1433],[15.3325,40.1464],[15.3433,40.1517],[15.3477,40.1553],[15.3503,40.1607],[15.3505,40.1627],[15.3485,40.1671],[15.3456,40.1691],[15.344,40.1925],[15.3461,40.1973],[15.3499,40.1983],[15.355,40.2039],[15.3594,40.2065],[15.367,40.2086],[15.3704,40.2083]]]}},{"type":"Feature","properties":{"i":"065071","n":"Montecorice"},"geometry":{"type":"Polygon","coordinates":[[[15.019,40.2563],[15.0171,40.2533],[15.0123,40.2486],[15.0107,40.241],[15.0109,40.2305],[15.0127,40.2244],[15.015,40.2213],[15.0149,40.2191],[15.0071,40.2152],[15.0115,40.2126],[15.0104,40.209],[15.0063,40.2071],[15.0007,40.2089],[14.9979,40.2132],[14.9909,40.2189],[14.9867,40.22],[14.9752,40.22],[14.9687,40.222],[14.9621,40.2284],[14.9537,40.2326],[14.9564,40.2362],[14.9629,40.2415],[14.9655,40.2501],[14.9658,40.2708],[14.9703,40.2741],[14.9827,40.2696],[14.983,40.2684],[14.9816,40.2661],[14.9817,40.2631],[14.9847,40.2609],[15.0023,40.2586],[15.0051,40.2595],[15.0123,40.2593],[15.0171,40.2579],[15.019,40.2563]]]}},{"type":"Feature","properties":{"i":"065072","n":"Montecorvino Pugliano"},"geometry":{"type":"Polygon","coordinates":[[[14.9638,40.6442],[14.9622,40.64],[14.9539,40.6279],[14.9481,40.6246],[14.94,40.6222],[14.9215,40.625],[14.903,40.6325],[14.9081,40.6338],[14.9188,40.6391],[14.9207,40.6444],[14.9148,40.6598],[14.9099,40.6599],[14.9078,40.6611],[14.9056,40.6666],[14.9067,40.6738],[14.9042,40.6765],[14.9048,40.6775],[14.9067,40.678],[14.915,40.6784],[14.9349,40.6817],[14.9395,40.6836],[14.9408,40.6856],[14.9405,40.6872],[14.9422,40.6885],[14.943,40.6885],[14.9421,40.6873],[14.9428,40.687],[14.9551,40.6869],[14.9597,40.6865],[14.9632,40.6852],[14.9712,40.6769],[14.9724,40.6744],[14.9662,40.6563],[14.9638,40.6442]]]}},{"type":"Feature","properties":{"i":"065073","n":"Montecorvino Rovella"},"geometry":{"type":"Polygon","coordinates":[[[15.0174,40.6977],[15.0155,40.6963],[15.0104,40.6949],[15.0105,40.6844],[15.0136,40.676],[15.011,40.6726],[15.0036,40.6695],[14.9966,40.662],[14.9968,40.6296],[14.995,40.6271],[14.9908,40.625],[14.9804,40.6315],[14.9757,40.6432],[14.9726,40.6439],[14.9692,40.641],[14.9663,40.642],[14.9638,40.6442],[14.9662,40.6563],[14.9724,40.6736],[14.9723,40.6754],[14.9712,40.6769],[14.9632,40.6852],[14.9597,40.6865],[14.9421,40.6875],[14.9504,40.6964],[14.9547,40.7027],[14.9547,40.7075],[14.9532,40.7122],[14.9558,40.7192],[14.9611,40.7234],[14.9685,40.7266],[14.9775,40.7324],[14.9795,40.735],[14.9885,40.7365],[15.0001,40.7359],[15.0036,40.7373],[15.006,40.7294],[15.0155,40.7147],[15.0137,40.7061],[15.015,40.6986],[15.0158,40.6977],[15.0174,40.6977]]]}},{"type":"Feature","properties":{"i":"065074","n":"Monteforte Cilento"},"geometry":{"type":"Polygon","coordinates":[[[15.1821,40.3955],[15.1828,40.3936],[15.1897,40.3835],[15.199,40.3756],[15.2059,40.3716],[15.2101,40.3654],[15.2108,40.3581],[15.2084,40.3525],[15.2043,40.349],[15.1987,40.346],[15.1942,40.3384],[15.1977,40.3358],[15.1969,40.3309],[15.1687,40.3315],[15.1711,40.3458],[15.1696,40.3488],[15.1606,40.3519],[15.1545,40.3515],[15.1538,40.3508],[15.1517,40.357],[15.1657,40.3726],[15.1594,40.3789],[15.1656,40.3852],[15.1697,40.3984],[15.1738,40.4004],[15.1789,40.3984],[15.1821,40.3955]]]}},{"type":"Feature","properties":{"i":"065075","n":"Monte San Giacomo"},"geometry":{"type":"Polygon","coordinates":[[[15.566,40.3628],[15.5719,40.3586],[15.5683,40.3498],[15.5632,40.3435],[15.5574,40.3409],[15.5552,40.341],[15.5511,40.334],[15.5495,40.3237],[15.5446,40.3155],[15.5408,40.3152],[15.5235,40.3086],[15.5201,40.3028],[15.5188,40.2988],[15.5191,40.2929],[15.5211,40.2899],[15.5163,40.2863],[15.5127,40.2848],[15.4994,40.2848],[15.4948,40.2856],[15.497,40.2879],[15.4987,40.2914],[15.4974,40.2969],[15.4812,40.3134],[15.4762,40.322],[15.477,40.3239],[15.4702,40.3309],[15.464,40.3349],[15.4525,40.3367],[15.4491,40.338],[15.4488,40.3436],[15.4529,40.3542],[15.4624,40.3619],[15.4752,40.3563],[15.4823,40.3547],[15.5015,40.3653],[15.5074,40.3666],[15.5369,40.3619],[15.5531,40.3637],[15.5596,40.3652],[15.566,40.3628]]]}},{"type":"Feature","properties":{"i":"065076","n":"Montesano sulla Marcellana"},"geometry":{"type":"Polygon","coordinates":[[[15.8017,40.2789],[15.8058,40.2745],[15.8064,40.2723],[15.8001,40.2698],[15.7996,40.2678],[15.7995,40.2599],[15.8039,40.2507],[15.7969,40.2465],[15.7907,40.2441],[15.7878,40.2374],[15.7905,40.2293],[15.7972,40.2248],[15.7957,40.2219],[15.7899,40.2176],[15.7853,40.2183],[15.7732,40.2168],[15.7572,40.2072],[15.7512,40.2018],[15.7392,40.2028],[15.7345,40.2017],[15.7313,40.1993],[15.732,40.2028],[15.7404,40.2184],[15.7397,40.2191],[15.7311,40.2244],[15.668,40.2555],[15.6656,40.2548],[15.6652,40.254],[15.6639,40.241],[15.6648,40.237],[15.6631,40.2342],[15.6578,40.2298],[15.6481,40.2287],[15.6469,40.2329],[15.6452,40.2349],[15.6461,40.2438],[15.6483,40.2453],[15.6499,40.248],[15.6433,40.2571],[15.647,40.2611],[15.6431,40.2677],[15.6385,40.2802],[15.6386,40.2814],[15.6449,40.2835],[15.6579,40.2902],[15.6636,40.3013],[15.6694,40.3048],[15.6772,40.3064],[15.6852,40.3063],[15.6923,40.3092],[15.7177,40.3235],[15.721,40.3245],[15.7262,40.3223],[15.7273,40.3176],[15.7269,40.3154],[15.7438,40.3008],[15.7492,40.2987],[15.7577,40.2996],[15.765,40.2984],[15.7669,40.2941],[15.7897,40.29],[15.7952,40.2849],[15.798,40.2803],[15.8017,40.2789]]]}},{"type":"Feature","properties":{"i":"065077","n":"Morigerati"},"geometry":{"type":"Polygon","coordinates":[[[15.5772,40.1607],[15.5771,40.1573],[15.5811,40.1457],[15.5772,40.142],[15.5695,40.1403],[15.5673,40.1386],[15.5588,40.1381],[15.5544,40.136],[15.5439,40.1335],[15.5409,40.1335],[15.5304,40.128],[15.5221,40.1255],[15.516,40.1252],[15.5146,40.128],[15.5108,40.1296],[15.5068,40.1297],[15.5056,40.1432],[15.4997,40.1497],[15.4957,40.1517],[15.4942,40.1613],[15.4955,40.1645],[15.4904,40.169],[15.4912,40.1762],[15.4932,40.1802],[15.4943,40.1804],[15.4959,40.1794],[15.4993,40.1744],[15.5047,40.1715],[15.512,40.1707],[15.5139,40.1684],[15.5152,40.1579],[15.5194,40.1548],[15.5284,40.1503],[15.5339,40.1505],[15.5457,40.1541],[15.5527,40.1601],[15.5541,40.165],[15.5569,40.1662],[15.577,40.164],[15.5772,40.1607]]]}},{"type":"Feature","properties":{"i":"065078","n":"Nocera Inferiore"},"geometry":{"type":"Polygon","coordinates":[[[14.6556,40.7747],[14.6547,40.7742],[14.6574,40.7659],[14.6581,40.7607],[14.6558,40.7373],[14.6568,40.7151],[14.644,40.7202],[14.6259,40.7221],[14.6279,40.7382],[14.6243,40.7505],[14.6179,40.7631],[14.6141,40.7683],[14.6109,40.7701],[14.6106,40.7816],[14.6317,40.78],[14.6325,40.7822],[14.638,40.7819],[14.6447,40.7827],[14.6469,40.7848],[14.6484,40.7887],[14.6537,40.7878],[14.6557,40.7858],[14.6556,40.7747]]]}},{"type":"Feature","properties":{"i":"065079","n":"Nocera Superiore"},"geometry":{"type":"Polygon","coordinates":[[[14.7059,40.7452],[14.703,40.7401],[14.6998,40.7381],[14.6941,40.7362],[14.6903,40.7308],[14.6903,40.7283],[14.6891,40.7242],[14.6872,40.7227],[14.6697,40.7146],[14.6605,40.713],[14.6568,40.7151],[14.6558,40.7373],[14.6581,40.7607],[14.6574,40.7659],[14.6628,40.7648],[14.6666,40.7625],[14.671,40.7565],[14.6758,40.7532],[14.678,40.7527],[14.6822,40.7542],[14.6969,40.7528],[14.7059,40.7452]]]}},{"type":"Feature","properties":{"i":"065080","n":"Novi Velia"},"geometry":{"type":"Polygon","coordinates":[[[15.3957,40.2325],[15.3924,40.2309],[15.3867,40.2224],[15.386,40.2174],[15.3839,40.2116],[15.3778,40.2106],[15.3704,40.2083],[15.367,40.2086],[15.3594,40.2065],[15.3534,40.2022],[15.347,40.2077],[15.3338,40.1995],[15.3188,40.2003],[15.3131,40.2027],[15.3012,40.2122],[15.2907,40.2143],[15.2713,40.2125],[15.2737,40.2151],[15.2791,40.2257],[15.2892,40.2359],[15.2988,40.2314],[15.3206,40.2298],[15.3329,40.2241],[15.3343,40.2238],[15.3356,40.2247],[15.3462,40.2345],[15.3397,40.2489],[15.3433,40.2543],[15.3469,40.2577],[15.3543,40.2704],[15.3595,40.2675],[15.3701,40.2546],[15.3787,40.2414],[15.3874,40.2338],[15.3911,40.2344],[15.3957,40.2325]]]}},{"type":"Feature","properties":{"i":"065081","n":"Ogliastro Cilento"},"geometry":{"type":"Polygon","coordinates":[[[15.0867,40.338],[15.0826,40.3379],[15.072,40.3417],[15.0631,40.347],[15.0564,40.3494],[15.0503,40.3452],[15.0489,40.3436],[15.0484,40.341],[15.0384,40.34],[15.0347,40.3411],[15.0325,40.3533],[15.0349,40.3634],[15.0416,40.3781],[15.0427,40.3851],[15.0455,40.3814],[15.0561,40.3756],[15.0661,40.3644],[15.0684,40.3655],[15.0772,40.3663],[15.0804,40.3603],[15.086,40.3575],[15.0851,40.3508],[15.0826,40.3476],[15.0822,40.3457],[15.0843,40.3394],[15.0867,40.338]]]}},{"type":"Feature","properties":{"i":"065082","n":"Olevano sul Tusciano"},"geometry":{"type":"Polygon","coordinates":[[[15.0438,40.6993],[15.0439,40.6965],[15.0512,40.6852],[15.0541,40.679],[15.0548,40.6751],[15.0487,40.669],[15.0542,40.6654],[15.0619,40.6625],[15.0635,40.6601],[15.0615,40.6568],[15.0593,40.6554],[15.0585,40.6524],[15.059,40.6521],[15.0507,40.6439],[15.0373,40.6388],[15.0328,40.6396],[15.0229,40.6457],[15.0166,40.6463],[15.0149,40.6458],[15.0108,40.6434],[15.0116,40.6417],[15.0093,40.6394],[14.9979,40.6308],[14.9963,40.6268],[14.9932,40.6237],[14.9905,40.6239],[14.9908,40.625],[14.995,40.6271],[14.9968,40.6296],[14.9966,40.662],[15.0036,40.6695],[15.011,40.6726],[15.0136,40.676],[15.0105,40.6844],[15.0104,40.6949],[15.0155,40.6963],[15.0174,40.6977],[15.0264,40.6971],[15.0328,40.7007],[15.0369,40.7015],[15.0386,40.7015],[15.0438,40.6993]]]}},{"type":"Feature","properties":{"i":"065083","n":"Oliveto Citra"},"geometry":{"type":"Polygon","coordinates":[[[15.2471,40.7177],[15.2495,40.7142],[15.2485,40.7123],[15.2489,40.7029],[15.2502,40.7009],[15.2508,40.6946],[15.251,40.6898],[15.2494,40.6798],[15.2445,40.6692],[15.2349,40.6585],[15.2338,40.6582],[15.2272,40.6608],[15.2251,40.6644],[15.2117,40.672],[15.1923,40.6772],[15.1742,40.6797],[15.1696,40.6832],[15.1686,40.6916],[15.1711,40.6952],[15.1727,40.696],[15.169,40.7066],[15.1802,40.7088],[15.1977,40.7106],[15.2017,40.7143],[15.2146,40.7175],[15.23,40.7182],[15.2429,40.717],[15.2471,40.7177]]]}},{"type":"Feature","properties":{"i":"065084","n":"Omignano"},"geometry":{"type":"Polygon","coordinates":[[[15.1304,40.2577],[15.1335,40.2575],[15.1399,40.2462],[15.1247,40.2447],[15.1168,40.2451],[15.1091,40.2428],[15.0995,40.2411],[15.0792,40.2402],[15.0721,40.239],[15.0682,40.2362],[15.0652,40.239],[15.0647,40.2409],[15.067,40.2476],[15.0775,40.2541],[15.0839,40.2552],[15.0938,40.2556],[15.107,40.2605],[15.1128,40.2643],[15.1185,40.265],[15.1181,40.2626],[15.1199,40.2586],[15.122,40.2575],[15.1245,40.2567],[15.1304,40.2577]]]}},{"type":"Feature","properties":{"i":"065085","n":"Orria"},"geometry":{"type":"Polygon","coordinates":[[[15.2052,40.329],[15.2082,40.3283],[15.2231,40.3203],[15.2251,40.3152],[15.2253,40.3088],[15.2281,40.3057],[15.2154,40.3],[15.2109,40.296],[15.2037,40.2933],[15.1967,40.2924],[15.1943,40.2911],[15.1908,40.2852],[15.1826,40.2738],[15.1688,40.2688],[15.1647,40.2651],[15.1562,40.2665],[15.149,40.2656],[15.1538,40.2765],[15.1548,40.2834],[15.1542,40.2935],[15.1556,40.2969],[15.1779,40.3156],[15.1758,40.3171],[15.1733,40.3171],[15.1699,40.3213],[15.1692,40.3252],[15.1712,40.331],[15.1969,40.3309],[15.2052,40.329]]]}},{"type":"Feature","properties":{"i":"065086","n":"Ottati"},"geometry":{"type":"Polygon","coordinates":[[[15.3286,40.5329],[15.3438,40.524],[15.354,40.5156],[15.351,40.5143],[15.3456,40.5039],[15.3332,40.4859],[15.3314,40.4766],[15.3337,40.473],[15.3311,40.4647],[15.3257,40.4548],[15.3218,40.4515],[15.3126,40.4447],[15.3086,40.4429],[15.3028,40.4425],[15.2974,40.4404],[15.2935,40.4354],[15.2799,40.4256],[15.2784,40.4223],[15.2745,40.4252],[15.274,40.4291],[15.2751,40.4309],[15.2761,40.4386],[15.2754,40.4442],[15.2757,40.4564],[15.2787,40.457],[15.2812,40.4588],[15.2878,40.4681],[15.2868,40.4718],[15.2841,40.4749],[15.2715,40.4815],[15.2641,40.4842],[15.2621,40.486],[15.2661,40.4925],[15.2693,40.4932],[15.274,40.4924],[15.2777,40.493],[15.278,40.4968],[15.2759,40.5075],[15.281,40.5206],[15.2831,40.53],[15.2919,40.5338],[15.2959,40.545],[15.3003,40.5448],[15.3059,40.5428],[15.3107,40.5399],[15.3235,40.5356],[15.3286,40.5329]],[[15.2909,40.5188],[15.292,40.5209],[15.2857,40.5243],[15.281,40.5178],[15.2909,40.5188]]]}},{"type":"Feature","properties":{"i":"065087","n":"Padula"},"geometry":{"type":"Polygon","coordinates":[[[15.6811,40.3934],[15.6909,40.3881],[15.7006,40.3838],[15.7098,40.3759],[15.7092,40.3692],[15.7044,40.3637],[15.7047,40.3422],[15.7077,40.3383],[15.7203,40.3268],[15.721,40.3245],[15.7177,40.3235],[15.6923,40.3092],[15.6852,40.3063],[15.6772,40.3064],[15.6694,40.3048],[15.6636,40.3013],[15.6579,40.2902],[15.6449,40.2835],[15.6386,40.2814],[15.6349,40.2973],[15.6243,40.3162],[15.6199,40.3185],[15.6102,40.3293],[15.6104,40.3326],[15.613,40.3372],[15.606,40.3575],[15.625,40.353],[15.6342,40.353],[15.6352,40.3543],[15.6328,40.3621],[15.6506,40.371],[15.6586,40.3801],[15.663,40.3839],[15.6652,40.3887],[15.6644,40.3912],[15.6627,40.3925],[15.671,40.3983],[15.6775,40.3964],[15.6811,40.3934]]]}},{"type":"Feature","properties":{"i":"065088","n":"Pagani"},"geometry":{"type":"Polygon","coordinates":[[[14.6259,40.7221],[14.6224,40.7224],[14.614,40.7261],[14.6011,40.7441],[14.5869,40.7515],[14.5862,40.756],[14.5843,40.7598],[14.5783,40.7649],[14.5881,40.7638],[14.594,40.7687],[14.6004,40.7776],[14.5985,40.7826],[14.6106,40.7816],[14.6109,40.7701],[14.6141,40.7683],[14.6179,40.7631],[14.6243,40.7505],[14.6279,40.7382],[14.6259,40.7221]]]}},{"type":"Feature","properties":{"i":"065089","n":"Palomonte"},"geometry":{"type":"Polygon","coordinates":[[[15.3222,40.6732],[15.3242,40.6697],[15.3241,40.6673],[15.3225,40.6648],[15.3226,40.6598],[15.326,40.6569],[15.3295,40.6473],[15.3203,40.6408],[15.3162,40.6368],[15.3167,40.6347],[15.3197,40.6325],[15.3198,40.6314],[15.3181,40.6298],[15.3105,40.629],[15.3064,40.6271],[15.2947,40.6178],[15.284,40.6214],[15.2804,40.6257],[15.2757,40.629],[15.2761,40.6304],[15.2725,40.6351],[15.2715,40.6418],[15.2748,40.6506],[15.2744,40.658],[15.2737,40.6589],[15.269,40.6604],[15.2638,40.6646],[15.2675,40.6731],[15.2696,40.6739],[15.2727,40.6774],[15.2733,40.6815],[15.2778,40.6817],[15.2832,40.6834],[15.2837,40.6853],[15.282,40.6902],[15.284,40.6905],[15.2908,40.6889],[15.3025,40.6845],[15.3097,40.6792],[15.3222,40.6732]]]}},{"type":"Feature","properties":{"i":"065090","n":"Pellezzano"},"geometry":{"type":"Polygon","coordinates":[[[14.7924,40.7229],[14.7784,40.7147],[14.7761,40.7075],[14.776,40.7031],[14.7742,40.6945],[14.7609,40.6952],[14.7552,40.7011],[14.7473,40.7067],[14.748,40.7083],[14.7463,40.7103],[14.7401,40.7121],[14.7353,40.718],[14.7308,40.7275],[14.7297,40.734],[14.7321,40.737],[14.7386,40.7351],[14.7456,40.7355],[14.758,40.7377],[14.7687,40.7362],[14.7725,40.7317],[14.7713,40.7273],[14.7726,40.7235],[14.7778,40.7227],[14.7836,40.7252],[14.7881,40.726],[14.7924,40.7229]]]}},{"type":"Feature","properties":{"i":"065091","n":"Perdifumo"},"geometry":{"type":"Polygon","coordinates":[[[14.992,40.306],[14.9986,40.3021],[15.005,40.2968],[15.0204,40.2951],[15.0285,40.2928],[15.0344,40.2896],[15.0388,40.2825],[15.0401,40.2773],[15.046,40.276],[15.0434,40.2665],[15.0403,40.2612],[15.0333,40.2576],[15.019,40.2563],[15.0171,40.2579],[15.0123,40.2593],[15.0051,40.2595],[15.0023,40.2586],[14.9856,40.2606],[14.982,40.2624],[14.9816,40.2661],[14.983,40.2684],[14.9827,40.2696],[14.9703,40.2741],[14.9716,40.2755],[14.9714,40.2773],[14.9645,40.283],[14.968,40.2888],[14.9749,40.2897],[14.9804,40.2931],[14.9869,40.306],[14.992,40.306]]]}},{"type":"Feature","properties":{"i":"065092","n":"Perito"},"geometry":{"type":"Polygon","coordinates":[[[15.1687,40.3315],[15.1712,40.331],[15.1692,40.3252],[15.1699,40.3213],[15.1733,40.3171],[15.1758,40.3171],[15.1779,40.3156],[15.1556,40.2969],[15.1542,40.2935],[15.1548,40.2834],[15.1538,40.2765],[15.149,40.2656],[15.146,40.2644],[15.1349,40.2626],[15.1296,40.2626],[15.1308,40.2651],[15.1297,40.2713],[15.1238,40.2807],[15.1218,40.2855],[15.125,40.2887],[15.1239,40.2923],[15.1186,40.3014],[15.1102,40.3081],[15.1122,40.3172],[15.1258,40.3202],[15.1316,40.3225],[15.1426,40.3275],[15.1464,40.3309],[15.1687,40.3315]]]}},{"type":"Feature","properties":{"i":"065093","n":"Pertosa"},"geometry":{"type":"Polygon","coordinates":[[[15.4688,40.5421],[15.468,40.5399],[15.4661,40.5383],[15.4601,40.5387],[15.4538,40.5369],[15.4535,40.5341],[15.4462,40.5336],[15.4382,40.5277],[15.4358,40.5307],[15.439,40.5346],[15.4415,40.536],[15.4389,40.5425],[15.4356,40.5468],[15.4359,40.5495],[15.4483,40.5599],[15.4548,40.5602],[15.4625,40.5575],[15.4702,40.5495],[15.4688,40.5421]]]}},{"type":"Feature","properties":{"i":"065094","n":"Petina"},"geometry":{"type":"Polygon","coordinates":[[[15.4096,40.4934],[15.3913,40.4961],[15.383,40.5001],[15.3801,40.5003],[15.3654,40.5058],[15.3626,40.5074],[15.3532,40.5165],[15.3438,40.524],[15.3286,40.5329],[15.3358,40.5359],[15.3531,40.5544],[15.3623,40.5564],[15.3675,40.5562],[15.3793,40.554],[15.3834,40.5555],[15.3893,40.5609],[15.3916,40.5656],[15.3858,40.5707],[15.3894,40.5693],[15.3906,40.5676],[15.3931,40.5662],[15.3979,40.5646],[15.4008,40.5647],[15.405,40.5661],[15.4089,40.5652],[15.41,40.5628],[15.4068,40.5599],[15.403,40.5579],[15.3992,40.554],[15.3974,40.5506],[15.3976,40.5473],[15.402,40.5422],[15.4111,40.5371],[15.4181,40.5317],[15.4231,40.5263],[15.4162,40.5202],[15.4127,40.5106],[15.4123,40.501],[15.4096,40.4934]]]}},{"type":"Feature","properties":{"i":"065095","n":"Piaggine"},"geometry":{"type":"Polygon","coordinates":[[[15.4357,40.367],[15.4413,40.3633],[15.4532,40.3619],[15.4598,40.3601],[15.4529,40.3542],[15.4488,40.3436],[15.4491,40.338],[15.4525,40.3367],[15.464,40.3349],[15.4702,40.3309],[15.477,40.3239],[15.4762,40.322],[15.4812,40.3134],[15.4974,40.2969],[15.4987,40.2914],[15.497,40.2879],[15.4948,40.2856],[15.4913,40.2851],[15.4868,40.2874],[15.4641,40.2935],[15.4546,40.2929],[15.4491,40.2896],[15.4413,40.2952],[15.4367,40.2967],[15.4336,40.2955],[15.4289,40.2921],[15.4271,40.2919],[15.424,40.2947],[15.4239,40.2967],[15.4252,40.2996],[15.4224,40.3064],[15.4088,40.3146],[15.3841,40.3207],[15.3772,40.3245],[15.3722,40.345],[15.367,40.3498],[15.3625,40.3509],[15.3487,40.3429],[15.3426,40.3513],[15.3421,40.3608],[15.3449,40.3655],[15.3473,40.368],[15.3514,40.37],[15.3572,40.3751],[15.3666,40.3653],[15.3815,40.3618],[15.3956,40.3631],[15.3986,40.3662],[15.4117,40.3727],[15.416,40.3738],[15.4357,40.367]]]}},{"type":"Feature","properties":{"i":"065096","n":"Pisciotta"},"geometry":{"type":"Polygon","coordinates":[[[15.2676,40.1407],[15.2721,40.1339],[15.2723,40.1308],[15.2707,40.1276],[15.2697,40.1273],[15.2635,40.1294],[15.261,40.1276],[15.2582,40.1249],[15.2587,40.1211],[15.26,40.1188],[15.267,40.1168],[15.2746,40.1051],[15.2826,40.1043],[15.2847,40.1013],[15.2824,40.0978],[15.2797,40.1],[15.2766,40.0994],[15.2762,40.098],[15.2767,40.088],[15.2834,40.0796],[15.2839,40.0766],[15.2829,40.0717],[15.279,40.0679],[15.2762,40.0668],[15.2718,40.0735],[15.2638,40.0815],[15.2523,40.0872],[15.246,40.0891],[15.2297,40.1006],[15.2242,40.1054],[15.2206,40.1101],[15.2073,40.122],[15.2044,40.1237],[15.1992,40.1247],[15.1929,40.1244],[15.1979,40.1403],[15.1999,40.1435],[15.2007,40.1438],[15.2125,40.1446],[15.221,40.1419],[15.2262,40.1414],[15.2347,40.1419],[15.2391,40.1437],[15.2466,40.1423],[15.2488,40.1405],[15.2532,40.1388],[15.2639,40.1378],[15.2663,40.1384],[15.2676,40.1407]]]}},{"type":"Feature","properties":{"i":"065097","n":"Polla"},"geometry":{"type":"Polygon","coordinates":[[[15.5353,40.5223],[15.543,40.5148],[15.549,40.5113],[15.5505,40.5092],[15.5459,40.5055],[15.5359,40.5005],[15.5352,40.4996],[15.5358,40.4979],[15.5392,40.4933],[15.5389,40.488],[15.5295,40.4835],[15.518,40.4811],[15.5186,40.482],[15.5173,40.4831],[15.4771,40.4848],[15.4714,40.4823],[15.4696,40.4822],[15.4631,40.488],[15.4536,40.4915],[15.4324,40.4936],[15.4267,40.4935],[15.4231,40.4913],[15.4122,40.4933],[15.414,40.498],[15.4216,40.5028],[15.4269,40.5038],[15.4398,40.5039],[15.4444,40.506],[15.4454,40.5082],[15.44,40.5152],[15.4399,40.5203],[15.4419,40.5219],[15.4442,40.522],[15.454,40.5257],[15.4542,40.5293],[15.4532,40.5353],[15.4538,40.5369],[15.4601,40.5387],[15.4661,40.5383],[15.4701,40.5432],[15.473,40.5432],[15.4937,40.5379],[15.5056,40.536],[15.526,40.5313],[15.5353,40.5223]]]}},{"type":"Feature","properties":{"i":"065098","n":"Pollica"},"geometry":{"type":"Polygon","coordinates":[[[15.0641,40.2367],[15.0652,40.2366],[15.0637,40.2301],[15.0701,40.2207],[15.0756,40.2148],[15.0937,40.2067],[15.0886,40.2042],[15.09,40.203],[15.0942,40.2021],[15.0973,40.2006],[15.0996,40.1975],[15.0936,40.1879],[15.0956,40.1794],[15.0946,40.1731],[15.0847,40.1729],[15.0751,40.1679],[15.0657,40.1645],[15.0595,40.1679],[15.0427,40.1698],[15.0349,40.1722],[15.0254,40.1788],[15.0232,40.186],[15.0202,40.1913],[15.0268,40.1926],[15.0308,40.1943],[15.0357,40.2019],[15.043,40.2068],[15.0467,40.2151],[15.0534,40.2216],[15.0601,40.2247],[15.0585,40.2347],[15.0574,40.2355],[15.0641,40.2367]]]}},{"type":"Feature","properties":{"i":"065099","n":"Pontecagnano Faiano"},"geometry":{"type":"Polygon","coordinates":[[[14.9279,40.624],[14.9084,40.615],[14.9064,40.6127],[14.9093,40.6026],[14.9115,40.5999],[14.8845,40.5823],[14.8828,40.58],[14.8599,40.6063],[14.8392,40.626],[14.8553,40.6318],[14.8664,40.6427],[14.8745,40.6545],[14.8794,40.659],[14.8829,40.6613],[14.8901,40.66],[14.8946,40.6675],[14.9004,40.6749],[14.9042,40.6765],[14.9067,40.6738],[14.9056,40.6666],[14.9078,40.6611],[14.9099,40.6599],[14.9148,40.6598],[14.9207,40.6444],[14.9188,40.6391],[14.9081,40.6338],[14.903,40.6325],[14.9215,40.625],[14.9279,40.624]]]}},{"type":"Feature","properties":{"i":"065100","n":"Positano"},"geometry":{"type":"MultiPolygon","coordinates":[[[[14.4309,40.5807],[14.4306,40.5793],[14.4289,40.5806],[14.4309,40.5807]]],[[[14.4312,40.5823],[14.4304,40.5814],[14.4285,40.5819],[14.4291,40.5826],[14.4312,40.5823]]],[[[14.4361,40.5832],[14.437,40.5808],[14.4321,40.5829],[14.4341,40.5842],[14.4361,40.5832]]],[[[14.5094,40.6457],[14.511,40.645],[14.5118,40.6411],[14.5113,40.638],[14.513,40.6279],[14.5179,40.6219],[14.5109,40.62],[14.4946,40.6271],[14.4863,40.6274],[14.4758,40.6242],[14.4687,40.6202],[14.4669,40.6209],[14.4623,40.626],[14.4622,40.6278],[14.4658,40.6342],[14.4752,40.636],[14.4811,40.6404],[14.4799,40.6434],[14.4821,40.6475],[14.4874,40.6475],[14.4965,40.6462],[14.5019,40.6482],[14.5094,40.6457]]]]}},{"type":"Feature","properties":{"i":"065101","n":"Postiglione"},"geometry":{"type":"Polygon","coordinates":[[[15.247,40.6204],[15.2457,40.6191],[15.2403,40.6181],[15.235,40.613],[15.2356,40.5888],[15.2327,40.5833],[15.2325,40.5777],[15.2376,40.5745],[15.2447,40.5741],[15.2527,40.5653],[15.2573,40.5563],[15.2606,40.5542],[15.2546,40.5478],[15.2511,40.5463],[15.2476,40.5463],[15.2443,40.5475],[15.2414,40.5467],[15.2354,40.5423],[15.2314,40.5353],[15.2197,40.5234],[15.218,40.5207],[15.2049,40.5212],[15.1996,40.5318],[15.1884,40.5333],[15.1836,40.5331],[15.1707,40.5519],[15.1663,40.5524],[15.1677,40.5563],[15.1694,40.5591],[15.1912,40.5677],[15.1983,40.5718],[15.2041,40.5785],[15.2048,40.5823],[15.2009,40.5992],[15.1978,40.6044],[15.1925,40.6122],[15.1846,40.6163],[15.1865,40.6185],[15.1857,40.6227],[15.1895,40.6251],[15.1947,40.6259],[15.1965,40.6258],[15.2013,40.623],[15.2031,40.6228],[15.2076,40.6265],[15.2125,40.6223],[15.2151,40.6217],[15.2229,40.6254],[15.2241,40.6267],[15.2241,40.6291],[15.2252,40.6308],[15.2277,40.6329],[15.2298,40.6333],[15.2393,40.6281],[15.247,40.6204]]]}},{"type":"Feature","properties":{"i":"065102","n":"Praiano"},"geometry":{"type":"Polygon","coordinates":[[[14.5376,40.6242],[14.5393,40.6133],[14.5374,40.6111],[14.5297,40.607],[14.5278,40.6067],[14.5229,40.6088],[14.5109,40.62],[14.5179,40.6219],[14.5236,40.6212],[14.5273,40.6219],[14.5294,40.6236],[14.5376,40.6242]]]}},{"type":"Feature","properties":{"i":"065103","n":"Prignano Cilento"},"geometry":{"type":"Polygon","coordinates":[[[15.0867,40.338],[15.1033,40.3287],[15.1074,40.3251],[15.1122,40.3172],[15.1102,40.3081],[15.101,40.3123],[15.0864,40.3143],[15.0849,40.3162],[15.0772,40.3197],[15.0616,40.323],[15.0585,40.3267],[15.0533,40.3308],[15.0427,40.3306],[15.0425,40.3334],[15.0484,40.341],[15.0489,40.3436],[15.0564,40.3494],[15.0631,40.347],[15.072,40.3417],[15.0826,40.3379],[15.0867,40.338]]]}},{"type":"Feature","properties":{"i":"065104","n":"Ravello"},"geometry":{"type":"Polygon","coordinates":[[[14.6255,40.6748],[14.6255,40.6732],[14.6232,40.6723],[14.6172,40.6665],[14.6198,40.6529],[14.6222,40.6495],[14.6249,40.6479],[14.6191,40.6449],[14.617,40.6416],[14.6103,40.6363],[14.6068,40.6388],[14.6065,40.6417],[14.6075,40.6475],[14.6114,40.6531],[14.6114,40.6558],[14.606,40.6641],[14.5994,40.6817],[14.5961,40.6854],[14.5893,40.6881],[14.5887,40.6863],[14.5888,40.6791],[14.5778,40.679],[14.5805,40.6856],[14.5903,40.6903],[14.6072,40.6878],[14.6142,40.6881],[14.6213,40.6857],[14.6203,40.6794],[14.6255,40.6748]]]}},{"type":"Feature","properties":{"i":"065105","n":"Ricigliano"},"geometry":{"type":"Polygon","coordinates":[[[15.4872,40.6728],[15.489,40.6677],[15.4972,40.6651],[15.5004,40.6656],[15.5036,40.6637],[15.5011,40.6558],[15.4988,40.653],[15.4894,40.6462],[15.4792,40.6421],[15.4678,40.6392],[15.4666,40.6376],[15.4657,40.6336],[15.4585,40.6341],[15.4534,40.6353],[15.4429,40.6397],[15.4436,40.6426],[15.4422,40.651],[15.4351,40.6592],[15.4293,40.671],[15.4249,40.6749],[15.4188,40.6756],[15.4171,40.6767],[15.4163,40.6785],[15.42,40.6816],[15.4192,40.6883],[15.4147,40.6912],[15.4099,40.6925],[15.3957,40.7088],[15.3985,40.7109],[15.408,40.711],[15.4108,40.7118],[15.4214,40.7021],[15.4251,40.6957],[15.4304,40.6921],[15.4431,40.6888],[15.4531,40.6837],[15.4566,40.6793],[15.4695,40.6737],[15.4872,40.6728]]]}},{"type":"Feature","properties":{"i":"065106","n":"Roccadaspide"},"geometry":{"type":"Polygon","coordinates":[[[15.1726,40.482],[15.1696,40.4775],[15.1713,40.4721],[15.189,40.4632],[15.2012,40.461],[15.2042,40.461],[15.2048,40.4618],[15.216,40.4513],[15.2115,40.4518],[15.2083,40.4512],[15.2076,40.435],[15.2092,40.4287],[15.2097,40.42],[15.2022,40.415],[15.1958,40.4126],[15.1878,40.4075],[15.1884,40.4065],[15.1886,40.4013],[15.1877,40.3974],[15.1859,40.3955],[15.1821,40.3955],[15.1789,40.3984],[15.1738,40.4004],[15.1697,40.3984],[15.1604,40.4032],[15.1573,40.408],[15.1572,40.4133],[15.1549,40.4152],[15.1448,40.4175],[15.1331,40.4164],[15.1274,40.4185],[15.1166,40.4247],[15.1042,40.4279],[15.1128,40.4512],[15.1037,40.4521],[15.089,40.4522],[15.0815,40.4509],[15.0782,40.449],[15.0733,40.4488],[15.0678,40.4554],[15.0702,40.4665],[15.0815,40.4717],[15.0853,40.4695],[15.0992,40.4655],[15.1116,40.4634],[15.1207,40.47],[15.126,40.4713],[15.1373,40.4774],[15.1386,40.48],[15.1386,40.4831],[15.1375,40.4853],[15.1439,40.4867],[15.1571,40.4873],[15.1622,40.4864],[15.1696,40.4824],[15.1726,40.482]]]}},{"type":"Feature","properties":{"i":"065107","n":"Roccagloriosa"},"geometry":{"type":"MultiPolygon","coordinates":[[[[15.4606,40.1457],[15.4625,40.1419],[15.4631,40.1386],[15.4614,40.1377],[15.4573,40.1298],[15.464,40.1247],[15.4738,40.1119],[15.48,40.0976],[15.4804,40.092],[15.4749,40.0909],[15.4682,40.0881],[15.4486,40.077],[15.4408,40.0705],[15.4335,40.0691],[15.4256,40.0706],[15.4292,40.0757],[15.4317,40.0864],[15.4244,40.0989],[15.4146,40.103],[15.4126,40.1027],[15.4097,40.1046],[15.4062,40.1107],[15.4062,40.1162],[15.4188,40.1422],[15.4203,40.1437],[15.433,40.1493],[15.4342,40.1507],[15.4347,40.156],[15.4332,40.1578],[15.4301,40.1594],[15.4297,40.1631],[15.432,40.1699],[15.4458,40.1738],[15.4489,40.1736],[15.4522,40.1714],[15.4475,40.1671],[15.4479,40.1632],[15.4542,40.1511],[15.4583,40.1469],[15.4606,40.1457]]],[[[15.4533,40.1753],[15.4522,40.1774],[15.4486,40.1805],[15.4432,40.1804],[15.4357,40.1772],[15.433,40.1774],[15.4308,40.1798],[15.433,40.1815],[15.4401,40.1818],[15.4405,40.1836],[15.4457,40.1839],[15.4492,40.1861],[15.4507,40.1885],[15.4553,40.1898],[15.4611,40.1896],[15.4633,40.1882],[15.4647,40.1852],[15.4564,40.1761],[15.4533,40.1753]]]]}},{"type":"Feature","properties":{"i":"065108","n":"Roccapiemonte"},"geometry":{"type":"MultiPolygon","coordinates":[[[[14.714,40.7518],[14.7059,40.7452],[14.6969,40.7528],[14.6822,40.7542],[14.678,40.7527],[14.6758,40.7532],[14.671,40.7565],[14.6666,40.7625],[14.6628,40.7648],[14.6574,40.7659],[14.6565,40.767],[14.659,40.7677],[14.67,40.7673],[14.6781,40.766],[14.6945,40.7685],[14.6946,40.7669],[14.7047,40.7579],[14.714,40.7518]]]]}},{"type":"Feature","properties":{"i":"065109","n":"Rofrano"},"geometry":{"type":"Polygon","coordinates":[[[15.4132,40.2609],[15.4149,40.2602],[15.4363,40.2592],[15.443,40.255],[15.4476,40.2544],[15.4508,40.2507],[15.451,40.2448],[15.4522,40.2395],[15.454,40.2358],[15.4727,40.2166],[15.4782,40.2148],[15.48,40.2151],[15.483,40.2113],[15.4939,40.2037],[15.4968,40.1993],[15.4963,40.1951],[15.4908,40.1838],[15.4817,40.1795],[15.4825,40.1764],[15.4866,40.1693],[15.4822,40.1609],[15.4797,40.1576],[15.4693,40.1547],[15.4651,40.1523],[15.4606,40.1457],[15.4583,40.1469],[15.4542,40.1511],[15.4479,40.1632],[15.4475,40.1671],[15.4522,40.1714],[15.4533,40.1753],[15.4564,40.1761],[15.4647,40.1852],[15.4627,40.1887],[15.4611,40.1896],[15.4553,40.1898],[15.4507,40.1885],[15.4492,40.1861],[15.4457,40.1839],[15.4375,40.1839],[15.4308,40.1798],[15.4255,40.1853],[15.4231,40.1867],[15.417,40.1876],[15.4102,40.1866],[15.4037,40.1867],[15.3979,40.1881],[15.3821,40.1934],[15.3706,40.2005],[15.369,40.2061],[15.3704,40.2083],[15.3778,40.2106],[15.3839,40.2116],[15.386,40.2174],[15.3867,40.2224],[15.3924,40.2309],[15.3957,40.2325],[15.401,40.2295],[15.4082,40.229],[15.4104,40.2303],[15.4082,40.2338],[15.408,40.2377],[15.4098,40.2441],[15.4125,40.2484],[15.4147,40.2565],[15.4124,40.2581],[15.405,40.26],[15.3962,40.2667],[15.3949,40.269],[15.3956,40.2695],[15.3987,40.2693],[15.4015,40.2653],[15.4056,40.262],[15.4132,40.2609]]]}},{"type":"Feature","properties":{"i":"065110","n":"Romagnano al Monte"},"geometry":{"type":"Polygon","coordinates":[[[15.4657,40.6336],[15.4649,40.6279],[15.4556,40.618],[15.4529,40.6123],[15.4491,40.6089],[15.4342,40.6077],[15.4287,40.6088],[15.427,40.6112],[15.4219,40.6139],[15.4213,40.6164],[15.422,40.6244],[15.4216,40.6294],[15.4267,40.6341],[15.4339,40.6388],[15.4412,40.6387],[15.4429,40.6397],[15.4534,40.6353],[15.4585,40.6341],[15.4657,40.6336]]]}},{"type":"Feature","properties":{"i":"065111","n":"Roscigno"},"geometry":{"type":"Polygon","coordinates":[[[15.3951,40.4008],[15.3901,40.3986],[15.3856,40.4002],[15.366,40.3923],[15.3577,40.3905],[15.3504,40.3879],[15.3476,40.385],[15.343,40.387],[15.3355,40.3878],[15.3279,40.3903],[15.3139,40.3966],[15.3099,40.3975],[15.3131,40.3993],[15.3288,40.4126],[15.3383,40.4138],[15.3405,40.4205],[15.3413,40.4277],[15.3462,40.4228],[15.3584,40.4152],[15.3773,40.4119],[15.3811,40.4106],[15.3833,40.4094],[15.3838,40.4074],[15.3951,40.4008]]]}},{"type":"Feature","properties":{"i":"065112","n":"Rutino"},"geometry":{"type":"Polygon","coordinates":[[[15.1102,40.3081],[15.1186,40.3014],[15.1239,40.2923],[15.125,40.2887],[15.1218,40.2855],[15.1169,40.2892],[15.0898,40.2943],[15.0828,40.2952],[15.0737,40.2951],[15.065,40.298],[15.0626,40.3024],[15.0696,40.312],[15.0812,40.3139],[15.0864,40.3143],[15.101,40.3123],[15.1102,40.3081]]]}},{"type":"Feature","properties":{"i":"065113","n":"Sacco"},"geometry":{"type":"Polygon","coordinates":[[[15.4357,40.367],[15.416,40.3738],[15.4117,40.3727],[15.3986,40.3662],[15.3956,40.3631],[15.3839,40.3617],[15.3802,40.362],[15.3666,40.3653],[15.3476,40.385],[15.3504,40.3879],[15.3577,40.3905],[15.366,40.3923],[15.3856,40.4002],[15.3901,40.3986],[15.3951,40.4008],[15.4104,40.3995],[15.427,40.4017],[15.4333,40.4039],[15.4344,40.4031],[15.4357,40.3991],[15.4344,40.3842],[15.4376,40.3709],[15.4357,40.367]]]}},{"type":"Feature","properties":{"i":"065114","n":"Sala Consilina"},"geometry":{"type":"Polygon","coordinates":[[[15.648,40.414],[15.6504,40.4082],[15.6597,40.3958],[15.6644,40.3912],[15.6652,40.3887],[15.663,40.3839],[15.6586,40.3801],[15.6506,40.371],[15.6328,40.3621],[15.6352,40.3543],[15.6348,40.3533],[15.6329,40.3527],[15.625,40.353],[15.6072,40.3573],[15.6023,40.3635],[15.5945,40.3708],[15.5829,40.3739],[15.5667,40.382],[15.5535,40.4041],[15.5484,40.4174],[15.5472,40.4258],[15.5479,40.4267],[15.5708,40.4326],[15.5856,40.4405],[15.5867,40.4436],[15.5917,40.4417],[15.6054,40.434],[15.6296,40.4245],[15.6343,40.4219],[15.6351,40.4204],[15.6424,40.4149],[15.648,40.414]]]}},{"type":"Feature","properties":{"i":"065115","n":"Salento"},"geometry":{"type":"Polygon","coordinates":[[[15.2233,40.2507],[15.2225,40.2441],[15.2242,40.2413],[15.2194,40.236],[15.2171,40.2356],[15.2169,40.2387],[15.2141,40.2431],[15.2119,40.2447],[15.2069,40.246],[15.2055,40.2335],[15.2031,40.2308],[15.1889,40.2274],[15.1754,40.2301],[15.1682,40.2269],[15.1637,40.2265],[15.1612,40.2324],[15.1561,40.2387],[15.153,40.2411],[15.1489,40.2434],[15.1485,40.2426],[15.141,40.2433],[15.1376,40.2456],[15.1399,40.2462],[15.1389,40.2487],[15.1335,40.2575],[15.1304,40.2577],[15.1296,40.2626],[15.1349,40.2626],[15.1449,40.2642],[15.1526,40.2664],[15.1562,40.2665],[15.1638,40.265],[15.1672,40.2677],[15.1762,40.2677],[15.1864,40.2652],[15.2028,40.2637],[15.2074,40.2603],[15.2106,40.2562],[15.2201,40.2511],[15.2233,40.2507]]]}},{"type":"Feature","properties":{"i":"065116","n":"Salerno"},"geometry":{"type":"Polygon","coordinates":[[[14.8542,40.6823],[14.8539,40.6738],[14.8568,40.6638],[14.8613,40.6635],[14.8674,40.6718],[14.8733,40.6575],[14.8716,40.653],[14.873,40.6519],[14.8664,40.6427],[14.8553,40.6318],[14.8392,40.626],[14.8221,40.6412],[14.8205,40.6413],[14.8088,40.6519],[14.7914,40.6638],[14.7794,40.6701],[14.7587,40.6774],[14.7552,40.6768],[14.7527,40.6752],[14.7549,40.6721],[14.7526,40.6734],[14.7486,40.6776],[14.739,40.6701],[14.7347,40.6706],[14.7355,40.6733],[14.7353,40.6812],[14.7362,40.6852],[14.7362,40.692],[14.7435,40.703],[14.7473,40.7067],[14.7552,40.7011],[14.7609,40.6952],[14.7742,40.6945],[14.776,40.7031],[14.7761,40.7075],[14.7775,40.713],[14.779,40.7154],[14.7924,40.7229],[14.7985,40.7212],[14.8087,40.7229],[14.8214,40.727],[14.8231,40.723],[14.8302,40.6967],[14.8332,40.6907],[14.8405,40.6856],[14.8542,40.6823]]]}},{"type":"Feature","properties":{"i":"065117","n":"Salvitelle"},"geometry":{"type":"Polygon","coordinates":[[[15.4495,40.6091],[15.4541,40.6065],[15.4641,40.6036],[15.4723,40.5935],[15.4754,40.5924],[15.469,40.5837],[15.4656,40.5824],[15.4569,40.5821],[15.4484,40.586],[15.4458,40.5865],[15.4454,40.5858],[15.4355,40.5881],[15.4321,40.5909],[15.4166,40.5976],[15.4178,40.6002],[15.423,40.6046],[15.427,40.6112],[15.4287,40.6088],[15.4342,40.6077],[15.4471,40.6084],[15.4495,40.6091]]]}},{"type":"Feature","properties":{"i":"065118","n":"San Cipriano Picentino"},"geometry":{"type":"Polygon","coordinates":[[[14.884,40.6828],[14.8771,40.6799],[14.8681,40.6734],[14.8613,40.6635],[14.8568,40.6638],[14.8539,40.6738],[14.8542,40.6823],[14.8508,40.6849],[14.8553,40.693],[14.8569,40.6973],[14.8567,40.6989],[14.8477,40.7076],[14.8557,40.7081],[14.8564,40.7111],[14.8557,40.713],[14.8521,40.7132],[14.8509,40.7159],[14.8575,40.721],[14.8619,40.7283],[14.8623,40.7339],[14.8665,40.7327],[14.8709,40.7331],[14.8771,40.7279],[14.8818,40.7219],[14.8889,40.7177],[14.8952,40.7151],[14.8977,40.7124],[14.892,40.7078],[14.8887,40.7029],[14.8868,40.6975],[14.884,40.6828]]]}},{"type":"Feature","properties":{"i":"065119","n":"San Giovanni a Piro"},"geometry":{"type":"Polygon","coordinates":[[[15.5016,40.0602],[15.4922,40.0517],[15.4878,40.0447],[15.4806,40.0394],[15.4731,40.0381],[15.4644,40.0351],[15.4458,40.0196],[15.431,40.0223],[15.43,40.025],[15.4219,40.0279],[15.4137,40.0286],[15.4075,40.0318],[15.4068,40.0444],[15.4083,40.0472],[15.4205,40.0611],[15.4307,40.0697],[15.4351,40.0691],[15.4408,40.0705],[15.4486,40.077],[15.4682,40.0881],[15.4749,40.0909],[15.4866,40.0922],[15.4879,40.0879],[15.4925,40.0854],[15.5016,40.0602]]]}},{"type":"Feature","properties":{"i":"065120","n":"San Gregorio Magno"},"geometry":{"type":"Polygon","coordinates":[[[15.4108,40.7118],[15.408,40.711],[15.3985,40.7109],[15.3957,40.7088],[15.4099,40.6925],[15.4147,40.6912],[15.4192,40.6883],[15.42,40.6816],[15.4163,40.6785],[15.4171,40.6767],[15.4188,40.6756],[15.4249,40.6749],[15.4293,40.671],[15.4351,40.6592],[15.4422,40.651],[15.4436,40.6426],[15.4429,40.6397],[15.4418,40.639],[15.4339,40.6388],[15.4267,40.6341],[15.4216,40.6294],[15.4119,40.6333],[15.4101,40.6347],[15.392,40.6412],[15.3856,40.649],[15.3806,40.6513],[15.3756,40.6528],[15.3662,40.6532],[15.3583,40.6557],[15.352,40.6673],[15.3474,40.6727],[15.3486,40.6848],[15.3464,40.6913],[15.3453,40.6918],[15.3454,40.6944],[15.3468,40.7006],[15.3477,40.7011],[15.3504,40.7],[15.3518,40.7013],[15.3494,40.7072],[15.3461,40.7098],[15.3408,40.7113],[15.3464,40.7186],[15.352,40.7205],[15.3678,40.7161],[15.379,40.7142],[15.3821,40.7147],[15.3857,40.7218],[15.3925,40.7175],[15.4026,40.7163],[15.4062,40.7152],[15.4108,40.7118]]]}},{"type":"Feature","properties":{"i":"065121","n":"San Mango Piemonte"},"geometry":{"type":"Polygon","coordinates":[[[14.8477,40.7076],[14.8567,40.6989],[14.8569,40.6973],[14.8553,40.693],[14.8508,40.6849],[14.8542,40.6823],[14.8405,40.6856],[14.8332,40.6907],[14.8302,40.6967],[14.8224,40.725],[14.8254,40.727],[14.8283,40.7272],[14.8297,40.7258],[14.8335,40.7159],[14.8383,40.7076],[14.8452,40.7061],[14.8477,40.7076]]]}},{"type":"Feature","properties":{"i":"065122","n":"San Marzano sul Sarno"},"geometry":{"type":"Polygon","coordinates":[[[14.5783,40.7649],[14.5713,40.7643],[14.561,40.771],[14.5638,40.7746],[14.5734,40.7801],[14.5766,40.7836],[14.5803,40.7849],[14.5985,40.7826],[14.6004,40.7776],[14.594,40.7687],[14.5881,40.7638],[14.5783,40.7649]]]}},{"type":"Feature","properties":{"i":"065123","n":"San Mauro Cilento"},"geometry":{"type":"Polygon","coordinates":[[[15.0641,40.2367],[15.0574,40.2355],[15.0585,40.2347],[15.0601,40.2247],[15.0534,40.2216],[15.0467,40.2151],[15.043,40.2068],[15.0357,40.2019],[15.0308,40.1943],[15.0268,40.1926],[15.0202,40.1913],[15.0118,40.2021],[15.0063,40.2071],[15.0104,40.209],[15.0115,40.2126],[15.0071,40.2152],[15.012,40.2181],[15.0149,40.2191],[15.0187,40.2189],[15.0298,40.2251],[15.0327,40.2311],[15.0314,40.2328],[15.0254,40.2317],[15.0313,40.2401],[15.0456,40.252],[15.0492,40.251],[15.0577,40.2447],[15.0632,40.2398],[15.0641,40.2367]]]}},{"type":"Feature","properties":{"i":"065124","n":"San Mauro la Bruca"},"geometry":{"type":"Polygon","coordinates":[[[15.314,40.1297],[15.3177,40.1219],[15.3167,40.1201],[15.3165,40.1141],[15.3109,40.1131],[15.3079,40.1149],[15.3053,40.1145],[15.3026,40.1093],[15.3025,40.1056],[15.3058,40.1026],[15.3048,40.1001],[15.3001,40.0952],[15.2986,40.0953],[15.2977,40.0966],[15.2888,40.0952],[15.2869,40.0941],[15.2824,40.0978],[15.2847,40.1008],[15.2839,40.1033],[15.2818,40.1046],[15.2746,40.1051],[15.267,40.1168],[15.26,40.1188],[15.2587,40.1211],[15.2582,40.1249],[15.2635,40.1294],[15.2697,40.1273],[15.2707,40.1276],[15.2723,40.1308],[15.2721,40.1339],[15.2663,40.1428],[15.2689,40.1468],[15.2703,40.1559],[15.2775,40.1537],[15.2873,40.1493],[15.3004,40.1417],[15.3091,40.1328],[15.314,40.1297]]]}},{"type":"Feature","properties":{"i":"065125","n":"San Pietro al Tanagro"},"geometry":{"type":"Polygon","coordinates":[[[15.5177,40.4555],[15.5242,40.4535],[15.5103,40.4465],[15.5097,40.4449],[15.51,40.4433],[15.5152,40.439],[15.5164,40.4362],[15.512,40.4319],[15.4972,40.4305],[15.4938,40.4329],[15.4919,40.4381],[15.4839,40.4433],[15.4791,40.444],[15.4743,40.4419],[15.4619,40.4503],[15.4486,40.4578],[15.4517,40.4578],[15.4519,40.4594],[15.4487,40.4626],[15.4479,40.4648],[15.4512,40.4693],[15.4686,40.4677],[15.4724,40.4666],[15.4779,40.4622],[15.4811,40.4614],[15.489,40.4674],[15.4926,40.4685],[15.5021,40.4685],[15.5162,40.4589],[15.5176,40.4571],[15.5177,40.4555]]]}},{"type":"Feature","properties":{"i":"065126","n":"San Rufo"},"geometry":{"type":"MultiPolygon","coordinates":[[[[15.5067,40.402],[15.5057,40.402],[15.5064,40.4029],[15.5067,40.402]]],[[[15.4962,40.4033],[15.4966,40.4017],[15.4918,40.4013],[15.4908,40.4035],[15.4943,40.4045],[15.4962,40.4033]]],[[[15.501,40.4043],[15.5008,40.4035],[15.4993,40.4036],[15.4993,40.4042],[15.501,40.4043]]],[[[15.5017,40.4079],[15.4996,40.4072],[15.4982,40.4091],[15.5027,40.4103],[15.5028,40.4092],[15.5017,40.4079]]],[[[15.5309,40.4304],[15.5336,40.4324],[15.5411,40.4333],[15.5445,40.4296],[15.546,40.4215],[15.5397,40.4167],[15.5309,40.4304]]],[[[15.4486,40.4578],[15.4619,40.4503],[15.4743,40.4419],[15.4791,40.444],[15.4839,40.4433],[15.4919,40.4381],[15.4938,40.4329],[15.4972,40.4305],[15.4962,40.4289],[15.5019,40.4264],[15.5093,40.4268],[15.5111,40.4251],[15.511,40.4226],[15.5052,40.4194],[15.5049,40.418],[15.5064,40.4183],[15.5076,40.4165],[15.5013,40.4153],[15.4995,40.4173],[15.4972,40.4165],[15.4952,40.4126],[15.4983,40.4081],[15.4972,40.4074],[15.4948,40.4068],[15.4909,40.4076],[15.4892,40.4113],[15.4873,40.4128],[15.4844,40.4106],[15.4769,40.4023],[15.4829,40.3964],[15.4808,40.3932],[15.4784,40.3926],[15.4522,40.4033],[15.4496,40.4031],[15.4364,40.4066],[15.4321,40.407],[15.427,40.4109],[15.4249,40.4196],[15.4282,40.4279],[15.4316,40.4304],[15.435,40.4372],[15.4304,40.4473],[15.4318,40.461],[15.4449,40.4601],[15.4486,40.4578]],[[15.5027,40.4204],[15.5048,40.4206],[15.5042,40.4226],[15.5018,40.4218],[15.5027,40.4204]],[[15.4996,40.42],[15.4964,40.4203],[15.4955,40.4188],[15.4997,40.4183],[15.5013,40.4188],[15.4996,40.42]]]]}},{"type":"Feature","properties":{"i":"065127","n":"Santa Marina"},"geometry":{"type":"Polygon","coordinates":[[[15.5439,40.1335],[15.5578,40.1229],[15.5559,40.1128],[15.5588,40.1058],[15.5588,40.1036],[15.5533,40.1017],[15.5412,40.0945],[15.5316,40.0829],[15.5328,40.0769],[15.5327,40.0737],[15.5236,40.0718],[15.5049,40.0646],[15.5016,40.0602],[15.4925,40.0854],[15.4879,40.0879],[15.4866,40.0922],[15.4946,40.0915],[15.498,40.0936],[15.4974,40.1015],[15.4954,40.1074],[15.491,40.1113],[15.4944,40.1181],[15.4967,40.1208],[15.5012,40.1228],[15.5044,40.1207],[15.5079,40.1197],[15.5106,40.1232],[15.5108,40.1296],[15.5146,40.128],[15.516,40.1252],[15.5208,40.1253],[15.5304,40.128],[15.5409,40.1335],[15.5439,40.1335]]]}},{"type":"Feature","properties":{"i":"065128","n":"Sant'Angelo a Fasanella"},"geometry":{"type":"Polygon","coordinates":[[[15.383,40.5001],[15.3778,40.496],[15.3749,40.4909],[15.3765,40.4787],[15.3757,40.4762],[15.3809,40.4683],[15.3858,40.4638],[15.3862,40.4586],[15.3691,40.4521],[15.3567,40.4442],[15.3529,40.439],[15.3454,40.4325],[15.342,40.4307],[15.3412,40.4243],[15.3353,40.4242],[15.3295,40.4262],[15.3282,40.4331],[15.323,40.4391],[15.3151,40.4384],[15.3142,40.44],[15.3121,40.4393],[15.3048,40.4322],[15.3007,40.4335],[15.2952,40.4374],[15.2974,40.4404],[15.2994,40.4414],[15.3028,40.4425],[15.3086,40.4429],[15.3134,40.4451],[15.3257,40.4548],[15.3311,40.4647],[15.3337,40.473],[15.3314,40.4766],[15.3332,40.4859],[15.3456,40.5039],[15.3512,40.5145],[15.354,40.5156],[15.3626,40.5074],[15.3654,40.5058],[15.3801,40.5003],[15.383,40.5001]]]}},{"type":"Feature","properties":{"i":"065129","n":"Sant'Arsenio"},"geometry":{"type":"MultiPolygon","coordinates":[[[[15.51,40.4143],[15.5083,40.4148],[15.5093,40.4167],[15.51,40.4143]]],[[[15.528,40.4182],[15.5276,40.4192],[15.5287,40.4197],[15.529,40.4187],[15.528,40.4182]]],[[[15.5076,40.4165],[15.5052,40.4194],[15.511,40.4226],[15.5076,40.4165]]],[[[15.5303,40.4216],[15.5292,40.4216],[15.5296,40.4226],[15.5306,40.4224],[15.5303,40.4216]]],[[[15.5303,40.4232],[15.529,40.423],[15.5286,40.4236],[15.5304,40.4239],[15.5303,40.4232]]],[[[15.5171,40.424],[15.5245,40.427],[15.5255,40.427],[15.5273,40.4242],[15.5209,40.4217],[15.5177,40.4194],[15.5151,40.4196],[15.5146,40.4221],[15.5171,40.424]]],[[[15.5111,40.4251],[15.5093,40.4268],[15.5019,40.4264],[15.4962,40.4289],[15.4964,40.4297],[15.4972,40.4305],[15.5023,40.4313],[15.5077,40.431],[15.512,40.4319],[15.5127,40.4296],[15.5109,40.4275],[15.5111,40.4251]]],[[[15.5409,40.4359],[15.5411,40.4333],[15.5336,40.4324],[15.5309,40.4304],[15.5278,40.4322],[15.5207,40.4306],[15.5164,40.4362],[15.5152,40.439],[15.51,40.4433],[15.5098,40.4457],[15.5242,40.4535],[15.5265,40.4532],[15.5409,40.4359]]],[[[15.518,40.4811],[15.5195,40.478],[15.5167,40.4689],[15.5178,40.463],[15.5177,40.4555],[15.5176,40.4571],[15.5162,40.4589],[15.5021,40.4685],[15.4926,40.4685],[15.489,40.4674],[15.4818,40.4614],[15.4801,40.4613],[15.4724,40.4666],[15.4686,40.4677],[15.4512,40.4693],[15.4476,40.4743],[15.4433,40.4772],[15.4384,40.4861],[15.4231,40.4913],[15.4267,40.4935],[15.4324,40.4936],[15.4536,40.4915],[15.4631,40.488],[15.4696,40.4822],[15.4714,40.4823],[15.4771,40.4848],[15.4902,40.4847],[15.5173,40.4831],[15.5186,40.482],[15.518,40.4811]]]]}},{"type":"Feature","properties":{"i":"065130","n":"Sant'Egidio del Monte Albino"},"geometry":{"type":"Polygon","coordinates":[[[14.6224,40.7224],[14.619,40.7177],[14.6104,40.716],[14.6054,40.722],[14.5959,40.7288],[14.5938,40.7294],[14.5905,40.7283],[14.5857,40.728],[14.5832,40.7521],[14.5794,40.7591],[14.5769,40.7599],[14.5713,40.7643],[14.5783,40.7649],[14.5805,40.7635],[14.5843,40.7598],[14.5862,40.756],[14.5869,40.7515],[14.6011,40.7441],[14.614,40.7261],[14.6224,40.7224]]]}},{"type":"Feature","properties":{"i":"065131","n":"Santomenna"},"geometry":{"type":"Polygon","coordinates":[[[15.3661,40.8005],[15.3483,40.8023],[15.3307,40.8025],[15.3112,40.8055],[15.3075,40.8063],[15.3066,40.8073],[15.3217,40.8153],[15.3321,40.8191],[15.3449,40.8179],[15.3519,40.8219],[15.3536,40.8242],[15.3567,40.8236],[15.3568,40.8215],[15.3584,40.8195],[15.3665,40.8121],[15.3747,40.8131],[15.3788,40.8122],[15.3805,40.8109],[15.3794,40.8062],[15.3661,40.8005]]]}},{"type":"Feature","properties":{"i":"065132","n":"San Valentino Torio"},"geometry":{"type":"Polygon","coordinates":[[[14.6325,40.7822],[14.6317,40.78],[14.5939,40.783],[14.5803,40.7849],[14.5766,40.7836],[14.5759,40.7869],[14.5767,40.7883],[14.5764,40.7923],[14.5753,40.7953],[14.5737,40.7968],[14.5736,40.7992],[14.5742,40.8003],[14.5881,40.8056],[14.5915,40.8065],[14.5961,40.8062],[14.598,40.8053],[14.5993,40.8036],[14.6,40.8007],[14.6114,40.7949],[14.6154,40.7948],[14.6175,40.796],[14.6197,40.7963],[14.6266,40.7939],[14.6298,40.7919],[14.631,40.789],[14.6307,40.7857],[14.6325,40.7822]]]}},{"type":"Feature","properties":{"i":"065133","n":"Sanza"},"geometry":{"type":"Polygon","coordinates":[[[15.6433,40.2571],[15.6499,40.248],[15.6483,40.2453],[15.6461,40.2438],[15.6452,40.2349],[15.6469,40.2329],[15.6482,40.2277],[15.6308,40.222],[15.6249,40.2209],[15.6211,40.2188],[15.6131,40.2117],[15.5932,40.1986],[15.5893,40.1986],[15.564,40.2036],[15.5617,40.205],[15.5457,40.2088],[15.5348,40.2154],[15.5247,40.2191],[15.5144,40.2138],[15.5063,40.2125],[15.5024,40.2127],[15.4849,40.218],[15.4821,40.2174],[15.48,40.2151],[15.4736,40.2159],[15.454,40.2358],[15.4522,40.2395],[15.451,40.2448],[15.4508,40.2507],[15.4476,40.2544],[15.4515,40.2713],[15.4509,40.2741],[15.4475,40.2799],[15.4475,40.2828],[15.4491,40.2896],[15.4546,40.2929],[15.4597,40.2935],[15.4641,40.2935],[15.4744,40.291],[15.4868,40.2874],[15.4913,40.2851],[15.4948,40.2856],[15.4994,40.2848],[15.5127,40.2848],[15.5163,40.2863],[15.5211,40.2899],[15.5191,40.2929],[15.5193,40.2975],[15.5238,40.2933],[15.5321,40.2898],[15.56,40.2845],[15.5705,40.2835],[15.5767,40.285],[15.5984,40.2928],[15.603,40.2973],[15.6068,40.2924],[15.6066,40.2882],[15.6042,40.2785],[15.6085,40.2673],[15.6231,40.258],[15.6356,40.2547],[15.6433,40.2571]]]}},{"type":"Feature","properties":{"i":"065134","n":"Sapri"},"geometry":{"type":"MultiPolygon","coordinates":[[[[15.6517,40.0776],[15.6686,40.0732],[15.6758,40.0642],[15.6762,40.0549],[15.6719,40.0545],[15.6649,40.0504],[15.6581,40.0476],[15.6488,40.0451],[15.6453,40.043],[15.6431,40.0432],[15.6319,40.0511],[15.6268,40.0564],[15.6261,40.0587],[15.6273,40.0634],[15.629,40.0661],[15.6323,40.068],[15.6303,40.0716],[15.6253,40.0741],[15.6221,40.0729],[15.6211,40.0711],[15.6185,40.0688],[15.6154,40.0686],[15.6138,40.0698],[15.621,40.0713],[15.6217,40.0731],[15.6206,40.0769],[15.617,40.0782],[15.6132,40.0867],[15.6189,40.0858],[15.6221,40.0828],[15.6285,40.0812],[15.6439,40.0861],[15.645,40.0871],[15.6452,40.0822],[15.6479,40.0775],[15.6517,40.0776]]]]}},{"type":"Feature","properties":{"i":"065135","n":"Sarno"},"geometry":{"type":"Polygon","coordinates":[[[14.6055,40.8476],[14.6209,40.8451],[14.6334,40.8399],[14.646,40.836],[14.653,40.8303],[14.655,40.8261],[14.6682,40.8225],[14.6732,40.8218],[14.6687,40.8143],[14.6683,40.8071],[14.6719,40.799],[14.6755,40.7943],[14.6751,40.7935],[14.6728,40.7915],[14.6675,40.7901],[14.6628,40.7905],[14.6589,40.7886],[14.6557,40.7858],[14.6537,40.7878],[14.6484,40.7887],[14.6469,40.7848],[14.6447,40.7827],[14.633,40.7821],[14.6317,40.7831],[14.6307,40.7857],[14.631,40.789],[14.6303,40.7913],[14.6266,40.7939],[14.6197,40.7963],[14.6175,40.796],[14.6154,40.7948],[14.6114,40.7949],[14.6,40.8007],[14.5997,40.8028],[14.598,40.8053],[14.5933,40.8067],[14.5881,40.8056],[14.5896,40.8088],[14.59,40.8187],[14.5866,40.8218],[14.5655,40.8328],[14.5646,40.8352],[14.5711,40.8472],[14.5826,40.8486],[14.6055,40.8476]]]}},{"type":"Feature","properties":{"i":"065136","n":"Sassano"},"geometry":{"type":"Polygon","coordinates":[[[15.6072,40.3573],[15.606,40.3575],[15.6062,40.3562],[15.6113,40.3437],[15.613,40.3372],[15.6104,40.3326],[15.6102,40.3293],[15.6199,40.3185],[15.6243,40.3162],[15.6119,40.3095],[15.6076,40.3028],[15.5984,40.2928],[15.5767,40.285],[15.5673,40.2835],[15.542,40.2877],[15.5294,40.2906],[15.5238,40.2933],[15.5193,40.2975],[15.5188,40.2988],[15.5201,40.3028],[15.5235,40.3086],[15.5408,40.3152],[15.5446,40.3155],[15.5495,40.3237],[15.5511,40.334],[15.5552,40.341],[15.5574,40.3409],[15.5632,40.3435],[15.5683,40.3498],[15.5719,40.3586],[15.566,40.3628],[15.5696,40.3624],[15.5789,40.3666],[15.5825,40.3702],[15.5829,40.3739],[15.5945,40.3708],[15.6023,40.3635],[15.6072,40.3573]]]}},{"type":"Feature","properties":{"i":"065137","n":"Scafati"},"geometry":{"type":"Polygon","coordinates":[[[14.5759,40.7869],[14.5766,40.7836],[14.5734,40.7801],[14.5638,40.7746],[14.561,40.771],[14.5547,40.7684],[14.5508,40.7633],[14.5511,40.76],[14.5541,40.7564],[14.5572,40.7498],[14.5568,40.7465],[14.5427,40.7402],[14.5379,40.7372],[14.5277,40.7349],[14.5205,40.7348],[14.5196,40.7371],[14.5175,40.738],[14.5085,40.7378],[14.5057,40.7401],[14.5062,40.7427],[14.5138,40.7448],[14.514,40.7462],[14.511,40.7573],[14.5108,40.7652],[14.5094,40.7687],[14.5073,40.7692],[14.507,40.773],[14.5221,40.7778],[14.5353,40.7791],[14.5449,40.7781],[14.5527,40.7927],[14.5759,40.7869]]]}},{"type":"Feature","properties":{"i":"065138","n":"Scala"},"geometry":{"type":"Polygon","coordinates":[[[14.6068,40.6388],[14.6055,40.6356],[14.6021,40.6396],[14.5902,40.6465],[14.5779,40.6476],[14.5721,40.6467],[14.5725,40.6484],[14.5705,40.6503],[14.5666,40.6519],[14.558,40.6613],[14.5552,40.6651],[14.5552,40.6679],[14.5594,40.6698],[14.566,40.6689],[14.5723,40.6701],[14.5751,40.6732],[14.5738,40.6755],[14.5745,40.6773],[14.5778,40.679],[14.5888,40.6791],[14.5887,40.6863],[14.5893,40.6881],[14.5949,40.6861],[14.5971,40.6847],[14.5994,40.6817],[14.606,40.6641],[14.6114,40.6558],[14.6114,40.6531],[14.6075,40.6475],[14.6065,40.6417],[14.6068,40.6388]]]}},{"type":"Feature","properties":{"i":"065139","n":"Serramezzana"},"geometry":{"type":"Polygon","coordinates":[[[15.0456,40.252],[15.0313,40.2401],[15.0254,40.2317],[15.0314,40.2328],[15.0327,40.2311],[15.0298,40.2251],[15.0187,40.2189],[15.0149,40.2191],[15.015,40.2213],[15.0127,40.2244],[15.0109,40.2305],[15.0107,40.241],[15.0123,40.2486],[15.0171,40.2533],[15.019,40.2563],[15.0333,40.2576],[15.0456,40.252]]]}},{"type":"Feature","properties":{"i":"065140","n":"Serre"},"geometry":{"type":"Polygon","coordinates":[[[15.1663,40.5524],[15.161,40.5583],[15.1568,40.5606],[15.1506,40.5618],[15.1442,40.5565],[15.137,40.5538],[15.1254,40.5472],[15.1207,40.5477],[15.1172,40.551],[15.0992,40.553],[15.0897,40.5485],[15.0842,40.5447],[15.0824,40.5406],[15.0779,40.5393],[15.0738,40.5439],[15.0654,40.5432],[15.0513,40.5349],[15.0465,40.5333],[15.0501,40.5223],[15.0485,40.5211],[15.0471,40.5163],[15.044,40.5131],[15.036,40.5112],[15.0243,40.5126],[15.0234,40.5162],[15.0293,40.5206],[15.0341,40.5264],[15.0358,40.5308],[15.0356,40.5319],[15.0335,40.5343],[15.0326,40.5393],[15.0326,40.5462],[15.0441,40.5501],[15.0605,40.5677],[15.0625,40.5671],[15.0652,40.5626],[15.0677,40.5621],[15.0698,40.5628],[15.0793,40.5784],[15.0793,40.5802],[15.0743,40.5837],[15.0739,40.585],[15.0749,40.5861],[15.0772,40.5866],[15.0821,40.5842],[15.0835,40.5793],[15.086,40.5789],[15.0924,40.5839],[15.0978,40.5916],[15.1021,40.5924],[15.1123,40.5923],[15.1157,40.5933],[15.1231,40.5993],[15.1311,40.6004],[15.1415,40.6094],[15.1454,40.6101],[15.1628,40.6104],[15.1846,40.6163],[15.1925,40.6122],[15.2009,40.5992],[15.2048,40.5823],[15.2041,40.5785],[15.1983,40.5718],[15.1912,40.5677],[15.1694,40.5591],[15.1663,40.5524]]]}},{"type":"Feature","properties":{"i":"065141","n":"Sessa Cilento"},"geometry":{"type":"Polygon","coordinates":[[[15.1185,40.265],[15.1128,40.2643],[15.107,40.2605],[15.0938,40.2556],[15.0839,40.2552],[15.0775,40.2541],[15.067,40.2476],[15.0647,40.2409],[15.0652,40.239],[15.0682,40.2362],[15.0641,40.2367],[15.0639,40.2386],[15.0624,40.2406],[15.0492,40.251],[15.0456,40.252],[15.0333,40.2576],[15.0403,40.2612],[15.0434,40.2665],[15.046,40.276],[15.0409,40.2776],[15.0396,40.2817],[15.0404,40.2836],[15.0461,40.2876],[15.0606,40.2812],[15.0703,40.2784],[15.0799,40.279],[15.0838,40.2809],[15.0912,40.2798],[15.1,40.273],[15.1144,40.2674],[15.1185,40.265]]]}},{"type":"Feature","properties":{"i":"065142","n":"Siano"},"geometry":{"type":"Polygon","coordinates":[[[14.7171,40.8043],[14.7169,40.798],[14.7034,40.7948],[14.689,40.7959],[14.6755,40.7943],[14.6695,40.8035],[14.6683,40.8071],[14.6684,40.8131],[14.6695,40.8164],[14.6732,40.8218],[14.676,40.8215],[14.6846,40.8177],[14.6928,40.8159],[14.7171,40.8043]]]}},{"type":"Feature","properties":{"i":"065143","n":"Sicignano degli Alburni"},"geometry":{"type":"Polygon","coordinates":[[[15.3787,40.5788],[15.3818,40.5776],[15.3814,40.5711],[15.3858,40.5707],[15.3916,40.5656],[15.3893,40.5609],[15.3841,40.556],[15.3793,40.554],[15.3639,40.5564],[15.3531,40.5544],[15.3358,40.5359],[15.3286,40.5329],[15.3235,40.5356],[15.3107,40.5399],[15.3059,40.5428],[15.3003,40.5448],[15.2959,40.545],[15.2734,40.5497],[15.267,40.5527],[15.2606,40.5542],[15.2573,40.5563],[15.2527,40.5653],[15.2447,40.5741],[15.2376,40.5745],[15.2325,40.5777],[15.2327,40.5833],[15.2356,40.5888],[15.2347,40.6121],[15.2364,40.6149],[15.2403,40.6181],[15.2461,40.6193],[15.2497,40.6225],[15.2536,40.622],[15.2757,40.629],[15.2804,40.6257],[15.284,40.6214],[15.2947,40.6178],[15.3064,40.6271],[15.3105,40.629],[15.3181,40.6298],[15.323,40.6286],[15.3251,40.6271],[15.3272,40.6229],[15.3271,40.6205],[15.3118,40.6135],[15.3073,40.6076],[15.3068,40.6062],[15.3079,40.6038],[15.3258,40.5997],[15.3306,40.597],[15.3377,40.5913],[15.3472,40.5888],[15.3547,40.5884],[15.3606,40.5858],[15.3748,40.5765],[15.3787,40.5788]]]}},{"type":"Feature","properties":{"i":"065144","n":"Stella Cilento"},"geometry":{"type":"Polygon","coordinates":[[[15.0937,40.2067],[15.0756,40.2148],[15.0701,40.2207],[15.0637,40.2301],[15.0652,40.2366],[15.0682,40.2362],[15.0721,40.239],[15.0792,40.2402],[15.0995,40.2411],[15.1091,40.2428],[15.1168,40.2451],[15.1247,40.2447],[15.1195,40.2374],[15.1175,40.2334],[15.119,40.2321],[15.121,40.2323],[15.1248,40.2274],[15.1113,40.2189],[15.1016,40.216],[15.1021,40.212],[15.1089,40.2024],[15.0975,40.204],[15.0937,40.2067]]]}},{"type":"Feature","properties":{"i":"065145","n":"Stio"},"geometry":{"type":"Polygon","coordinates":[[[15.2871,40.3372],[15.2859,40.3354],[15.2861,40.3309],[15.283,40.3089],[15.2803,40.3034],[15.274,40.2962],[15.2738,40.2924],[15.2751,40.2906],[15.2589,40.2835],[15.2465,40.2902],[15.234,40.3023],[15.2265,40.3068],[15.2253,40.3088],[15.2251,40.3152],[15.2231,40.3203],[15.2082,40.3283],[15.2052,40.329],[15.2099,40.3332],[15.2212,40.3356],[15.2339,40.3359],[15.2468,40.3356],[15.2513,40.333],[15.2525,40.3306],[15.269,40.3278],[15.276,40.3345],[15.2771,40.3419],[15.2787,40.3442],[15.2864,40.34],[15.2876,40.3378],[15.2871,40.3372]]]}},{"type":"Feature","properties":{"i":"065146","n":"Teggiano"},"geometry":{"type":"MultiPolygon","coordinates":[[[[15.5064,40.4183],[15.5049,40.418],[15.5052,40.4194],[15.5064,40.4183]]],[[[15.4996,40.42],[15.5013,40.4188],[15.4997,40.4183],[15.4955,40.4188],[15.4964,40.4203],[15.4996,40.42]]],[[[15.5071,40.4201],[15.5071,40.4209],[15.5085,40.4208],[15.5071,40.4201]]],[[[15.5027,40.4204],[15.5018,40.4218],[15.5042,40.4226],[15.5048,40.4206],[15.5027,40.4204]]],[[[15.5829,40.3739],[15.5825,40.3702],[15.5798,40.3672],[15.5696,40.3624],[15.566,40.3628],[15.5596,40.3652],[15.5531,40.3637],[15.5369,40.3619],[15.5074,40.3666],[15.5015,40.3653],[15.4829,40.3549],[15.4795,40.3551],[15.4624,40.3619],[15.4598,40.3601],[15.4532,40.3619],[15.4444,40.3624],[15.4413,40.3633],[15.4357,40.367],[15.4376,40.3709],[15.4344,40.3842],[15.4357,40.3991],[15.4344,40.4031],[15.4333,40.4039],[15.4364,40.4066],[15.4425,40.4045],[15.4515,40.4028],[15.4522,40.4033],[15.4784,40.3926],[15.4808,40.3932],[15.4829,40.3964],[15.4769,40.4023],[15.4873,40.4128],[15.4892,40.4113],[15.4909,40.4076],[15.4948,40.4068],[15.4983,40.4081],[15.4952,40.4126],[15.4972,40.4165],[15.4995,40.4173],[15.5013,40.4153],[15.5076,40.4165],[15.511,40.4226],[15.5109,40.4275],[15.5127,40.4296],[15.512,40.4319],[15.5164,40.4362],[15.5207,40.4306],[15.5278,40.4322],[15.5309,40.4304],[15.5397,40.4167],[15.5445,40.42],[15.546,40.4215],[15.5458,40.4249],[15.5439,40.4308],[15.5411,40.4333],[15.5409,40.4359],[15.5479,40.4267],[15.5472,40.4258],[15.5484,40.4174],[15.5535,40.4041],[15.5667,40.382],[15.5829,40.3739]],[[15.528,40.4182],[15.529,40.4187],[15.5287,40.4197],[15.5276,40.4192],[15.528,40.4182]],[[15.5172,40.4245],[15.5146,40.4221],[15.5151,40.4196],[15.5177,40.4194],[15.5209,40.4217],[15.5273,40.4242],[15.5255,40.427],[15.5172,40.4245]],[[15.5303,40.4232],[15.5304,40.4239],[15.5286,40.4236],[15.529,40.423],[15.5303,40.4232]],[[15.5303,40.4216],[15.5306,40.4224],[15.5296,40.4226],[15.5292,40.4216],[15.5303,40.4216]],[[15.51,40.4143],[15.5093,40.4167],[15.5083,40.4148],[15.51,40.4143]],[[15.5017,40.4079],[15.5028,40.4092],[15.5027,40.4103],[15.4982,40.4091],[15.4996,40.4072],[15.5017,40.4079]],[[15.501,40.4043],[15.4993,40.4042],[15.4993,40.4036],[15.5008,40.4035],[15.501,40.4043]],[[15.4962,40.4033],[15.4943,40.4045],[15.4908,40.4035],[15.4918,40.4013],[15.4966,40.4017],[15.4962,40.4033]],[[15.5067,40.402],[15.5064,40.4029],[15.5057,40.402],[15.5067,40.402]]]]}},{"type":"Feature","properties":{"i":"065147","n":"Torchiara"},"geometry":{"type":"Polygon","coordinates":[[[15.0864,40.3143],[15.0696,40.312],[15.0626,40.3024],[15.0519,40.3064],[15.0521,40.3079],[15.0398,40.3147],[15.018,40.3215],[15.0161,40.3251],[15.0125,40.3273],[15.0124,40.3299],[15.016,40.3289],[15.019,40.3267],[15.026,40.3264],[15.0404,40.3293],[15.0442,40.331],[15.0533,40.3308],[15.0585,40.3267],[15.0616,40.323],[15.0772,40.3197],[15.0849,40.3162],[15.0864,40.3143]]]}},{"type":"Feature","properties":{"i":"065148","n":"Torraca"},"geometry":{"type":"Polygon","coordinates":[[[15.645,40.0871],[15.6439,40.0861],[15.6285,40.0812],[15.6221,40.0828],[15.6189,40.0858],[15.6132,40.0867],[15.6114,40.0883],[15.6162,40.0957],[15.615,40.1041],[15.616,40.1119],[15.6227,40.1132],[15.6344,40.1244],[15.641,40.126],[15.6522,40.1252],[15.6538,40.1243],[15.656,40.1221],[15.6586,40.1178],[15.6699,40.1082],[15.6706,40.1018],[15.666,40.1025],[15.6611,40.0999],[15.6587,40.0948],[15.6524,40.0881],[15.6497,40.0866],[15.645,40.0871]]]}},{"type":"Feature","properties":{"i":"065149","n":"Torre Orsaia"},"geometry":{"type":"Polygon","coordinates":[[[15.4948,40.1634],[15.4943,40.16],[15.4957,40.1517],[15.4997,40.1497],[15.5056,40.1432],[15.5068,40.1297],[15.5105,40.1295],[15.5109,40.1246],[15.5079,40.1197],[15.5044,40.1207],[15.5012,40.1228],[15.4967,40.1208],[15.4944,40.1181],[15.4912,40.1122],[15.4912,40.1107],[15.4954,40.1074],[15.4974,40.1015],[15.498,40.0936],[15.4946,40.0915],[15.4804,40.092],[15.48,40.0976],[15.4738,40.1119],[15.464,40.1247],[15.4573,40.1298],[15.4614,40.1377],[15.4631,40.1386],[15.4625,40.1419],[15.4606,40.1457],[15.4651,40.1523],[15.4693,40.1547],[15.4797,40.1576],[15.4866,40.1693],[15.4948,40.1634]]]}},{"type":"Feature","properties":{"i":"065150","n":"Tortorella"},"geometry":{"type":"Polygon","coordinates":[[[15.6966,40.1064],[15.6933,40.1033],[15.6838,40.0906],[15.677,40.0845],[15.6708,40.0816],[15.6626,40.0795],[15.6554,40.0807],[15.6522,40.0794],[15.6517,40.0776],[15.6479,40.0775],[15.6452,40.0822],[15.645,40.0871],[15.6497,40.0866],[15.6524,40.0881],[15.6587,40.0948],[15.6611,40.0999],[15.666,40.1025],[15.6706,40.1018],[15.6699,40.1082],[15.6586,40.1178],[15.656,40.1221],[15.6522,40.1252],[15.641,40.126],[15.6344,40.1244],[15.6227,40.1132],[15.616,40.1119],[15.611,40.114],[15.6086,40.1143],[15.601,40.1098],[15.5997,40.1083],[15.6001,40.1076],[15.5971,40.1052],[15.5884,40.1128],[15.5877,40.1147],[15.589,40.1162],[15.5942,40.1184],[15.5949,40.1198],[15.5929,40.1228],[15.5832,40.1284],[15.5815,40.1289],[15.5765,40.1278],[15.5711,40.1221],[15.5624,40.1219],[15.5578,40.1229],[15.5439,40.1335],[15.5544,40.136],[15.5543,40.1339],[15.556,40.1329],[15.5771,40.1281],[15.5801,40.1307],[15.5797,40.134],[15.577,40.1355],[15.5738,40.1355],[15.5673,40.1386],[15.5695,40.1403],[15.5772,40.142],[15.5811,40.1457],[15.5903,40.143],[15.5964,40.1431],[15.5979,40.1434],[15.5988,40.1453],[15.6017,40.1472],[15.6093,40.1467],[15.614,40.1453],[15.6158,40.1417],[15.6222,40.1383],[15.6287,40.1376],[15.6306,40.1379],[15.6445,40.1461],[15.6486,40.1438],[15.6507,40.1385],[15.6676,40.1481],[15.6694,40.1472],[15.6742,40.1419],[15.6738,40.1397],[15.6719,40.1367],[15.6687,40.1349],[15.668,40.1334],[15.6685,40.1313],[15.6732,40.1233],[15.6925,40.1075],[15.6966,40.1064]]]}},{"type":"Feature","properties":{"i":"065151","n":"Tramonti"},"geometry":{"type":"Polygon","coordinates":[[[14.6259,40.7221],[14.644,40.7202],[14.6605,40.713],[14.6582,40.7051],[14.6681,40.6951],[14.6711,40.69],[14.6708,40.6851],[14.6681,40.6786],[14.67,40.6747],[14.6637,40.6716],[14.6574,40.6715],[14.6255,40.6748],[14.6203,40.6794],[14.6213,40.6857],[14.6142,40.6881],[14.6072,40.6878],[14.5903,40.6903],[14.5906,40.694],[14.5923,40.6961],[14.5985,40.7001],[14.6045,40.7064],[14.6105,40.7145],[14.6104,40.716],[14.619,40.7177],[14.6224,40.7224],[14.6259,40.7221]]]}},{"type":"Feature","properties":{"i":"065152","n":"Trentinara"},"geometry":{"type":"Polygon","coordinates":[[[15.1042,40.4279],[15.1166,40.4247],[15.1274,40.4185],[15.1331,40.4164],[15.1466,40.4173],[15.1559,40.4147],[15.1576,40.4115],[15.1573,40.408],[15.1604,40.4032],[15.1697,40.3984],[15.1656,40.3852],[15.1594,40.3789],[15.129,40.3756],[15.1195,40.3764],[15.1104,40.3755],[15.106,40.3734],[15.1083,40.3775],[15.1123,40.3813],[15.1236,40.3874],[15.1251,40.389],[15.1238,40.3914],[15.1078,40.3982],[15.0983,40.4043],[15.0879,40.406],[15.0837,40.4074],[15.0867,40.4105],[15.0917,40.4136],[15.1003,40.4174],[15.1011,40.4194],[15.1009,40.4257],[15.1042,40.4279]]]}},{"type":"Feature","properties":{"i":"065153","n":"Valle dell'Angelo"},"geometry":{"type":"Polygon","coordinates":[[[15.4491,40.2896],[15.4474,40.2808],[15.4509,40.2741],[15.4515,40.2713],[15.4476,40.2544],[15.443,40.255],[15.4363,40.2592],[15.4139,40.2603],[15.4132,40.2609],[15.4194,40.266],[15.4152,40.2717],[15.397,40.278],[15.3691,40.2824],[15.3631,40.2842],[15.36,40.2866],[15.359,40.2927],[15.359,40.2991],[15.363,40.302],[15.3665,40.3033],[15.3694,40.3125],[15.3696,40.3162],[15.3676,40.3187],[15.358,40.3246],[15.3587,40.3284],[15.361,40.3328],[15.3601,40.3355],[15.3501,40.3386],[15.3468,40.3381],[15.3455,40.3385],[15.3456,40.34],[15.3465,40.3417],[15.3618,40.3506],[15.3636,40.3509],[15.3667,40.35],[15.3722,40.345],[15.3772,40.3245],[15.3841,40.3207],[15.4088,40.3146],[15.4224,40.3064],[15.4252,40.2996],[15.4239,40.2967],[15.424,40.2947],[15.4271,40.2919],[15.4289,40.2921],[15.4336,40.2955],[15.4367,40.2967],[15.4413,40.2952],[15.4491,40.2896]]]}},{"type":"Feature","properties":{"i":"065154","n":"Vallo della Lucania"},"geometry":{"type":"Polygon","coordinates":[[[15.2868,40.2446],[15.2869,40.2407],[15.3004,40.2395],[15.3144,40.2348],[15.3206,40.2298],[15.2988,40.2314],[15.2892,40.2359],[15.2791,40.2257],[15.2737,40.2151],[15.2692,40.2108],[15.2575,40.2054],[15.2371,40.2022],[15.2291,40.2012],[15.2147,40.2028],[15.2056,40.2082],[15.2027,40.2114],[15.1996,40.2119],[15.207,40.2128],[15.215,40.2184],[15.2147,40.222],[15.2124,40.2284],[15.2153,40.2347],[15.2194,40.236],[15.2242,40.2413],[15.2225,40.2441],[15.2233,40.2507],[15.2332,40.2547],[15.2412,40.2493],[15.2451,40.2414],[15.2445,40.2405],[15.2449,40.2355],[15.2459,40.2345],[15.27,40.2349],[15.2751,40.2361],[15.2868,40.2446]]]}},{"type":"Feature","properties":{"i":"065155","n":"Valva"},"geometry":{"type":"Polygon","coordinates":[[[15.3055,40.7537],[15.3019,40.7518],[15.2926,40.7435],[15.2823,40.7383],[15.2743,40.7359],[15.2711,40.734],[15.26,40.7246],[15.2515,40.7154],[15.2495,40.7142],[15.2414,40.7245],[15.2442,40.7276],[15.2423,40.7297],[15.2409,40.7349],[15.2421,40.7371],[15.2389,40.7574],[15.239,40.77],[15.2414,40.7756],[15.2518,40.7865],[15.2542,40.7878],[15.2605,40.7903],[15.2631,40.7904],[15.2659,40.7928],[15.2679,40.7881],[15.275,40.7798],[15.2815,40.7752],[15.2893,40.7678],[15.2955,40.7605],[15.3055,40.7537]]]}},{"type":"Feature","properties":{"i":"065156","n":"Vibonati"},"geometry":{"type":"Polygon","coordinates":[[[15.6001,40.1076],[15.6025,40.1071],[15.6067,40.1086],[15.6158,40.1091],[15.615,40.1041],[15.6162,40.0957],[15.6114,40.0883],[15.6132,40.0867],[15.617,40.0782],[15.6206,40.0769],[15.6217,40.0731],[15.621,40.0713],[15.6138,40.0698],[15.6022,40.0742],[15.587,40.0756],[15.5752,40.0779],[15.5717,40.094],[15.567,40.0989],[15.5593,40.1021],[15.5588,40.1058],[15.5559,40.1128],[15.5578,40.1229],[15.5624,40.1219],[15.5711,40.1221],[15.5765,40.1278],[15.5823,40.1288],[15.5929,40.1228],[15.5949,40.1198],[15.5936,40.118],[15.589,40.1162],[15.5877,40.1147],[15.5884,40.1128],[15.5971,40.1052],[15.6001,40.1076]]]}},{"type":"Feature","properties":{"i":"065157","n":"Vietri sul Mare"},"geometry":{"type":"Polygon","coordinates":[[[14.7362,40.6852],[14.7353,40.6812],[14.7355,40.6733],[14.7347,40.6706],[14.7183,40.666],[14.714,40.6624],[14.7126,40.6594],[14.7101,40.6565],[14.7095,40.6586],[14.7118,40.662],[14.709,40.6634],[14.7027,40.6638],[14.6917,40.6684],[14.686,40.6692],[14.6797,40.6684],[14.6754,40.6723],[14.6791,40.6744],[14.6811,40.6789],[14.7078,40.6851],[14.7207,40.6865],[14.7228,40.685],[14.7329,40.6828],[14.7362,40.6852]]]}},{"type":"Feature","properties":{"i":"065158","n":"Bellizzi"},"geometry":{"type":"Polygon","coordinates":[[[14.9749,40.6433],[14.9692,40.6359],[14.9663,40.6237],[14.9554,40.6168],[14.9517,40.6146],[14.9329,40.6103],[14.9244,40.6106],[14.9136,40.6001],[14.9115,40.5999],[14.9093,40.6026],[14.9064,40.6127],[14.9084,40.615],[14.9279,40.624],[14.94,40.6222],[14.9481,40.6246],[14.955,40.6291],[14.9622,40.64],[14.9638,40.6442],[14.9663,40.642],[14.9692,40.641],[14.9726,40.6439],[14.9749,40.6433]]]}}]}
