{"type":"FeatureCollection","fonte":"Confini comunali ISTAT via openpolis/geojson-italy — CC BY 4.0","features":[{"type":"Feature","properties":{"i":"090003","n":"Alghero"},"geometry":{"type":"MultiPolygon","coordinates":[[[[8.1531,40.5721],[8.1535,40.571],[8.1523,40.5696],[8.1501,40.569],[8.1506,40.5716],[8.1531,40.5721]]],[[[8.3004,40.5717],[8.2994,40.572],[8.3,40.5731],[8.3004,40.5717]]],[[[8.1425,40.6054],[8.1446,40.6045],[8.1403,40.6017],[8.1384,40.602],[8.1377,40.603],[8.1395,40.6053],[8.1425,40.6054]]],[[[8.3459,40.6707],[8.3451,40.6609],[8.3403,40.6496],[8.3509,40.6375],[8.3559,40.6366],[8.3613,40.6312],[8.3584,40.6276],[8.3577,40.6218],[8.3618,40.6209],[8.3735,40.6275],[8.3805,40.6242],[8.3892,40.6225],[8.3967,40.6255],[8.4007,40.6261],[8.4112,40.6257],[8.4145,40.6246],[8.4131,40.6189],[8.4064,40.6166],[8.4024,40.616],[8.4014,40.6166],[8.3997,40.6158],[8.3942,40.6064],[8.3927,40.6019],[8.4061,40.5866],[8.4127,40.5697],[8.4158,40.5659],[8.4196,40.5592],[8.4203,40.5565],[8.4198,40.5417],[8.4178,40.5318],[8.4196,40.5303],[8.4118,40.5248],[8.3989,40.5227],[8.3818,40.5147],[8.3732,40.5117],[8.3679,40.4964],[8.3644,40.495],[8.3622,40.4951],[8.3552,40.4989],[8.346,40.5013],[8.3405,40.4994],[8.3378,40.5001],[8.3374,40.5017],[8.3388,40.5072],[8.3319,40.522],[8.3259,40.5313],[8.318,40.5511],[8.3094,40.5607],[8.3131,40.56],[8.3147,40.5605],[8.3156,40.5631],[8.3112,40.5655],[8.3167,40.5651],[8.3177,40.5673],[8.3171,40.5718],[8.3063,40.5861],[8.2998,40.5907],[8.2938,40.5934],[8.2869,40.5946],[8.2871,40.5922],[8.2776,40.5925],[8.2688,40.5902],[8.2675,40.5891],[8.2677,40.5869],[8.2633,40.583],[8.2607,40.584],[8.2564,40.5843],[8.2503,40.5839],[8.2472,40.5825],[8.2457,40.581],[8.246,40.5749],[8.2438,40.5699],[8.2233,40.5697],[8.2093,40.5715],[8.206,40.5692],[8.2033,40.569],[8.1988,40.5711],[8.1979,40.5763],[8.2105,40.593],[8.2154,40.5934],[8.2175,40.5948],[8.2194,40.6018],[8.2122,40.6123],[8.2095,40.6148],[8.201,40.6178],[8.1941,40.6182],[8.1909,40.6172],[8.1894,40.6158],[8.19,40.6123],[8.1889,40.6066],[8.1822,40.5993],[8.1731,40.5942],[8.1707,40.5895],[8.173,40.5879],[8.1715,40.5816],[8.1683,40.5841],[8.1666,40.5843],[8.1644,40.5831],[8.163,40.581],[8.1615,40.5763],[8.1641,40.5734],[8.1655,40.5677],[8.1644,40.5603],[8.1612,40.5607],[8.1579,40.5662],[8.1579,40.5721],[8.1498,40.5855],[8.1468,40.6038],[8.148,40.6067],[8.1455,40.6132],[8.1433,40.6154],[8.1435,40.6234],[8.148,40.6267],[8.154,40.6262],[8.1602,40.6274],[8.1629,40.6289],[8.1624,40.631],[8.1762,40.6363],[8.1828,40.6367],[8.1865,40.6391],[8.1922,40.6628],[8.1964,40.6705],[8.1988,40.6733],[8.2232,40.6652],[8.2285,40.6648],[8.256,40.6659],[8.2599,40.6681],[8.2622,40.6708],[8.2695,40.6734],[8.2965,40.6721],[8.2988,40.6693],[8.3015,40.6637],[8.3116,40.6586],[8.3191,40.6653],[8.3459,40.6707]]]]}},{"type":"Feature","properties":{"i":"090004","n":"Anela"},"geometry":{"type":"Polygon","coordinates":[[[8.9971,40.494],[9.0126,40.487],[9.0146,40.487],[9.0202,40.4831],[9.0328,40.4684],[9.0384,40.456],[9.0402,40.4536],[9.0499,40.4482],[9.0523,40.4479],[9.0539,40.4482],[9.059,40.4523],[9.0627,40.4538],[9.0722,40.4497],[9.0849,40.4402],[9.1044,40.428],[9.0993,40.4251],[9.0958,40.4197],[9.091,40.4192],[9.0813,40.4166],[9.0701,40.4187],[9.0573,40.4237],[9.0425,40.4267],[9.0189,40.4358],[8.9966,40.4551],[8.9861,40.4614],[8.9827,40.4718],[8.9702,40.481],[8.9679,40.4862],[8.9645,40.4897],[8.977,40.4899],[8.9788,40.4879],[8.9864,40.4889],[8.9894,40.4918],[8.9942,40.4941],[8.9971,40.494]]]}},{"type":"Feature","properties":{"i":"090005","n":"Ardara"},"geometry":{"type":"Polygon","coordinates":[[[8.8496,40.6613],[8.8376,40.6452],[8.8392,40.6427],[8.8464,40.6359],[8.8527,40.6321],[8.8571,40.6327],[8.8657,40.6294],[8.8759,40.6244],[8.8909,40.6217],[8.8906,40.6189],[8.8789,40.6132],[8.8598,40.6115],[8.8386,40.6079],[8.8201,40.6073],[8.8059,40.6029],[8.8026,40.6012],[8.8012,40.599],[8.7963,40.5974],[8.7931,40.5983],[8.7841,40.61],[8.7757,40.6181],[8.7742,40.625],[8.7747,40.6287],[8.772,40.6302],[8.7726,40.6325],[8.7838,40.641],[8.7929,40.6499],[8.8029,40.658],[8.8109,40.6565],[8.8205,40.6577],[8.829,40.6619],[8.8311,40.664],[8.8496,40.6613]]]}},{"type":"Feature","properties":{"i":"090007","n":"Banari"},"geometry":{"type":"Polygon","coordinates":[[[8.7145,40.5636],[8.7091,40.5612],[8.6834,40.5603],[8.6692,40.5614],[8.6661,40.566],[8.6542,40.5708],[8.6358,40.5762],[8.6293,40.5802],[8.6269,40.5833],[8.6321,40.5848],[8.6356,40.5869],[8.6404,40.588],[8.6443,40.5911],[8.6435,40.5924],[8.6593,40.5967],[8.6677,40.6027],[8.6681,40.6013],[8.6719,40.5994],[8.6937,40.5978],[8.7046,40.587],[8.7153,40.5656],[8.7145,40.5636]]]}},{"type":"Feature","properties":{"i":"090008","n":"Benetutti"},"geometry":{"type":"Polygon","coordinates":[[[9.2476,40.4619],[9.2489,40.4588],[9.2481,40.4561],[9.2381,40.4452],[9.2327,40.4335],[9.2272,40.4281],[9.2252,40.417],[9.2254,40.4106],[9.2227,40.4111],[9.2192,40.4101],[9.2068,40.4048],[9.1942,40.3934],[9.1871,40.3886],[9.1855,40.3845],[9.1832,40.3713],[9.1698,40.3724],[9.1614,40.3685],[9.1492,40.3657],[9.1325,40.381],[9.1191,40.3852],[9.1084,40.397],[9.1064,40.4044],[9.1064,40.4093],[9.1022,40.4115],[9.1082,40.4145],[9.1204,40.4245],[9.119,40.4272],[9.119,40.4324],[9.125,40.4388],[9.1261,40.4504],[9.1262,40.459],[9.124,40.462],[9.1245,40.4684],[9.1294,40.474],[9.1335,40.4768],[9.1377,40.4811],[9.1389,40.4841],[9.1379,40.4903],[9.1412,40.4959],[9.1446,40.4984],[9.1453,40.5079],[9.148,40.5122],[9.1522,40.5144],[9.1585,40.5111],[9.1586,40.5058],[9.1659,40.499],[9.1709,40.4915],[9.1789,40.4699],[9.1791,40.4541],[9.1922,40.4364],[9.1974,40.4406],[9.1995,40.445],[9.2087,40.4548],[9.2117,40.4561],[9.2371,40.4595],[9.2476,40.4619]]]}},{"type":"Feature","properties":{"i":"090010","n":"Bessude"},"geometry":{"type":"Polygon","coordinates":[[[8.7145,40.5636],[8.7279,40.5642],[8.7408,40.5618],[8.746,40.558],[8.7498,40.5393],[8.7402,40.5405],[8.7402,40.5436],[8.7381,40.5456],[8.7357,40.5464],[8.7289,40.5471],[8.7274,40.5464],[8.7268,40.5443],[8.7244,40.5426],[8.7157,40.547],[8.7104,40.5468],[8.7055,40.5452],[8.6937,40.5444],[8.6812,40.5409],[8.6678,40.5403],[8.6572,40.5425],[8.648,40.5431],[8.6468,40.5423],[8.6457,40.5399],[8.6376,40.5355],[8.63,40.5333],[8.6273,40.5343],[8.6199,40.5467],[8.6211,40.5484],[8.6221,40.5576],[8.6245,40.5663],[8.6386,40.5693],[8.6406,40.5714],[8.6412,40.5741],[8.644,40.574],[8.6542,40.5708],[8.6661,40.566],[8.6692,40.5614],[8.6834,40.5603],[8.7091,40.5612],[8.7145,40.5636]]]}},{"type":"Feature","properties":{"i":"090011","n":"Bonnanaro"},"geometry":{"type":"Polygon","coordinates":[[[8.78,40.5703],[8.794,40.5616],[8.7964,40.5594],[8.8011,40.5392],[8.8071,40.5304],[8.8144,40.5231],[8.8149,40.5211],[8.8037,40.5208],[8.7891,40.5177],[8.7744,40.5252],[8.7577,40.526],[8.7543,40.5291],[8.7521,40.5375],[8.7498,40.5393],[8.746,40.558],[8.751,40.5689],[8.7585,40.5706],[8.7656,40.5687],[8.7717,40.5681],[8.78,40.5703]]]}},{"type":"Feature","properties":{"i":"090012","n":"Bono"},"geometry":{"type":"Polygon","coordinates":[[[8.9645,40.4897],[8.9679,40.4862],[8.9702,40.481],[8.9827,40.4718],[8.9861,40.4614],[8.9966,40.4551],[9.0189,40.4358],[9.0418,40.427],[9.0573,40.4237],[9.0701,40.4187],[9.0813,40.4166],[9.091,40.4192],[9.0958,40.4197],[9.1022,40.4115],[9.1064,40.4093],[9.1064,40.4044],[9.1084,40.397],[9.1191,40.3852],[9.1325,40.381],[9.1492,40.3657],[9.1436,40.3627],[9.1277,40.3598],[9.1154,40.3565],[9.1035,40.349],[9.0993,40.3529],[9.0931,40.3619],[9.062,40.3832],[9.0117,40.4091],[9.0028,40.4156],[8.9915,40.4223],[8.9629,40.4344],[8.9492,40.4431],[8.943,40.4514],[8.9412,40.4553],[8.9404,40.4645],[8.9383,40.4694],[8.941,40.4735],[8.9392,40.4795],[8.9404,40.4818],[8.9512,40.4856],[8.9566,40.4885],[8.9645,40.4897]]]}},{"type":"Feature","properties":{"i":"090013","n":"Bonorva"},"geometry":{"type":"Polygon","coordinates":[[[8.9566,40.4885],[8.9512,40.4856],[8.9404,40.4818],[8.9392,40.4795],[8.941,40.4735],[8.9383,40.4694],[8.9353,40.468],[8.939,40.4616],[8.9226,40.4258],[8.9166,40.424],[8.9136,40.4158],[8.9082,40.4089],[8.9044,40.4063],[8.9016,40.4055],[8.8948,40.4053],[8.8794,40.3945],[8.8743,40.3919],[8.8649,40.3897],[8.8556,40.3925],[8.855,40.3941],[8.8567,40.4026],[8.8537,40.4077],[8.846,40.407],[8.8333,40.4117],[8.8274,40.4127],[8.8193,40.4085],[8.8159,40.4023],[8.8171,40.3928],[8.8162,40.3767],[8.8134,40.3655],[8.8121,40.3644],[8.7875,40.3576],[8.7837,40.3548],[8.7822,40.3498],[8.7782,40.3488],[8.7738,40.3512],[8.7632,40.3527],[8.7607,40.3522],[8.7581,40.3503],[8.7585,40.3533],[8.7565,40.3582],[8.755,40.3693],[8.7522,40.3793],[8.7479,40.3873],[8.7426,40.403],[8.7339,40.4081],[8.7273,40.4109],[8.7253,40.4129],[8.7251,40.4143],[8.7273,40.415],[8.7298,40.4175],[8.7315,40.4216],[8.7374,40.4265],[8.7416,40.4275],[8.7542,40.4277],[8.7679,40.4329],[8.7866,40.4465],[8.7969,40.4519],[8.8072,40.4617],[8.8084,40.4641],[8.806,40.4684],[8.8126,40.4707],[8.8133,40.4784],[8.8217,40.4837],[8.827,40.4855],[8.8616,40.4885],[8.8827,40.4873],[8.8914,40.4896],[8.8963,40.4925],[8.8999,40.4931],[8.9002,40.492],[8.9046,40.4892],[8.9124,40.4863],[8.9188,40.4849],[8.9367,40.4875],[8.9497,40.4909],[8.9531,40.4906],[8.9566,40.4885]]]}},{"type":"Feature","properties":{"i":"090015","n":"Borutta"},"geometry":{"type":"Polygon","coordinates":[[[8.7402,40.5405],[8.7498,40.5393],[8.7521,40.5375],[8.7543,40.5291],[8.7577,40.526],[8.7568,40.5224],[8.755,40.5227],[8.7526,40.5216],[8.7426,40.5151],[8.7422,40.5136],[8.743,40.5103],[8.7445,40.5088],[8.7439,40.5072],[8.7408,40.5062],[8.7305,40.5135],[8.7342,40.5152],[8.7369,40.5196],[8.7361,40.5205],[8.7338,40.5297],[8.735,40.5387],[8.7377,40.5405],[8.7402,40.5405]]]}},{"type":"Feature","properties":{"i":"090016","n":"Bottidda"},"geometry":{"type":"Polygon","coordinates":[[[9.1035,40.349],[9.083,40.341],[9.079,40.3443],[9.0669,40.3513],[9.0644,40.3543],[9.062,40.3555],[9.0504,40.3554],[9.045,40.3568],[9.0456,40.3642],[9.0481,40.3671],[9.0473,40.3704],[9.0388,40.3784],[9.0278,40.3841],[9.022,40.3838],[9.0042,40.3878],[9.0016,40.3908],[9.0019,40.3961],[9.0003,40.3996],[8.9967,40.4025],[8.989,40.4052],[8.9856,40.4107],[8.9807,40.4134],[8.9667,40.4177],[8.9562,40.4221],[8.9482,40.4268],[8.9426,40.4327],[8.9363,40.4358],[8.9316,40.4297],[8.9285,40.4232],[8.9238,40.4217],[8.9226,40.4258],[8.939,40.4616],[8.9353,40.4682],[8.9382,40.4694],[8.9387,40.4686],[8.9404,40.4645],[8.9409,40.4568],[8.9419,40.4533],[8.9482,40.4438],[8.9629,40.4344],[8.9915,40.4223],[9.0028,40.4156],[9.0117,40.4091],[9.062,40.3832],[9.0931,40.3619],[9.0993,40.3529],[9.1035,40.349]]]}},{"type":"Feature","properties":{"i":"090018","n":"Bultei"},"geometry":{"type":"Polygon","coordinates":[[[9.065,40.5358],[9.0717,40.5296],[9.0734,40.5289],[9.0868,40.5311],[9.1363,40.5259],[9.1432,40.5317],[9.148,40.5336],[9.1544,40.5351],[9.1552,40.5347],[9.1519,40.5268],[9.1512,40.5182],[9.1522,40.5144],[9.148,40.5122],[9.1453,40.5079],[9.1446,40.4984],[9.1412,40.4959],[9.1379,40.4903],[9.1389,40.4841],[9.1377,40.4811],[9.1335,40.4768],[9.1294,40.474],[9.1245,40.4684],[9.124,40.462],[9.1262,40.459],[9.1261,40.4504],[9.125,40.4388],[9.119,40.4324],[9.119,40.4272],[9.1204,40.4245],[9.1082,40.4145],[9.1022,40.4115],[9.0958,40.4197],[9.0993,40.4251],[9.1044,40.428],[9.0849,40.4402],[9.0722,40.4497],[9.0627,40.4538],[9.059,40.4523],[9.0539,40.4482],[9.0523,40.4479],[9.0499,40.4482],[9.0402,40.4536],[9.0384,40.456],[9.0328,40.4684],[9.0202,40.4831],[9.0146,40.487],[9.0126,40.487],[8.9971,40.494],[9.0145,40.5052],[9.0204,40.5107],[9.032,40.5247],[9.0524,40.5374],[9.065,40.5358]]]}},{"type":"Feature","properties":{"i":"090019","n":"Bulzi"},"geometry":{"type":"Polygon","coordinates":[[[8.8865,40.8583],[8.8873,40.857],[8.8852,40.8556],[8.8727,40.8489],[8.8614,40.8302],[8.8631,40.8249],[8.8588,40.8273],[8.852,40.8296],[8.84,40.8315],[8.8259,40.8443],[8.8148,40.8638],[8.8184,40.8683],[8.8234,40.8715],[8.8389,40.8741],[8.8651,40.8801],[8.8672,40.8791],[8.8738,40.8725],[8.8865,40.8583]]]}},{"type":"Feature","properties":{"i":"090020","n":"Burgos"},"geometry":{"type":"Polygon","coordinates":[[[9.0456,40.3642],[9.0421,40.3662],[9.0273,40.3688],[9.0047,40.3793],[8.9935,40.386],[8.9871,40.3876],[8.9658,40.3871],[8.9751,40.3969],[8.9661,40.404],[8.949,40.4109],[8.9418,40.4129],[8.9318,40.4135],[8.9256,40.4175],[8.9234,40.421],[8.9285,40.4232],[8.9316,40.4297],[8.9363,40.4358],[8.9426,40.4327],[8.9482,40.4268],[8.9562,40.4221],[8.9667,40.4177],[8.9807,40.4134],[8.9856,40.4107],[8.989,40.4052],[8.9967,40.4025],[9.0003,40.3996],[9.0019,40.3961],[9.0016,40.3908],[9.0042,40.3878],[9.022,40.3838],[9.0278,40.3841],[9.0388,40.3784],[9.0473,40.3704],[9.0481,40.3671],[9.0456,40.3642]]]}},{"type":"Feature","properties":{"i":"090022","n":"Cargeghe"},"geometry":{"type":"Polygon","coordinates":[[[8.6523,40.6713],[8.6415,40.6654],[8.6282,40.6527],[8.6239,40.6543],[8.611,40.6631],[8.6092,40.6693],[8.6112,40.6745],[8.6161,40.6748],[8.621,40.6776],[8.6277,40.6821],[8.6319,40.6878],[8.6429,40.6952],[8.6463,40.6963],[8.6505,40.6992],[8.663,40.6993],[8.6674,40.7018],[8.6725,40.703],[8.6762,40.7027],[8.6684,40.6953],[8.6657,40.6951],[8.6635,40.6928],[8.6596,40.6875],[8.6588,40.6838],[8.6494,40.6801],[8.6491,40.6787],[8.6512,40.6722],[8.6523,40.6713]]]}},{"type":"Feature","properties":{"i":"090023","n":"Castelsardo"},"geometry":{"type":"MultiPolygon","coordinates":[[[[8.7724,40.917],[8.7742,40.914],[8.7804,40.9136],[8.7812,40.9123],[8.7814,40.9084],[8.7767,40.9015],[8.772,40.893],[8.7724,40.8927],[8.7784,40.8908],[8.7849,40.8897],[8.7924,40.8903],[8.8006,40.8945],[8.7991,40.89],[8.7919,40.8841],[8.7742,40.8759],[8.7663,40.8735],[8.7545,40.8759],[8.7449,40.8749],[8.736,40.876],[8.7313,40.882],[8.7254,40.8841],[8.7118,40.8845],[8.701,40.8834],[8.6972,40.8797],[8.6881,40.8729],[8.6859,40.8723],[8.677,40.8724],[8.6696,40.8665],[8.6659,40.8658],[8.6446,40.8753],[8.6336,40.8782],[8.6307,40.8784],[8.633,40.8823],[8.6357,40.8826],[8.6407,40.8851],[8.6445,40.8875],[8.6475,40.8905],[8.6509,40.8921],[8.6704,40.8974],[8.6893,40.9064],[8.6908,40.9076],[8.6918,40.91],[8.6946,40.9123],[8.7031,40.9158],[8.7037,40.9154],[8.7014,40.9143],[8.7052,40.9146],[8.7111,40.9184],[8.7172,40.9135],[8.726,40.9127],[8.7293,40.9136],[8.7323,40.9164],[8.7399,40.9181],[8.7573,40.9174],[8.7627,40.916],[8.7684,40.9159],[8.7724,40.917]]]]}},{"type":"Feature","properties":{"i":"090024","n":"Cheremule"},"geometry":{"type":"MultiPolygon","coordinates":[[[[8.6559,40.4961],[8.6474,40.4921],[8.6441,40.4922],[8.6357,40.4948],[8.6214,40.4831],[8.6199,40.4871],[8.6198,40.4932],[8.623,40.498],[8.6246,40.4991],[8.6383,40.5026],[8.6539,40.5084],[8.6615,40.5102],[8.6641,40.51],[8.6558,40.4985],[8.6559,40.4961]]],[[[8.7305,40.5135],[8.7538,40.4963],[8.7538,40.4941],[8.7501,40.4905],[8.7529,40.4795],[8.7477,40.4727],[8.7422,40.4713],[8.7168,40.4706],[8.7158,40.4751],[8.7123,40.4772],[8.6892,40.4792],[8.6817,40.4769],[8.6781,40.4766],[8.6692,40.4797],[8.6678,40.4809],[8.6679,40.4849],[8.6715,40.4884],[8.6776,40.4893],[8.6904,40.4945],[8.6964,40.4945],[8.708,40.4975],[8.7111,40.5019],[8.7123,40.5077],[8.7161,40.5138],[8.7222,40.5149],[8.7252,40.5142],[8.7263,40.5125],[8.7305,40.5135]]]]}},{"type":"Feature","properties":{"i":"090025","n":"Chiaramonti"},"geometry":{"type":"Polygon","coordinates":[[[8.9019,40.7954],[8.9009,40.7925],[8.8931,40.7824],[8.8948,40.7767],[8.8986,40.7646],[8.9022,40.7579],[8.9051,40.7573],[8.9083,40.7548],[8.9106,40.7517],[8.9227,40.7272],[8.9212,40.7236],[8.9141,40.7191],[8.9017,40.715],[8.8847,40.7119],[8.8831,40.7093],[8.8628,40.7016],[8.8557,40.7009],[8.8541,40.6945],[8.8587,40.6754],[8.8582,40.6711],[8.8548,40.6606],[8.8521,40.6603],[8.8496,40.6613],[8.8311,40.664],[8.832,40.667],[8.8285,40.6686],[8.8255,40.6743],[8.8184,40.6835],[8.8143,40.6848],[8.8199,40.6948],[8.8199,40.6973],[8.8175,40.7038],[8.8148,40.7047],[8.801,40.705],[8.7845,40.7091],[8.7823,40.7148],[8.7815,40.7202],[8.7777,40.726],[8.7743,40.7261],[8.7677,40.7293],[8.7646,40.7317],[8.7645,40.7335],[8.7671,40.741],[8.7735,40.7519],[8.7844,40.7574],[8.7898,40.7625],[8.7904,40.7649],[8.7913,40.7653],[8.7988,40.7644],[8.8018,40.7629],[8.8097,40.7633],[8.8216,40.765],[8.8423,40.7704],[8.8472,40.7753],[8.8581,40.7813],[8.8618,40.7825],[8.8753,40.7836],[8.8764,40.7873],[8.8808,40.7937],[8.8857,40.7967],[8.9019,40.7954]]]}},{"type":"Feature","properties":{"i":"090026","n":"Codrongianos"},"geometry":{"type":"Polygon","coordinates":[[[8.7005,40.7035],[8.7015,40.703],[8.7075,40.7038],[8.7167,40.6983],[8.7125,40.6905],[8.7099,40.689],[8.706,40.685],[8.7031,40.6771],[8.7043,40.6698],[8.7118,40.6577],[8.7158,40.6571],[8.7161,40.6563],[8.7169,40.652],[8.7169,40.6431],[8.7127,40.6363],[8.7121,40.6312],[8.716,40.6185],[8.7171,40.6169],[8.7163,40.6141],[8.7151,40.6132],[8.707,40.6155],[8.6995,40.6294],[8.6897,40.6332],[8.6895,40.6365],[8.6863,40.6409],[8.6641,40.6609],[8.6544,40.671],[8.6512,40.6722],[8.649,40.6791],[8.6503,40.6809],[8.6588,40.6838],[8.6596,40.6875],[8.6635,40.6928],[8.6657,40.6951],[8.6684,40.6953],[8.6762,40.7027],[8.6859,40.7032],[8.6946,40.701],[8.6995,40.701],[8.7005,40.7035]]]}},{"type":"Feature","properties":{"i":"090027","n":"Cossoine"},"geometry":{"type":"Polygon","coordinates":[[[8.7374,40.4265],[8.7315,40.4216],[8.7299,40.4178],[8.7273,40.415],[8.7105,40.4131],[8.7067,40.4073],[8.705,40.4061],[8.6995,40.4052],[8.6922,40.4019],[8.6873,40.4093],[8.6854,40.4169],[8.6821,40.4195],[8.676,40.4217],[8.6717,40.4249],[8.6717,40.4286],[8.6679,40.4368],[8.6628,40.4385],[8.6633,40.4435],[8.6626,40.4478],[8.6579,40.4648],[8.653,40.4653],[8.642,40.4622],[8.6093,40.4431],[8.6019,40.4415],[8.5943,40.4484],[8.5933,40.4531],[8.5985,40.4605],[8.6095,40.4679],[8.6124,40.4721],[8.6133,40.4753],[8.6219,40.4832],[8.6426,40.4695],[8.6529,40.466],[8.6604,40.4671],[8.6743,40.4642],[8.6836,40.4604],[8.6892,40.4591],[8.7014,40.4598],[8.71,40.4572],[8.723,40.4496],[8.7325,40.442],[8.7354,40.4307],[8.7374,40.4265]]]}},{"type":"Feature","properties":{"i":"090088","n":"Erula"},"geometry":{"type":"Polygon","coordinates":[[[8.9885,40.8093],[8.9942,40.8065],[8.993,40.8006],[8.9916,40.7978],[8.99,40.7959],[8.9855,40.7965],[8.9808,40.7947],[8.9781,40.7913],[8.9791,40.7856],[8.9636,40.7692],[8.9558,40.7649],[8.9533,40.7547],[8.9503,40.7486],[8.9347,40.7528],[8.9137,40.7526],[8.909,40.7539],[8.9051,40.7573],[8.9022,40.7579],[8.8986,40.7646],[8.8931,40.7824],[8.9009,40.7925],[8.9019,40.7954],[8.9086,40.795],[8.9102,40.8039],[8.9144,40.8067],[8.9271,40.812],[8.9299,40.8112],[8.9339,40.8084],[8.9363,40.8085],[8.9489,40.8151],[8.952,40.8155],[8.9582,40.8136],[8.963,40.811],[8.9862,40.8082],[8.9885,40.8093]]]}},{"type":"Feature","properties":{"i":"090028","n":"Esporlatu"},"geometry":{"type":"Polygon","coordinates":[[[9.0456,40.3642],[9.045,40.3568],[9.0292,40.3567],[9.0201,40.3605],[9.0178,40.3655],[9.0154,40.3674],[8.9939,40.3695],[8.9809,40.3653],[8.9761,40.3651],[8.9586,40.3699],[8.9524,40.3725],[8.9421,40.3781],[8.9454,40.3889],[8.947,40.3974],[8.9459,40.4071],[8.9446,40.4095],[8.9414,40.4127],[8.949,40.4109],[8.9661,40.404],[8.9751,40.3969],[8.9658,40.3871],[8.9871,40.3876],[8.9935,40.386],[9.0047,40.3793],[9.0273,40.3688],[9.0421,40.3662],[9.0456,40.3642]]]}},{"type":"Feature","properties":{"i":"090029","n":"Florinas"},"geometry":{"type":"Polygon","coordinates":[[[8.707,40.6155],[8.7004,40.6154],[8.6839,40.6126],[8.6783,40.6098],[8.6763,40.6063],[8.6677,40.6027],[8.6593,40.5967],[8.6435,40.5924],[8.6443,40.5911],[8.6404,40.588],[8.6356,40.5869],[8.6278,40.5879],[8.6217,40.59],[8.6108,40.5948],[8.6049,40.6001],[8.6054,40.6029],[8.6069,40.6048],[8.6141,40.6115],[8.6184,40.6135],[8.6212,40.6119],[8.6251,40.6073],[8.6283,40.6054],[8.6331,40.6051],[8.6362,40.606],[8.6422,40.6105],[8.6434,40.6143],[8.6416,40.62],[8.6346,40.6304],[8.6317,40.6368],[8.6316,40.6386],[8.6337,40.6432],[8.6336,40.6454],[8.6282,40.6527],[8.6415,40.6654],[8.6523,40.6713],[8.6544,40.671],[8.6641,40.6609],[8.6863,40.6409],[8.6895,40.6365],[8.6897,40.6332],[8.6995,40.6294],[8.707,40.6155]]]}},{"type":"Feature","properties":{"i":"090030","n":"Giave"},"geometry":{"type":"Polygon","coordinates":[[[8.6715,40.4884],[8.6679,40.4849],[8.6678,40.4809],[8.6738,40.4777],[8.6794,40.4766],[8.6892,40.4792],[8.7123,40.4772],[8.7158,40.4751],[8.7168,40.4706],[8.7209,40.4702],[8.7422,40.4713],[8.7468,40.4723],[8.749,40.4738],[8.7529,40.4795],[8.7549,40.4809],[8.7608,40.4794],[8.7742,40.481],[8.7775,40.4796],[8.7942,40.4685],[8.8037,40.4672],[8.806,40.4684],[8.8084,40.4641],[8.8059,40.4604],[8.7979,40.4527],[8.7866,40.4465],[8.7679,40.4329],[8.7542,40.4277],[8.7416,40.4275],[8.7374,40.4265],[8.7354,40.4307],[8.7325,40.442],[8.723,40.4496],[8.71,40.4572],[8.7014,40.4598],[8.6892,40.4591],[8.6836,40.4604],[8.6743,40.4642],[8.6604,40.4671],[8.6529,40.466],[8.6426,40.4695],[8.6219,40.4832],[8.6357,40.4948],[8.6441,40.4922],[8.6474,40.4921],[8.6618,40.499],[8.6654,40.4994],[8.6712,40.4988],[8.6727,40.4973],[8.6715,40.4884]]]}},{"type":"Feature","properties":{"i":"090031","n":"Illorai"},"geometry":{"type":"Polygon","coordinates":[[[8.9226,40.4258],[8.9238,40.4217],[8.9234,40.4208],[8.9264,40.4168],[8.9318,40.4135],[8.9414,40.4127],[8.9446,40.4095],[8.9459,40.4071],[8.947,40.3974],[8.9454,40.3889],[8.9421,40.3781],[8.9524,40.3725],[8.9586,40.3699],[8.9761,40.3651],[8.9809,40.3653],[8.9939,40.3695],[9.0154,40.3674],[9.0178,40.3655],[9.0201,40.3605],[9.0292,40.3567],[9.045,40.3568],[9.0504,40.3554],[9.062,40.3555],[9.0644,40.3543],[9.0669,40.3513],[9.079,40.3443],[9.083,40.341],[9.077,40.3386],[9.0615,40.3368],[9.0423,40.3266],[9.0388,40.3091],[9.028,40.2966],[9.0267,40.2968],[9.0055,40.3157],[8.9914,40.3232],[8.9869,40.3272],[8.9819,40.3328],[8.9813,40.3376],[8.9759,40.3427],[8.9667,40.3478],[8.9484,40.3685],[8.932,40.373],[8.9118,40.3814],[8.9003,40.3889],[8.8971,40.3944],[8.8973,40.3959],[8.8992,40.3978],[8.9005,40.4012],[8.898,40.4058],[8.9016,40.4055],[8.9044,40.4063],[8.9082,40.4089],[8.9136,40.4158],[8.9166,40.424],[8.9226,40.4258]]]}},{"type":"Feature","properties":{"i":"090032","n":"Ittireddu"},"geometry":{"type":"Polygon","coordinates":[[[8.9293,40.5424],[8.9161,40.4922],[8.9,40.4928],[8.8954,40.506],[8.8943,40.5154],[8.8928,40.5185],[8.8839,40.5255],[8.8771,40.5282],[8.8782,40.5532],[8.8826,40.5611],[8.8872,40.5629],[8.8881,40.5649],[8.9162,40.5621],[8.9156,40.5514],[8.9118,40.5458],[8.9234,40.546],[8.9386,40.5512],[8.9334,40.545],[8.9293,40.5424]]]}},{"type":"Feature","properties":{"i":"090033","n":"Ittiri"},"geometry":{"type":"Polygon","coordinates":[[[8.592,40.6266],[8.5949,40.6267],[8.601,40.6242],[8.6175,40.6152],[8.6184,40.6135],[8.6141,40.6115],[8.6069,40.6048],[8.6054,40.6029],[8.6049,40.5998],[8.6108,40.5948],[8.6217,40.59],[8.6278,40.5879],[8.6356,40.5869],[8.6321,40.5848],[8.6271,40.5836],[8.6269,40.5828],[8.6293,40.5802],[8.6358,40.5762],[8.6412,40.5741],[8.6406,40.5714],[8.6386,40.5693],[8.6245,40.5663],[8.6221,40.5576],[8.6211,40.5484],[8.6195,40.5457],[8.6138,40.5438],[8.6102,40.5437],[8.6067,40.5383],[8.5984,40.5406],[8.5921,40.5367],[8.5926,40.5318],[8.5912,40.5305],[8.5893,40.5301],[8.5856,40.5333],[8.5836,40.5336],[8.5766,40.5322],[8.5759,40.5314],[8.5764,40.5292],[8.5777,40.5282],[8.5739,40.5276],[8.5695,40.5304],[8.5673,40.5377],[8.5622,40.5399],[8.5512,40.5383],[8.5495,40.5423],[8.538,40.5509],[8.534,40.5529],[8.523,40.5549],[8.5204,40.5542],[8.5174,40.5521],[8.5174,40.5501],[8.516,40.5477],[8.5113,40.5445],[8.4929,40.539],[8.4796,40.5329],[8.4815,40.5378],[8.4963,40.5597],[8.4973,40.5668],[8.4928,40.5781],[8.4904,40.5813],[8.4852,40.5831],[8.4847,40.5865],[8.4864,40.593],[8.4889,40.5983],[8.4923,40.6014],[8.4957,40.6131],[8.495,40.6165],[8.4977,40.6233],[8.4995,40.6251],[8.5049,40.6243],[8.5121,40.6291],[8.5154,40.6363],[8.5146,40.6408],[8.517,40.6441],[8.5205,40.647],[8.527,40.6451],[8.5288,40.6456],[8.5574,40.644],[8.5675,40.6418],[8.5722,40.639],[8.5736,40.6367],[8.5741,40.6329],[8.5783,40.6291],[8.587,40.6254],[8.592,40.6266]]]}},{"type":"Feature","properties":{"i":"090034","n":"Laerru"},"geometry":{"type":"Polygon","coordinates":[[[8.8631,40.8249],[8.8655,40.8238],[8.8716,40.8182],[8.8797,40.8051],[8.8804,40.8022],[8.8777,40.7994],[8.8589,40.791],[8.8494,40.7928],[8.8453,40.7972],[8.8367,40.7998],[8.8331,40.799],[8.8157,40.8],[8.8068,40.8043],[8.8057,40.8082],[8.8062,40.8134],[8.8052,40.8245],[8.808,40.8284],[8.8157,40.8305],[8.8223,40.8285],[8.8308,40.8289],[8.8375,40.8302],[8.84,40.8315],[8.852,40.8296],[8.8588,40.8273],[8.8631,40.8249]]]}},{"type":"Feature","properties":{"i":"090038","n":"Mara"},"geometry":{"type":"Polygon","coordinates":[[[8.6628,40.4385],[8.6619,40.4356],[8.6497,40.4294],[8.6425,40.422],[8.6421,40.4181],[8.6427,40.4105],[8.6392,40.4056],[8.6372,40.4049],[8.633,40.4073],[8.6038,40.4336],[8.6011,40.4373],[8.6019,40.4415],[8.6093,40.4431],[8.642,40.4622],[8.653,40.4653],[8.6579,40.4648],[8.6626,40.4478],[8.6633,40.4435],[8.6628,40.4385]]]}},{"type":"Feature","properties":{"i":"090039","n":"Martis"},"geometry":{"type":"Polygon","coordinates":[[[8.8804,40.8022],[8.8857,40.7967],[8.8808,40.7937],[8.8764,40.7873],[8.8753,40.7836],[8.8618,40.7825],[8.8581,40.7813],[8.8472,40.7753],[8.8423,40.7704],[8.8339,40.7682],[8.8216,40.765],[8.8018,40.7629],[8.7988,40.7644],[8.7922,40.7655],[8.7904,40.7649],[8.7865,40.7665],[8.7818,40.7766],[8.7814,40.7792],[8.7826,40.783],[8.7933,40.7889],[8.7942,40.7902],[8.7938,40.7926],[8.7951,40.798],[8.8021,40.8024],[8.8068,40.8043],[8.8157,40.8],[8.8331,40.799],[8.8367,40.7998],[8.8453,40.7972],[8.8494,40.7928],[8.8585,40.791],[8.8777,40.7994],[8.8804,40.8022]]]}},{"type":"Feature","properties":{"i":"090040","n":"Monteleone Rocca Doria"},"geometry":{"type":"Polygon","coordinates":[[[8.5892,40.4469],[8.5843,40.4476],[8.5756,40.4505],[8.5699,40.4471],[8.5688,40.4455],[8.5584,40.4539],[8.542,40.4652],[8.5359,40.4653],[8.5293,40.4749],[8.5281,40.4804],[8.5291,40.4831],[8.5327,40.4858],[8.543,40.5022],[8.5457,40.4968],[8.5478,40.4945],[8.5531,40.4903],[8.558,40.4876],[8.5651,40.4813],[8.5699,40.4739],[8.5714,40.4694],[8.577,40.4623],[8.5818,40.4575],[8.5877,40.4499],[8.5892,40.4469]]]}},{"type":"Feature","properties":{"i":"090042","n":"Mores"},"geometry":{"type":"Polygon","coordinates":[[[8.8881,40.5649],[8.8872,40.5629],[8.8826,40.5611],[8.8782,40.5532],[8.8771,40.5282],[8.8839,40.5255],[8.8928,40.5185],[8.8943,40.5154],[8.8954,40.506],[8.8999,40.4931],[8.8963,40.4925],[8.8914,40.4896],[8.8827,40.4873],[8.8647,40.4881],[8.8557,40.4963],[8.8465,40.4977],[8.8394,40.497],[8.8342,40.499],[8.8309,40.501],[8.8215,40.5096],[8.8198,40.5128],[8.8205,40.5157],[8.8197,40.5181],[8.8163,40.5209],[8.8149,40.5211],[8.8144,40.5231],[8.8071,40.5304],[8.8011,40.5392],[8.7964,40.5594],[8.794,40.5616],[8.78,40.5703],[8.78,40.5757],[8.7913,40.5954],[8.7925,40.5989],[8.7954,40.5975],[8.7976,40.5977],[8.8012,40.599],[8.8026,40.6012],[8.8053,40.6027],[8.8201,40.6073],[8.8386,40.6079],[8.8598,40.6115],[8.8789,40.6132],[8.8893,40.618],[8.8967,40.6161],[8.9008,40.614],[8.9036,40.6069],[8.904,40.6035],[8.9014,40.5982],[8.881,40.583],[8.8852,40.5785],[8.8826,40.5695],[8.8857,40.5662],[8.8881,40.5649]]]}},{"type":"Feature","properties":{"i":"090043","n":"Muros"},"geometry":{"type":"Polygon","coordinates":[[[8.6111,40.7149],[8.6094,40.7133],[8.6101,40.7114],[8.6142,40.7085],[8.6195,40.706],[8.6246,40.7047],[8.6337,40.7062],[8.6407,40.7053],[8.6476,40.7028],[8.6505,40.6992],[8.6463,40.6963],[8.6429,40.6952],[8.6319,40.6878],[8.6277,40.6821],[8.621,40.6776],[8.6161,40.6748],[8.6122,40.675],[8.6064,40.6855],[8.5994,40.6899],[8.5904,40.6979],[8.5896,40.7004],[8.5917,40.7009],[8.6025,40.7148],[8.6047,40.7161],[8.609,40.7165],[8.6111,40.7149]]]}},{"type":"Feature","properties":{"i":"090044","n":"Nughedu San Nicolò"},"geometry":{"type":"Polygon","coordinates":[[[9.065,40.5358],[9.0524,40.5374],[9.032,40.5247],[9.0204,40.5107],[9.0145,40.5052],[8.9971,40.494],[8.9942,40.4941],[8.9894,40.4918],[8.9864,40.4889],[8.9788,40.4879],[8.977,40.4899],[8.9667,40.4899],[8.9566,40.4885],[8.9531,40.4906],[8.9497,40.4909],[8.9367,40.4875],[8.9188,40.4849],[8.9124,40.4863],[8.9046,40.4892],[8.8999,40.4923],[8.9,40.4928],[8.9161,40.4922],[8.9293,40.5424],[8.9469,40.5359],[8.9543,40.5377],[8.9613,40.5381],[8.9716,40.5448],[8.9779,40.5524],[8.9826,40.5552],[8.9848,40.5537],[8.9917,40.553],[8.9968,40.5608],[9.0039,40.5657],[9.014,40.5691],[9.0245,40.569],[9.0445,40.5739],[9.0495,40.5684],[9.0551,40.5522],[9.0493,40.5451],[9.056,40.5408],[9.0643,40.5393],[9.065,40.5358]]]}},{"type":"Feature","properties":{"i":"090045","n":"Nule"},"geometry":{"type":"Polygon","coordinates":[[[9.2788,40.5108],[9.2768,40.5045],[9.2777,40.4982],[9.2783,40.4958],[9.2813,40.4924],[9.2829,40.4876],[9.2845,40.4817],[9.2826,40.4788],[9.2845,40.4766],[9.2778,40.4751],[9.2771,40.4742],[9.2775,40.4719],[9.2716,40.4694],[9.2515,40.4666],[9.2476,40.4619],[9.2371,40.4595],[9.2254,40.4584],[9.2102,40.4555],[9.2053,40.4517],[9.1995,40.445],[9.1974,40.4406],[9.1922,40.4364],[9.1791,40.4541],[9.1789,40.4699],[9.1709,40.4915],[9.1659,40.499],[9.1584,40.5064],[9.1585,40.5111],[9.1697,40.5159],[9.1913,40.5235],[9.1896,40.5173],[9.1826,40.5115],[9.1821,40.5087],[9.1938,40.5061],[9.2037,40.5056],[9.2088,40.5061],[9.2229,40.5026],[9.2466,40.5047],[9.2526,40.5089],[9.264,40.5116],[9.2788,40.5108]]]}},{"type":"Feature","properties":{"i":"090046","n":"Nulvi"},"geometry":{"type":"Polygon","coordinates":[[[8.7477,40.8539],[8.7478,40.8529],[8.7592,40.8455],[8.767,40.8418],[8.7736,40.84],[8.7948,40.8292],[8.8018,40.8222],[8.8057,40.8199],[8.8057,40.8082],[8.8068,40.8043],[8.7956,40.7984],[8.7945,40.797],[8.7938,40.7926],[8.7942,40.7902],[8.7933,40.7889],[8.7829,40.7833],[8.7821,40.7821],[8.7818,40.7766],[8.7865,40.7665],[8.7904,40.7649],[8.7898,40.7625],[8.7844,40.7574],[8.7735,40.7519],[8.7671,40.741],[8.7645,40.7335],[8.7646,40.7317],[8.7591,40.7287],[8.7561,40.7295],[8.7535,40.7325],[8.7509,40.7403],[8.7509,40.7508],[8.7367,40.75],[8.7249,40.7569],[8.7129,40.7976],[8.7144,40.8094],[8.7127,40.8169],[8.7106,40.82],[8.7148,40.8222],[8.7189,40.8258],[8.7214,40.8363],[8.7274,40.8419],[8.7355,40.8455],[8.7385,40.8495],[8.7448,40.8535],[8.7477,40.8539]]]}},{"type":"Feature","properties":{"i":"090048","n":"Olmedo"},"geometry":{"type":"Polygon","coordinates":[[[8.4261,40.6523],[8.4202,40.6416],[8.418,40.633],[8.42,40.6323],[8.4214,40.6303],[8.4201,40.6284],[8.4145,40.6246],[8.4112,40.6257],[8.4007,40.6261],[8.3967,40.6255],[8.3892,40.6225],[8.3805,40.6242],[8.3735,40.6275],[8.3618,40.6209],[8.3577,40.6218],[8.3584,40.6276],[8.3613,40.6312],[8.3559,40.6366],[8.3509,40.6375],[8.3403,40.6496],[8.3451,40.6609],[8.3463,40.6713],[8.3686,40.6718],[8.3799,40.6834],[8.407,40.6745],[8.4157,40.662],[8.4261,40.6523]]]}},{"type":"Feature","properties":{"i":"090050","n":"Osilo"},"geometry":{"type":"Polygon","coordinates":[[[8.7106,40.82],[8.7127,40.8169],[8.7144,40.8094],[8.7129,40.7976],[8.7249,40.7569],[8.7367,40.75],[8.7509,40.7508],[8.7509,40.7403],[8.7474,40.7379],[8.7431,40.7362],[8.7355,40.7359],[8.734,40.7348],[8.7328,40.7335],[8.733,40.7298],[8.7265,40.7217],[8.7026,40.7264],[8.6829,40.7215],[8.6881,40.716],[8.692,40.7135],[8.6947,40.7136],[8.7002,40.7046],[8.7005,40.7035],[8.6995,40.701],[8.6946,40.701],[8.6859,40.7032],[8.6733,40.7031],[8.6674,40.7018],[8.663,40.6993],[8.6505,40.6992],[8.6476,40.7028],[8.6418,40.705],[8.6337,40.7062],[8.629,40.7057],[8.6275,40.7048],[8.624,40.7048],[8.6195,40.706],[8.6107,40.7108],[8.6094,40.7133],[8.6111,40.7149],[8.6118,40.7136],[8.6146,40.7128],[8.633,40.7163],[8.6389,40.716],[8.6434,40.723],[8.6422,40.7275],[8.6357,40.7344],[8.6329,40.7411],[8.631,40.7466],[8.6296,40.7589],[8.628,40.7614],[8.6205,40.7611],[8.6189,40.7596],[8.6187,40.7582],[8.6159,40.7561],[8.6086,40.756],[8.6141,40.7579],[8.6162,40.7602],[8.6171,40.7658],[8.6162,40.7676],[8.6128,40.7695],[8.6116,40.7732],[8.6147,40.7772],[8.6196,40.7806],[8.6241,40.7852],[8.6328,40.7966],[8.6361,40.7995],[8.641,40.8009],[8.6526,40.8006],[8.6582,40.8049],[8.6664,40.8181],[8.6636,40.8213],[8.666,40.8295],[8.6682,40.8324],[8.6667,40.8356],[8.671,40.8358],[8.6719,40.8341],[8.6755,40.8317],[8.6887,40.8299],[8.6998,40.8213],[8.7061,40.8197],[8.7106,40.82]]]}},{"type":"Feature","properties":{"i":"090051","n":"Ossi"},"geometry":{"type":"Polygon","coordinates":[[[8.6122,40.675],[8.6104,40.6737],[8.6092,40.6693],[8.611,40.6631],[8.6239,40.6543],[8.6282,40.6527],[8.6336,40.6454],[8.6337,40.6432],[8.6316,40.6386],[8.6317,40.6368],[8.6346,40.6304],[8.6413,40.6206],[8.6434,40.6143],[8.6422,40.6105],[8.6362,40.606],[8.6331,40.6051],[8.627,40.6059],[8.6215,40.6117],[8.6138,40.6177],[8.5952,40.6266],[8.592,40.6266],[8.594,40.6343],[8.5986,40.6442],[8.5893,40.655],[8.5815,40.6613],[8.579,40.6618],[8.5737,40.6665],[8.5727,40.6725],[8.5749,40.6768],[8.5743,40.6795],[8.5539,40.6886],[8.5521,40.6915],[8.563,40.6954],[8.5671,40.6945],[8.5786,40.6963],[8.5802,40.6977],[8.5886,40.7008],[8.5896,40.7004],[8.5904,40.6979],[8.5994,40.6899],[8.6064,40.6855],[8.6122,40.675]]]}},{"type":"Feature","properties":{"i":"090052","n":"Ozieri"},"geometry":{"type":"Polygon","coordinates":[[[8.9503,40.7486],[8.9479,40.745],[8.948,40.739],[8.9563,40.6961],[8.9562,40.6902],[8.9585,40.6866],[8.9711,40.6872],[8.9771,40.6861],[8.9821,40.6838],[8.9858,40.6849],[8.9914,40.692],[9.0004,40.6981],[9.0061,40.6998],[9.0076,40.6992],[9.008,40.6969],[9.0032,40.6959],[9.0023,40.695],[9.0055,40.6875],[9.0099,40.6822],[9.0125,40.6805],[9.0282,40.675],[9.0325,40.6742],[9.048,40.6725],[9.0546,40.6732],[9.0503,40.6636],[9.0499,40.657],[9.0506,40.6489],[9.056,40.6391],[9.0566,40.635],[9.055,40.6273],[9.0505,40.6223],[9.0531,40.609],[9.0569,40.6004],[9.0536,40.5833],[9.0555,40.5779],[9.0525,40.5697],[9.0496,40.5693],[9.0441,40.5739],[9.0245,40.569],[9.014,40.5691],[9.0039,40.5657],[8.9968,40.5608],[8.9917,40.553],[8.9848,40.5537],[8.9826,40.5552],[8.9779,40.5524],[8.9716,40.5448],[8.9613,40.5381],[8.9543,40.5377],[8.9469,40.5359],[8.9293,40.5424],[8.9334,40.545],[8.9386,40.5512],[8.9234,40.546],[8.9118,40.5458],[8.9156,40.5514],[8.9162,40.5621],[8.8876,40.5649],[8.8826,40.5695],[8.8852,40.5785],[8.881,40.583],[8.9014,40.5982],[8.9037,40.6021],[8.9036,40.6069],[8.9008,40.614],[8.8967,40.6161],[8.8893,40.618],[8.8906,40.6189],[8.8909,40.6217],[8.8759,40.6244],[8.8657,40.6294],[8.8571,40.6327],[8.8527,40.6321],[8.8464,40.6359],[8.8392,40.6427],[8.8376,40.6452],[8.8496,40.6613],[8.8521,40.6603],[8.8548,40.6606],[8.8565,40.6648],[8.8587,40.6754],[8.8541,40.6945],[8.8557,40.7009],[8.8628,40.7016],[8.8831,40.7093],[8.8847,40.7119],[8.9017,40.715],[8.9094,40.7173],[8.9166,40.7202],[8.9212,40.7236],[8.9227,40.7272],[8.909,40.7539],[8.9137,40.7526],[8.9347,40.7528],[8.9503,40.7486]]]}},{"type":"Feature","properties":{"i":"090053","n":"Padria"},"geometry":{"type":"Polygon","coordinates":[[[8.5892,40.4469],[8.5943,40.4484],[8.6019,40.4415],[8.6011,40.4373],[8.6038,40.4336],[8.633,40.4073],[8.6372,40.4049],[8.6357,40.4005],[8.6389,40.3969],[8.6436,40.3954],[8.6444,40.3911],[8.6446,40.3883],[8.6424,40.3801],[8.6404,40.378],[8.6349,40.3779],[8.6295,40.3788],[8.6179,40.3778],[8.615,40.3763],[8.6107,40.3719],[8.6039,40.375],[8.5993,40.373],[8.598,40.3704],[8.5992,40.3685],[8.5924,40.3671],[8.5849,40.3709],[8.5802,40.3695],[8.5791,40.3669],[8.573,40.3629],[8.5706,40.3635],[8.5651,40.3707],[8.5622,40.3814],[8.5504,40.384],[8.5489,40.386],[8.5487,40.3868],[8.5524,40.3884],[8.554,40.3904],[8.5505,40.3962],[8.5381,40.4024],[8.5286,40.4008],[8.5256,40.4018],[8.525,40.4068],[8.5331,40.4108],[8.5364,40.4149],[8.5406,40.4166],[8.5616,40.4152],[8.571,40.4128],[8.5773,40.4145],[8.5775,40.4159],[8.5757,40.4231],[8.5701,40.432],[8.5683,40.437],[8.5681,40.4445],[8.5699,40.4471],[8.5756,40.4505],[8.5843,40.4476],[8.5892,40.4469]]]}},{"type":"Feature","properties":{"i":"090055","n":"Pattada"},"geometry":{"type":"Polygon","coordinates":[[[9.1753,40.6618],[9.1769,40.6492],[9.1813,40.6369],[9.1948,40.6263],[9.1938,40.6149],[9.1889,40.6029],[9.19,40.5944],[9.192,40.5922],[9.1906,40.5739],[9.1911,40.5692],[9.1907,40.5638],[9.1884,40.5593],[9.1855,40.5463],[9.1867,40.5383],[9.1872,40.5375],[9.1894,40.5369],[9.1883,40.5362],[9.1876,40.5327],[9.1913,40.5235],[9.1697,40.5159],[9.1585,40.5111],[9.1522,40.5144],[9.1514,40.5161],[9.1519,40.5268],[9.1553,40.5339],[9.1544,40.5351],[9.1432,40.5317],[9.1363,40.5259],[9.0868,40.5311],[9.0734,40.5289],[9.0717,40.5296],[9.065,40.5358],[9.0647,40.539],[9.0625,40.54],[9.056,40.5408],[9.0493,40.5451],[9.0551,40.5522],[9.0495,40.5684],[9.0463,40.5716],[9.0496,40.5693],[9.0529,40.57],[9.0555,40.5779],[9.0536,40.5833],[9.0569,40.6004],[9.0531,40.609],[9.0505,40.6223],[9.055,40.6273],[9.0566,40.635],[9.056,40.6391],[9.0506,40.6489],[9.0499,40.657],[9.0503,40.6636],[9.0546,40.6732],[9.059,40.6734],[9.066,40.6701],[9.0695,40.6676],[9.0689,40.6631],[9.0704,40.6594],[9.0759,40.6571],[9.0959,40.6515],[9.12,40.6463],[9.1335,40.6531],[9.1328,40.6572],[9.1336,40.6584],[9.1522,40.6579],[9.1753,40.6618]]]}},{"type":"Feature","properties":{"i":"090056","n":"Perfugas"},"geometry":{"type":"Polygon","coordinates":[[[9.0007,40.8313],[9.0038,40.8283],[9.003,40.8233],[8.9991,40.8223],[8.9954,40.8203],[8.9893,40.8153],[8.9875,40.8122],[8.9885,40.8093],[8.9862,40.8082],[8.963,40.811],[8.9582,40.8136],[8.9521,40.8155],[8.9489,40.8151],[8.9363,40.8085],[8.9339,40.8084],[8.9299,40.8112],[8.9259,40.8119],[8.9144,40.8067],[8.9102,40.8039],[8.9086,40.795],[8.8857,40.7967],[8.8804,40.8022],[8.8797,40.8051],[8.8716,40.8182],[8.8655,40.8238],[8.8631,40.8249],[8.8614,40.8302],[8.8727,40.8489],[8.8873,40.857],[8.8865,40.8583],[8.8902,40.8613],[8.8943,40.8666],[8.8963,40.8719],[8.8974,40.8675],[8.9053,40.8558],[8.917,40.8542],[8.9273,40.8508],[8.9501,40.8662],[8.9597,40.8649],[8.968,40.8618],[8.9724,40.8626],[8.9772,40.8601],[8.9801,40.856],[8.9929,40.8432],[8.9976,40.8451],[8.9987,40.8465],[9.0082,40.8464],[9.0093,40.8456],[9.0096,40.8441],[9.0083,40.8413],[9.0038,40.8412],[8.9964,40.8389],[8.9973,40.8356],[9.0007,40.8313]]]}},{"type":"Feature","properties":{"i":"090057","n":"Ploaghe"},"geometry":{"type":"Polygon","coordinates":[[[8.7646,40.7317],[8.7677,40.7293],[8.7743,40.7261],[8.7777,40.726],[8.7815,40.7202],[8.7823,40.7148],[8.7845,40.7091],[8.801,40.705],[8.8148,40.7047],[8.8175,40.7038],[8.8199,40.6973],[8.8199,40.6948],[8.8143,40.6848],[8.8184,40.6835],[8.8255,40.6743],[8.8285,40.6686],[8.832,40.667],[8.8311,40.664],[8.829,40.6619],[8.8205,40.6577],[8.8109,40.6565],[8.8029,40.658],[8.7929,40.6499],[8.7838,40.641],[8.7738,40.634],[8.772,40.6302],[8.769,40.6302],[8.76,40.6274],[8.7558,40.6254],[8.7496,40.6205],[8.7326,40.6094],[8.7272,40.6073],[8.7151,40.6132],[8.7163,40.6141],[8.7171,40.6169],[8.716,40.6185],[8.7121,40.6312],[8.7127,40.6363],[8.7169,40.6431],[8.7169,40.652],[8.7161,40.6563],[8.7158,40.6571],[8.7118,40.6577],[8.7043,40.6698],[8.7031,40.6771],[8.706,40.685],[8.7099,40.689],[8.7125,40.6905],[8.7167,40.6983],[8.7075,40.7038],[8.7015,40.703],[8.7005,40.7035],[8.6947,40.7136],[8.692,40.7135],[8.6881,40.716],[8.6829,40.7215],[8.7026,40.7264],[8.7265,40.7217],[8.733,40.7298],[8.7328,40.7335],[8.734,40.7348],[8.7355,40.7359],[8.7431,40.7362],[8.7474,40.7379],[8.7509,40.7403],[8.7535,40.7325],[8.7561,40.7295],[8.7595,40.7287],[8.7646,40.7317]]]}},{"type":"Feature","properties":{"i":"090058","n":"Porto Torres"},"geometry":{"type":"MultiPolygon","coordinates":[[[[8.4588,40.8196],[8.454,40.8111],[8.4544,40.8077],[8.4496,40.8014],[8.4302,40.7977],[8.4223,40.797],[8.418,40.7977],[8.4115,40.8013],[8.4076,40.8037],[8.4068,40.8059],[8.4055,40.807],[8.4012,40.8085],[8.3885,40.8104],[8.385,40.8086],[8.3736,40.81],[8.3614,40.8136],[8.3538,40.8134],[8.3501,40.812],[8.3474,40.8099],[8.3419,40.8038],[8.3372,40.7919],[8.3275,40.7825],[8.3256,40.7815],[8.3178,40.7834],[8.3149,40.7851],[8.3124,40.7915],[8.2963,40.8209],[8.2988,40.8283],[8.3094,40.8386],[8.3131,40.8446],[8.3126,40.8456],[8.3156,40.8443],[8.3431,40.8415],[8.3484,40.8433],[8.3501,40.8504],[8.3625,40.8529],[8.3847,40.8512],[8.3623,40.8527],[8.3522,40.8505],[8.3502,40.8487],[8.3481,40.8406],[8.3501,40.8397],[8.3722,40.8377],[8.3791,40.8394],[8.3804,40.8384],[8.3906,40.8383],[8.3931,40.8408],[8.4175,40.8399],[8.4224,40.8351],[8.4418,40.825],[8.4519,40.8209],[8.4588,40.8196]]],[[[8.2251,40.9666],[8.2238,40.9676],[8.2256,40.9673],[8.2251,40.9666]]],[[[8.2154,40.9824],[8.218,40.982],[8.2244,40.9779],[8.2248,40.97],[8.221,40.9683],[8.2168,40.9678],[8.2139,40.9695],[8.2119,40.9794],[8.2142,40.9826],[8.2154,40.9824]]],[[[8.2117,40.9854],[8.211,40.9855],[8.2114,40.986],[8.2121,40.9859],[8.2117,40.9854]]],[[[8.253,41.0295],[8.2532,41.0283],[8.252,41.0271],[8.2511,41.0283],[8.2515,41.0293],[8.253,41.0295]]],[[[8.3186,41.1207],[8.326,41.1137],[8.3269,41.1083],[8.3228,41.1059],[8.3302,41.1008],[8.3427,41.0977],[8.346,41.0937],[8.3479,41.0897],[8.346,41.0869],[8.3402,41.0849],[8.3353,41.0794],[8.3402,41.0676],[8.339,41.0608],[8.3323,41.055],[8.3257,41.0539],[8.2953,41.0604],[8.2915,41.0626],[8.2819,41.0657],[8.281,41.0654],[8.2805,41.0618],[8.2749,41.0563],[8.2716,41.0548],[8.2649,41.0552],[8.2587,41.0513],[8.2655,41.0463],[8.2542,41.0364],[8.2473,41.0322],[8.2389,41.0284],[8.2349,41.0241],[8.238,41.0236],[8.2413,41.0247],[8.2413,41.0256],[8.2477,41.027],[8.2486,41.0177],[8.2513,41.0127],[8.2559,41.0116],[8.2638,41.0009],[8.2613,40.9928],[8.2582,40.9886],[8.2551,40.9853],[8.2224,40.9883],[8.2103,40.9878],[8.2088,40.9899],[8.2108,40.9929],[8.2144,40.9934],[8.215,40.9915],[8.2177,40.993],[8.217,40.995],[8.2136,40.9984],[8.2114,41.0037],[8.2139,41.0071],[8.2183,41.01],[8.2236,41.015],[8.2303,41.0232],[8.2244,41.0248],[8.2195,41.0285],[8.2211,41.0295],[8.2235,41.0343],[8.223,41.0373],[8.2205,41.041],[8.2253,41.0439],[8.2451,41.0472],[8.2508,41.0506],[8.2569,41.058],[8.2568,41.0607],[8.2587,41.0639],[8.2652,41.0715],[8.2738,41.0762],[8.2798,41.0763],[8.2842,41.0752],[8.2853,41.0776],[8.2849,41.0807],[8.2814,41.0878],[8.2768,41.0936],[8.2729,41.0967],[8.2723,41.0989],[8.2728,41.1005],[8.2755,41.1045],[8.2775,41.1051],[8.3003,41.1051],[8.3048,41.1063],[8.3105,41.1087],[8.3114,41.1144],[8.316,41.1184],[8.3164,41.1205],[8.3186,41.1207]]]]}},{"type":"Feature","properties":{"i":"090059","n":"Pozzomaggiore"},"geometry":{"type":"Polygon","coordinates":[[[8.6922,40.4019],[8.6926,40.398],[8.6892,40.3951],[8.6869,40.3869],[8.686,40.3799],[8.6823,40.3779],[8.6792,40.3777],[8.678,40.3783],[8.6758,40.3677],[8.682,40.3576],[8.6932,40.3472],[8.697,40.3417],[8.6986,40.3382],[8.6985,40.3308],[8.6943,40.3313],[8.6903,40.3297],[8.688,40.3274],[8.6878,40.3258],[8.6846,40.3211],[8.6755,40.312],[8.6682,40.312],[8.6587,40.3104],[8.6505,40.3002],[8.6454,40.2974],[8.6427,40.297],[8.6397,40.2996],[8.6395,40.303],[8.6404,40.3049],[8.6362,40.311],[8.6259,40.3141],[8.6209,40.3174],[8.6193,40.3227],[8.6111,40.3272],[8.5918,40.3342],[8.5918,40.3378],[8.5903,40.3438],[8.5865,40.354],[8.5781,40.3579],[8.5758,40.3576],[8.5706,40.3635],[8.5742,40.3632],[8.5791,40.3669],[8.5802,40.3695],[8.5849,40.3709],[8.5924,40.3671],[8.5992,40.3685],[8.598,40.3704],[8.5993,40.373],[8.6039,40.375],[8.6107,40.3719],[8.615,40.3763],[8.6179,40.3778],[8.6295,40.3788],[8.6349,40.3779],[8.6404,40.378],[8.6424,40.3801],[8.6446,40.3883],[8.6436,40.3954],[8.6389,40.3969],[8.6357,40.4005],[8.6372,40.4049],[8.6392,40.4056],[8.6427,40.4105],[8.6421,40.4181],[8.6425,40.422],[8.6497,40.4294],[8.6619,40.4356],[8.6628,40.4385],[8.6679,40.4368],[8.6717,40.4286],[8.6717,40.4249],[8.676,40.4217],[8.6821,40.4195],[8.6854,40.4169],[8.6873,40.4093],[8.6922,40.4019]]]}},{"type":"Feature","properties":{"i":"090060","n":"Putifigari"},"geometry":{"type":"Polygon","coordinates":[[[8.4852,40.5831],[8.4904,40.5813],[8.4928,40.5781],[8.4973,40.5668],[8.4963,40.5597],[8.4815,40.5378],[8.4796,40.5329],[8.4695,40.5282],[8.4644,40.5305],[8.4548,40.5279],[8.4479,40.5238],[8.4442,40.5238],[8.4346,40.5289],[8.4335,40.5316],[8.4303,40.5342],[8.4283,40.5344],[8.4196,40.5303],[8.4179,40.5315],[8.418,40.5351],[8.4198,40.5417],[8.4203,40.5565],[8.4196,40.5592],[8.4158,40.5659],[8.4127,40.5697],[8.4061,40.5866],[8.3927,40.6019],[8.3972,40.6122],[8.4003,40.6163],[8.4064,40.6166],[8.4131,40.6189],[8.4134,40.6199],[8.4183,40.6196],[8.4235,40.6178],[8.4307,40.617],[8.4371,40.6173],[8.4387,40.6158],[8.431,40.6055],[8.4354,40.5964],[8.438,40.5955],[8.4422,40.5962],[8.4503,40.5952],[8.4632,40.5916],[8.4852,40.5831]]]}},{"type":"Feature","properties":{"i":"090061","n":"Romana"},"geometry":{"type":"Polygon","coordinates":[[[8.6133,40.4753],[8.6124,40.4721],[8.6095,40.4679],[8.5985,40.4605],[8.5933,40.4531],[8.5943,40.4484],[8.5892,40.4469],[8.5877,40.4499],[8.5818,40.4575],[8.577,40.4623],[8.5714,40.4694],[8.5699,40.4739],[8.5651,40.4813],[8.558,40.4876],[8.5531,40.4903],[8.5478,40.4945],[8.5457,40.4968],[8.543,40.5022],[8.5446,40.5017],[8.5485,40.5025],[8.5528,40.5088],[8.5545,40.5141],[8.5624,40.5169],[8.5682,40.5181],[8.5723,40.5222],[8.5734,40.5249],[8.5757,40.523],[8.5822,40.5],[8.5886,40.4958],[8.5978,40.4931],[8.6067,40.4846],[8.6117,40.4787],[8.6133,40.4753]]]}},{"type":"Feature","properties":{"i":"090087","n":"Santa Maria Coghinas"},"geometry":{"type":"Polygon","coordinates":[[[8.8714,40.921],[8.87,40.9199],[8.8682,40.9162],[8.8693,40.9135],[8.8725,40.9121],[8.8798,40.9113],[8.9012,40.8994],[8.9003,40.8948],[8.8965,40.8908],[8.8951,40.888],[8.9032,40.8783],[8.9024,40.8766],[8.8975,40.8733],[8.8943,40.8666],[8.8902,40.8613],[8.8865,40.8583],[8.8672,40.8791],[8.8651,40.8801],[8.8481,40.8762],[8.8487,40.8779],[8.848,40.88],[8.8307,40.8949],[8.8334,40.898],[8.8383,40.8996],[8.8404,40.9017],[8.8413,40.9065],[8.8404,40.907],[8.8419,40.9127],[8.8444,40.9155],[8.8466,40.9173],[8.8529,40.9133],[8.8539,40.9145],[8.8545,40.9279],[8.8559,40.9307],[8.8714,40.921]]]}},{"type":"Feature","properties":{"i":"090064","n":"Sassari"},"geometry":{"type":"MultiPolygon","coordinates":[[[[8.1876,40.8248],[8.1874,40.8258],[8.188,40.8253],[8.1876,40.8248]]],[[[8.2771,40.8678],[8.295,40.8549],[8.3126,40.8456],[8.3131,40.8446],[8.3094,40.8386],[8.2988,40.8283],[8.2963,40.8209],[8.3124,40.7915],[8.3149,40.7851],[8.3178,40.7834],[8.3256,40.7815],[8.3275,40.7825],[8.3372,40.7919],[8.3419,40.8038],[8.3474,40.8099],[8.3501,40.812],[8.3538,40.8134],[8.3614,40.8136],[8.3736,40.81],[8.385,40.8086],[8.3885,40.8104],[8.4012,40.8085],[8.4055,40.807],[8.4068,40.8059],[8.4076,40.8037],[8.4115,40.8013],[8.418,40.7977],[8.4223,40.797],[8.4302,40.7977],[8.4496,40.8014],[8.4544,40.8077],[8.454,40.8111],[8.4588,40.8196],[8.467,40.8195],[8.4647,40.8161],[8.4686,40.8143],[8.4805,40.8126],[8.4961,40.8121],[8.5079,40.8056],[8.5185,40.7865],[8.5248,40.7795],[8.5307,40.7818],[8.5409,40.7778],[8.5438,40.7742],[8.5527,40.7737],[8.5602,40.7762],[8.5644,40.7763],[8.5799,40.7714],[8.5805,40.7681],[8.5938,40.7593],[8.5983,40.7573],[8.6008,40.7577],[8.6101,40.7558],[8.6152,40.756],[8.6178,40.7574],[8.6205,40.7611],[8.628,40.7614],[8.6296,40.7589],[8.631,40.7466],[8.6329,40.7411],[8.6357,40.7344],[8.6422,40.7275],[8.6434,40.723],[8.6389,40.716],[8.633,40.7163],[8.6146,40.7128],[8.6118,40.7136],[8.6094,40.7165],[8.6047,40.7161],[8.6017,40.7143],[8.5979,40.7082],[8.5917,40.7009],[8.5878,40.7008],[8.5802,40.6977],[8.5786,40.6963],[8.5671,40.6945],[8.563,40.6954],[8.5521,40.6915],[8.5376,40.6903],[8.5312,40.6912],[8.528,40.69],[8.5252,40.69],[8.5225,40.6912],[8.5077,40.6919],[8.4848,40.6879],[8.467,40.6915],[8.458,40.6797],[8.4416,40.6624],[8.429,40.6518],[8.4261,40.6523],[8.4157,40.662],[8.407,40.6745],[8.3799,40.6834],[8.3686,40.6718],[8.3463,40.6713],[8.3459,40.6707],[8.3218,40.666],[8.3188,40.6651],[8.3116,40.6586],[8.3015,40.6637],[8.2988,40.6693],[8.2965,40.6721],[8.2695,40.6734],[8.2622,40.6708],[8.2599,40.6681],[8.256,40.6659],[8.2285,40.6648],[8.2232,40.6652],[8.1988,40.6733],[8.1964,40.6747],[8.1963,40.6775],[8.2028,40.6791],[8.2047,40.6805],[8.2049,40.6849],[8.2032,40.6883],[8.1748,40.6947],[8.1741,40.6983],[8.1752,40.7017],[8.1695,40.7087],[8.1541,40.7171],[8.1531,40.7193],[8.1474,40.7252],[8.1446,40.7272],[8.1419,40.728],[8.1394,40.7276],[8.1331,40.7312],[8.1354,40.7354],[8.1541,40.7491],[8.1606,40.7623],[8.166,40.7672],[8.1666,40.7809],[8.1606,40.7909],[8.1643,40.7962],[8.1717,40.7996],[8.1844,40.8121],[8.1848,40.8171],[8.1916,40.8221],[8.1935,40.8256],[8.1943,40.8302],[8.1931,40.8351],[8.1976,40.8392],[8.207,40.8502],[8.213,40.8525],[8.218,40.8489],[8.2128,40.8395],[8.2123,40.8329],[8.2162,40.8248],[8.2199,40.8234],[8.2263,40.8167],[8.2316,40.8156],[8.236,40.8159],[8.2524,40.8271],[8.2575,40.827],[8.2601,40.8335],[8.2583,40.8351],[8.2592,40.8372],[8.2637,40.8421],[8.2722,40.8449],[8.2765,40.8499],[8.2625,40.8692],[8.2771,40.8678]]]]}},{"type":"Feature","properties":{"i":"090065","n":"Sedini"},"geometry":{"type":"Polygon","coordinates":[[[8.8404,40.907],[8.8413,40.9065],[8.8404,40.9017],[8.8383,40.8996],[8.8334,40.898],[8.8307,40.8949],[8.848,40.88],[8.8487,40.8779],[8.8481,40.8762],[8.8234,40.8715],[8.8184,40.8683],[8.8148,40.8638],[8.8259,40.8443],[8.84,40.8315],[8.8393,40.831],[8.8308,40.8289],[8.8223,40.8285],[8.8157,40.8305],[8.808,40.8284],[8.8052,40.8245],[8.8057,40.8199],[8.8018,40.8222],[8.7948,40.8292],[8.7736,40.84],[8.767,40.8418],[8.7592,40.8455],[8.7478,40.8529],[8.7477,40.8539],[8.7582,40.8699],[8.7634,40.8727],[8.7742,40.8759],[8.7919,40.8841],[8.7991,40.89],[8.8005,40.895],[8.8048,40.8974],[8.8176,40.9095],[8.8226,40.9108],[8.8255,40.9106],[8.8362,40.9073],[8.8404,40.907]]]}},{"type":"Feature","properties":{"i":"090066","n":"Semestene"},"geometry":{"type":"Polygon","coordinates":[[[8.7251,40.4143],[8.7267,40.4112],[8.7426,40.403],[8.7479,40.3873],[8.7522,40.3793],[8.755,40.3693],[8.7565,40.3582],[8.7587,40.3515],[8.7581,40.3503],[8.7551,40.3493],[8.7506,40.351],[8.7495,40.3534],[8.7476,40.3548],[8.7373,40.3533],[8.7302,40.3467],[8.7278,40.3433],[8.7149,40.3437],[8.7106,40.3415],[8.7087,40.3387],[8.7079,40.3343],[8.7069,40.3326],[8.7036,40.3311],[8.6985,40.3308],[8.6986,40.3382],[8.697,40.3417],[8.6932,40.3472],[8.682,40.3576],[8.6758,40.3677],[8.678,40.3783],[8.6792,40.3777],[8.6823,40.3779],[8.686,40.3799],[8.6869,40.3869],[8.6892,40.3951],[8.6926,40.398],[8.6922,40.4019],[8.6995,40.4052],[8.705,40.4061],[8.7067,40.4073],[8.7105,40.4131],[8.7251,40.4143]]]}},{"type":"Feature","properties":{"i":"090067","n":"Sennori"},"geometry":{"type":"Polygon","coordinates":[[[8.6667,40.8356],[8.6682,40.8324],[8.666,40.8295],[8.6636,40.8213],[8.6664,40.8181],[8.6582,40.8049],[8.6526,40.8006],[8.641,40.8009],[8.6361,40.7995],[8.6328,40.7966],[8.6241,40.7852],[8.6196,40.7806],[8.6147,40.7772],[8.6116,40.7732],[8.6128,40.7695],[8.6162,40.7676],[8.6171,40.7658],[8.6162,40.7602],[8.6141,40.7579],[8.6086,40.756],[8.6008,40.7577],[8.5983,40.7573],[8.5938,40.7593],[8.5805,40.7681],[8.5789,40.7737],[8.5769,40.7757],[8.5779,40.7802],[8.5788,40.7812],[8.5827,40.7821],[8.5863,40.7881],[8.5903,40.7981],[8.6043,40.809],[8.6095,40.8158],[8.6218,40.8213],[8.6339,40.8244],[8.6373,40.8274],[8.6449,40.8394],[8.6511,40.8446],[8.6586,40.8472],[8.6607,40.8494],[8.6667,40.8356]]]}},{"type":"Feature","properties":{"i":"090068","n":"Siligo"},"geometry":{"type":"Polygon","coordinates":[[[8.772,40.6302],[8.7747,40.6287],[8.7742,40.625],[8.7757,40.6181],[8.7841,40.61],[8.7925,40.5989],[8.7913,40.5954],[8.78,40.5757],[8.78,40.5703],[8.7717,40.5681],[8.7656,40.5687],[8.7585,40.5706],[8.751,40.5689],[8.746,40.558],[8.7408,40.5618],[8.7279,40.5642],[8.7145,40.5636],[8.7153,40.5656],[8.7046,40.587],[8.6937,40.5978],[8.6719,40.5994],[8.6681,40.6013],[8.6677,40.6027],[8.6763,40.6063],[8.6783,40.6098],[8.6839,40.6126],[8.7004,40.6154],[8.707,40.6155],[8.7151,40.6132],[8.7272,40.6073],[8.7326,40.6094],[8.7496,40.6205],[8.7558,40.6254],[8.76,40.6274],[8.769,40.6302],[8.772,40.6302]]]}},{"type":"Feature","properties":{"i":"090069","n":"Sorso"},"geometry":{"type":"Polygon","coordinates":[[[8.6659,40.8658],[8.6597,40.8585],[8.6584,40.8557],[8.6582,40.8524],[8.6607,40.8494],[8.6586,40.8472],[8.6511,40.8446],[8.6449,40.8394],[8.6362,40.8261],[8.6336,40.8242],[8.6218,40.8213],[8.6095,40.8158],[8.6043,40.809],[8.5903,40.7981],[8.5863,40.7881],[8.5827,40.7821],[8.5788,40.7812],[8.5779,40.7802],[8.5769,40.7757],[8.5799,40.7714],[8.5644,40.7763],[8.5602,40.7762],[8.5527,40.7737],[8.5438,40.7742],[8.5409,40.7778],[8.5307,40.7818],[8.5248,40.7795],[8.5185,40.7865],[8.5079,40.8056],[8.4961,40.8121],[8.4805,40.8126],[8.4696,40.8141],[8.4647,40.8161],[8.467,40.8195],[8.4792,40.8194],[8.4947,40.8205],[8.5244,40.8238],[8.5398,40.8263],[8.5597,40.8312],[8.5766,40.8366],[8.6043,40.8493],[8.6206,40.8605],[8.6253,40.8649],[8.6295,40.8776],[8.6307,40.8784],[8.6336,40.8782],[8.6446,40.8753],[8.6659,40.8658]]]}},{"type":"Feature","properties":{"i":"090089","n":"Stintino"},"geometry":{"type":"MultiPolygon","coordinates":[[[[8.2135,40.8796],[8.2117,40.8801],[8.2144,40.8816],[8.2148,40.8806],[8.2135,40.8796]]],[[[8.1743,40.9397],[8.1736,40.9389],[8.1735,40.9396],[8.1743,40.9397]]],[[[8.2074,40.9712],[8.208,40.9703],[8.2073,40.9698],[8.2056,40.9708],[8.2074,40.9712]]],[[[8.2771,40.8678],[8.2625,40.8692],[8.2765,40.8499],[8.2722,40.8449],[8.2637,40.8421],[8.2592,40.8372],[8.2583,40.8351],[8.2601,40.8335],[8.2575,40.827],[8.2524,40.8271],[8.236,40.8159],[8.2336,40.8156],[8.2263,40.8167],[8.2199,40.8234],[8.2162,40.8248],[8.2123,40.8329],[8.2128,40.8395],[8.218,40.8489],[8.213,40.8525],[8.207,40.8502],[8.2075,40.8535],[8.2186,40.8695],[8.2177,40.8767],[8.2229,40.8875],[8.2218,40.892],[8.2127,40.9031],[8.2057,40.9075],[8.1917,40.9139],[8.1891,40.9176],[8.1912,40.921],[8.1855,40.9269],[8.1781,40.9323],[8.1759,40.9352],[8.1773,40.939],[8.1822,40.9426],[8.1837,40.9474],[8.1891,40.9555],[8.1975,40.9629],[8.2017,40.9727],[8.2061,40.9696],[8.2129,40.961],[8.2364,40.9493],[8.2333,40.9397],[8.2276,40.9386],[8.2279,40.9327],[8.2298,40.928],[8.2344,40.9217],[8.2355,40.9174],[8.2342,40.9147],[8.2323,40.9137],[8.2327,40.9108],[8.2386,40.903],[8.2476,40.8931],[8.2688,40.8741],[8.2771,40.8678]]]]}},{"type":"Feature","properties":{"i":"090086","n":"Tergu"},"geometry":{"type":"Polygon","coordinates":[[[8.7663,40.8735],[8.7582,40.8699],[8.7477,40.8539],[8.7448,40.8535],[8.7385,40.8495],[8.7355,40.8455],[8.7274,40.8419],[8.7214,40.8363],[8.7189,40.8258],[8.7148,40.8222],[8.7099,40.8199],[8.7061,40.8197],[8.6998,40.8213],[8.6887,40.8299],[8.6755,40.8317],[8.6719,40.8341],[8.671,40.8358],[8.6667,40.8356],[8.6607,40.8494],[8.658,40.853],[8.6597,40.8585],[8.6659,40.8658],[8.6696,40.8665],[8.677,40.8724],[8.6859,40.8723],[8.6881,40.8729],[8.6972,40.8797],[8.701,40.8834],[8.7125,40.8845],[8.7254,40.8841],[8.7313,40.882],[8.736,40.876],[8.7449,40.8749],[8.7545,40.8759],[8.7663,40.8735]]]}},{"type":"Feature","properties":{"i":"090071","n":"Thiesi"},"geometry":{"type":"Polygon","coordinates":[[[8.7402,40.5405],[8.7377,40.5405],[8.735,40.5387],[8.7338,40.5297],[8.7361,40.5205],[8.7369,40.5196],[8.7342,40.5152],[8.7283,40.5126],[8.7263,40.5125],[8.7252,40.5142],[8.7222,40.5149],[8.7161,40.5138],[8.7123,40.5077],[8.7111,40.5019],[8.708,40.4975],[8.6964,40.4945],[8.6904,40.4945],[8.6776,40.4893],[8.6715,40.4884],[8.6727,40.4973],[8.6712,40.4988],[8.6654,40.4994],[8.6618,40.499],[8.6559,40.4961],[8.6558,40.4985],[8.6641,40.51],[8.6615,40.5102],[8.6539,40.5084],[8.6383,40.5026],[8.6246,40.4991],[8.623,40.498],[8.6198,40.4932],[8.6199,40.4871],[8.6214,40.4831],[8.6133,40.4753],[8.6117,40.4787],[8.6067,40.4846],[8.5978,40.4931],[8.5886,40.4958],[8.5822,40.5],[8.5757,40.523],[8.5734,40.5249],[8.5777,40.5282],[8.5764,40.5292],[8.5759,40.5314],[8.5766,40.5322],[8.5845,40.5337],[8.5893,40.5301],[8.5912,40.5305],[8.5926,40.5318],[8.5921,40.5367],[8.5984,40.5406],[8.6067,40.5383],[8.6102,40.5437],[8.6138,40.5438],[8.6195,40.5457],[8.6199,40.5467],[8.6273,40.5343],[8.63,40.5333],[8.6376,40.5355],[8.6457,40.5399],[8.6472,40.5428],[8.6484,40.5431],[8.6572,40.5425],[8.6678,40.5403],[8.6812,40.5409],[8.6937,40.5444],[8.7055,40.5452],[8.7104,40.5468],[8.7157,40.547],[8.7244,40.5426],[8.7268,40.5443],[8.7274,40.5464],[8.7303,40.5472],[8.7381,40.5456],[8.7402,40.5436],[8.7402,40.5405]]]}},{"type":"Feature","properties":{"i":"090072","n":"Tissi"},"geometry":{"type":"Polygon","coordinates":[[[8.5521,40.6915],[8.5539,40.6886],[8.5743,40.6795],[8.5749,40.6768],[8.5727,40.6725],[8.5737,40.6665],[8.579,40.6618],[8.5815,40.6613],[8.5893,40.655],[8.5986,40.6442],[8.594,40.6343],[8.5922,40.6363],[8.5873,40.6376],[8.5773,40.6451],[8.5773,40.649],[8.574,40.6543],[8.5721,40.6617],[8.5618,40.6678],[8.5506,40.6688],[8.5436,40.6716],[8.5357,40.6824],[8.5312,40.6912],[8.5376,40.6903],[8.5521,40.6915]]]}},{"type":"Feature","properties":{"i":"090073","n":"Torralba"},"geometry":{"type":"Polygon","coordinates":[[[8.8149,40.5211],[8.8163,40.5209],[8.8199,40.5178],[8.8205,40.5157],[8.8198,40.5128],[8.8213,40.5098],[8.832,40.5002],[8.8394,40.497],[8.8465,40.4977],[8.8557,40.4963],[8.8647,40.4881],[8.8563,40.4881],[8.827,40.4855],[8.8217,40.4837],[8.8133,40.4784],[8.8126,40.4707],[8.8037,40.4672],[8.7982,40.4675],[8.7942,40.4685],[8.7775,40.4796],[8.7742,40.481],[8.7608,40.4794],[8.7549,40.4809],[8.7529,40.4795],[8.7501,40.4905],[8.7538,40.4941],[8.7538,40.4963],[8.7408,40.5062],[8.7439,40.5072],[8.7445,40.5088],[8.743,40.5103],[8.7422,40.5136],[8.7426,40.5151],[8.7526,40.5216],[8.755,40.5227],[8.7568,40.5224],[8.7577,40.526],[8.7744,40.5252],[8.7891,40.5177],[8.8037,40.5208],[8.8149,40.5211]]]}},{"type":"Feature","properties":{"i":"090075","n":"Tula"},"geometry":{"type":"Polygon","coordinates":[[[9.008,40.6969],[9.0069,40.6996],[9.0019,40.699],[8.9914,40.692],[8.9858,40.6849],[8.9821,40.6838],[8.9771,40.6861],[8.9711,40.6872],[8.9585,40.6866],[8.9562,40.6902],[8.9563,40.6961],[8.948,40.739],[8.9479,40.745],[8.9533,40.7547],[8.9558,40.7649],[8.9636,40.7692],[8.9791,40.7856],[8.9781,40.7913],[8.9813,40.7952],[8.9855,40.7965],[8.99,40.7959],[8.9916,40.7978],[8.993,40.8006],[8.9942,40.8065],[8.992,40.8079],[9.0054,40.812],[9.0068,40.8084],[9.0159,40.8047],[9.0219,40.7996],[9.0263,40.7935],[9.0227,40.7898],[9.0209,40.7849],[9.0212,40.7833],[9.0249,40.7788],[9.0257,40.7752],[9.0204,40.7692],[9.0196,40.7658],[9.0207,40.7602],[9.0219,40.7589],[9.0255,40.7573],[9.0271,40.7548],[9.0293,40.7481],[9.0293,40.7442],[9.0252,40.7315],[9.0221,40.7253],[9.0178,40.7218],[9.0184,40.7006],[9.0142,40.6951],[9.0118,40.6951],[9.008,40.6969]]]}},{"type":"Feature","properties":{"i":"090076","n":"Uri"},"geometry":{"type":"Polygon","coordinates":[[[8.527,40.6451],[8.5205,40.647],[8.5167,40.6438],[8.5147,40.641],[8.5154,40.6363],[8.5121,40.6291],[8.5049,40.6243],[8.4995,40.6251],[8.4977,40.6233],[8.495,40.6165],[8.4957,40.6131],[8.4923,40.6014],[8.4889,40.5983],[8.4864,40.593],[8.4847,40.5865],[8.4852,40.5831],[8.4632,40.5916],[8.4503,40.5952],[8.4422,40.5962],[8.4366,40.5958],[8.4354,40.5964],[8.4331,40.6002],[8.4311,40.606],[8.4387,40.6158],[8.4371,40.6173],[8.4307,40.617],[8.4235,40.6178],[8.4183,40.6196],[8.4134,40.6199],[8.4145,40.6246],[8.4201,40.6284],[8.4214,40.6303],[8.42,40.6323],[8.418,40.633],[8.4202,40.6416],[8.4261,40.6523],[8.429,40.6518],[8.4304,40.6525],[8.4323,40.655],[8.4416,40.6624],[8.458,40.6797],[8.4654,40.6892],[8.4748,40.6709],[8.4819,40.6677],[8.4954,40.6657],[8.4997,40.6644],[8.5093,40.656],[8.5168,40.6525],[8.52,40.6527],[8.5221,40.6514],[8.5256,40.649],[8.527,40.6451]]]}},{"type":"Feature","properties":{"i":"090077","n":"Usini"},"geometry":{"type":"Polygon","coordinates":[[[8.5312,40.6912],[8.5357,40.6824],[8.5436,40.6716],[8.5506,40.6688],[8.5618,40.6678],[8.5721,40.6617],[8.574,40.6543],[8.5773,40.649],[8.5773,40.6451],[8.5873,40.6376],[8.5922,40.6363],[8.594,40.6343],[8.592,40.6266],[8.587,40.6254],[8.5783,40.6291],[8.5741,40.6329],[8.5726,40.6385],[8.5679,40.6417],[8.5574,40.644],[8.5288,40.6456],[8.527,40.6451],[8.5256,40.649],[8.5221,40.6514],[8.52,40.6527],[8.5168,40.6525],[8.5093,40.656],[8.4997,40.6644],[8.4784,40.6688],[8.4748,40.6709],[8.4654,40.6892],[8.467,40.6915],[8.4848,40.6879],[8.5077,40.6919],[8.5225,40.6912],[8.5252,40.69],[8.528,40.69],[8.5312,40.6912]]]}},{"type":"Feature","properties":{"i":"090079","n":"Valledoria"},"geometry":{"type":"Polygon","coordinates":[[[8.8743,40.9325],[8.8714,40.921],[8.8559,40.9307],[8.8545,40.9279],[8.8539,40.9145],[8.8529,40.9133],[8.8466,40.9173],[8.8419,40.9127],[8.8404,40.907],[8.8362,40.9073],[8.831,40.9094],[8.8226,40.9108],[8.8176,40.9095],[8.8048,40.8974],[8.7924,40.8903],[8.7849,40.8897],[8.7756,40.8915],[8.772,40.893],[8.7814,40.9084],[8.7812,40.9123],[8.7804,40.9136],[8.7742,40.914],[8.7724,40.917],[8.7819,40.9193],[8.7904,40.9224],[8.8027,40.9312],[8.8026,40.9305],[8.8041,40.9308],[8.8197,40.9383],[8.8327,40.948],[8.8625,40.939],[8.8743,40.9325]]]}},{"type":"Feature","properties":{"i":"090082","n":"Viddalba"},"geometry":{"type":"Polygon","coordinates":[[[8.9917,40.9157],[8.9882,40.9108],[8.9834,40.9064],[8.9783,40.9031],[8.962,40.8975],[8.9459,40.8935],[8.9258,40.8853],[8.9072,40.8894],[8.8965,40.8908],[8.9007,40.8955],[8.9009,40.8999],[8.8798,40.9113],[8.8725,40.9121],[8.87,40.9131],[8.8682,40.9162],[8.87,40.9199],[8.8714,40.921],[8.8743,40.9325],[8.8971,40.9337],[8.9034,40.9378],[8.9186,40.9457],[8.932,40.9515],[8.9352,40.9582],[8.9437,40.9623],[8.9456,40.9571],[8.9617,40.9591],[8.9694,40.9557],[8.9751,40.949],[8.9753,40.9443],[8.9711,40.9411],[8.9623,40.9384],[8.9615,40.9353],[8.9679,40.9317],[8.9804,40.9313],[8.9851,40.9227],[8.9859,40.9199],[8.9859,40.9149],[8.9917,40.9157]]]}},{"type":"Feature","properties":{"i":"090078","n":"Villanova Monteleone"},"geometry":{"type":"Polygon","coordinates":[[[8.5777,40.5282],[8.5734,40.5249],[8.5723,40.5222],[8.5682,40.5181],[8.5624,40.5169],[8.5545,40.5141],[8.5528,40.5088],[8.5485,40.5025],[8.5446,40.5017],[8.543,40.5022],[8.5327,40.4858],[8.5291,40.4831],[8.5281,40.4804],[8.5293,40.4749],[8.5359,40.4653],[8.542,40.4652],[8.5584,40.4539],[8.5688,40.4455],[8.5681,40.4441],[8.5683,40.437],[8.5701,40.432],[8.5757,40.4231],[8.5775,40.4159],[8.5773,40.4145],[8.571,40.4128],[8.5616,40.4152],[8.5411,40.4167],[8.5374,40.4155],[8.5331,40.4108],[8.525,40.4068],[8.5192,40.4164],[8.5144,40.4215],[8.5006,40.4261],[8.4967,40.426],[8.4944,40.4256],[8.4887,40.4214],[8.4876,40.4195],[8.4876,40.4159],[8.4858,40.4129],[8.4791,40.4087],[8.4589,40.4072],[8.4536,40.4001],[8.4442,40.3957],[8.4407,40.3959],[8.4395,40.3965],[8.4396,40.3973],[8.4348,40.3978],[8.4264,40.3942],[8.4225,40.3937],[8.4112,40.3979],[8.3998,40.4076],[8.4015,40.4091],[8.3992,40.4191],[8.3978,40.4304],[8.393,40.4417],[8.3861,40.4534],[8.3843,40.4609],[8.3774,40.477],[8.3737,40.4909],[8.3679,40.4964],[8.3732,40.5117],[8.3818,40.5147],[8.3989,40.5227],[8.4118,40.5248],[8.4196,40.5303],[8.4288,40.5345],[8.4306,40.5341],[8.4335,40.5316],[8.4346,40.5289],[8.4398,40.5256],[8.4461,40.5234],[8.4548,40.5279],[8.4615,40.5299],[8.4644,40.5305],[8.4695,40.5282],[8.4929,40.539],[8.5113,40.5445],[8.516,40.5477],[8.5174,40.5501],[8.5174,40.5521],[8.5204,40.5542],[8.523,40.5549],[8.534,40.5529],[8.538,40.5509],[8.5495,40.5423],[8.5512,40.5383],[8.5622,40.5399],[8.5673,40.5377],[8.5702,40.5296],[8.5734,40.5277],[8.5777,40.5282]]]}},{"type":"Feature","properties":{"i":"090001","n":"Aggius"},"geometry":{"type":"Polygon","coordinates":[[[9.0569,41.0606],[9.0594,41.0466],[9.0544,41.0356],[9.0537,41.0274],[9.0666,41.0058],[9.068,41.0018],[9.064,40.9987],[9.0626,40.9958],[9.0643,40.9952],[9.0518,40.9777],[9.0486,40.9698],[9.07,40.9529],[9.0768,40.9503],[9.0866,40.9444],[9.0893,40.9397],[9.0893,40.937],[9.0838,40.9262],[9.0705,40.9149],[9.0666,40.9126],[9.0652,40.9098],[9.0436,40.9174],[9.0437,40.9181],[9.0395,40.9215],[8.9859,40.9149],[8.9859,40.9199],[8.9851,40.9227],[8.9804,40.9313],[8.9679,40.9317],[8.9613,40.9357],[8.9623,40.9384],[8.9711,40.9411],[8.9752,40.9439],[8.9751,40.949],[8.9719,40.9529],[8.9694,40.9557],[8.9617,40.9591],[8.9456,40.9571],[8.9437,40.9623],[8.9624,40.9599],[8.9755,40.961],[8.9816,40.9688],[8.9863,40.9876],[8.9936,40.9974],[9.0443,41.0283],[9.0414,41.036],[9.0376,41.0391],[9.0355,41.0423],[9.0353,41.0464],[9.0365,41.0548],[9.0385,41.0577],[9.0469,41.0654],[9.0498,41.0656],[9.0569,41.0606]]]}},{"type":"Feature","properties":{"i":"090062","n":"Aglientu"},"geometry":{"type":"MultiPolygon","coordinates":[[[[9.1193,41.1582],[9.12,41.1585],[9.1204,41.1577],[9.1191,41.1575],[9.1193,41.1582]]],[[[9.2245,41.1489],[9.2346,41.1436],[9.225,41.1422],[9.2134,41.1439],[9.2049,41.138],[9.202,41.1347],[9.2,41.1353],[9.1905,41.1337],[9.1886,41.1181],[9.1896,41.1098],[9.1888,41.1075],[9.1734,41.1083],[9.1647,41.11],[9.1606,41.1099],[9.1527,41.108],[9.1505,41.1039],[9.1504,41.1017],[9.1549,41.1001],[9.1576,41.097],[9.154,41.0928],[9.1511,41.0917],[9.1453,41.0861],[9.1515,41.0778],[9.1581,41.0759],[9.1621,41.0729],[9.1515,41.0606],[9.1301,41.0389],[9.1161,41.0336],[9.1104,41.0303],[9.1008,41.0218],[9.0985,41.0222],[9.0947,41.0196],[9.0878,41.0091],[9.079,41.0008],[9.0643,40.9952],[9.0627,40.9954],[9.0627,40.9963],[9.064,40.9987],[9.068,41.0018],[9.0666,41.0058],[9.0537,41.0274],[9.0544,41.0356],[9.0594,41.0466],[9.0569,41.0606],[9.0574,41.0627],[9.0549,41.0715],[9.0471,41.0832],[9.0413,41.0885],[9.0006,41.1046],[8.9967,41.1049],[9.0083,41.1208],[9.0119,41.1238],[9.0307,41.1306],[9.0423,41.1373],[9.0463,41.1381],[9.0508,41.1374],[9.058,41.1281],[9.0638,41.1274],[9.0919,41.1302],[9.1094,41.1345],[9.1229,41.147],[9.1231,41.1488],[9.1204,41.1496],[9.1189,41.1515],[9.1202,41.155],[9.1246,41.1564],[9.1263,41.1549],[9.1313,41.1538],[9.1395,41.1538],[9.1491,41.1552],[9.1591,41.1609],[9.1677,41.1681],[9.171,41.1737],[9.1711,41.177],[9.2245,41.1489]]]]}},{"type":"Feature","properties":{"i":"090002","n":"Alà dei Sardi"},"geometry":{"type":"Polygon","coordinates":[[[9.4001,40.7438],[9.3989,40.7414],[9.3998,40.7384],[9.4112,40.7374],[9.4208,40.7348],[9.4232,40.7315],[9.4253,40.7081],[9.4246,40.6805],[9.4449,40.6757],[9.4563,40.6714],[9.4613,40.6647],[9.4607,40.661],[9.463,40.6573],[9.465,40.6558],[9.4643,40.6536],[9.4472,40.6539],[9.4361,40.6582],[9.4201,40.6583],[9.4184,40.6566],[9.4175,40.6541],[9.4166,40.6396],[9.4115,40.6332],[9.4057,40.6276],[9.3974,40.6237],[9.3951,40.62],[9.395,40.6183],[9.3882,40.616],[9.3823,40.6164],[9.3787,40.6153],[9.3791,40.6108],[9.3862,40.6057],[9.394,40.5946],[9.3644,40.5968],[9.3542,40.6013],[9.3383,40.6116],[9.3264,40.6161],[9.314,40.6183],[9.3058,40.6206],[9.2927,40.627],[9.2897,40.6289],[9.2894,40.6346],[9.2868,40.6409],[9.2844,40.6432],[9.2739,40.6472],[9.2619,40.6568],[9.2417,40.6753],[9.2255,40.6881],[9.2308,40.6939],[9.2344,40.7071],[9.2426,40.7136],[9.2447,40.7116],[9.2487,40.7137],[9.2692,40.7327],[9.2741,40.7388],[9.2768,40.74],[9.2867,40.7403],[9.2938,40.7379],[9.2983,40.7385],[9.3014,40.7362],[9.3233,40.7344],[9.3311,40.7359],[9.3422,40.7351],[9.3579,40.7413],[9.3631,40.7425],[9.3726,40.7404],[9.3858,40.7448],[9.4001,40.7438]]]}},{"type":"Feature","properties":{"i":"090006","n":"Arzachena"},"geometry":{"type":"Polygon","coordinates":[[[9.5258,41.0548],[9.4929,41.0551],[9.4714,41.0523],[9.4453,41.0585],[9.4233,41.0584],[9.3983,41.0467],[9.3632,41.0352],[9.3539,41.0343],[9.3526,41.0335],[9.348,41.0201],[9.3369,41.014],[9.3192,41.0148],[9.2786,41.0195],[9.2802,41.0215],[9.2807,41.0247],[9.293,41.0385],[9.2951,41.0417],[9.2947,41.0451],[9.293,41.0476],[9.2915,41.0475],[9.2905,41.0489],[9.29,41.0521],[9.2905,41.0543],[9.2928,41.058],[9.2968,41.0611],[9.2968,41.062],[9.2873,41.0711],[9.285,41.0757],[9.2896,41.0939],[9.2945,41.0995],[9.2997,41.1005],[9.3007,41.1024],[9.3045,41.1154],[9.3086,41.1384],[9.3115,41.1422],[9.3162,41.1422],[9.3254,41.1393],[9.3271,41.1357],[9.3272,41.1317],[9.3292,41.1273],[9.3372,41.1269],[9.3385,41.132],[9.3416,41.1358],[9.3549,41.1441],[9.3646,41.145],[9.371,41.144],[9.3803,41.1441],[9.3891,41.1475],[9.4043,41.1578],[9.4125,41.1559],[9.4296,41.155],[9.4316,41.152],[9.4321,41.1409],[9.4357,41.1368],[9.4435,41.1352],[9.44,41.1276],[9.4418,41.1096],[9.441,41.1046],[9.4501,41.1044],[9.4617,41.1212],[9.4667,41.1263],[9.4705,41.1282],[9.4719,41.1319],[9.4679,41.1345],[9.4648,41.1355],[9.4638,41.1368],[9.4644,41.1399],[9.4667,41.143],[9.4777,41.1412],[9.4824,41.1434],[9.4964,41.144],[9.5121,41.1411],[9.5189,41.1426],[9.5162,41.1475],[9.512,41.1515],[9.5158,41.156],[9.5244,41.1566],[9.5308,41.1524],[9.5289,41.1481],[9.5306,41.1449],[9.5372,41.1398],[9.5363,41.1385],[9.5264,41.136],[9.526,41.1343],[9.5272,41.1337],[9.5344,41.1347],[9.539,41.1367],[9.5458,41.1337],[9.546,41.1316],[9.5451,41.1299],[9.5406,41.1247],[9.539,41.1213],[9.5404,41.1144],[9.5472,41.1126],[9.5484,41.1134],[9.5491,41.1152],[9.5551,41.1192],[9.5611,41.1197],[9.5669,41.1158],[9.5688,41.1098],[9.5659,41.0958],[9.5616,41.0841],[9.5526,41.0786],[9.5492,41.0788],[9.5418,41.0835],[9.5444,41.0874],[9.5443,41.0889],[9.5427,41.0898],[9.5394,41.0877],[9.5298,41.0739],[9.5286,41.0697],[9.5305,41.0667],[9.5339,41.065],[9.5395,41.0656],[9.5412,41.065],[9.5398,41.0619],[9.5278,41.0569],[9.5258,41.0548]]]}},{"type":"Feature","properties":{"i":"090081","n":"Badesi"},"geometry":{"type":"Polygon","coordinates":[[[8.9352,40.9582],[8.932,40.9515],[8.9186,40.9457],[8.9034,40.9378],[8.8971,40.9337],[8.8743,40.9325],[8.8625,40.939],[8.8327,40.948],[8.8166,40.9365],[8.8026,40.9305],[8.819,40.9423],[8.8352,40.9561],[8.866,40.9874],[8.8707,40.9857],[8.8769,40.9808],[8.8892,40.975],[8.9348,40.9636],[8.9358,40.9603],[8.9352,40.9582]]]}},{"type":"Feature","properties":{"i":"090009","n":"Berchidda"},"geometry":{"type":"Polygon","coordinates":[[[9.3012,40.847],[9.3072,40.8419],[9.3109,40.8369],[9.3151,40.8275],[9.3119,40.8249],[9.3005,40.8194],[9.2983,40.8088],[9.2867,40.801],[9.286,40.7952],[9.2909,40.7853],[9.2917,40.7789],[9.3031,40.7511],[9.3021,40.747],[9.2983,40.7385],[9.2938,40.7379],[9.2867,40.7403],[9.2768,40.74],[9.2741,40.7388],[9.2692,40.7327],[9.2487,40.7137],[9.2447,40.7116],[9.2426,40.7136],[9.2344,40.7071],[9.2308,40.6939],[9.2256,40.6908],[9.2103,40.7177],[9.1935,40.7314],[9.1929,40.7334],[9.2014,40.7492],[9.1904,40.7532],[9.1689,40.759],[9.1629,40.7629],[9.1584,40.7641],[9.1562,40.764],[9.1534,40.7624],[9.1517,40.7552],[9.1468,40.754],[9.1436,40.7553],[9.1413,40.7589],[9.1383,40.7605],[9.1305,40.7575],[9.1273,40.7552],[9.1234,40.7545],[9.1044,40.7569],[9.101,40.7561],[9.0946,40.7609],[9.0935,40.7653],[9.0984,40.7728],[9.09,40.7873],[9.0887,40.7987],[9.1022,40.8099],[9.1144,40.8332],[9.1336,40.8349],[9.1419,40.8399],[9.1765,40.8501],[9.1865,40.8539],[9.2141,40.8541],[9.2354,40.8501],[9.2621,40.8515],[9.2733,40.8457],[9.2782,40.8449],[9.2846,40.8459],[9.2924,40.8484],[9.3002,40.8477],[9.3012,40.847]]]}},{"type":"Feature","properties":{"i":"090014","n":"Bortigiadas"},"geometry":{"type":"Polygon","coordinates":[[[9.0007,40.8313],[8.9973,40.8356],[8.9964,40.8389],[9.0038,40.8412],[9.0083,40.8413],[9.0096,40.8441],[9.0093,40.8456],[9.0082,40.8464],[8.9987,40.8465],[8.9976,40.8451],[8.9929,40.8432],[8.9801,40.856],[8.9772,40.8601],[8.9719,40.8627],[8.968,40.8618],[8.9597,40.8649],[8.9501,40.8662],[8.9273,40.8508],[8.917,40.8542],[8.9053,40.8558],[8.8974,40.8675],[8.8963,40.8719],[8.8997,40.8752],[8.9024,40.8766],[8.9032,40.8783],[8.8952,40.8872],[8.8956,40.8896],[8.8965,40.8908],[8.9072,40.8894],[8.9258,40.8853],[8.9459,40.8935],[8.962,40.8975],[8.9783,40.9031],[8.9834,40.9064],[8.9882,40.9108],[8.9917,40.9157],[9.0077,40.9181],[9.0395,40.9215],[9.0437,40.9181],[9.0436,40.9174],[9.0652,40.9098],[9.0653,40.8947],[9.0593,40.8826],[9.0591,40.8693],[9.0472,40.8634],[9.0007,40.8313]]]}},{"type":"Feature","properties":{"i":"090017","n":"Buddusò"},"geometry":{"type":"Polygon","coordinates":[[[9.394,40.5946],[9.3933,40.5919],[9.3865,40.5872],[9.3772,40.5835],[9.3753,40.5816],[9.3742,40.5798],[9.3722,40.5714],[9.368,40.5694],[9.3633,40.5688],[9.3502,40.5643],[9.335,40.5521],[9.3281,40.5494],[9.3222,40.5484],[9.3194,40.5487],[9.313,40.5468],[9.3039,40.5402],[9.2975,40.5372],[9.2864,40.5259],[9.2674,40.5328],[9.254,40.5344],[9.241,40.5382],[9.2158,40.54],[9.2067,40.5386],[9.2009,40.5363],[9.1956,40.5361],[9.1877,40.5373],[9.1865,40.5388],[9.1855,40.5463],[9.1884,40.5593],[9.1907,40.5638],[9.1906,40.5739],[9.192,40.5922],[9.19,40.5944],[9.1889,40.6029],[9.1938,40.6149],[9.1948,40.6263],[9.1813,40.6369],[9.1769,40.6492],[9.1753,40.6618],[9.192,40.6745],[9.202,40.68],[9.2198,40.6869],[9.2255,40.6881],[9.2417,40.6753],[9.2619,40.6568],[9.2739,40.6472],[9.2844,40.6432],[9.2868,40.6409],[9.2894,40.6346],[9.2897,40.6289],[9.2927,40.627],[9.3058,40.6206],[9.314,40.6183],[9.3264,40.6161],[9.3383,40.6116],[9.3542,40.6013],[9.3644,40.5968],[9.394,40.5946]]]}},{"type":"Feature","properties":{"i":"090091","n":"Budoni"},"geometry":{"type":"MultiPolygon","coordinates":[[[[9.7183,40.7361],[9.7172,40.7363],[9.7186,40.7368],[9.7183,40.7361]]],[[[9.7492,40.658],[9.7399,40.6619],[9.7365,40.6692],[9.7324,40.6721],[9.7067,40.6764],[9.7002,40.6798],[9.6918,40.6791],[9.6911,40.6769],[9.689,40.6748],[9.6849,40.6719],[9.6754,40.6675],[9.6748,40.6649],[9.6531,40.6911],[9.6237,40.6991],[9.6032,40.6969],[9.5905,40.7027],[9.6025,40.7082],[9.6166,40.7093],[9.6201,40.7087],[9.6248,40.7098],[9.6439,40.7173],[9.6485,40.7201],[9.6508,40.7235],[9.647,40.7256],[9.6474,40.7283],[9.6704,40.7409],[9.6799,40.7426],[9.6881,40.7427],[9.7153,40.7517],[9.7177,40.7505],[9.7184,40.7485],[9.7121,40.7396],[9.7124,40.7362],[9.7153,40.7299],[9.7136,40.7186],[9.7154,40.7099],[9.7189,40.7038],[9.7227,40.7003],[9.7304,40.6968],[9.7379,40.6945],[9.7422,40.6914],[9.7461,40.687],[9.7504,40.6778],[9.7502,40.6692],[9.7488,40.6604],[9.7492,40.658]]]]}},{"type":"Feature","properties":{"i":"090021","n":"Calangianus"},"geometry":{"type":"Polygon","coordinates":[[[9.3175,40.9227],[9.3154,40.9197],[9.3046,40.9186],[9.298,40.9137],[9.2956,40.9099],[9.2933,40.8988],[9.3095,40.8807],[9.3093,40.8741],[9.3084,40.8722],[9.3113,40.8666],[9.3128,40.8578],[9.3073,40.8511],[9.3012,40.847],[9.3002,40.8477],[9.2924,40.8484],[9.2846,40.8459],[9.2782,40.8449],[9.2733,40.8457],[9.2621,40.8515],[9.2354,40.8501],[9.2141,40.8541],[9.1865,40.8539],[9.1893,40.8735],[9.1762,40.8939],[9.1672,40.8965],[9.1629,40.9014],[9.1615,40.9042],[9.1606,40.9093],[9.1627,40.921],[9.1662,40.9247],[9.1727,40.9241],[9.1798,40.9266],[9.1817,40.9275],[9.1953,40.9396],[9.2082,40.9427],[9.2103,40.9455],[9.2106,40.948],[9.2146,40.9572],[9.2188,40.9647],[9.2285,40.9748],[9.2269,40.9784],[9.2315,40.9815],[9.2401,40.985],[9.2483,40.985],[9.2529,40.9863],[9.2624,40.9905],[9.2662,40.9939],[9.2668,40.989],[9.2612,40.987],[9.2596,40.9838],[9.2605,40.9798],[9.2644,40.9744],[9.2597,40.9736],[9.2564,40.969],[9.2704,40.9638],[9.2707,40.9574],[9.2831,40.9479],[9.2888,40.9416],[9.3,40.9316],[9.3002,40.9238],[9.3175,40.9227]]]}},{"type":"Feature","properties":{"i":"090083","n":"Golfo Aranci"},"geometry":{"type":"MultiPolygon","coordinates":[[[[9.5892,40.9582],[9.5879,40.9578],[9.5877,40.959],[9.5893,40.9592],[9.5898,40.9587],[9.5892,40.9582]]],[[[9.6438,40.9828],[9.6465,40.9798],[9.6461,40.9789],[9.6429,40.9778],[9.6405,40.9798],[9.6399,40.9825],[9.6438,40.9828]]],[[[9.5802,40.9548],[9.5595,40.967],[9.5508,40.9694],[9.5461,40.9666],[9.5296,40.9689],[9.5181,40.9682],[9.5061,40.966],[9.4909,40.9665],[9.4909,40.9675],[9.4918,40.97],[9.4999,40.9774],[9.5068,40.9794],[9.512,40.9798],[9.5193,40.9826],[9.5261,40.9865],[9.5258,40.9883],[9.5282,40.9938],[9.5316,40.9981],[9.5366,41.0002],[9.5407,40.9986],[9.5475,40.9978],[9.5507,40.9983],[9.5576,41.0034],[9.5627,41.0061],[9.5696,41.0079],[9.5745,41.0027],[9.5769,41.0029],[9.5785,41.0046],[9.5801,41.0139],[9.5844,41.0106],[9.5864,41.0109],[9.5929,41.0185],[9.5942,41.0217],[9.6086,41.0175],[9.6117,41.0141],[9.6234,41.0047],[9.6311,41.0021],[9.6386,41.001],[9.6421,41.0012],[9.6479,41.0037],[9.6554,41.0043],[9.6585,41.002],[9.6605,40.999],[9.6641,40.9977],[9.6644,40.9944],[9.6622,40.9936],[9.6537,40.9865],[9.6467,40.9854],[9.6389,40.9875],[9.6234,40.9941],[9.6211,40.9983],[9.6212,41.0004],[9.6176,41.0028],[9.6129,41.0036],[9.6112,41.0032],[9.6036,40.9971],[9.5978,40.9909],[9.5941,40.9897],[9.5928,40.9905],[9.5891,40.99],[9.5848,40.9864],[9.5829,40.9792],[9.5836,40.9758],[9.5913,40.969],[9.5935,40.9687],[9.5939,40.9679],[9.5934,40.9662],[9.5901,40.9629],[9.5802,40.9548]]]]}},{"type":"Feature","properties":{"i":"090035","n":"La Maddalena"},"geometry":{"type":"MultiPolygon","coordinates":[[[[9.5821,41.0693],[9.5849,41.0682],[9.5802,41.0674],[9.5806,41.0687],[9.5821,41.0693]]],[[[9.577,41.0687],[9.5789,41.0676],[9.5796,41.0631],[9.5757,41.061],[9.5707,41.0618],[9.5692,41.0641],[9.5696,41.0647],[9.5734,41.0651],[9.5748,41.0665],[9.5745,41.0675],[9.577,41.0687]]],[[[9.5866,41.0708],[9.5876,41.0708],[9.5885,41.0695],[9.5877,41.0688],[9.5843,41.0698],[9.585,41.0708],[9.5866,41.0708]]],[[[9.5873,41.0743],[9.5866,41.0748],[9.5876,41.0749],[9.5873,41.0743]]],[[[9.6097,41.0822],[9.609,41.0737],[9.6072,41.0716],[9.6032,41.0717],[9.5976,41.0747],[9.5968,41.076],[9.5974,41.0771],[9.5996,41.0771],[9.6064,41.0813],[9.6097,41.0822]]],[[[9.581,41.0935],[9.5802,41.0938],[9.5804,41.0946],[9.5813,41.0941],[9.581,41.0935]]],[[[9.5698,41.1176],[9.5699,41.1157],[9.5687,41.1158],[9.5682,41.1174],[9.5698,41.1176]]],[[[9.5711,41.1182],[9.5706,41.1173],[9.5697,41.118],[9.5704,41.1191],[9.5711,41.1182]]],[[[9.5662,41.1231],[9.5669,41.1227],[9.5646,41.1224],[9.564,41.1229],[9.5646,41.1235],[9.5662,41.1231]]],[[[9.5709,41.1281],[9.5716,41.1278],[9.5717,41.1266],[9.5709,41.126],[9.5692,41.1264],[9.5698,41.1279],[9.5709,41.1281]]],[[[9.5689,41.128],[9.5664,41.1248],[9.5642,41.1244],[9.5635,41.1251],[9.5666,41.1279],[9.5685,41.1285],[9.5689,41.128]]],[[[9.5678,41.1322],[9.5678,41.1308],[9.5665,41.1302],[9.5663,41.1319],[9.5678,41.1322]]],[[[9.5014,41.1539],[9.504,41.1534],[9.5025,41.1525],[9.5001,41.1533],[9.5014,41.1539]]],[[[9.5183,41.1643],[9.5193,41.1636],[9.5176,41.1641],[9.5183,41.1643]]],[[[9.5256,41.166],[9.5279,41.1636],[9.5276,41.1625],[9.5224,41.1619],[9.5166,41.1663],[9.5185,41.1671],[9.5256,41.166]]],[[[9.4618,41.1753],[9.4618,41.1728],[9.4598,41.1729],[9.4601,41.1757],[9.4613,41.176],[9.4618,41.1753]]],[[[9.4882,41.1844],[9.488,41.1835],[9.4873,41.1836],[9.4882,41.1844]]],[[[9.4862,41.1836],[9.4872,41.1824],[9.4867,41.1806],[9.4841,41.1819],[9.4837,41.1835],[9.4847,41.1848],[9.4862,41.1836]]],[[[9.3971,41.1971],[9.3973,41.1959],[9.3959,41.1958],[9.3956,41.197],[9.3971,41.1971]]],[[[9.4428,41.202],[9.4432,41.2013],[9.4418,41.2025],[9.4428,41.202]]],[[[9.4192,41.2076],[9.4204,41.2068],[9.421,41.2047],[9.4222,41.1935],[9.419,41.1887],[9.4111,41.1871],[9.4052,41.1903],[9.3968,41.1905],[9.3982,41.1979],[9.4062,41.201],[9.4121,41.2074],[9.4192,41.2076]]],[[[9.4468,41.2086],[9.4469,41.2081],[9.446,41.208],[9.4468,41.2086]]],[[[9.4178,41.2151],[9.4189,41.2137],[9.4189,41.2113],[9.4172,41.2101],[9.4177,41.2106],[9.416,41.2142],[9.4178,41.2151]]],[[[9.5194,41.2183],[9.5185,41.2187],[9.5193,41.219],[9.5194,41.2183]]],[[[9.4494,41.2224],[9.4503,41.2219],[9.4499,41.2213],[9.4479,41.2216],[9.4472,41.2229],[9.4494,41.2224]]],[[[9.4556,41.2264],[9.4559,41.225],[9.455,41.2252],[9.455,41.2264],[9.4556,41.2264]]],[[[9.3381,41.2282],[9.3373,41.228],[9.3379,41.2293],[9.3381,41.2282]]],[[[9.4555,41.2282],[9.4546,41.2287],[9.4548,41.2293],[9.4555,41.2282]]],[[[9.4711,41.2452],[9.471,41.2429],[9.4734,41.2408],[9.4789,41.2394],[9.482,41.2366],[9.4814,41.2252],[9.4854,41.2215],[9.4855,41.2173],[9.4841,41.2184],[9.4813,41.2177],[9.4797,41.2161],[9.4788,41.2138],[9.4783,41.2068],[9.4789,41.2006],[9.4781,41.1993],[9.4652,41.1897],[9.4638,41.1844],[9.4648,41.1833],[9.4674,41.1832],[9.4687,41.1854],[9.4716,41.1865],[9.4776,41.1871],[9.48,41.1871],[9.4814,41.1849],[9.4817,41.183],[9.4802,41.1812],[9.4756,41.1806],[9.4707,41.177],[9.4708,41.1693],[9.47,41.1688],[9.4691,41.1692],[9.4694,41.1768],[9.4555,41.1863],[9.4558,41.1894],[9.4535,41.1922],[9.4492,41.1918],[9.4475,41.1909],[9.4445,41.1867],[9.444,41.1853],[9.4447,41.1852],[9.4446,41.1841],[9.4416,41.1814],[9.4365,41.1812],[9.4357,41.1874],[9.4407,41.1957],[9.448,41.2005],[9.4537,41.1993],[9.4564,41.2],[9.4549,41.2045],[9.4527,41.2043],[9.4493,41.2065],[9.447,41.2155],[9.4511,41.2214],[9.4556,41.2231],[9.4586,41.2281],[9.4607,41.2426],[9.4691,41.2453],[9.4711,41.2452]]],[[[9.3568,41.2467],[9.3573,41.2464],[9.3568,41.2458],[9.3568,41.2467]]],[[[9.3244,41.2523],[9.3252,41.2491],[9.3222,41.2486],[9.3216,41.251],[9.3244,41.2523]]],[[[9.3405,41.253],[9.3428,41.2515],[9.35,41.252],[9.3549,41.2479],[9.3599,41.2416],[9.3581,41.2364],[9.347,41.2293],[9.3407,41.2294],[9.335,41.2334],[9.3331,41.2356],[9.3336,41.2483],[9.337,41.2524],[9.3395,41.2536],[9.3405,41.253]]],[[[9.4005,41.2535],[9.3984,41.2525],[9.398,41.2537],[9.3997,41.2542],[9.4005,41.2535]]],[[[9.4211,41.2683],[9.4308,41.2604],[9.4289,41.2588],[9.4313,41.2515],[9.4356,41.2468],[9.4371,41.2408],[9.4305,41.2301],[9.4327,41.2258],[9.4389,41.2354],[9.4417,41.2368],[9.4461,41.2338],[9.4445,41.2298],[9.4411,41.2287],[9.4416,41.2293],[9.4379,41.2304],[9.436,41.2287],[9.4385,41.2222],[9.4396,41.2159],[9.4368,41.2146],[9.4304,41.2142],[9.419,41.2149],[9.4153,41.2162],[9.399,41.2103],[9.3829,41.2102],[9.3832,41.2122],[9.3813,41.2157],[9.3742,41.2258],[9.374,41.2276],[9.3774,41.234],[9.3899,41.2358],[9.4005,41.2429],[9.4023,41.2453],[9.4023,41.252],[9.4003,41.2583],[9.4047,41.2576],[9.4047,41.2551],[9.4084,41.2513],[9.4115,41.2499],[9.4133,41.2507],[9.416,41.2568],[9.4147,41.2682],[9.4174,41.2693],[9.4211,41.2683]]],[[[9.4028,41.2762],[9.403,41.2752],[9.4023,41.276],[9.4028,41.2762]]],[[[9.3638,41.2836],[9.3643,41.2834],[9.3634,41.2831],[9.3638,41.2836]]],[[[9.4022,41.2865],[9.4028,41.2817],[9.4006,41.2805],[9.3998,41.2818],[9.3999,41.2847],[9.4008,41.2862],[9.4022,41.2865]]],[[[9.3372,41.2861],[9.3364,41.2862],[9.3369,41.2869],[9.3372,41.2861]]],[[[9.3667,41.2872],[9.3668,41.2861],[9.3653,41.2862],[9.3656,41.2871],[9.3667,41.2872]]],[[[9.4006,41.2874],[9.4008,41.2867],[9.3998,41.2872],[9.4006,41.2874]]],[[[9.3542,41.289],[9.3563,41.2886],[9.3583,41.2855],[9.3579,41.2792],[9.3568,41.2779],[9.3544,41.277],[9.3489,41.276],[9.3415,41.2802],[9.3361,41.2813],[9.3351,41.283],[9.3454,41.2879],[9.3542,41.289]]],[[[9.3361,41.2945],[9.3351,41.2945],[9.3356,41.2952],[9.3361,41.2945]]],[[[9.4059,41.296],[9.4067,41.2938],[9.4041,41.2941],[9.4036,41.2964],[9.4059,41.296]]],[[[9.3993,41.2987],[9.4008,41.2976],[9.4022,41.2945],[9.4012,41.2927],[9.3982,41.2931],[9.3963,41.2949],[9.3997,41.2962],[9.3993,41.2987]]],[[[9.4011,41.302],[9.4012,41.3011],[9.4,41.3013],[9.4011,41.302]]],[[[9.3796,41.3082],[9.3807,41.3076],[9.3848,41.2995],[9.3845,41.2983],[9.3786,41.2936],[9.3702,41.2905],[9.3672,41.2883],[9.365,41.2892],[9.3614,41.2928],[9.3628,41.2975],[9.3761,41.3049],[9.3782,41.3052],[9.3788,41.3063],[9.3779,41.3072],[9.3796,41.3082]]],[[[9.3418,41.3085],[9.3486,41.3044],[9.3536,41.3028],[9.3589,41.2968],[9.3592,41.2942],[9.3543,41.293],[9.3427,41.2977],[9.341,41.3002],[9.3337,41.3017],[9.335,41.3064],[9.3378,41.3084],[9.3418,41.3085]]],[[[9.3697,41.3093],[9.3696,41.3086],[9.3677,41.3091],[9.3689,41.3098],[9.3697,41.3093]]],[[[9.3763,41.3127],[9.38,41.3111],[9.3804,41.3084],[9.3761,41.3079],[9.3702,41.3091],[9.3712,41.3112],[9.3763,41.3127]]]]}},{"type":"Feature","properties":{"i":"090084","n":"Loiri Porto San Paolo"},"geometry":{"type":"Polygon","coordinates":[[[9.6643,40.8558],[9.6624,40.8511],[9.652,40.8402],[9.6417,40.8187],[9.6147,40.8084],[9.5942,40.7983],[9.5925,40.7973],[9.5836,40.7862],[9.5783,40.7925],[9.575,40.7926],[9.5317,40.7919],[9.5226,40.7899],[9.5202,40.7868],[9.517,40.7884],[9.5108,40.7955],[9.479,40.8254],[9.4709,40.83],[9.4605,40.8314],[9.4384,40.8312],[9.4313,40.8359],[9.4283,40.8395],[9.4233,40.8422],[9.4022,40.8499],[9.4955,40.8556],[9.5387,40.8596],[9.5674,40.8684],[9.5969,40.8723],[9.6331,40.8844],[9.6359,40.8839],[9.6402,40.8739],[9.6426,40.8731],[9.648,40.877],[9.6477,40.8779],[9.6458,40.8785],[9.6461,40.88],[9.6479,40.8808],[9.6542,40.8796],[9.6578,40.8757],[9.6538,40.8682],[9.6529,40.8629],[9.6585,40.8564],[9.6643,40.8558]]]}},{"type":"Feature","properties":{"i":"090036","n":"Luogosanto"},"geometry":{"type":"Polygon","coordinates":[[[9.2997,41.1005],[9.2945,41.0995],[9.2896,41.0939],[9.285,41.0757],[9.2873,41.0711],[9.2968,41.062],[9.2968,41.0611],[9.2928,41.058],[9.2905,41.0543],[9.29,41.0521],[9.2905,41.0489],[9.2915,41.0475],[9.293,41.0476],[9.2947,41.0451],[9.2951,41.0417],[9.293,41.0385],[9.2807,41.0247],[9.2802,41.0215],[9.2786,41.0195],[9.2593,41.0231],[9.2439,41.0227],[9.2291,41.0258],[9.213,41.0261],[9.1802,41.0159],[9.169,41.0115],[9.1556,41.0008],[9.1441,41.0084],[9.142,41.0152],[9.1394,41.016],[9.1318,41.0154],[9.1242,41.0134],[9.1188,41.016],[9.1151,41.0253],[9.1092,41.0257],[9.1073,41.0272],[9.1104,41.0303],[9.1161,41.0336],[9.1301,41.0389],[9.1515,41.0606],[9.1621,41.0729],[9.1581,41.0759],[9.1515,41.0778],[9.1453,41.0861],[9.1511,41.0917],[9.154,41.0928],[9.1576,41.097],[9.1549,41.1001],[9.1504,41.1017],[9.1514,41.1059],[9.1527,41.108],[9.1606,41.1099],[9.1647,41.11],[9.1734,41.1083],[9.1888,41.1075],[9.1896,41.1098],[9.1886,41.1181],[9.1905,41.1337],[9.2003,41.1353],[9.2059,41.1334],[9.2108,41.129],[9.21,41.1266],[9.2133,41.1244],[9.2171,41.1232],[9.2233,41.1226],[9.2322,41.123],[9.2336,41.124],[9.2335,41.1262],[9.2378,41.1243],[9.2378,41.1183],[9.2435,41.1114],[9.2567,41.1104],[9.2745,41.1127],[9.2907,41.1067],[9.2997,41.1005]]]}},{"type":"Feature","properties":{"i":"090037","n":"Luras"},"geometry":{"type":"Polygon","coordinates":[[[9.2786,41.0195],[9.2799,41.0165],[9.2825,41.0151],[9.2863,41.0069],[9.2782,41.0037],[9.2692,40.9989],[9.2662,40.9939],[9.2624,40.9905],[9.2497,40.9853],[9.2401,40.985],[9.2315,40.9815],[9.2269,40.9784],[9.2285,40.9748],[9.2188,40.9647],[9.2146,40.9572],[9.2106,40.948],[9.2103,40.9455],[9.2082,40.9427],[9.1953,40.9396],[9.1817,40.9275],[9.1727,40.9241],[9.1662,40.9247],[9.1627,40.921],[9.1618,40.9224],[9.1615,40.9277],[9.1586,40.9308],[9.1393,40.9349],[9.1356,40.9395],[9.1355,40.9445],[9.1342,40.9496],[9.1297,40.9527],[9.127,40.9595],[9.1178,40.9656],[9.1221,40.9833],[9.1279,40.9944],[9.1323,41.0011],[9.1388,41.0045],[9.1441,41.0084],[9.1556,41.0008],[9.169,41.0115],[9.1802,41.0159],[9.213,41.0261],[9.2291,41.0258],[9.2439,41.0227],[9.2593,41.0231],[9.2786,41.0195]]]}},{"type":"Feature","properties":{"i":"090041","n":"Monti"},"geometry":{"type":"Polygon","coordinates":[[[9.4024,40.8504],[9.4036,40.8499],[9.4022,40.8499],[9.4233,40.8422],[9.4283,40.8395],[9.4313,40.8359],[9.4292,40.8299],[9.4262,40.8247],[9.4201,40.8177],[9.4207,40.8024],[9.4117,40.774],[9.4085,40.7678],[9.4063,40.7536],[9.4001,40.7438],[9.3858,40.7448],[9.3726,40.7404],[9.3631,40.7425],[9.3579,40.7413],[9.3422,40.7351],[9.3311,40.7359],[9.3233,40.7344],[9.3113,40.7353],[9.3014,40.7362],[9.2983,40.7385],[9.3021,40.747],[9.3031,40.7511],[9.2917,40.7789],[9.2909,40.7853],[9.286,40.7952],[9.2867,40.801],[9.2983,40.8088],[9.3005,40.8194],[9.3119,40.8249],[9.3151,40.8275],[9.3109,40.8369],[9.3072,40.8419],[9.3012,40.847],[9.3073,40.8511],[9.3143,40.8523],[9.3396,40.8489],[9.3517,40.8498],[9.3539,40.8503],[9.3588,40.8547],[9.362,40.8597],[9.4024,40.8504]]]}},{"type":"Feature","properties":{"i":"090047","n":"Olbia"},"geometry":{"type":"MultiPolygon","coordinates":[[[[9.5032,40.802],[9.4951,40.7891],[9.4873,40.7818],[9.479,40.772],[9.4796,40.7627],[9.4774,40.7538],[9.4558,40.7382],[9.4463,40.7381],[9.4307,40.7364],[9.4286,40.7333],[9.4232,40.7315],[9.4208,40.7348],[9.4112,40.7374],[9.3998,40.7384],[9.399,40.7417],[9.4063,40.7536],[9.4085,40.7678],[9.4117,40.774],[9.4207,40.8024],[9.4201,40.8177],[9.4262,40.8247],[9.4292,40.8299],[9.4313,40.8359],[9.4384,40.8312],[9.4605,40.8314],[9.4709,40.83],[9.479,40.8254],[9.5032,40.802]]],[[[9.7082,40.8755],[9.7072,40.8749],[9.7077,40.8759],[9.7082,40.8755]]],[[[9.7782,40.8755],[9.7791,40.8748],[9.7779,40.8731],[9.7769,40.8753],[9.7782,40.8755]]],[[[9.7296,40.8764],[9.7352,40.8755],[9.7391,40.8734],[9.7419,40.8697],[9.741,40.8641],[9.737,40.86],[9.7322,40.8592],[9.7136,40.8661],[9.7103,40.8689],[9.7107,40.8706],[9.7153,40.8759],[9.728,40.8769],[9.7296,40.8764]]],[[[9.6714,40.8788],[9.6734,40.8779],[9.6717,40.8769],[9.6701,40.8781],[9.6714,40.8788]]],[[[9.6409,40.8864],[9.6413,40.885],[9.6393,40.8846],[9.6395,40.886],[9.6409,40.8864]]],[[[9.6511,40.8901],[9.6554,40.8884],[9.6536,40.8873],[9.6491,40.8867],[9.647,40.888],[9.6469,40.8887],[9.6511,40.8901]]],[[[9.584,40.9054],[9.5823,40.9041],[9.5816,40.9047],[9.582,40.9054],[9.584,40.9054]]],[[[9.5087,40.9182],[9.5092,40.9177],[9.5083,40.9175],[9.5087,40.9182]]],[[[9.6479,40.9179],[9.6464,40.9172],[9.6473,40.9182],[9.6479,40.9179]]],[[[9.5125,40.9182],[9.5107,40.9166],[9.5077,40.9166],[9.5125,40.9182]]],[[[9.6329,40.9199],[9.6318,40.9203],[9.6326,40.9208],[9.6329,40.9199]]],[[[9.513,40.9219],[9.5115,40.9202],[9.5106,40.9206],[9.513,40.9219]]],[[[9.642,40.9216],[9.6423,40.9212],[9.641,40.9213],[9.642,40.9216]]],[[[9.6332,40.922],[9.6342,40.9214],[9.6332,40.9207],[9.6332,40.922]]],[[[9.7355,40.9242],[9.7357,40.9201],[9.7378,40.9209],[9.7398,40.9198],[9.7427,40.9123],[9.7416,40.9111],[9.7379,40.9098],[9.7326,40.9093],[9.7206,40.9051],[9.7106,40.8995],[9.6974,40.8899],[9.6928,40.8878],[9.6856,40.8924],[9.674,40.8899],[9.6736,40.8904],[9.6736,40.892],[9.6891,40.8987],[9.7094,40.9101],[9.7241,40.917],[9.7307,40.9239],[9.737,40.9276],[9.7355,40.9242]]],[[[9.5273,40.9304],[9.526,40.9301],[9.5262,40.932],[9.5277,40.9312],[9.5273,40.9304]]],[[[9.5296,41.042],[9.5291,41.0414],[9.5276,41.0423],[9.5296,41.042]]],[[[9.5258,41.0548],[9.5233,41.0519],[9.5253,41.0444],[9.5226,41.0314],[9.5139,41.0177],[9.5078,41.0155],[9.5053,41.0091],[9.5118,41.0084],[9.5211,41.0098],[9.5253,41.0127],[9.5297,41.0179],[9.5296,41.0197],[9.5259,41.0218],[9.5273,41.0271],[9.5323,41.0288],[9.5375,41.0279],[9.5504,41.0312],[9.5551,41.0365],[9.5611,41.0377],[9.5629,41.0345],[9.5588,41.0213],[9.5509,41.0069],[9.5546,41.0042],[9.5576,41.0034],[9.5507,40.9983],[9.5475,40.9978],[9.5407,40.9986],[9.5366,41.0002],[9.5316,40.9981],[9.5282,40.9938],[9.5258,40.9883],[9.5261,40.9865],[9.5193,40.9826],[9.512,40.9798],[9.5068,40.9794],[9.4999,40.9774],[9.4918,40.97],[9.4909,40.9665],[9.5061,40.966],[9.5181,40.9682],[9.5296,40.9689],[9.5461,40.9666],[9.5508,40.9694],[9.5595,40.967],[9.5802,40.9548],[9.5762,40.9473],[9.5717,40.9456],[9.5687,40.9432],[9.5675,40.9408],[9.5682,40.9357],[9.5708,40.934],[9.5749,40.9331],[9.5755,40.929],[9.5738,40.9275],[9.5629,40.924],[9.5571,40.927],[9.5391,40.9259],[9.5344,40.9331],[9.5271,40.9334],[9.5082,40.9287],[9.5076,40.9273],[9.5101,40.9251],[9.515,40.9256],[9.5237,40.9248],[9.5243,40.9223],[9.5205,40.9216],[9.5156,40.9223],[9.515,40.9232],[9.5084,40.9239],[9.5015,40.9197],[9.5024,40.913],[9.5069,40.9114],[9.5234,40.9162],[9.5285,40.9155],[9.5378,40.9164],[9.551,40.9199],[9.5611,40.9208],[9.5634,40.9196],[9.5724,40.9111],[9.5713,40.9098],[9.5715,40.9082],[9.5759,40.9041],[9.5861,40.8999],[9.5887,40.8996],[9.5918,40.9008],[9.6011,40.9071],[9.6066,40.9126],[9.6074,40.9165],[9.6124,40.9193],[9.6218,40.9219],[9.625,40.9191],[9.6302,40.9178],[9.6441,40.92],[9.6452,40.9176],[9.6413,40.9136],[9.6293,40.9021],[9.6195,40.8961],[9.6177,40.8894],[9.6293,40.885],[9.6331,40.8844],[9.5969,40.8723],[9.5674,40.8684],[9.5387,40.8596],[9.4955,40.8556],[9.4215,40.8506],[9.4037,40.8499],[9.4024,40.8504],[9.42,40.8601],[9.4131,40.8936],[9.4017,40.908],[9.3949,40.9114],[9.3921,40.9136],[9.3909,40.9422],[9.3758,40.9481],[9.374,40.9505],[9.3736,40.9556],[9.3785,40.9661],[9.3897,40.975],[9.4101,40.9936],[9.4009,41.0009],[9.374,41.0068],[9.3512,41.0148],[9.348,41.0201],[9.3526,41.0335],[9.3539,41.0343],[9.3632,41.0352],[9.3983,41.0467],[9.4233,41.0584],[9.4453,41.0585],[9.4714,41.0523],[9.4929,41.0551],[9.5258,41.0548]]]]}},{"type":"Feature","properties":{"i":"090049","n":"Oschiri"},"geometry":{"type":"Polygon","coordinates":[[[9.0887,40.7987],[9.09,40.7873],[9.0984,40.7728],[9.0935,40.7653],[9.0946,40.7609],[9.0961,40.7598],[9.101,40.7561],[9.1044,40.7569],[9.1234,40.7545],[9.1273,40.7552],[9.1305,40.7575],[9.1383,40.7605],[9.1413,40.7589],[9.1436,40.7553],[9.1474,40.754],[9.1504,40.7545],[9.1521,40.7559],[9.1527,40.7607],[9.1539,40.7628],[9.1584,40.7641],[9.1629,40.7629],[9.1689,40.759],[9.1904,40.7532],[9.2014,40.7492],[9.1929,40.7334],[9.1935,40.7314],[9.2103,40.7177],[9.2256,40.6908],[9.2308,40.6939],[9.2255,40.6881],[9.2198,40.6869],[9.202,40.68],[9.1928,40.6749],[9.1753,40.6618],[9.1522,40.6579],[9.1336,40.6584],[9.1328,40.6572],[9.1335,40.6531],[9.12,40.6463],[9.0959,40.6515],[9.0759,40.6571],[9.0704,40.6594],[9.0689,40.6631],[9.0695,40.6676],[9.066,40.6701],[9.059,40.6734],[9.048,40.6725],[9.0325,40.6742],[9.0282,40.675],[9.0106,40.6815],[9.0055,40.6875],[9.0023,40.6953],[9.008,40.6969],[9.0118,40.6951],[9.0142,40.6951],[9.0184,40.7006],[9.0178,40.7218],[9.0221,40.7253],[9.0252,40.7315],[9.0293,40.7442],[9.0293,40.7481],[9.0271,40.7548],[9.0255,40.7573],[9.0219,40.7589],[9.0207,40.7602],[9.0196,40.7658],[9.0204,40.7692],[9.0257,40.7752],[9.0249,40.7788],[9.0212,40.7833],[9.0209,40.7849],[9.0227,40.7898],[9.0263,40.7935],[9.0219,40.7996],[9.0159,40.8047],[9.0068,40.8084],[9.0054,40.812],[9.0508,40.8252],[9.0559,40.8295],[9.0717,40.8279],[9.0835,40.8334],[9.1074,40.8218],[9.0887,40.7987]]]}},{"type":"Feature","properties":{"i":"090090","n":"Padru"},"geometry":{"type":"Polygon","coordinates":[[[9.5836,40.7862],[9.5834,40.7747],[9.5803,40.7475],[9.5778,40.732],[9.5831,40.7061],[9.5727,40.6955],[9.5634,40.6801],[9.551,40.6711],[9.5397,40.6647],[9.5279,40.6602],[9.5128,40.6488],[9.5058,40.6532],[9.4988,40.6513],[9.4921,40.6485],[9.4906,40.6452],[9.4874,40.645],[9.4691,40.6536],[9.463,40.6573],[9.4607,40.661],[9.4613,40.6647],[9.4563,40.6714],[9.4449,40.6757],[9.4246,40.6805],[9.4253,40.7081],[9.4232,40.7315],[9.4286,40.7333],[9.4307,40.7364],[9.4463,40.7381],[9.4558,40.7382],[9.4774,40.7538],[9.4796,40.7627],[9.479,40.772],[9.4873,40.7818],[9.4951,40.7891],[9.5032,40.802],[9.5108,40.7955],[9.517,40.7884],[9.5207,40.7866],[9.5226,40.7899],[9.5317,40.7919],[9.575,40.7926],[9.5783,40.7925],[9.5836,40.7862]]]}},{"type":"Feature","properties":{"i":"090054","n":"Palau"},"geometry":{"type":"MultiPolygon","coordinates":[[[[9.3339,41.1911],[9.3355,41.1903],[9.3315,41.1901],[9.3318,41.1911],[9.3339,41.1911]]],[[[9.3178,41.203],[9.3184,41.2022],[9.3174,41.2024],[9.3178,41.203]]],[[[9.4056,41.1571],[9.4051,41.1579],[9.404,41.1577],[9.3891,41.1475],[9.3803,41.1441],[9.371,41.144],[9.3646,41.145],[9.3549,41.1441],[9.3416,41.1358],[9.3385,41.132],[9.3372,41.1269],[9.3297,41.127],[9.3272,41.1317],[9.3271,41.1357],[9.3254,41.1393],[9.3162,41.1422],[9.3115,41.1422],[9.3157,41.1494],[9.3161,41.16],[9.314,41.1638],[9.3133,41.169],[9.3144,41.1727],[9.3126,41.1808],[9.311,41.1859],[9.3097,41.1866],[9.3084,41.189],[9.3086,41.1911],[9.3142,41.1916],[9.3173,41.193],[9.3185,41.1954],[9.3161,41.2002],[9.3203,41.2031],[9.3224,41.1984],[9.3193,41.1956],[9.3228,41.1911],[9.3293,41.1865],[9.3319,41.1853],[9.3335,41.1856],[9.335,41.1862],[9.3415,41.1922],[9.3373,41.1911],[9.3308,41.1945],[9.3384,41.2032],[9.3418,41.2059],[9.3502,41.2076],[9.3516,41.2032],[9.3542,41.2026],[9.3591,41.2064],[9.3633,41.2076],[9.3649,41.2056],[9.3661,41.2],[9.3653,41.1932],[9.3667,41.189],[9.3702,41.1832],[9.3751,41.1835],[9.3759,41.1865],[9.3778,41.1875],[9.3809,41.1877],[9.3839,41.185],[9.3855,41.1807],[9.4062,41.1762],[9.41,41.1777],[9.418,41.1786],[9.4233,41.1772],[9.424,41.1716],[9.4223,41.1663],[9.4182,41.164],[9.4112,41.1629],[9.4055,41.1594],[9.4056,41.1571]]]]}},{"type":"Feature","properties":{"i":"090092","n":"San Teodoro"},"geometry":{"type":"MultiPolygon","coordinates":[[[[9.7085,40.8271],[9.7067,40.8272],[9.7075,40.8289],[9.7086,40.8288],[9.7085,40.8271]]],[[[9.7239,40.8477],[9.7248,40.8473],[9.7244,40.8466],[9.7218,40.8453],[9.7219,40.8468],[9.7239,40.8477]]],[[[9.7153,40.7516],[9.6881,40.7427],[9.6799,40.7426],[9.6704,40.7409],[9.6474,40.7283],[9.647,40.7256],[9.6508,40.7235],[9.6485,40.7201],[9.6439,40.7173],[9.6248,40.7098],[9.6201,40.7087],[9.6166,40.7093],[9.6025,40.7082],[9.5905,40.7027],[9.5915,40.7022],[9.5831,40.7061],[9.5778,40.732],[9.5803,40.7475],[9.5834,40.7747],[9.5836,40.7862],[9.5925,40.7973],[9.5942,40.7983],[9.6147,40.8084],[9.6417,40.8187],[9.652,40.8402],[9.6624,40.8511],[9.6643,40.8558],[9.6652,40.8533],[9.6677,40.853],[9.672,40.8563],[9.6737,40.8594],[9.676,40.8614],[9.6813,40.8611],[9.6846,40.8597],[9.6869,40.8579],[9.6879,40.8535],[9.6903,40.8503],[9.6927,40.8482],[9.7042,40.8426],[9.7164,40.8422],[9.725,40.8439],[9.7272,40.8433],[9.7247,40.838],[9.7195,40.8348],[9.7086,40.8316],[9.6991,40.8335],[9.6982,40.8359],[9.6953,40.8367],[9.689,40.8372],[9.6864,40.8358],[9.6833,40.8289],[9.6822,40.8213],[9.688,40.8172],[9.6916,40.8128],[9.6918,40.8112],[9.6877,40.8063],[9.6861,40.8061],[9.685,40.8081],[9.6814,40.809],[9.6766,40.8074],[9.6724,40.8026],[9.6703,40.7957],[9.6704,40.7882],[9.6714,40.7847],[9.6838,40.7692],[9.6875,40.7659],[9.7074,40.755],[9.7151,40.7533],[9.7153,40.7516]]],[[[9.677,40.8638],[9.6763,40.8651],[9.6776,40.8647],[9.677,40.8638]]]]}},{"type":"Feature","properties":{"i":"090063","n":"Santa Teresa Gallura"},"geometry":{"type":"MultiPolygon","coordinates":[[[[9.2792,41.233],[9.2798,41.2329],[9.2785,41.2323],[9.2792,41.233]]],[[[9.1544,41.2459],[9.1531,41.2449],[9.153,41.2454],[9.1544,41.2459]]],[[[9.1837,41.2523],[9.1852,41.2507],[9.1848,41.2488],[9.1828,41.2499],[9.1837,41.2523]]],[[[9.2391,41.2543],[9.2388,41.253],[9.2367,41.2526],[9.2377,41.2549],[9.2391,41.2543]]],[[[9.2396,41.2562],[9.2386,41.2557],[9.2395,41.2567],[9.2396,41.2562]]],[[[9.2412,41.2572],[9.2424,41.2565],[9.2407,41.2563],[9.2403,41.2572],[9.2412,41.2572]]],[[[9.3086,41.1911],[9.3084,41.189],[9.3097,41.1866],[9.311,41.1859],[9.3126,41.1808],[9.3144,41.1727],[9.3068,41.1698],[9.2779,41.1675],[9.2245,41.1489],[9.1699,41.1772],[9.1585,41.1857],[9.1565,41.1916],[9.1548,41.1937],[9.1541,41.1972],[9.1551,41.2014],[9.1557,41.2025],[9.1583,41.2034],[9.1657,41.2184],[9.1671,41.229],[9.1633,41.2337],[9.16,41.2358],[9.156,41.2356],[9.1477,41.2312],[9.1436,41.2324],[9.141,41.2347],[9.1384,41.2386],[9.1417,41.2448],[9.1439,41.2467],[9.1456,41.2471],[9.1528,41.2446],[9.1654,41.2364],[9.1738,41.2453],[9.181,41.248],[9.1945,41.2459],[9.1949,41.2405],[9.2151,41.255],[9.2256,41.2591],[9.2353,41.2582],[9.236,41.2568],[9.2348,41.2537],[9.2346,41.2493],[9.237,41.246],[9.2393,41.245],[9.2411,41.2458],[9.2611,41.2409],[9.2713,41.2362],[9.28,41.2281],[9.2817,41.2241],[9.2816,41.2179],[9.271,41.1998],[9.27,41.1969],[9.2703,41.1959],[9.2722,41.1944],[9.2754,41.1934],[9.2799,41.1938],[9.2788,41.199],[9.2807,41.206],[9.286,41.2129],[9.2858,41.2179],[9.2867,41.2192],[9.2879,41.2194],[9.29,41.2184],[9.294,41.2132],[9.2985,41.2036],[9.2953,41.2002],[9.2892,41.1977],[9.2882,41.1964],[9.2884,41.1952],[9.2905,41.193],[9.3012,41.1907],[9.3086,41.1911]]]]}},{"type":"Feature","properties":{"i":"090085","n":"Sant'Antonio di Gallura"},"geometry":{"type":"Polygon","coordinates":[[[9.3742,40.9502],[9.3697,40.9494],[9.3541,40.9546],[9.3392,40.9512],[9.3414,40.9459],[9.3429,40.9391],[9.3426,40.9375],[9.3405,40.9352],[9.3349,40.9345],[9.3256,40.9314],[9.3175,40.9227],[9.3002,40.9238],[9.3,40.9316],[9.2888,40.9416],[9.2831,40.9479],[9.2707,40.9574],[9.2704,40.9638],[9.2564,40.969],[9.2597,40.9736],[9.2644,40.9744],[9.2605,40.9798],[9.2596,40.9838],[9.2612,40.987],[9.2668,40.989],[9.2662,40.9939],[9.2692,40.9989],[9.2782,41.0037],[9.2863,41.0069],[9.2825,41.0151],[9.2799,41.0165],[9.279,41.0194],[9.3192,41.0148],[9.3361,41.0139],[9.348,41.0201],[9.3512,41.0148],[9.374,41.0068],[9.4009,41.0009],[9.4101,40.9936],[9.3897,40.975],[9.3785,40.9661],[9.3737,40.9569],[9.3742,40.9502]]]}},{"type":"Feature","properties":{"i":"090080","n":"Telti"},"geometry":{"type":"Polygon","coordinates":[[[9.3742,40.9502],[9.3762,40.9478],[9.3909,40.9422],[9.3921,40.9136],[9.3949,40.9114],[9.4017,40.908],[9.4129,40.8938],[9.42,40.8601],[9.4024,40.8504],[9.362,40.8597],[9.3588,40.8547],[9.3539,40.8503],[9.3517,40.8498],[9.3396,40.8489],[9.3143,40.8523],[9.3073,40.8511],[9.3128,40.8578],[9.313,40.8591],[9.3113,40.8666],[9.3084,40.8722],[9.3093,40.8741],[9.3095,40.8807],[9.2933,40.8988],[9.2965,40.912],[9.3046,40.9186],[9.3154,40.9197],[9.3256,40.9314],[9.3349,40.9345],[9.3401,40.935],[9.3415,40.936],[9.3429,40.9391],[9.3414,40.9459],[9.3392,40.9512],[9.3541,40.9546],[9.3697,40.9494],[9.3742,40.9502]]]}},{"type":"Feature","properties":{"i":"090070","n":"Tempio Pausania"},"geometry":{"type":"MultiPolygon","coordinates":[[[[9.1441,41.0084],[9.1388,41.0045],[9.1323,41.0011],[9.1279,40.9944],[9.1221,40.9833],[9.1178,40.9656],[9.127,40.9595],[9.1297,40.9527],[9.1342,40.9496],[9.1355,40.9445],[9.1356,40.9395],[9.1393,40.9349],[9.1583,40.931],[9.1612,40.9281],[9.1618,40.9224],[9.1627,40.921],[9.1606,40.9093],[9.1615,40.9042],[9.1629,40.9014],[9.1672,40.8965],[9.1762,40.8939],[9.1893,40.8735],[9.1865,40.8539],[9.1765,40.8501],[9.1419,40.8399],[9.1336,40.8349],[9.1144,40.8332],[9.1022,40.8099],[9.0887,40.7987],[9.1074,40.8218],[9.0835,40.8334],[9.0717,40.8279],[9.0559,40.8295],[9.0508,40.8252],[8.992,40.8079],[8.9885,40.8093],[8.9875,40.8122],[8.9893,40.8153],[8.9954,40.8203],[8.9991,40.8223],[9.003,40.8233],[9.0038,40.8283],[9.0007,40.8313],[9.0472,40.8634],[9.0591,40.8693],[9.0593,40.8826],[9.0653,40.8947],[9.0652,40.9098],[9.0658,40.9117],[9.0838,40.9262],[9.0893,40.937],[9.0893,40.9397],[9.0866,40.9444],[9.0768,40.9503],[9.07,40.9529],[9.0486,40.9698],[9.0518,40.9777],[9.0643,40.9952],[9.079,41.0008],[9.0878,41.0091],[9.0947,41.0196],[9.0985,41.0222],[9.1008,41.0218],[9.1073,41.0272],[9.1092,41.0257],[9.1151,41.0253],[9.1188,41.016],[9.1242,41.0134],[9.1318,41.0154],[9.1394,41.016],[9.142,41.0152],[9.1441,41.0084]]],[[[9.3115,41.1422],[9.3086,41.1384],[9.3045,41.1154],[9.2997,41.1005],[9.2907,41.1067],[9.2745,41.1127],[9.2567,41.1104],[9.2435,41.1114],[9.2378,41.1183],[9.2378,41.1243],[9.2335,41.1262],[9.2336,41.124],[9.2322,41.123],[9.2233,41.1226],[9.2158,41.1235],[9.21,41.1266],[9.2108,41.129],[9.207,41.1325],[9.202,41.1347],[9.2049,41.138],[9.2134,41.1439],[9.225,41.1422],[9.2346,41.1436],[9.2245,41.1489],[9.2779,41.1675],[9.3068,41.1698],[9.3144,41.1727],[9.3133,41.169],[9.314,41.1638],[9.3161,41.16],[9.3157,41.1494],[9.3115,41.1422]]]]}},{"type":"Feature","properties":{"i":"090074","n":"Trinità d'Agultu e Vignola"},"geometry":{"type":"MultiPolygon","coordinates":[[[[8.864,41.0156],[8.8638,41.0126],[8.8623,41.0126],[8.8617,41.0149],[8.864,41.0156]]],[[[8.9967,41.1049],[9.0006,41.1046],[9.0413,41.0885],[9.0436,41.087],[9.0471,41.0832],[9.0549,41.0715],[9.0574,41.0627],[9.0569,41.0606],[9.0498,41.0656],[9.0469,41.0654],[9.0385,41.0577],[9.0365,41.0548],[9.0353,41.0464],[9.0355,41.0423],[9.0376,41.0391],[9.0414,41.036],[9.0443,41.0283],[8.9936,40.9974],[8.9863,40.9876],[8.9816,40.9688],[8.9755,40.961],[8.9624,40.9599],[8.9437,40.9623],[8.9352,40.9582],[8.9358,40.9603],[8.9348,40.9636],[8.8892,40.975],[8.8769,40.9808],[8.8707,40.9857],[8.866,40.9874],[8.8704,40.9928],[8.8766,41.0095],[8.8761,41.0113],[8.8711,41.0135],[8.8705,41.0126],[8.8721,41.0111],[8.8714,41.0113],[8.8694,41.0145],[8.8777,41.0177],[8.8849,41.0148],[8.8871,41.0156],[8.8882,41.0173],[8.8832,41.0225],[8.8822,41.0282],[8.8892,41.0266],[8.8923,41.0272],[8.8988,41.0328],[8.9038,41.0356],[8.9084,41.0368],[8.9144,41.0365],[8.9161,41.0356],[8.9212,41.0375],[8.9211,41.0399],[8.922,41.0413],[8.9262,41.0437],[8.9294,41.0434],[8.95,41.0592],[8.9569,41.0682],[8.9661,41.0752],[8.9699,41.0794],[8.9815,41.0866],[8.9818,41.0925],[8.9903,41.1031],[8.9967,41.1049]]]]}}]}
