{"type":"FeatureCollection","fonte":"Confini comunali ISTAT via openpolis/geojson-italy — CC BY 4.0","features":[{"type":"Feature","properties":{"i":"022001","n":"Ala"},"geometry":{"type":"Polygon","coordinates":[[[11.0688,45.7993],[11.0696,45.7936],[11.0724,45.786],[11.0806,45.7813],[11.0972,45.7576],[11.098,45.7555],[11.098,45.75],[11.1002,45.7422],[11.1021,45.7391],[11.1069,45.735],[11.1321,45.7255],[11.1385,45.724],[11.1459,45.7169],[11.1457,45.7149],[11.1444,45.7131],[11.1387,45.7093],[11.1359,45.6996],[11.1385,45.6968],[11.1321,45.693],[11.1229,45.6898],[11.1234,45.6938],[11.1214,45.6955],[11.1151,45.6965],[11.1086,45.695],[11.1032,45.696],[11.1002,45.695],[11.09,45.6961],[11.0668,45.7082],[11.0558,45.7182],[11.0528,45.7166],[11.0414,45.7063],[11.0165,45.7057],[11.0161,45.7139],[11.0117,45.7164],[11.0067,45.7104],[10.9961,45.708],[10.9955,45.6965],[10.9895,45.6907],[10.9731,45.6834],[10.9683,45.6801],[10.9684,45.6847],[10.9694,45.6874],[10.9749,45.696],[10.9722,45.7018],[10.9663,45.6936],[10.9648,45.6885],[10.962,45.6857],[10.9604,45.6994],[10.9666,45.7139],[10.9644,45.7337],[10.963,45.736],[10.9639,45.7372],[10.9713,45.7412],[10.9772,45.7423],[10.9832,45.7449],[10.986,45.7541],[10.9783,45.7626],[10.9689,45.7706],[10.9747,45.7793],[10.9845,45.7886],[11.0009,45.7977],[11.0027,45.8006],[10.999,45.8011],[10.9915,45.8057],[10.9911,45.8073],[10.9916,45.8096],[10.9932,45.8102],[10.9933,45.8191],[10.991,45.825],[11.0007,45.8269],[11.0071,45.8213],[11.0211,45.8169],[11.0373,45.8132],[11.0496,45.8116],[11.0515,45.8073],[11.0563,45.8034],[11.0688,45.7993]]]}},{"type":"Feature","properties":{"i":"022002","n":"Albiano"},"geometry":{"type":"Polygon","coordinates":[[[11.2099,46.1545],[11.2086,46.1444],[11.2042,46.1407],[11.201,46.1341],[11.1957,46.1295],[11.1879,46.1263],[11.1796,46.1253],[11.172,46.1262],[11.1638,46.1251],[11.1653,46.1374],[11.1636,46.1499],[11.162,46.1521],[11.1713,46.1542],[11.1949,46.1548],[11.2046,46.1575],[11.2099,46.1545]]]}},{"type":"Feature","properties":{"i":"022003","n":"Aldeno"},"geometry":{"type":"Polygon","coordinates":[[[11.1103,45.9827],[11.1093,45.9804],[11.1089,45.978],[11.1095,45.9758],[11.1075,45.9673],[11.1041,45.9608],[11.0975,45.9546],[11.0785,45.9537],[11.071,45.9574],[11.0693,45.9646],[11.0697,45.9671],[11.0771,45.9748],[11.0809,45.9734],[11.0861,45.9736],[11.0877,45.9749],[11.0874,45.9764],[11.0863,45.977],[11.0921,45.9854],[11.0903,45.9877],[11.0888,45.988],[11.0929,45.9932],[11.0978,45.9916],[11.1072,45.9908],[11.116,45.9886],[11.1103,45.9827]]]}},{"type":"Feature","properties":{"i":"022005","n":"Andalo"},"geometry":{"type":"MultiPolygon","coordinates":[[[[10.9532,46.1372],[10.9469,46.1431],[10.9299,46.1463],[10.9303,46.1489],[10.929,46.1526],[10.9274,46.153],[10.9268,46.1543],[10.9274,46.1566],[10.9302,46.1588],[10.9386,46.1561],[10.9396,46.1552],[10.9392,46.1534],[10.9516,46.1426],[10.9529,46.1406],[10.9532,46.1372]]],[[[11.0266,46.1743],[11.0275,46.1679],[11.025,46.1617],[11.0199,46.1529],[11.0209,46.1513],[10.9995,46.144],[10.9965,46.1447],[10.9905,46.1414],[10.9879,46.1443],[10.9925,46.1496],[10.9988,46.1544],[10.9988,46.1569],[10.9973,46.1603],[10.9905,46.1605],[10.9852,46.1617],[10.9769,46.1654],[10.9744,46.1679],[10.9904,46.1779],[10.999,46.1798],[11.0143,46.1785],[11.0184,46.1739],[11.0226,46.1736],[11.0266,46.1743]]]]}},{"type":"Feature","properties":{"i":"022006","n":"Arco"},"geometry":{"type":"Polygon","coordinates":[[[10.9338,45.9699],[10.9374,45.9687],[10.936,45.9652],[10.9399,45.96],[10.9438,45.9603],[10.9507,45.9557],[10.9523,45.9532],[10.9523,45.9497],[10.9567,45.9442],[10.9635,45.9411],[10.9847,45.9362],[10.9743,45.9232],[10.9703,45.9218],[10.9571,45.914],[10.9328,45.9025],[10.925,45.8964],[10.9149,45.8904],[10.9141,45.8877],[10.9081,45.8848],[10.884,45.8876],[10.8823,45.883],[10.8799,45.8804],[10.8707,45.875],[10.867,45.8751],[10.8646,45.877],[10.8729,45.8821],[10.8752,45.8852],[10.8753,45.8894],[10.8742,45.893],[10.872,45.8939],[10.8661,45.8927],[10.8609,45.8956],[10.858,45.8991],[10.8654,45.9073],[10.858,45.9125],[10.8491,45.9135],[10.8515,45.9154],[10.8515,45.9226],[10.8497,45.9254],[10.8519,45.9319],[10.8574,45.9436],[10.8598,45.9537],[10.863,45.96],[10.8698,45.97],[10.8838,45.9771],[10.8867,45.9813],[10.8956,45.9888],[10.8997,45.9902],[10.905,45.9878],[10.9127,45.9828],[10.9117,45.9798],[10.9041,45.9762],[10.8966,45.9703],[10.8873,45.9594],[10.8887,45.9514],[10.894,45.9416],[10.9087,45.9461],[10.931,45.9655],[10.9338,45.9699]]]}},{"type":"Feature","properties":{"i":"022007","n":"Avio"},"geometry":{"type":"Polygon","coordinates":[[[10.9689,45.7706],[10.9783,45.7626],[10.986,45.7541],[10.9832,45.7449],[10.9772,45.7423],[10.9713,45.7412],[10.9639,45.7372],[10.963,45.736],[10.9644,45.7337],[10.9666,45.7139],[10.9604,45.6994],[10.962,45.6857],[10.9512,45.6845],[10.9445,45.6741],[10.9429,45.6731],[10.9375,45.6734],[10.9221,45.6798],[10.912,45.6883],[10.9122,45.6907],[10.9132,45.6918],[10.9236,45.6969],[10.926,45.6991],[10.9235,45.7003],[10.915,45.7031],[10.8896,45.7151],[10.8844,45.7166],[10.8748,45.7173],[10.8725,45.7158],[10.8438,45.7186],[10.8433,45.7204],[10.8445,45.7242],[10.855,45.7419],[10.8583,45.7438],[10.8626,45.7437],[10.8652,45.7613],[10.8668,45.764],[10.883,45.772],[10.8854,45.7756],[10.8848,45.7782],[10.8834,45.7798],[10.886,45.7781],[10.9113,45.7678],[10.9209,45.765],[10.936,45.764],[10.9377,45.7644],[10.9371,45.7666],[10.9416,45.7673],[10.9551,45.7652],[10.9665,45.7647],[10.9687,45.7684],[10.9689,45.7706]]]}},{"type":"Feature","properties":{"i":"022009","n":"Baselga di Pinè"},"geometry":{"type":"MultiPolygon","coordinates":[[[[11.2761,46.1721],[11.2736,46.1652],[11.2711,46.1621],[11.2722,46.1542],[11.2919,46.1461],[11.296,46.1437],[11.2976,46.1427],[11.2972,46.1379],[11.2898,46.132],[11.2828,46.1246],[11.2754,46.1146],[11.2723,46.1071],[11.2612,46.1017],[11.2409,46.0983],[11.2272,46.0901],[11.2252,46.0898],[11.2237,46.0907],[11.2206,46.0945],[11.2205,46.0974],[11.222,46.1029],[11.2216,46.1082],[11.2202,46.1098],[11.2171,46.1103],[11.2195,46.1139],[11.2205,46.1225],[11.2186,46.1252],[11.2191,46.1281],[11.2205,46.1294],[11.223,46.1302],[11.2323,46.1485],[11.2359,46.1534],[11.2431,46.1553],[11.2577,46.161],[11.2572,46.1627],[11.2578,46.1666],[11.2644,46.1718],[11.2705,46.1726],[11.2761,46.1721]]],[[[11.3814,46.1851],[11.3813,46.181],[11.3836,46.1751],[11.3923,46.1696],[11.3921,46.1682],[11.379,46.1603],[11.3634,46.154],[11.3388,46.1668],[11.3359,46.1694],[11.3336,46.1745],[11.3351,46.1828],[11.3415,46.1856],[11.3441,46.186],[11.3584,46.1842],[11.3814,46.1851]]]]}},{"type":"Feature","properties":{"i":"022011","n":"Bedollo"},"geometry":{"type":"Polygon","coordinates":[[[11.3441,46.186],[11.3409,46.1855],[11.3351,46.1828],[11.3336,46.1745],[11.3355,46.1701],[11.3388,46.1668],[11.3634,46.154],[11.3596,46.1533],[11.3418,46.1466],[11.3234,46.1358],[11.3183,46.134],[11.3111,46.1361],[11.3015,46.1379],[11.2972,46.1379],[11.2976,46.1427],[11.296,46.1437],[11.2919,46.1461],[11.2722,46.1542],[11.2711,46.1621],[11.2736,46.1652],[11.2761,46.1721],[11.2841,46.1709],[11.2945,46.174],[11.2958,46.1751],[11.2986,46.1811],[11.3213,46.1941],[11.322,46.1962],[11.34,46.1977],[11.3546,46.2028],[11.3545,46.1982],[11.3506,46.1911],[11.3479,46.19],[11.3441,46.186]]]}},{"type":"Feature","properties":{"i":"022013","n":"Besenello"},"geometry":{"type":"Polygon","coordinates":[[[11.1587,45.9805],[11.1574,45.9777],[11.1587,45.976],[11.1664,45.9722],[11.1731,45.9728],[11.1813,45.9708],[11.193,45.9633],[11.1889,45.9576],[11.1826,45.9523],[11.1855,45.9445],[11.1651,45.9431],[11.144,45.9311],[11.1242,45.9217],[11.1082,45.9281],[11.1037,45.933],[11.1002,45.9459],[11.098,45.9474],[11.0948,45.9468],[11.094,45.9487],[11.0955,45.9504],[11.1046,45.9517],[11.1083,45.9555],[11.1089,45.9583],[11.1075,45.9673],[11.1095,45.9758],[11.1089,45.978],[11.1093,45.9804],[11.1103,45.9827],[11.1175,45.9819],[11.1193,45.9837],[11.1243,45.9858],[11.1298,45.9826],[11.1331,45.9791],[11.1381,45.9773],[11.1471,45.9766],[11.1497,45.9767],[11.155,45.9809],[11.1563,45.9812],[11.1587,45.9805]],[[11.1271,45.9747],[11.1131,45.9719],[11.1082,45.9514],[11.1227,45.9558],[11.1416,45.9577],[11.1454,45.9618],[11.1432,45.971],[11.1375,45.9718],[11.1312,45.9754],[11.1271,45.9747]]]}},{"type":"Feature","properties":{"i":"022015","n":"Bieno"},"geometry":{"type":"Polygon","coordinates":[[[11.5673,46.1276],[11.5687,46.124],[11.574,46.1166],[11.5824,46.1126],[11.5886,46.1086],[11.5894,46.1069],[11.5888,46.1037],[11.5847,46.0981],[11.5803,46.097],[11.5708,46.0901],[11.5683,46.0811],[11.5628,46.0753],[11.5513,46.0715],[11.5458,46.0723],[11.5404,46.0762],[11.5387,46.0812],[11.5384,46.085],[11.5483,46.0927],[11.5561,46.1084],[11.5571,46.1225],[11.5557,46.1258],[11.5673,46.1276]]]}},{"type":"Feature","properties":{"i":"022017","n":"Bleggio Superiore"},"geometry":{"type":"Polygon","coordinates":[[[10.8036,46.0449],[10.8196,46.0441],[10.8328,46.0451],[10.8334,46.0443],[10.8325,46.0405],[10.83,46.035],[10.8341,46.0286],[10.8361,46.0268],[10.8423,46.0243],[10.8433,46.0184],[10.836,46.0189],[10.8328,46.0178],[10.8259,46.0121],[10.8244,46.0105],[10.8208,45.9979],[10.8171,45.9906],[10.8141,45.9897],[10.81,45.9965],[10.8076,45.9973],[10.8013,45.9963],[10.7903,45.9824],[10.7774,45.9719],[10.7685,45.9717],[10.7644,45.9688],[10.7639,45.9665],[10.7517,45.9698],[10.749,45.9777],[10.749,45.9847],[10.752,45.9938],[10.7513,45.9972],[10.7611,46.0029],[10.7791,46.0111],[10.7747,46.0255],[10.7741,46.0313],[10.7753,46.0345],[10.7775,46.0358],[10.7824,46.0366],[10.7894,46.0427],[10.7987,46.0452],[10.8036,46.0449]]]}},{"type":"Feature","properties":{"i":"022018","n":"Bocenago"},"geometry":{"type":"Polygon","coordinates":[[[10.7917,46.1229],[10.7876,46.1118],[10.788,46.1061],[10.7737,46.0996],[10.7597,46.1063],[10.7499,46.1088],[10.75,46.1108],[10.7549,46.1195],[10.7539,46.1228],[10.7603,46.1274],[10.7634,46.1323],[10.7636,46.1355],[10.7792,46.1327],[10.7894,46.1286],[10.7909,46.1269],[10.7906,46.1243],[10.7917,46.1229]]]}},{"type":"Feature","properties":{"i":"022021","n":"Bondone"},"geometry":{"type":"Polygon","coordinates":[[[10.6327,45.8126],[10.6351,45.8067],[10.6114,45.8052],[10.6017,45.8031],[10.5977,45.7997],[10.5897,45.7981],[10.5824,45.7943],[10.5811,45.7895],[10.5747,45.787],[10.5601,45.7842],[10.5537,45.7839],[10.5384,45.7855],[10.533,45.788],[10.5337,45.8006],[10.5311,45.8044],[10.5261,45.8056],[10.5297,45.8095],[10.5373,45.8108],[10.5434,45.8157],[10.5659,45.8137],[10.5745,45.81],[10.5782,45.8093],[10.5894,45.8128],[10.6,45.8227],[10.6045,45.8254],[10.6264,45.8209],[10.6327,45.8126]]]}},{"type":"Feature","properties":{"i":"022022","n":"Borgo Valsugana"},"geometry":{"type":"Polygon","coordinates":[[[11.4596,46.0623],[11.4597,46.0599],[11.4604,46.0595],[11.466,46.0612],[11.4708,46.0614],[11.4759,46.0563],[11.4743,46.0521],[11.4725,46.0522],[11.4678,46.0469],[11.4736,46.0351],[11.477,46.0326],[11.4821,46.0309],[11.4843,46.0285],[11.4929,46.0143],[11.4912,46.0085],[11.4885,46.0068],[11.484,46.0014],[11.4653,45.9945],[11.4522,45.9838],[11.4467,45.9809],[11.4133,45.981],[11.4001,45.9801],[11.3785,45.9841],[11.3734,45.9832],[11.3611,45.9994],[11.3608,46.0048],[11.3681,46.009],[11.3749,46.0108],[11.3924,46.0138],[11.4073,46.0153],[11.4204,46.0195],[11.4166,46.024],[11.4185,46.0294],[11.4236,46.0386],[11.4291,46.0438],[11.427,46.0575],[11.4337,46.0622],[11.4421,46.0624],[11.4462,46.0643],[11.4508,46.0641],[11.4596,46.0658],[11.4596,46.0623]]]}},{"type":"Feature","properties":{"i":"022025","n":"Brentonico"},"geometry":{"type":"Polygon","coordinates":[[[10.991,45.825],[10.9933,45.8191],[10.9932,45.8102],[10.9916,45.8096],[10.9911,45.8073],[10.9915,45.8057],[10.999,45.8011],[11.0027,45.8006],[11.0009,45.7977],[10.9845,45.7886],[10.9747,45.7793],[10.9689,45.7706],[10.9669,45.7648],[10.9551,45.7652],[10.9416,45.7673],[10.9371,45.7666],[10.9376,45.7643],[10.9338,45.7638],[10.9163,45.7661],[10.886,45.7781],[10.8727,45.7884],[10.8741,45.7949],[10.877,45.8035],[10.8809,45.8061],[10.8868,45.8062],[10.8986,45.8228],[10.8967,45.8289],[10.9002,45.8374],[10.9089,45.8535],[10.9136,45.8496],[10.9192,45.847],[10.9336,45.8496],[10.9388,45.8479],[10.941,45.8471],[10.9414,45.8443],[10.9459,45.8411],[10.9532,45.8415],[10.9584,45.8429],[10.962,45.8457],[10.9639,45.8434],[10.9648,45.8401],[10.963,45.8342],[10.9644,45.8263],[10.9672,45.8237],[10.9759,45.8262],[10.9842,45.8272],[10.9886,45.8268],[10.991,45.825]]]}},{"type":"Feature","properties":{"i":"022026","n":"Bresimo"},"geometry":{"type":"Polygon","coordinates":[[[10.9671,46.4344],[10.9673,46.4308],[10.9711,46.4262],[10.9737,46.4256],[10.9789,46.426],[10.985,46.4233],[10.9903,46.4115],[10.9845,46.4113],[10.9758,46.4094],[10.9752,46.4076],[10.9761,46.4031],[10.9716,46.4001],[10.9461,46.3987],[10.9333,46.3968],[10.93,46.3943],[10.9178,46.3902],[10.9076,46.4029],[10.901,46.4041],[10.8966,46.4023],[10.8874,46.4092],[10.8842,46.4158],[10.8818,46.418],[10.8723,46.4213],[10.8685,46.4208],[10.8641,46.4214],[10.859,46.4238],[10.8628,46.4302],[10.8625,46.4336],[10.8613,46.4361],[10.8658,46.4383],[10.8688,46.442],[10.8849,46.4501],[10.8872,46.4469],[10.8922,46.4447],[10.9089,46.444],[10.9156,46.4453],[10.9322,46.4536],[10.9476,46.4469],[10.9521,46.4434],[10.9548,46.4384],[10.9565,46.437],[10.9671,46.4344]]]}},{"type":"Feature","properties":{"i":"022029","n":"Caderzone Terme"},"geometry":{"type":"Polygon","coordinates":[[[10.7359,46.1626],[10.7401,46.1588],[10.7501,46.1541],[10.7554,46.1559],[10.7584,46.1526],[10.7645,46.1486],[10.7659,46.1431],[10.7652,46.1371],[10.7636,46.1355],[10.7634,46.1323],[10.7603,46.1274],[10.7575,46.1249],[10.7556,46.1242],[10.7496,46.1269],[10.7271,46.1334],[10.7184,46.1334],[10.7102,46.1292],[10.7034,46.1339],[10.6982,46.1449],[10.6934,46.1596],[10.6927,46.1649],[10.7134,46.1684],[10.7197,46.1685],[10.7296,46.1711],[10.7351,46.1711],[10.7359,46.1626]]]}},{"type":"Feature","properties":{"i":"022032","n":"Calceranica al Lago"},"geometry":{"type":"Polygon","coordinates":[[[11.2407,45.9859],[11.2376,45.9863],[11.2321,45.9953],[11.236,46.0024],[11.2343,46.007],[11.2355,46.0098],[11.2371,46.0104],[11.248,46.0069],[11.2602,46.0048],[11.2619,46.002],[11.2527,45.999],[11.2516,45.9964],[11.2532,45.9948],[11.2407,45.9859]]]}},{"type":"Feature","properties":{"i":"022033","n":"Caldes"},"geometry":{"type":"Polygon","coordinates":[[[10.9693,46.3996],[10.9692,46.3969],[10.9713,46.3939],[10.9951,46.3911],[11.0024,46.3922],[11.0023,46.39],[10.9929,46.3848],[10.9947,46.3714],[10.992,46.3701],[10.985,46.3677],[10.9822,46.3675],[10.9792,46.3694],[10.9708,46.3717],[10.9675,46.3743],[10.9576,46.3713],[10.9481,46.3654],[10.9505,46.362],[10.9666,46.3518],[10.968,46.3477],[10.9602,46.3345],[10.9542,46.3338],[10.9497,46.3379],[10.9492,46.3494],[10.9464,46.3551],[10.9443,46.3567],[10.9388,46.3568],[10.9352,46.3615],[10.9257,46.3795],[10.9162,46.3887],[10.9178,46.3902],[10.93,46.3943],[10.9333,46.3968],[10.9546,46.3995],[10.9693,46.3996]]]}},{"type":"Feature","properties":{"i":"022034","n":"Caldonazzo"},"geometry":{"type":"Polygon","coordinates":[[[11.2728,46.009],[11.2783,46.006],[11.2857,46.0033],[11.3025,45.9897],[11.3034,45.982],[11.2996,45.9761],[11.2977,45.9697],[11.2998,45.9628],[11.3018,45.9616],[11.3094,45.9645],[11.3145,45.9634],[11.3152,45.9607],[11.2993,45.9597],[11.2854,45.9638],[11.2805,45.9645],[11.2646,45.964],[11.2567,45.9634],[11.2408,45.9572],[11.2376,45.9557],[11.2369,45.9545],[11.2335,45.9562],[11.2412,45.967],[11.2441,45.9731],[11.244,45.981],[11.2407,45.9859],[11.2532,45.9948],[11.2516,45.9964],[11.2527,45.999],[11.2619,46.002],[11.2602,46.0048],[11.248,46.0069],[11.2371,46.0104],[11.264,46.0135],[11.2655,46.0105],[11.2676,46.0095],[11.2728,46.009]]]}},{"type":"Feature","properties":{"i":"022035","n":"Calliano"},"geometry":{"type":"MultiPolygon","coordinates":[[[[11.1242,45.9217],[11.1252,45.92],[11.1247,45.9157],[11.1208,45.9093],[11.1183,45.901],[11.1153,45.9026],[11.1108,45.9165],[11.1006,45.9179],[11.093,45.9213],[11.0911,45.923],[11.0919,45.924],[11.0919,45.9281],[11.0865,45.9327],[11.0911,45.937],[11.0977,45.9403],[11.0978,45.9423],[11.0948,45.9468],[11.098,45.9474],[11.1002,45.9459],[11.1037,45.933],[11.1082,45.9281],[11.1242,45.9217]]],[[[11.1271,45.9747],[11.1312,45.9754],[11.1375,45.9718],[11.1432,45.971],[11.1454,45.9618],[11.1416,45.9577],[11.1227,45.9558],[11.1082,45.9514],[11.1131,45.9719],[11.1271,45.9747]]]]}},{"type":"Feature","properties":{"i":"022036","n":"Campitello di Fassa"},"geometry":{"type":"Polygon","coordinates":[[[11.7335,46.5092],[11.7436,46.505],[11.754,46.4973],[11.7568,46.496],[11.7571,46.4943],[11.7562,46.4908],[11.751,46.4781],[11.7655,46.4762],[11.7694,46.4744],[11.7556,46.4616],[11.7532,46.4635],[11.7435,46.4685],[11.7276,46.4743],[11.7137,46.4781],[11.7029,46.4831],[11.6962,46.4854],[11.6907,46.4864],[11.6867,46.4861],[11.6772,46.4834],[11.6631,46.4819],[11.6543,46.4864],[11.6496,46.4875],[11.6436,46.4876],[11.6422,46.4901],[11.6392,46.493],[11.6334,46.4953],[11.6328,46.4993],[11.6391,46.5018],[11.6469,46.4984],[11.6648,46.4975],[11.689,46.5031],[11.7023,46.5073],[11.7062,46.5102],[11.7158,46.5138],[11.7198,46.5102],[11.7335,46.5092]]]}},{"type":"Feature","properties":{"i":"022037","n":"Campodenno"},"geometry":{"type":"Polygon","coordinates":[[[11.0616,46.2576],[11.0597,46.2424],[11.0521,46.2434],[11.04,46.2417],[11.0132,46.2467],[10.9952,46.2381],[10.984,46.2294],[10.9769,46.2246],[10.9712,46.2218],[10.9686,46.2192],[10.9698,46.2155],[10.9508,46.2128],[10.948,46.2158],[10.946,46.221],[10.9461,46.2237],[10.9563,46.2332],[10.9619,46.2342],[10.9665,46.2379],[10.9674,46.2409],[10.9656,46.2419],[10.9619,46.2475],[10.9661,46.2561],[10.9764,46.2595],[10.9941,46.2638],[11.0089,46.2648],[11.0198,46.2674],[11.0234,46.2701],[11.0248,46.2731],[11.0372,46.2748],[11.0394,46.2738],[11.0403,46.2702],[11.045,46.2653],[11.0567,46.2614],[11.0568,46.2596],[11.0582,46.2577],[11.0616,46.2576]]]}},{"type":"Feature","properties":{"i":"022038","n":"Canal San Bovo"},"geometry":{"type":"MultiPolygon","coordinates":[[[[11.7832,46.2045],[11.7765,46.2033],[11.7726,46.2035],[11.7597,46.2075],[11.7707,46.2141],[11.7889,46.2177],[11.7894,46.2167],[11.7875,46.2143],[11.7838,46.2113],[11.7819,46.2106],[11.7791,46.2078],[11.781,46.2053],[11.7832,46.2045]]],[[[11.7527,46.2335],[11.7437,46.225],[11.7337,46.2245],[11.7193,46.2195],[11.7211,46.2168],[11.7249,46.2151],[11.7261,46.2052],[11.7313,46.1971],[11.7335,46.1955],[11.7462,46.1924],[11.7695,46.1807],[11.7697,46.1778],[11.7753,46.1714],[11.7835,46.1677],[11.7806,46.1644],[11.7737,46.1614],[11.7653,46.1559],[11.7686,46.1501],[11.7689,46.1421],[11.7657,46.1408],[11.7631,46.1379],[11.7627,46.1284],[11.7654,46.125],[11.7695,46.1257],[11.7709,46.125],[11.7746,46.1201],[11.777,46.1112],[11.7757,46.1084],[11.7732,46.1067],[11.7709,46.1029],[11.7662,46.0993],[11.7587,46.0956],[11.7508,46.1051],[11.7518,46.1071],[11.7496,46.1108],[11.7433,46.1179],[11.7396,46.1193],[11.7327,46.1248],[11.7295,46.1321],[11.7286,46.1407],[11.7219,46.1408],[11.7142,46.1392],[11.7131,46.1407],[11.7064,46.1444],[11.7009,46.1491],[11.6942,46.1593],[11.6959,46.1649],[11.6996,46.1675],[11.6928,46.1741],[11.6895,46.1731],[11.681,46.1685],[11.6784,46.1649],[11.6706,46.1605],[11.6676,46.1604],[11.6638,46.1627],[11.6597,46.1666],[11.6432,46.174],[11.6331,46.1801],[11.6351,46.1918],[11.6404,46.2064],[11.6387,46.2113],[11.6242,46.2158],[11.6237,46.218],[11.6158,46.2249],[11.5962,46.2352],[11.6013,46.2368],[11.6035,46.2383],[11.6084,46.2473],[11.6174,46.2592],[11.6214,46.2611],[11.6305,46.2575],[11.6449,46.256],[11.6709,46.2563],[11.6884,46.262],[11.697,46.2621],[11.7134,46.2606],[11.7269,46.2648],[11.7374,46.2651],[11.7426,46.261],[11.7484,46.2531],[11.7489,46.2514],[11.7467,46.248],[11.7514,46.2431],[11.7533,46.2352],[11.7527,46.2335]]]]}},{"type":"Feature","properties":{"i":"022039","n":"Canazei"},"geometry":{"type":"Polygon","coordinates":[[[11.8283,46.5089],[11.8192,46.501],[11.8144,46.4941],[11.8104,46.4849],[11.8132,46.4782],[11.8168,46.4767],[11.8235,46.4758],[11.8438,46.4759],[11.8711,46.4732],[11.8786,46.4703],[11.8827,46.4663],[11.8868,46.4646],[11.8881,46.4418],[11.873,46.4339],[11.8699,46.4332],[11.8503,46.4342],[11.833,46.441],[11.8213,46.4394],[11.8168,46.431],[11.8144,46.4294],[11.8034,46.4267],[11.7908,46.4269],[11.7885,46.4283],[11.793,46.4355],[11.7935,46.4385],[11.7925,46.4388],[11.7917,46.4388],[11.7858,46.4319],[11.7798,46.43],[11.7739,46.431],[11.7603,46.4355],[11.7588,46.4401],[11.7621,46.4436],[11.7642,46.4531],[11.7623,46.4562],[11.7556,46.4616],[11.7694,46.4744],[11.7655,46.4762],[11.751,46.4781],[11.7562,46.4908],[11.7569,46.4958],[11.7436,46.505],[11.7816,46.5107],[11.7906,46.515],[11.793,46.5213],[11.8008,46.5277],[11.8062,46.5309],[11.8112,46.5328],[11.8127,46.5302],[11.8183,46.5277],[11.8255,46.5218],[11.8253,46.5128],[11.8283,46.5089]]]}},{"type":"Feature","properties":{"i":"022040","n":"Capriana"},"geometry":{"type":"Polygon","coordinates":[[[11.3403,46.2979],[11.3363,46.2896],[11.3419,46.2818],[11.3444,46.2803],[11.3489,46.2795],[11.3562,46.2764],[11.3572,46.2739],[11.357,46.2706],[11.3588,46.2657],[11.3534,46.2642],[11.3495,46.2598],[11.338,46.2535],[11.3306,46.2511],[11.327,46.2486],[11.3242,46.2449],[11.3214,46.2448],[11.3161,46.2526],[11.3056,46.2588],[11.3159,46.2733],[11.3137,46.2793],[11.3109,46.2813],[11.3192,46.2879],[11.3232,46.2926],[11.332,46.2941],[11.3321,46.2966],[11.3333,46.2975],[11.3388,46.2988],[11.3403,46.2979]]]}},{"type":"Feature","properties":{"i":"022042","n":"Carisolo"},"geometry":{"type":"MultiPolygon","coordinates":[[[[10.7359,46.1626],[10.7351,46.1711],[10.7296,46.1711],[10.7197,46.1685],[10.717,46.1722],[10.7227,46.1837],[10.7221,46.1882],[10.7121,46.1934],[10.7099,46.197],[10.7105,46.1981],[10.7146,46.1983],[10.7258,46.1962],[10.7358,46.1926],[10.742,46.194],[10.7429,46.1957],[10.7563,46.1996],[10.7621,46.197],[10.7732,46.1853],[10.7727,46.1802],[10.7694,46.1741],[10.755,46.1585],[10.7517,46.1624],[10.7497,46.1681],[10.7479,46.1686],[10.7452,46.1691],[10.7422,46.1686],[10.7359,46.1626]]],[[[10.7333,46.2375],[10.7517,46.2224],[10.7539,46.2113],[10.7463,46.2103],[10.7317,46.2139],[10.7205,46.2149],[10.7077,46.2176],[10.6856,46.227],[10.6783,46.2311],[10.6861,46.2404],[10.6967,46.2394],[10.7067,46.2407],[10.7243,46.2411],[10.7333,46.2375]]]]}},{"type":"Feature","properties":{"i":"022043","n":"Carzano"},"geometry":{"type":"Polygon","coordinates":[[[11.4988,46.0611],[11.4812,46.0571],[11.4867,46.0592],[11.4913,46.0627],[11.4916,46.0635],[11.4888,46.0701],[11.4917,46.0839],[11.5022,46.0909],[11.5015,46.0871],[11.4971,46.0796],[11.4963,46.0686],[11.4988,46.0611]]]}},{"type":"Feature","properties":{"i":"022045","n":"Castel Condino"},"geometry":{"type":"Polygon","coordinates":[[[10.6196,45.9252],[10.6155,45.9217],[10.6054,45.9103],[10.6033,45.9015],[10.6004,45.901],[10.5952,45.9026],[10.5885,45.909],[10.5851,45.911],[10.5662,45.9109],[10.5619,45.9133],[10.5586,45.9191],[10.5584,45.9213],[10.5637,45.9197],[10.5724,45.9197],[10.5822,45.9212],[10.5795,45.9275],[10.5724,45.9332],[10.5666,45.9334],[10.5515,45.9242],[10.5428,45.9242],[10.5485,45.9285],[10.5544,45.9364],[10.5664,45.9402],[10.5788,45.9382],[10.5874,45.9353],[10.6017,45.9331],[10.6196,45.9252]]]}},{"type":"Feature","properties":{"i":"022047","n":"Castello-Molina di Fiemme"},"geometry":{"type":"Polygon","coordinates":[[[11.4476,46.2865],[11.4454,46.2723],[11.4424,46.2653],[11.4384,46.2587],[11.4363,46.2436],[11.4412,46.2406],[11.442,46.2393],[11.4433,46.2326],[11.4423,46.2255],[11.4476,46.218],[11.4518,46.2162],[11.4598,46.2085],[11.464,46.2067],[11.47,46.205],[11.4819,46.2078],[11.4892,46.2061],[11.4924,46.2045],[11.5107,46.1995],[11.5111,46.1957],[11.5087,46.1927],[11.5041,46.19],[11.4998,46.1885],[11.4984,46.1858],[11.492,46.1828],[11.4868,46.1812],[11.4724,46.1789],[11.4542,46.1722],[11.4398,46.175],[11.4278,46.1713],[11.4193,46.1648],[11.405,46.1625],[11.4026,46.1632],[11.3993,46.1651],[11.4129,46.1725],[11.4186,46.1782],[11.4209,46.1824],[11.4196,46.1962],[11.421,46.215],[11.4188,46.2199],[11.4187,46.2385],[11.4145,46.2468],[11.4127,46.2474],[11.4088,46.2469],[11.4029,46.2401],[11.3929,46.2328],[11.3783,46.242],[11.3715,46.2449],[11.367,46.2512],[11.3726,46.2584],[11.3726,46.261],[11.3702,46.2625],[11.3736,46.264],[11.3773,46.262],[11.3896,46.2623],[11.3976,46.2648],[11.3944,46.2742],[11.3897,46.2786],[11.3868,46.2801],[11.4139,46.2922],[11.4165,46.2919],[11.4189,46.2906],[11.4194,46.2888],[11.4209,46.2876],[11.4273,46.2844],[11.4476,46.2865]]]}},{"type":"Feature","properties":{"i":"022048","n":"Castello Tesino"},"geometry":{"type":"Polygon","coordinates":[[[11.6242,46.2158],[11.6387,46.2113],[11.6404,46.2064],[11.6351,46.1918],[11.6331,46.1801],[11.6432,46.174],[11.6597,46.1666],[11.6638,46.1627],[11.6676,46.1604],[11.6706,46.1605],[11.6784,46.1649],[11.681,46.1685],[11.6895,46.1731],[11.6928,46.1741],[11.6996,46.1675],[11.6959,46.1649],[11.6942,46.1593],[11.7009,46.1491],[11.7064,46.1444],[11.7143,46.1396],[11.7119,46.1373],[11.7089,46.1311],[11.7049,46.1272],[11.7002,46.1252],[11.6893,46.1246],[11.6875,46.1229],[11.6889,46.1153],[11.6924,46.1139],[11.6972,46.0986],[11.7035,46.0905],[11.6951,46.0945],[11.6911,46.095],[11.6882,46.0948],[11.6853,46.0936],[11.6823,46.09],[11.6834,46.0764],[11.6865,46.067],[11.6974,46.0596],[11.7043,46.0522],[11.7055,46.0468],[11.7002,46.0446],[11.6773,46.0443],[11.6672,46.0382],[11.6662,46.0362],[11.6666,46.0353],[11.673,46.0295],[11.6819,46.0284],[11.6819,46.0267],[11.67,46.0182],[11.6666,46.0171],[11.6647,46.0147],[11.6608,46.0139],[11.6567,46.0153],[11.6519,46.0185],[11.6486,46.022],[11.6398,46.0287],[11.6362,46.0227],[11.6308,46.0271],[11.6286,46.0304],[11.6261,46.0373],[11.6259,46.0418],[11.6295,46.0423],[11.6322,46.0443],[11.6318,46.0491],[11.6304,46.0509],[11.6284,46.0517],[11.6247,46.0581],[11.6243,46.0625],[11.6218,46.0674],[11.62,46.0831],[11.6197,46.095],[11.6246,46.1003],[11.6354,46.105],[11.6447,46.1121],[11.6483,46.1161],[11.6527,46.1237],[11.6434,46.1234],[11.6321,46.1169],[11.6205,46.1158],[11.6202,46.1191],[11.621,46.1198],[11.6213,46.1223],[11.6205,46.1265],[11.6137,46.1321],[11.6076,46.1454],[11.6098,46.1486],[11.6113,46.1549],[11.6113,46.1692],[11.6052,46.1766],[11.5901,46.1688],[11.5864,46.1659],[11.5805,46.1653],[11.5602,46.1688],[11.5567,46.1702],[11.5505,46.1751],[11.5657,46.1826],[11.5701,46.1863],[11.5702,46.1885],[11.5728,46.1934],[11.5788,46.1995],[11.5969,46.2109],[11.6117,46.2155],[11.6242,46.2158]]]}},{"type":"Feature","properties":{"i":"022049","n":"Castelnuovo"},"geometry":{"type":"Polygon","coordinates":[[[11.5088,46.0502],[11.5093,46.0473],[11.5218,46.0451],[11.5221,46.0416],[11.5219,46.0395],[11.5206,46.0376],[11.5143,46.0341],[11.5109,46.0337],[11.507,46.0269],[11.5123,46.0164],[11.5107,46.012],[11.501,46.0109],[11.4912,46.0085],[11.4929,46.0143],[11.4843,46.0285],[11.4821,46.0309],[11.477,46.0326],[11.4736,46.0351],[11.4678,46.0469],[11.4725,46.0522],[11.4743,46.0521],[11.4759,46.0563],[11.4988,46.0611],[11.5088,46.0502]]]}},{"type":"Feature","properties":{"i":"022050","n":"Cavalese"},"geometry":{"type":"Polygon","coordinates":[[[11.4894,46.2924],[11.4889,46.2881],[11.49,46.287],[11.4955,46.284],[11.4984,46.2844],[11.5002,46.2859],[11.5042,46.2813],[11.4977,46.264],[11.4978,46.26],[11.5055,46.2494],[11.5042,46.2419],[11.5026,46.2379],[11.5003,46.2352],[11.5007,46.2316],[11.5077,46.2194],[11.5163,46.21],[11.5225,46.2049],[11.5225,46.2032],[11.5107,46.1995],[11.4819,46.2078],[11.4709,46.205],[11.4608,46.2079],[11.4518,46.2162],[11.4476,46.218],[11.4423,46.2255],[11.4433,46.2326],[11.442,46.2393],[11.4412,46.2406],[11.4363,46.2436],[11.4384,46.2587],[11.4424,46.2653],[11.4454,46.2723],[11.4475,46.2837],[11.447,46.2952],[11.4553,46.2966],[11.4634,46.2966],[11.4719,46.2953],[11.4755,46.296],[11.4894,46.2924]]]}},{"type":"Feature","properties":{"i":"022051","n":"Cavareno"},"geometry":{"type":"Polygon","coordinates":[[[11.2068,46.3875],[11.2048,46.3922],[11.199,46.3984],[11.1967,46.4007],[11.1911,46.4037],[11.1831,46.4025],[11.1801,46.4012],[11.1797,46.3997],[11.1733,46.4051],[11.1674,46.4065],[11.1396,46.3994],[11.1353,46.3996],[11.1317,46.4005],[11.1238,46.4072],[11.1274,46.4118],[11.1319,46.4158],[11.1539,46.4144],[11.1608,46.415],[11.1684,46.414],[11.166,46.4102],[11.168,46.4094],[11.1891,46.4119],[11.2001,46.4154],[11.2073,46.4166],[11.2141,46.4081],[11.2147,46.4032],[11.2137,46.397],[11.2089,46.3884],[11.2068,46.3875]]]}},{"type":"Feature","properties":{"i":"022052","n":"Cavedago"},"geometry":{"type":"Polygon","coordinates":[[[11.0455,46.1901],[11.0473,46.1849],[11.0413,46.1802],[11.0299,46.1752],[11.0226,46.1736],[11.0184,46.1739],[11.0143,46.1785],[10.999,46.1798],[10.9904,46.1779],[10.9744,46.1679],[10.9625,46.1777],[10.9659,46.1794],[10.9675,46.1834],[10.999,46.1891],[11.006,46.189],[11.017,46.1914],[11.0231,46.1981],[11.0289,46.2018],[11.0329,46.2011],[11.0411,46.1917],[11.0455,46.1901]]]}},{"type":"Feature","properties":{"i":"022053","n":"Cavedine"},"geometry":{"type":"Polygon","coordinates":[[[11.0276,46.0145],[11.0283,46.0117],[11.0276,46.006],[11.0311,45.9993],[11.0314,45.9885],[11.0325,45.9848],[11.0358,45.9815],[11.0295,45.9779],[11.0195,45.97],[11.0063,45.9571],[10.9996,45.9474],[10.9928,45.9432],[10.9882,45.9415],[10.9749,45.9585],[10.9667,45.9669],[10.9558,45.9705],[10.9462,45.9752],[10.9489,45.977],[10.9497,45.9803],[10.9462,45.9853],[10.9426,45.9929],[10.9536,46.0097],[10.9558,46.0153],[10.9557,46.0168],[10.9525,46.0199],[10.9527,46.0206],[10.9596,46.0198],[10.967,46.0158],[10.9757,46.0127],[10.9818,46.0115],[10.9984,46.0124],[11.0236,46.0161],[11.0276,46.0145]]]}},{"type":"Feature","properties":{"i":"022054","n":"Cavizzana"},"geometry":{"type":"Polygon","coordinates":[[[10.9792,46.3694],[10.974,46.3582],[10.9666,46.3518],[10.9505,46.362],[10.9481,46.3654],[10.9576,46.3713],[10.9675,46.3743],[10.9708,46.3717],[10.9792,46.3694]]]}},{"type":"Feature","properties":{"i":"022058","n":"Cimone"},"geometry":{"type":"Polygon","coordinates":[[[11.0863,45.977],[11.0878,45.9757],[11.0866,45.9738],[11.0809,45.9734],[11.0771,45.9748],[11.0675,45.9656],[11.0551,45.9605],[11.0543,45.9591],[11.052,45.9579],[11.0443,45.9567],[11.0428,45.9571],[11.0499,45.9624],[11.0484,45.9687],[11.0468,45.9721],[11.0355,45.9817],[11.0394,45.991],[11.0448,45.9958],[11.0521,45.9971],[11.0616,45.9951],[11.0706,45.9917],[11.0823,45.9844],[11.0863,45.977]]]}},{"type":"Feature","properties":{"i":"022059","n":"Cinte Tesino"},"geometry":{"type":"MultiPolygon","coordinates":[[[[11.6222,46.0657],[11.6243,46.0625],[11.6247,46.0581],[11.6284,46.0517],[11.6304,46.0509],[11.6318,46.0491],[11.6322,46.0443],[11.6295,46.0423],[11.6259,46.0418],[11.6267,46.0351],[11.6308,46.0271],[11.6282,46.025],[11.6267,46.0214],[11.6241,46.0208],[11.6192,46.0211],[11.6081,46.0247],[11.6019,46.0289],[11.5983,46.0331],[11.582,46.045],[11.5839,46.0531],[11.5862,46.0579],[11.5887,46.0575],[11.6044,46.0603],[11.6203,46.0658],[11.6222,46.0657]]],[[[11.7508,46.1051],[11.7169,46.103],[11.7115,46.0991],[11.7035,46.0905],[11.6972,46.0986],[11.6924,46.1139],[11.6889,46.1153],[11.6875,46.1229],[11.6893,46.1246],[11.7002,46.1252],[11.7049,46.1272],[11.7089,46.1311],[11.7119,46.1373],[11.7142,46.1392],[11.7219,46.1408],[11.7286,46.1407],[11.7295,46.1321],[11.7327,46.1248],[11.7396,46.1193],[11.7433,46.1179],[11.7517,46.1075],[11.7508,46.1051]]],[[[11.5864,46.1659],[11.5867,46.1612],[11.591,46.1478],[11.5946,46.1441],[11.5874,46.1442],[11.5761,46.1462],[11.5709,46.1459],[11.5662,46.1532],[11.56,46.1685],[11.5578,46.1693],[11.5507,46.1749],[11.5567,46.1702],[11.5602,46.1688],[11.5805,46.1653],[11.5864,46.1659]]]]}},{"type":"Feature","properties":{"i":"022060","n":"Cis"},"geometry":{"type":"Polygon","coordinates":[[[11.0161,46.3936],[10.9951,46.3911],[10.9713,46.3939],[10.9692,46.3969],[10.9693,46.3996],[10.9745,46.4016],[10.9761,46.4031],[10.9752,46.4076],[10.9758,46.4094],[10.9858,46.4115],[10.9955,46.412],[10.9982,46.4117],[11.0037,46.4075],[11.0151,46.397],[11.0161,46.3936]]]}},{"type":"Feature","properties":{"i":"022061","n":"Civezzano"},"geometry":{"type":"Polygon","coordinates":[[[11.2084,46.1081],[11.207,46.0917],[11.2029,46.0835],[11.2016,46.0811],[11.1924,46.0746],[11.1897,46.0717],[11.1838,46.0744],[11.1756,46.0799],[11.1744,46.0849],[11.1638,46.0933],[11.1543,46.0989],[11.1543,46.1094],[11.1568,46.116],[11.1638,46.1251],[11.1656,46.1255],[11.172,46.1262],[11.1796,46.1253],[11.1897,46.1268],[11.1872,46.1183],[11.1886,46.1109],[11.2007,46.1063],[11.2084,46.1081]]]}},{"type":"Feature","properties":{"i":"022062","n":"Cles"},"geometry":{"type":"Polygon","coordinates":[[[11.0284,46.3908],[11.0359,46.3893],[11.0457,46.3825],[11.0471,46.3768],[11.0466,46.3719],[11.0473,46.37],[11.0503,46.367],[11.0537,46.3664],[11.0565,46.358],[11.0525,46.3544],[11.0385,46.3463],[11.0283,46.3421],[11.0266,46.3404],[11.0268,46.337],[11.0131,46.34],[11.0095,46.3434],[11.0093,46.347],[10.9999,46.3474],[10.9951,46.3447],[10.9842,46.3433],[10.9818,46.3467],[10.9799,46.3467],[10.9695,46.3386],[10.9661,46.3323],[10.965,46.3231],[10.9613,46.3191],[10.9538,46.3164],[10.9458,46.3165],[10.9408,46.3137],[10.9338,46.3083],[10.9386,46.2981],[10.9395,46.2935],[10.9386,46.2912],[10.9346,46.2875],[10.9301,46.2866],[10.9167,46.279],[10.9074,46.2771],[10.9032,46.2769],[10.9021,46.2775],[10.9015,46.2793],[10.9034,46.2825],[10.912,46.2932],[10.9165,46.3004],[10.9174,46.3064],[10.9158,46.3164],[10.9178,46.3135],[10.9209,46.3116],[10.9284,46.313],[10.9231,46.3227],[10.9277,46.324],[10.9358,46.325],[10.9429,46.3282],[10.9402,46.331],[10.9401,46.3332],[10.9414,46.3373],[10.9497,46.3379],[10.9542,46.3338],[10.9602,46.3345],[10.968,46.3477],[10.9666,46.3518],[10.974,46.3582],[10.9792,46.3694],[10.9822,46.3675],[10.985,46.3677],[10.9947,46.3714],[10.9929,46.3848],[11.0023,46.39],[11.0024,46.3922],[11.0161,46.3936],[11.0208,46.3925],[11.0222,46.3913],[11.0265,46.3903],[11.0284,46.3908]]]}},{"type":"Feature","properties":{"i":"022064","n":"Commezzadura"},"geometry":{"type":"Polygon","coordinates":[[[10.8442,46.3489],[10.8443,46.3467],[10.8486,46.3407],[10.8656,46.3352],[10.8691,46.3352],[10.8663,46.3344],[10.8648,46.3233],[10.8657,46.3221],[10.8607,46.3086],[10.8517,46.2958],[10.8416,46.2895],[10.8373,46.2855],[10.8364,46.2819],[10.8378,46.2788],[10.8375,46.276],[10.8323,46.2745],[10.8126,46.2738],[10.8173,46.2882],[10.8182,46.2995],[10.8161,46.3182],[10.8193,46.3253],[10.8222,46.3271],[10.8252,46.3314],[10.8254,46.3341],[10.823,46.3408],[10.8222,46.3497],[10.827,46.3486],[10.8442,46.3489]]]}},{"type":"Feature","properties":{"i":"022068","n":"Croviana"},"geometry":{"type":"Polygon","coordinates":[[[10.9358,46.325],[10.9277,46.324],[10.9231,46.3227],[10.9284,46.313],[10.9209,46.3116],[10.9178,46.3135],[10.9158,46.3164],[10.9164,46.3182],[10.9152,46.3205],[10.9015,46.3373],[10.8924,46.345],[10.8968,46.3486],[10.9034,46.3507],[10.9107,46.3453],[10.9206,46.3357],[10.9358,46.325]]]}},{"type":"Feature","properties":{"i":"022071","n":"Dambel"},"geometry":{"type":"Polygon","coordinates":[[[11.1215,46.4069],[11.1161,46.4057],[11.111,46.4028],[11.1,46.3922],[11.0831,46.3899],[11.0812,46.3903],[11.0791,46.3924],[11.0784,46.3977],[11.0821,46.4063],[11.0928,46.4111],[11.0996,46.4155],[11.1215,46.4069]]]}},{"type":"Feature","properties":{"i":"022074","n":"Denno"},"geometry":{"type":"Polygon","coordinates":[[[11.0625,46.2923],[11.0572,46.2777],[11.0621,46.2705],[11.0642,46.2686],[11.0621,46.2657],[11.0616,46.2576],[11.0582,46.2577],[11.0568,46.2596],[11.0567,46.2614],[11.045,46.2653],[11.0403,46.2702],[11.0394,46.2738],[11.0372,46.2748],[11.0248,46.2731],[11.0234,46.2701],[11.0198,46.2674],[11.0089,46.2648],[10.9941,46.2638],[10.9793,46.2603],[10.9661,46.2561],[10.9736,46.2709],[10.9756,46.2738],[10.9792,46.2768],[10.9897,46.2776],[11.0247,46.2743],[11.0357,46.2761],[11.0379,46.2765],[11.041,46.2811],[11.0432,46.2822],[11.0491,46.2902],[11.0489,46.2924],[11.0517,46.2982],[11.0533,46.2997],[11.0625,46.2923]]]}},{"type":"Feature","properties":{"i":"022078","n":"Drena"},"geometry":{"type":"Polygon","coordinates":[[[10.9462,45.9752],[10.9558,45.9705],[10.9667,45.9669],[10.9709,45.9627],[10.9882,45.9415],[10.9847,45.9362],[10.9635,45.9411],[10.9567,45.9442],[10.9523,45.9497],[10.9523,45.9532],[10.9507,45.9557],[10.9438,45.9603],[10.9399,45.96],[10.936,45.9652],[10.9374,45.9687],[10.9338,45.9699],[10.9462,45.9752]]]}},{"type":"Feature","properties":{"i":"022079","n":"Dro"},"geometry":{"type":"Polygon","coordinates":[[[10.9525,46.0199],[10.9547,46.0184],[10.9558,46.0153],[10.9536,46.0097],[10.9426,45.9929],[10.9462,45.9853],[10.9497,45.9803],[10.9489,45.977],[10.9462,45.9752],[10.9338,45.9699],[10.931,45.9655],[10.9087,45.9461],[10.894,45.9416],[10.8887,45.9514],[10.8873,45.9594],[10.8966,45.9703],[10.9041,45.9762],[10.9117,45.9798],[10.913,45.982],[10.8994,45.9908],[10.9107,46.0017],[10.9127,46.0081],[10.9116,46.0154],[10.9141,46.0222],[10.9269,46.0269],[10.9282,46.0296],[10.9407,46.0369],[10.956,46.0323],[10.9536,46.0264],[10.9502,46.0261],[10.9477,46.0224],[10.9525,46.0199]]]}},{"type":"Feature","properties":{"i":"022081","n":"Fai della Paganella"},"geometry":{"type":"Polygon","coordinates":[[[11.0839,46.1818],[11.0841,46.1776],[11.0751,46.1719],[11.0678,46.1694],[11.0618,46.1719],[11.0557,46.1679],[11.0542,46.1665],[11.0517,46.1518],[11.0488,46.1494],[11.0495,46.1459],[11.0506,46.1448],[11.0475,46.1422],[11.0411,46.1411],[11.0369,46.1418],[11.0402,46.1571],[11.046,46.1676],[11.0518,46.1752],[11.0493,46.1758],[11.0428,46.1742],[11.029,46.1697],[11.0276,46.1686],[11.0266,46.1743],[11.0391,46.1787],[11.0473,46.1848],[11.0455,46.1901],[11.0515,46.1897],[11.0558,46.1905],[11.0635,46.1964],[11.0654,46.2001],[11.0657,46.2047],[11.07,46.2023],[11.0682,46.2013],[11.0682,46.2004],[11.0713,46.1963],[11.0809,46.1968],[11.0817,46.1994],[11.0848,46.2003],[11.0897,46.1997],[11.0911,46.1951],[11.0908,46.1941],[11.0868,46.1846],[11.0839,46.1818]]]}},{"type":"Feature","properties":{"i":"022083","n":"Fiavè"},"geometry":{"type":"Polygon","coordinates":[[[10.8361,45.9612],[10.8259,45.9589],[10.8206,45.9599],[10.8097,45.9595],[10.804,45.9584],[10.7843,45.9622],[10.7659,45.9643],[10.7637,45.9669],[10.7644,45.9688],[10.7685,45.9717],[10.7774,45.9719],[10.782,45.9752],[10.7903,45.9824],[10.8013,45.9963],[10.8076,45.9973],[10.81,45.9965],[10.8141,45.9897],[10.8171,45.9906],[10.8208,45.9979],[10.8244,46.0105],[10.8328,46.0178],[10.836,46.0189],[10.8433,46.0184],[10.8532,46.0209],[10.8546,46.0145],[10.8585,46.0084],[10.8609,46.008],[10.8611,45.9995],[10.8567,45.9926],[10.8488,45.9884],[10.8336,45.9755],[10.833,45.9733],[10.8357,45.9649],[10.8361,45.9612]]]}},{"type":"Feature","properties":{"i":"022085","n":"Fierozzo"},"geometry":{"type":"Polygon","coordinates":[[[11.3757,46.1052],[11.3704,46.0951],[11.3597,46.0943],[11.3567,46.0886],[11.3557,46.0817],[11.3513,46.0761],[11.3349,46.0911],[11.3305,46.093],[11.3156,46.094],[11.3056,46.0985],[11.3016,46.097],[11.2985,46.0947],[11.3002,46.0986],[11.3075,46.1082],[11.312,46.1127],[11.3148,46.115],[11.3214,46.1182],[11.3292,46.1207],[11.3347,46.1236],[11.3355,46.1254],[11.3376,46.1274],[11.3468,46.1277],[11.3625,46.1244],[11.3708,46.1175],[11.3716,46.1115],[11.3757,46.1052]]]}},{"type":"Feature","properties":{"i":"022087","n":"Folgaria"},"geometry":{"type":"Polygon","coordinates":[[[11.2583,45.9207],[11.2613,45.9157],[11.2606,45.9075],[11.2577,45.9031],[11.2511,45.8961],[11.2546,45.8912],[11.2551,45.884],[11.2504,45.8845],[11.2477,45.8858],[11.2431,45.8844],[11.2369,45.8808],[11.2366,45.8783],[11.2422,45.8761],[11.2444,45.8769],[11.2396,45.857],[11.2269,45.8489],[11.2219,45.849],[11.2126,45.8701],[11.2108,45.8722],[11.2013,45.877],[11.188,45.8816],[11.1813,45.8871],[11.1751,45.8882],[11.1662,45.8862],[11.1599,45.8863],[11.1364,45.8914],[11.1295,45.8944],[11.1276,45.8948],[11.124,45.894],[11.1183,45.901],[11.1208,45.9093],[11.1247,45.9157],[11.1252,45.92],[11.1242,45.9217],[11.144,45.9311],[11.1643,45.9427],[11.1855,45.9445],[11.1866,45.9417],[11.1933,45.938],[11.2049,45.9453],[11.2095,45.9471],[11.2143,45.946],[11.2229,45.9469],[11.2304,45.9526],[11.2335,45.9562],[11.2369,45.9545],[11.2395,45.9541],[11.2435,45.9469],[11.2433,45.9409],[11.2459,45.9375],[11.2602,45.9297],[11.264,45.9288],[11.2616,45.9241],[11.2583,45.9207]]]}},{"type":"Feature","properties":{"i":"022089","n":"Fornace"},"geometry":{"type":"Polygon","coordinates":[[[11.2171,46.1103],[11.2007,46.1063],[11.1886,46.1109],[11.1872,46.1183],[11.1897,46.1268],[11.1957,46.1295],[11.1994,46.1323],[11.2016,46.135],[11.2042,46.1407],[11.2086,46.1444],[11.21,46.1405],[11.223,46.1302],[11.2205,46.1294],[11.2191,46.128],[11.2186,46.1252],[11.2205,46.1225],[11.2195,46.1139],[11.2171,46.1103]]]}},{"type":"Feature","properties":{"i":"022090","n":"Frassilongo"},"geometry":{"type":"Polygon","coordinates":[[[11.3513,46.0761],[11.3467,46.0726],[11.3421,46.0652],[11.3412,46.0606],[11.3345,46.05],[11.3186,46.0581],[11.3078,46.0612],[11.302,46.0611],[11.2979,46.0652],[11.2835,46.0719],[11.2868,46.0776],[11.2839,46.08],[11.2861,46.0863],[11.2914,46.0919],[11.3056,46.0985],[11.3156,46.094],[11.3282,46.0935],[11.3349,46.0911],[11.3513,46.0761]]]}},{"type":"Feature","properties":{"i":"022091","n":"Garniga Terme"},"geometry":{"type":"Polygon","coordinates":[[[11.0929,45.9932],[11.0888,45.988],[11.0903,45.9877],[11.0921,45.9854],[11.0863,45.977],[11.0823,45.9844],[11.0704,45.9918],[11.0616,45.9951],[11.0521,45.9971],[11.0448,45.9958],[11.0476,46.0156],[11.0578,46.0257],[11.062,46.022],[11.067,46.0211],[11.0725,46.0216],[11.0754,46.0232],[11.082,46.0228],[11.0967,46.0107],[11.0999,46.0068],[11.0998,46.0036],[11.0929,45.9932]]]}},{"type":"Feature","properties":{"i":"022092","n":"Giovo"},"geometry":{"type":"Polygon","coordinates":[[[11.2017,46.2229],[11.1994,46.218],[11.1966,46.2077],[11.1926,46.1994],[11.1869,46.1989],[11.1799,46.1933],[11.1753,46.1879],[11.1772,46.1762],[11.18,46.1662],[11.1759,46.1569],[11.1713,46.1542],[11.1563,46.1506],[11.1344,46.1506],[11.1234,46.1477],[11.1195,46.1412],[11.1168,46.1418],[11.1174,46.149],[11.1241,46.1624],[11.1323,46.1686],[11.1352,46.1745],[11.1368,46.1831],[11.1397,46.1874],[11.148,46.1887],[11.154,46.1877],[11.1624,46.1833],[11.1663,46.186],[11.1761,46.1995],[11.1802,46.2068],[11.1743,46.2139],[11.1771,46.2171],[11.1759,46.2256],[11.1727,46.2289],[11.1761,46.2314],[11.1827,46.2264],[11.2017,46.2229]]]}},{"type":"Feature","properties":{"i":"022093","n":"Giustino"},"geometry":{"type":"MultiPolygon","coordinates":[[[[10.8144,46.1577],[10.812,46.1544],[10.8089,46.1531],[10.8034,46.1486],[10.8014,46.1448],[10.797,46.1427],[10.7745,46.146],[10.7723,46.1455],[10.7698,46.1419],[10.7685,46.1366],[10.7652,46.1371],[10.7659,46.1436],[10.7642,46.1491],[10.7584,46.1526],[10.7781,46.1595],[10.7812,46.1622],[10.7895,46.1598],[10.7964,46.1623],[10.8014,46.1649],[10.8064,46.1725],[10.8134,46.1713],[10.8135,46.1601],[10.8144,46.1577]]],[[[10.6783,46.2311],[10.6856,46.227],[10.7077,46.2176],[10.7205,46.2149],[10.7317,46.2139],[10.7463,46.2103],[10.7539,46.2113],[10.7544,46.2023],[10.7559,46.1995],[10.7429,46.1957],[10.742,46.194],[10.7358,46.1926],[10.7258,46.1962],[10.7146,46.1983],[10.7105,46.1981],[10.7099,46.197],[10.7121,46.1934],[10.7221,46.1882],[10.7227,46.1837],[10.717,46.1722],[10.7197,46.1685],[10.7134,46.1684],[10.6952,46.165],[10.6771,46.1653],[10.6765,46.1848],[10.6632,46.1903],[10.6562,46.204],[10.6532,46.2117],[10.6492,46.2159],[10.6528,46.2191],[10.6621,46.2207],[10.6758,46.2308],[10.6783,46.2311]]]]}},{"type":"Feature","properties":{"i":"022095","n":"Grigno"},"geometry":{"type":"Polygon","coordinates":[[[11.6308,46.0271],[11.6364,46.0226],[11.6398,46.0287],[11.6486,46.022],[11.6519,46.0185],[11.6567,46.0153],[11.6608,46.0139],[11.6647,46.0147],[11.6666,46.0171],[11.6711,46.0145],[11.6817,45.9991],[11.6865,45.9944],[11.6896,45.9885],[11.6843,45.9841],[11.6858,45.9693],[11.6827,45.9689],[11.6762,45.9658],[11.6665,45.9641],[11.65,45.9648],[11.6373,45.9617],[11.6276,45.9606],[11.6307,45.9694],[11.621,45.9715],[11.6146,45.9674],[11.611,45.9675],[11.6057,45.97],[11.6003,45.9713],[11.5939,45.971],[11.5917,45.9695],[11.5876,45.969],[11.5798,46.0008],[11.5772,46.0065],[11.5823,46.009],[11.5846,46.0092],[11.5947,46.0263],[11.5995,46.0318],[11.6019,46.0289],[11.6068,46.0254],[11.6192,46.0211],[11.6241,46.0208],[11.6267,46.0214],[11.6282,46.025],[11.6308,46.0271]]]}},{"type":"Feature","properties":{"i":"022097","n":"Imer"},"geometry":{"type":"MultiPolygon","coordinates":[[[[11.827,46.1074],[11.8197,46.108],[11.8169,46.1066],[11.815,46.1039],[11.8066,46.1027],[11.7797,46.1028],[11.7751,46.1044],[11.7732,46.1067],[11.7757,46.1084],[11.777,46.1112],[11.7746,46.1201],[11.7709,46.125],[11.7695,46.1257],[11.7654,46.125],[11.7626,46.129],[11.7631,46.1379],[11.7657,46.1408],[11.7689,46.1421],[11.7686,46.1501],[11.7653,46.1559],[11.7737,46.1614],[11.7806,46.1644],[11.7845,46.1618],[11.8005,46.1544],[11.8038,46.1509],[11.8034,46.1453],[11.8059,46.1409],[11.811,46.1351],[11.8196,46.1306],[11.827,46.1074]]],[[[11.7889,46.2177],[11.7707,46.2141],[11.7597,46.2075],[11.7579,46.2106],[11.7525,46.2139],[11.748,46.2225],[11.7437,46.225],[11.7527,46.2335],[11.7745,46.2296],[11.7872,46.2297],[11.7941,46.2282],[11.793,46.2206],[11.7889,46.2177]]]]}},{"type":"Feature","properties":{"i":"022098","n":"Isera"},"geometry":{"type":"Polygon","coordinates":[[[11.0046,45.9182],[11.0058,45.915],[11.0064,45.904],[11.0054,45.8991],[11.0056,45.8954],[11.0087,45.8964],[11.0122,45.9],[11.0166,45.901],[11.0206,45.9008],[11.0252,45.8983],[11.0221,45.8967],[11.0154,45.8904],[11.0152,45.8869],[11.0191,45.8805],[11.0118,45.8696],[11.0083,45.8672],[11.0032,45.8668],[11.0023,45.8686],[10.9971,45.8717],[10.9937,45.8709],[10.9916,45.8688],[10.9847,45.8676],[10.983,45.8685],[10.9811,45.8712],[10.9796,45.8813],[10.9845,45.898],[10.982,45.9009],[10.9785,45.9076],[10.9783,45.9117],[10.9792,45.9149],[10.9836,45.9216],[10.9932,45.9216],[11.0046,45.9182]]]}},{"type":"Feature","properties":{"i":"022102","n":"Lavarone"},"geometry":{"type":"Polygon","coordinates":[[[11.3117,45.9605],[11.3114,45.9551],[11.316,45.9431],[11.3204,45.9415],[11.3293,45.9414],[11.3371,45.9394],[11.346,45.9359],[11.3506,45.9335],[11.3519,45.9321],[11.3312,45.9258],[11.3251,45.9282],[11.3205,45.9314],[11.3187,45.9317],[11.3075,45.9283],[11.3007,45.9352],[11.2996,45.929],[11.3016,45.9253],[11.3038,45.9182],[11.29,45.9171],[11.2753,45.9197],[11.2708,45.9191],[11.2711,45.917],[11.2583,45.9207],[11.2616,45.9241],[11.264,45.9288],[11.2602,45.9297],[11.2459,45.9375],[11.2433,45.9409],[11.2435,45.9469],[11.2423,45.9494],[11.2395,45.9541],[11.2369,45.9545],[11.2376,45.9557],[11.2408,45.9572],[11.2567,45.9634],[11.2646,45.964],[11.2805,45.9645],[11.2854,45.9638],[11.2979,45.9598],[11.3117,45.9605]]]}},{"type":"Feature","properties":{"i":"022103","n":"Lavis"},"geometry":{"type":"Polygon","coordinates":[[[11.1361,46.1805],[11.1342,46.1715],[11.1323,46.1686],[11.1241,46.1624],[11.1174,46.149],[11.1168,46.1418],[11.1195,46.1412],[11.1195,46.139],[11.1144,46.1365],[11.0932,46.1299],[11.0819,46.125],[11.0745,46.1394],[11.0757,46.1463],[11.0831,46.1544],[11.0889,46.1558],[11.0945,46.1528],[11.0954,46.1572],[11.1091,46.1634],[11.1111,46.1665],[11.1113,46.1747],[11.1196,46.1758],[11.1209,46.1776],[11.1277,46.1796],[11.1287,46.1787],[11.1332,46.1783],[11.1361,46.1805]]]}},{"type":"Feature","properties":{"i":"022104","n":"Levico Terme"},"geometry":{"type":"Polygon","coordinates":[[[11.3661,46.0081],[11.3608,46.0048],[11.3605,46.0007],[11.3734,45.9832],[11.3724,45.9732],[11.3761,45.9611],[11.3779,45.9572],[11.3833,45.951],[11.3801,45.9428],[11.3662,45.9422],[11.3583,45.9437],[11.3299,45.9461],[11.3246,45.9476],[11.32,45.9505],[11.3145,45.9634],[11.3094,45.9645],[11.3018,45.9616],[11.2997,45.9629],[11.2977,45.9697],[11.2996,45.9761],[11.3034,45.982],[11.3025,45.9897],[11.2857,46.0033],[11.2783,46.006],[11.2728,46.009],[11.276,46.0108],[11.276,46.0115],[11.2648,46.0282],[11.2668,46.0282],[11.2696,46.0239],[11.272,46.0228],[11.2836,46.0314],[11.2906,46.0349],[11.2994,46.0373],[11.3076,46.0492],[11.3255,46.0484],[11.3345,46.05],[11.3431,46.0493],[11.3506,46.0443],[11.352,46.0411],[11.3535,46.0304],[11.3579,46.02],[11.3661,46.0081]]]}},{"type":"Feature","properties":{"i":"022106","n":"Livo"},"geometry":{"type":"Polygon","coordinates":[[[11.0285,46.4218],[11.0288,46.4183],[11.0269,46.4118],[11.0268,46.4051],[11.0352,46.3961],[11.0322,46.3946],[11.0284,46.3908],[11.0265,46.3903],[11.0161,46.3936],[11.0151,46.397],[10.9982,46.4117],[10.9936,46.4122],[10.9903,46.4115],[10.985,46.4233],[10.9789,46.426],[10.9737,46.4256],[10.9711,46.4262],[10.9673,46.4308],[10.9671,46.4344],[10.9738,46.4376],[11.0076,46.4445],[11.01,46.4438],[11.0263,46.4298],[11.0285,46.4218]]]}},{"type":"Feature","properties":{"i":"022108","n":"Lona-Lases"},"geometry":{"type":"MultiPolygon","coordinates":[[[[11.2705,46.1726],[11.2644,46.1718],[11.2585,46.1672],[11.2574,46.1652],[11.2577,46.161],[11.2431,46.1553],[11.2359,46.1534],[11.2323,46.1485],[11.223,46.1302],[11.21,46.1405],[11.2086,46.1444],[11.2099,46.1545],[11.2135,46.155],[11.2216,46.1591],[11.2365,46.1696],[11.239,46.1708],[11.2494,46.1667],[11.2642,46.1728],[11.2705,46.1726]]],[[[11.3814,46.1851],[11.3584,46.1842],[11.3441,46.186],[11.3479,46.19],[11.3506,46.1911],[11.3545,46.1982],[11.3546,46.2028],[11.3631,46.2013],[11.3815,46.1959],[11.3847,46.1929],[11.3827,46.1869],[11.3814,46.1851]]]]}},{"type":"Feature","properties":{"i":"022109","n":"Luserna"},"geometry":{"type":"Polygon","coordinates":[[[11.3583,45.9437],[11.3606,45.9352],[11.3578,45.9291],[11.3581,45.9253],[11.345,45.9209],[11.3504,45.9132],[11.3493,45.9095],[11.3455,45.9091],[11.3368,45.9145],[11.3287,45.9171],[11.3249,45.9174],[11.3215,45.9193],[11.3166,45.9227],[11.3126,45.9285],[11.314,45.9305],[11.3187,45.9317],[11.3205,45.9314],[11.3251,45.9282],[11.3312,45.9258],[11.3333,45.926],[11.3519,45.9322],[11.346,45.9359],[11.3371,45.9394],[11.3293,45.9414],[11.3204,45.9415],[11.316,45.9431],[11.3114,45.9551],[11.3117,45.9605],[11.3154,45.9606],[11.32,45.9505],[11.326,45.9471],[11.3323,45.9457],[11.3583,45.9437]]]}},{"type":"Feature","properties":{"i":"022110","n":"Malé"},"geometry":{"type":"Polygon","coordinates":[[[10.9178,46.3902],[10.9132,46.3835],[10.9131,46.3807],[10.9237,46.3673],[10.919,46.358],[10.9194,46.3557],[10.9237,46.3516],[10.929,46.3494],[10.9413,46.3384],[10.9402,46.331],[10.9429,46.3282],[10.9358,46.325],[10.9206,46.3357],[10.9107,46.3453],[10.9034,46.3507],[10.8968,46.3486],[10.8929,46.3456],[10.892,46.344],[10.8864,46.3404],[10.8691,46.3352],[10.8631,46.3359],[10.8486,46.3407],[10.8472,46.3421],[10.8438,46.3485],[10.8488,46.3514],[10.8561,46.3583],[10.8535,46.3648],[10.8541,46.3662],[10.8628,46.3712],[10.8881,46.3673],[10.8945,46.3652],[10.9013,46.3664],[10.9008,46.3708],[10.8968,46.3794],[10.8898,46.3853],[10.885,46.3853],[10.882,46.3843],[10.8773,46.3847],[10.878,46.3867],[10.8852,46.3953],[10.8874,46.3968],[10.8962,46.4003],[10.8969,46.4026],[10.9002,46.4039],[10.9069,46.4031],[10.9178,46.3902]]]}},{"type":"Feature","properties":{"i":"022112","n":"Massimeno"},"geometry":{"type":"MultiPolygon","coordinates":[[[[10.8014,46.1448],[10.7989,46.1365],[10.793,46.1302],[10.7917,46.1229],[10.7906,46.1243],[10.7909,46.1269],[10.7894,46.1286],[10.7792,46.1327],[10.7636,46.1355],[10.7652,46.1371],[10.7685,46.1366],[10.7698,46.1419],[10.7723,46.1455],[10.7745,46.146],[10.797,46.1427],[10.8014,46.1448]]],[[[10.6771,46.1653],[10.6892,46.1649],[10.6856,46.1609],[10.673,46.159],[10.6707,46.1575],[10.6706,46.1546],[10.6556,46.1374],[10.6377,46.1284],[10.6079,46.1245],[10.5897,46.1212],[10.5884,46.1235],[10.5866,46.1364],[10.5888,46.1426],[10.5922,46.1487],[10.6027,46.1481],[10.6297,46.1512],[10.6544,46.1611],[10.6575,46.1668],[10.6656,46.1668],[10.6771,46.1653]]]]}},{"type":"Feature","properties":{"i":"022113","n":"Mazzin"},"geometry":{"type":"Polygon","coordinates":[[[11.7556,46.4616],[11.7623,46.4562],[11.7642,46.4531],[11.7621,46.4436],[11.7588,46.4401],[11.7533,46.443],[11.7468,46.4449],[11.7236,46.4489],[11.7204,46.4483],[11.7165,46.4455],[11.7091,46.4471],[11.6827,46.46],[11.6754,46.4593],[11.6699,46.4612],[11.6701,46.4647],[11.661,46.4689],[11.6521,46.4707],[11.6487,46.4706],[11.6448,46.4718],[11.647,46.4804],[11.6503,46.4831],[11.6479,46.4858],[11.6436,46.4876],[11.6496,46.4875],[11.6543,46.4864],[11.6631,46.4819],[11.6772,46.4834],[11.6867,46.4861],[11.6907,46.4864],[11.6962,46.4854],[11.7029,46.4831],[11.7137,46.4781],[11.7276,46.4743],[11.7435,46.4685],[11.7532,46.4635],[11.7556,46.4616]]]}},{"type":"Feature","properties":{"i":"022114","n":"Mezzana"},"geometry":{"type":"Polygon","coordinates":[[[10.8222,46.3497],[10.823,46.3408],[10.8254,46.3341],[10.8252,46.3314],[10.8222,46.3271],[10.8193,46.3253],[10.8161,46.3182],[10.8182,46.2995],[10.8173,46.2882],[10.8136,46.276],[10.8126,46.2738],[10.8051,46.2691],[10.7955,46.2677],[10.7927,46.266],[10.7911,46.27],[10.7941,46.2734],[10.7933,46.2811],[10.7907,46.2952],[10.7855,46.3142],[10.7853,46.3163],[10.7882,46.3184],[10.7879,46.3206],[10.7795,46.3238],[10.7726,46.3279],[10.7737,46.3437],[10.7801,46.3489],[10.7861,46.3627],[10.7865,46.3663],[10.7977,46.3697],[10.7998,46.3694],[10.8016,46.3665],[10.8085,46.3603],[10.8222,46.3497]]]}},{"type":"Feature","properties":{"i":"022115","n":"Mezzano"},"geometry":{"type":"Polygon","coordinates":[[[11.7437,46.225],[11.748,46.2225],[11.7525,46.2139],[11.7579,46.2106],[11.7599,46.2073],[11.7726,46.2035],[11.7765,46.2033],[11.7832,46.2045],[11.7867,46.2032],[11.7925,46.1962],[11.7931,46.1942],[11.7917,46.191],[11.7876,46.1871],[11.7864,46.183],[11.7994,46.1793],[11.8208,46.1695],[11.8294,46.1612],[11.8353,46.1536],[11.8484,46.1503],[11.8604,46.151],[11.8686,46.1505],[11.8732,46.1489],[11.8848,46.1486],[11.8911,46.1504],[11.8924,46.1485],[11.8906,46.141],[11.8926,46.1379],[11.8975,46.1358],[11.9012,46.1366],[11.9055,46.1345],[11.8962,46.1243],[11.8918,46.1205],[11.8897,46.1196],[11.8482,46.1128],[11.827,46.1074],[11.8196,46.1306],[11.811,46.1351],[11.8059,46.1409],[11.8034,46.1453],[11.8038,46.1509],[11.8005,46.1544],[11.7845,46.1618],[11.7806,46.1644],[11.7835,46.1677],[11.7753,46.1714],[11.7697,46.1778],[11.7695,46.1807],[11.7462,46.1924],[11.7335,46.1955],[11.7313,46.1971],[11.7261,46.2052],[11.7249,46.2151],[11.7211,46.2168],[11.7193,46.2195],[11.7337,46.2245],[11.7437,46.225]]]}},{"type":"Feature","properties":{"i":"022116","n":"Mezzocorona"},"geometry":{"type":"Polygon","coordinates":[[[11.1746,46.2327],[11.1761,46.2314],[11.1692,46.2272],[11.1559,46.2268],[11.1502,46.224],[11.1469,46.2185],[11.1457,46.209],[11.1333,46.1972],[11.1286,46.198],[11.1142,46.2081],[11.0928,46.2262],[11.0758,46.229],[11.0709,46.231],[11.0765,46.2365],[11.0912,46.2432],[11.0965,46.2423],[11.1087,46.2421],[11.1168,46.2433],[11.1217,46.2491],[11.1331,46.2588],[11.1444,46.2553],[11.1457,46.2569],[11.1557,46.2533],[11.1557,46.2423],[11.163,46.2377],[11.17,46.244],[11.1803,46.2482],[11.1797,46.2466],[11.1756,46.2429],[11.1684,46.2389],[11.1709,46.2341],[11.1746,46.2327]]]}},{"type":"Feature","properties":{"i":"022117","n":"Mezzolombardo"},"geometry":{"type":"Polygon","coordinates":[[[11.0709,46.231],[11.0758,46.229],[11.0928,46.2262],[11.1188,46.2049],[11.1164,46.2003],[11.1149,46.1938],[11.1108,46.1889],[11.1034,46.1826],[11.1028,46.1805],[11.0958,46.1807],[11.0927,46.1777],[11.0891,46.1787],[11.0839,46.1818],[11.0868,46.1846],[11.0908,46.1941],[11.0911,46.1951],[11.0897,46.1997],[11.0848,46.2003],[11.0817,46.1994],[11.0809,46.1968],[11.0713,46.1963],[11.0686,46.1994],[11.0682,46.2013],[11.0733,46.2042],[11.0699,46.2107],[11.0674,46.2116],[11.0669,46.2125],[11.0652,46.2163],[11.0628,46.2262],[11.0671,46.2305],[11.0709,46.231]]]}},{"type":"Feature","properties":{"i":"022118","n":"Moena"},"geometry":{"type":"Polygon","coordinates":[[[11.8002,46.404],[11.7975,46.3879],[11.7952,46.3828],[11.7978,46.3776],[11.8138,46.378],[11.8202,46.3766],[11.8178,46.376],[11.8159,46.3746],[11.8135,46.3676],[11.8045,46.3651],[11.7909,46.3667],[11.7829,46.3643],[11.7744,46.3582],[11.7678,46.3595],[11.7659,46.3591],[11.7654,46.3567],[11.7667,46.353],[11.7619,46.3491],[11.7588,46.3482],[11.7575,46.3487],[11.753,46.3541],[11.7484,46.3524],[11.7515,46.342],[11.7517,46.3353],[11.7504,46.3315],[11.75,46.3225],[11.7514,46.3137],[11.7512,46.3112],[11.7503,46.3101],[11.7445,46.3113],[11.7404,46.3137],[11.7414,46.3162],[11.7405,46.321],[11.7333,46.3211],[11.7221,46.3177],[11.7135,46.3226],[11.7075,46.334],[11.7009,46.3437],[11.6901,46.3442],[11.6781,46.3381],[11.6758,46.3379],[11.6601,46.3418],[11.6543,46.3394],[11.6432,46.3374],[11.6333,46.3465],[11.6238,46.3409],[11.6201,46.3377],[11.6167,46.3421],[11.6215,46.3467],[11.6246,46.3483],[11.6244,46.3517],[11.5936,46.368],[11.593,46.3839],[11.6106,46.3799],[11.6264,46.3869],[11.6408,46.3872],[11.6466,46.3907],[11.6504,46.3898],[11.6582,46.386],[11.6747,46.384],[11.6924,46.3832],[11.6984,46.3865],[11.7078,46.3948],[11.7103,46.3922],[11.7291,46.3871],[11.7417,46.3861],[11.7537,46.3903],[11.7604,46.3955],[11.7636,46.3995],[11.7683,46.4016],[11.7812,46.4031],[11.7929,46.4056],[11.7982,46.4052],[11.8002,46.404]]]}},{"type":"Feature","properties":{"i":"022120","n":"Molveno"},"geometry":{"type":"Polygon","coordinates":[[[10.9625,46.1777],[10.9769,46.1654],[10.9852,46.1617],[10.9905,46.1605],[10.9973,46.1603],[10.9989,46.1567],[10.9988,46.1544],[10.9925,46.1496],[10.9879,46.1443],[10.9905,46.1414],[10.9846,46.1365],[10.9803,46.1276],[10.9748,46.119],[10.9677,46.1141],[10.9631,46.1151],[10.9589,46.115],[10.9505,46.112],[10.9465,46.1092],[10.9434,46.1086],[10.9424,46.1135],[10.9443,46.1162],[10.9503,46.122],[10.9562,46.126],[10.9566,46.1346],[10.9532,46.1372],[10.9529,46.1406],[10.9516,46.1426],[10.9392,46.1534],[10.9396,46.1552],[10.9376,46.1567],[10.9302,46.1588],[10.9269,46.1559],[10.9274,46.153],[10.929,46.1526],[10.9303,46.1489],[10.929,46.1397],[10.9267,46.1399],[10.9233,46.1428],[10.9231,46.1465],[10.9215,46.1495],[10.8936,46.1552],[10.8965,46.1603],[10.8958,46.1665],[10.901,46.1898],[10.9047,46.1879],[10.9304,46.1896],[10.9384,46.1862],[10.9452,46.1803],[10.9503,46.1785],[10.9525,46.1796],[10.9625,46.1777]]]}},{"type":"Feature","properties":{"i":"022123","n":"Mori"},"geometry":{"type":"Polygon","coordinates":[[[11.0032,45.8668],[11.0,45.8639],[10.9968,45.859],[10.9973,45.8479],[11.0033,45.8412],[11.002,45.8348],[11.0002,45.8307],[11.0007,45.8269],[10.991,45.825],[10.9886,45.8268],[10.9842,45.8272],[10.9759,45.8262],[10.9672,45.8237],[10.9644,45.8263],[10.963,45.8342],[10.9648,45.8401],[10.9639,45.8434],[10.962,45.8457],[10.9584,45.8429],[10.9532,45.8415],[10.9459,45.8411],[10.9414,45.8443],[10.941,45.8471],[10.9388,45.8479],[10.9336,45.8496],[10.9192,45.847],[10.9136,45.8496],[10.9089,45.8535],[10.9159,45.8711],[10.9193,45.8739],[10.9156,45.8771],[10.9069,45.8789],[10.8994,45.8821],[10.9019,45.8846],[10.8981,45.8857],[10.9081,45.8848],[10.9141,45.8877],[10.9149,45.8904],[10.925,45.8964],[10.9258,45.8947],[10.9253,45.8907],[10.9334,45.8889],[10.9341,45.8893],[10.9387,45.8869],[10.9442,45.8817],[10.9435,45.8799],[10.9454,45.8778],[10.9522,45.8779],[10.971,45.8839],[10.9837,45.8985],[10.9845,45.898],[10.9842,45.896],[10.9815,45.8895],[10.9796,45.8813],[10.9811,45.8712],[10.983,45.8685],[10.9847,45.8676],[10.9916,45.8688],[10.9937,45.8709],[10.9971,45.8717],[11.0023,45.8686],[11.0032,45.8668]]]}},{"type":"Feature","properties":{"i":"022124","n":"Nago-Torbole"},"geometry":{"type":"Polygon","coordinates":[[[10.8981,45.8857],[10.9019,45.8846],[10.8994,45.8821],[10.9069,45.8789],[10.9156,45.8771],[10.9193,45.8739],[10.9159,45.8711],[10.9089,45.8535],[10.9002,45.8374],[10.8967,45.8289],[10.8986,45.8228],[10.8868,45.8062],[10.8811,45.8062],[10.8876,45.8112],[10.8867,45.8129],[10.8816,45.8176],[10.8413,45.8324],[10.8646,45.877],[10.867,45.8751],[10.8707,45.875],[10.8776,45.8788],[10.8823,45.883],[10.884,45.8876],[10.8967,45.8864],[10.8981,45.8857]]]}},{"type":"Feature","properties":{"i":"022127","n":"Nogaredo"},"geometry":{"type":"Polygon","coordinates":[[[11.0336,45.9094],[11.0308,45.9051],[11.0295,45.9012],[11.0272,45.8991],[11.0252,45.8983],[11.0206,45.9008],[11.0138,45.9005],[11.0122,45.9],[11.0075,45.8956],[11.0056,45.8954],[11.0054,45.8991],[11.0064,45.904],[11.0058,45.915],[11.0046,45.9182],[11.0125,45.9162],[11.0216,45.9161],[11.0285,45.9129],[11.0336,45.9094]]]}},{"type":"Feature","properties":{"i":"022128","n":"Nomi"},"geometry":{"type":"Polygon","coordinates":[[[11.0948,45.9468],[11.0978,45.9423],[11.0977,45.9403],[11.0911,45.937],[11.0865,45.9327],[11.092,45.9278],[11.0919,45.924],[11.0897,45.9215],[11.0861,45.9206],[11.0839,45.9215],[11.0817,45.9238],[11.078,45.9251],[11.0623,45.9287],[11.062,45.9308],[11.0629,45.9335],[11.0728,45.9394],[11.0748,45.9393],[11.0761,45.9408],[11.0798,45.9523],[11.0785,45.9537],[11.0975,45.9546],[11.1041,45.9608],[11.1075,45.9673],[11.1089,45.9583],[11.1074,45.954],[11.104,45.9514],[11.095,45.9502],[11.094,45.9487],[11.0948,45.9468]]]}},{"type":"Feature","properties":{"i":"022129","n":"Novaledo"},"geometry":{"type":"Polygon","coordinates":[[[11.3924,46.0138],[11.3749,46.0108],[11.3661,46.0081],[11.3579,46.02],[11.3535,46.0304],[11.352,46.0411],[11.3506,46.0443],[11.3438,46.0491],[11.3345,46.05],[11.3412,46.0606],[11.3453,46.0575],[11.3504,46.0476],[11.3605,46.0389],[11.3648,46.0374],[11.3743,46.0378],[11.3814,46.0369],[11.3841,46.0283],[11.3828,46.0223],[11.3864,46.0183],[11.3924,46.0138]]]}},{"type":"Feature","properties":{"i":"022130","n":"Ospedaletto"},"geometry":{"type":"Polygon","coordinates":[[[11.5862,46.0579],[11.5839,46.0531],[11.582,46.045],[11.5995,46.0318],[11.5947,46.0263],[11.5846,46.0092],[11.5823,46.009],[11.5756,46.0061],[11.5662,46.0061],[11.5523,46.0117],[11.5445,46.0118],[11.5464,46.0144],[11.5476,46.0181],[11.5486,46.0253],[11.5482,46.0387],[11.5444,46.0467],[11.5535,46.0486],[11.5592,46.0512],[11.5659,46.0542],[11.5807,46.0631],[11.5862,46.0579]]]}},{"type":"Feature","properties":{"i":"022131","n":"Ossana"},"geometry":{"type":"Polygon","coordinates":[[[10.7488,46.2508],[10.7455,46.2476],[10.7351,46.2409],[10.7333,46.2375],[10.7243,46.2411],[10.7067,46.2407],[10.6967,46.2394],[10.6861,46.2404],[10.6862,46.2463],[10.6848,46.2496],[10.6852,46.2513],[10.6894,46.2537],[10.6935,46.255],[10.6997,46.2554],[10.7128,46.2607],[10.7221,46.2701],[10.7245,46.2778],[10.7238,46.2924],[10.7188,46.3047],[10.7194,46.3107],[10.7126,46.313],[10.7164,46.3152],[10.7267,46.3157],[10.7358,46.3204],[10.7398,46.3243],[10.7447,46.3233],[10.7478,46.3197],[10.7508,46.3135],[10.7507,46.3081],[10.7491,46.3071],[10.7508,46.2988],[10.755,46.2855],[10.7526,46.2684],[10.7493,46.2658],[10.7485,46.2636],[10.7476,46.2542],[10.7488,46.2508]]]}},{"type":"Feature","properties":{"i":"022133","n":"Palù del Fersina"},"geometry":{"type":"Polygon","coordinates":[[[11.4028,46.1323],[11.3973,46.1197],[11.3937,46.1165],[11.3924,46.1159],[11.3897,46.1162],[11.3861,46.1137],[11.3826,46.1072],[11.3757,46.1052],[11.3716,46.1115],[11.3708,46.1175],[11.3625,46.1244],[11.3468,46.1277],[11.3376,46.1274],[11.3355,46.1254],[11.3234,46.1358],[11.3418,46.1466],[11.3716,46.1574],[11.3745,46.1555],[11.3853,46.1449],[11.3904,46.1363],[11.4028,46.1323]]]}},{"type":"Feature","properties":{"i":"022134","n":"Panchià"},"geometry":{"type":"Polygon","coordinates":[[[11.5557,46.3293],[11.5575,46.3269],[11.5569,46.3246],[11.5582,46.3111],[11.5565,46.306],[11.5544,46.3056],[11.5516,46.3027],[11.5505,46.2978],[11.5497,46.2882],[11.553,46.2866],[11.5526,46.2793],[11.5488,46.2798],[11.5488,46.2766],[11.5554,46.2648],[11.5692,46.2531],[11.5721,46.2484],[11.5732,46.2436],[11.5667,46.2354],[11.5588,46.2221],[11.545,46.2169],[11.5411,46.2197],[11.5386,46.224],[11.5371,46.234],[11.5332,46.2435],[11.5338,46.2547],[11.5398,46.2671],[11.5369,46.2824],[11.5318,46.2859],[11.531,46.2936],[11.5341,46.2995],[11.5249,46.3067],[11.5329,46.306],[11.5387,46.3011],[11.5419,46.3097],[11.5439,46.3192],[11.5445,46.3319],[11.55,46.3318],[11.5557,46.3293]]]}},{"type":"Feature","properties":{"i":"022135","n":"Ronzo-Chienis"},"geometry":{"type":"Polygon","coordinates":[[[10.9829,45.9201],[10.9792,45.9149],[10.9783,45.9117],[10.9785,45.9076],[10.9837,45.8985],[10.971,45.8839],[10.9534,45.8781],[10.9454,45.8778],[10.9435,45.8799],[10.9442,45.8817],[10.9387,45.8869],[10.9341,45.8893],[10.9334,45.8889],[10.9253,45.8907],[10.9258,45.8947],[10.925,45.8964],[10.9292,45.9],[10.9328,45.9025],[10.9571,45.914],[10.9703,45.9218],[10.9743,45.9232],[10.9829,45.9201]]]}},{"type":"Feature","properties":{"i":"022136","n":"Peio"},"geometry":{"type":"Polygon","coordinates":[[[10.7416,46.3621],[10.7407,46.3584],[10.7479,46.3556],[10.752,46.3532],[10.7548,46.3486],[10.7518,46.3444],[10.7487,46.3334],[10.7437,46.3272],[10.7358,46.3204],[10.7267,46.3157],[10.7164,46.3152],[10.7126,46.313],[10.7039,46.314],[10.6848,46.3189],[10.6806,46.3225],[10.6694,46.3194],[10.6652,46.3167],[10.6548,46.3186],[10.6456,46.3224],[10.6275,46.3179],[10.6139,46.3086],[10.6057,46.3118],[10.5843,46.3001],[10.5796,46.2988],[10.5756,46.3056],[10.5727,46.3069],[10.5649,46.313],[10.5639,46.3195],[10.5646,46.3221],[10.563,46.3273],[10.5334,46.3394],[10.521,46.3435],[10.5157,46.3432],[10.516,46.3465],[10.5199,46.356],[10.5302,46.3567],[10.533,46.3563],[10.5343,46.3542],[10.54,46.3548],[10.5433,46.3567],[10.5439,46.3589],[10.542,46.3609],[10.567,46.3779],[10.5705,46.3769],[10.5981,46.3774],[10.606,46.3792],[10.6108,46.3873],[10.631,46.4023],[10.6282,46.4077],[10.6192,46.4144],[10.6179,46.4174],[10.6165,46.43],[10.6192,46.4369],[10.6166,46.442],[10.6166,46.4436],[10.6218,46.448],[10.6381,46.4455],[10.6451,46.4478],[10.6648,46.4515],[10.6833,46.4504],[10.6893,46.4538],[10.7018,46.4394],[10.7126,46.4347],[10.7197,46.4337],[10.7267,46.4253],[10.7232,46.42],[10.7176,46.4144],[10.7181,46.4117],[10.7212,46.4073],[10.725,46.3987],[10.7242,46.3979],[10.7226,46.3901],[10.727,46.3791],[10.7308,46.376],[10.7351,46.3667],[10.7374,46.3644],[10.7416,46.3621]],[[10.6296,46.3661],[10.6298,46.3643],[10.6286,46.3627],[10.6178,46.3623],[10.6068,46.358],[10.6223,46.343],[10.6249,46.3421],[10.6291,46.342],[10.646,46.3501],[10.6522,46.3563],[10.646,46.3618],[10.63,46.3711],[10.629,46.3697],[10.6296,46.3661]]]}},{"type":"Feature","properties":{"i":"022137","n":"Pellizzano"},"geometry":{"type":"MultiPolygon","coordinates":[[[[10.6139,46.3086],[10.6202,46.3054],[10.6303,46.2978],[10.635,46.2863],[10.6349,46.281],[10.6337,46.2794],[10.6152,46.2831],[10.6007,46.2848],[10.5927,46.2896],[10.5843,46.3001],[10.6057,46.3118],[10.6139,46.3086]]],[[[10.7865,46.3663],[10.7861,46.3627],[10.7801,46.3489],[10.7737,46.3437],[10.7726,46.3279],[10.7795,46.3238],[10.7879,46.3206],[10.7882,46.3184],[10.7853,46.3163],[10.7855,46.3142],[10.7907,46.2952],[10.7933,46.2811],[10.7941,46.2734],[10.7911,46.27],[10.7927,46.266],[10.7817,46.2536],[10.775,46.2522],[10.7488,46.2508],[10.7476,46.2542],[10.7485,46.2636],[10.7493,46.2658],[10.7526,46.2684],[10.755,46.2855],[10.7508,46.2988],[10.7491,46.3071],[10.7507,46.3081],[10.7508,46.3135],[10.7478,46.3197],[10.7447,46.3233],[10.7398,46.3243],[10.7437,46.3272],[10.7487,46.3334],[10.7518,46.3444],[10.7548,46.3491],[10.752,46.3532],[10.7479,46.3556],[10.7407,46.3584],[10.741,46.3609],[10.7416,46.3621],[10.7481,46.3647],[10.7594,46.3679],[10.7668,46.3665],[10.7706,46.3643],[10.7755,46.3644],[10.7865,46.3663]]],[[[10.6296,46.3661],[10.629,46.3697],[10.63,46.3711],[10.646,46.3618],[10.6522,46.3563],[10.646,46.3501],[10.6291,46.342],[10.6249,46.3421],[10.6223,46.343],[10.6068,46.358],[10.6178,46.3623],[10.6286,46.3627],[10.6298,46.3643],[10.6296,46.3661]]]]}},{"type":"Feature","properties":{"i":"022138","n":"Pelugo"},"geometry":{"type":"Polygon","coordinates":[[[10.742,46.079],[10.7409,46.0767],[10.7223,46.0828],[10.7116,46.0839],[10.7047,46.0831],[10.694,46.0847],[10.689,46.0882],[10.6813,46.0913],[10.6432,46.096],[10.6328,46.0953],[10.6301,46.0935],[10.6196,46.0904],[10.6139,46.0902],[10.6072,46.094],[10.6067,46.0969],[10.6042,46.1002],[10.5971,46.1055],[10.5897,46.1212],[10.6079,46.1245],[10.6377,46.1284],[10.6405,46.1242],[10.6467,46.1191],[10.6498,46.1181],[10.6529,46.1194],[10.6556,46.1187],[10.6555,46.1135],[10.6544,46.1109],[10.6553,46.1049],[10.6825,46.0995],[10.7009,46.0971],[10.732,46.0902],[10.7433,46.0829],[10.742,46.079]]]}},{"type":"Feature","properties":{"i":"022139","n":"Pergine Valsugana"},"geometry":{"type":"MultiPolygon","coordinates":[[[[11.3345,46.05],[11.3255,46.0484],[11.3076,46.0492],[11.302,46.0611],[11.3078,46.0612],[11.3186,46.0581],[11.3345,46.05]]],[[[11.2668,46.1045],[11.2666,46.1004],[11.2682,46.0932],[11.2693,46.0916],[11.2793,46.0878],[11.2852,46.0847],[11.2839,46.08],[11.2868,46.0776],[11.2835,46.0719],[11.2772,46.0756],[11.2686,46.0736],[11.2647,46.0713],[11.2579,46.0642],[11.2629,46.0606],[11.2628,46.0575],[11.2583,46.0573],[11.2579,46.0525],[11.2602,46.0488],[11.2634,46.0463],[11.2657,46.0461],[11.2834,46.0367],[11.2731,46.0304],[11.277,46.0266],[11.272,46.0228],[11.2712,46.0229],[11.2696,46.0239],[11.2663,46.0293],[11.2631,46.0321],[11.2528,46.0333],[11.2468,46.0249],[11.2472,46.0235],[11.2569,46.017],[11.2607,46.013],[11.2371,46.0104],[11.2353,46.0134],[11.2206,46.0119],[11.2098,46.021],[11.2057,46.0275],[11.1877,46.032],[11.1871,46.0418],[11.1879,46.0457],[11.192,46.05],[11.1937,46.0594],[11.1939,46.0646],[11.1897,46.0717],[11.1924,46.0746],[11.2016,46.0811],[11.2029,46.0835],[11.207,46.0917],[11.2084,46.1081],[11.2171,46.1103],[11.2211,46.1093],[11.222,46.1029],[11.2205,46.0974],[11.2206,46.0945],[11.2252,46.0898],[11.2272,46.0901],[11.2409,46.0983],[11.2612,46.1017],[11.2668,46.1045]]]]}},{"type":"Feature","properties":{"i":"022142","n":"Pieve Tesino"},"geometry":{"type":"MultiPolygon","coordinates":[[[[11.6222,46.0657],[11.6203,46.0658],[11.6044,46.0603],[11.587,46.0576],[11.5786,46.0653],[11.5628,46.0753],[11.5683,46.0811],[11.5708,46.0901],[11.5803,46.097],[11.5847,46.0981],[11.5888,46.1037],[11.5894,46.1069],[11.5886,46.1086],[11.5824,46.1126],[11.574,46.1166],[11.5687,46.124],[11.5673,46.1276],[11.5694,46.1281],[11.5721,46.1332],[11.5718,46.136],[11.5677,46.1355],[11.5646,46.1375],[11.5666,46.1431],[11.5709,46.1459],[11.5731,46.1463],[11.5893,46.144],[11.5946,46.1441],[11.591,46.1478],[11.5867,46.1612],[11.5864,46.1659],[11.5901,46.1688],[11.6052,46.1766],[11.6113,46.1692],[11.6113,46.1549],[11.6098,46.1486],[11.6076,46.1454],[11.6137,46.1321],[11.6205,46.1265],[11.6213,46.1223],[11.621,46.1198],[11.6202,46.1191],[11.6205,46.1158],[11.6321,46.1169],[11.6434,46.1234],[11.6528,46.1235],[11.6483,46.1161],[11.6447,46.1121],[11.6354,46.105],[11.6246,46.1003],[11.6197,46.095],[11.6207,46.0736],[11.6222,46.0657]]],[[[11.6242,46.2158],[11.6117,46.2155],[11.5969,46.2109],[11.5788,46.1995],[11.5728,46.1934],[11.5702,46.1885],[11.5701,46.1863],[11.5657,46.1826],[11.5505,46.1751],[11.5477,46.1774],[11.5376,46.1803],[11.5333,46.1712],[11.5252,46.1619],[11.5224,46.1662],[11.512,46.1743],[11.4999,46.1818],[11.4982,46.1843],[11.4998,46.1885],[11.5041,46.19],[11.5106,46.1948],[11.5107,46.1995],[11.5225,46.2032],[11.5248,46.202],[11.5312,46.2027],[11.5347,46.206],[11.5406,46.2147],[11.5588,46.2221],[11.5639,46.2202],[11.5721,46.2194],[11.5823,46.2236],[11.5858,46.225],[11.5962,46.2352],[11.6158,46.2249],[11.6237,46.218],[11.6242,46.2158]]]]}},{"type":"Feature","properties":{"i":"022143","n":"Pinzolo"},"geometry":{"type":"Polygon","coordinates":[[[10.8669,46.2656],[10.8637,46.2613],[10.848,46.247],[10.8425,46.2447],[10.8377,46.2408],[10.8263,46.2245],[10.8254,46.2215],[10.8259,46.2122],[10.821,46.198],[10.827,46.1896],[10.8222,46.1881],[10.8158,46.1821],[10.8168,46.1791],[10.8149,46.1729],[10.8134,46.1713],[10.8064,46.1725],[10.8014,46.1649],[10.7964,46.1623],[10.7895,46.1598],[10.7812,46.1622],[10.7781,46.1595],[10.7584,46.1526],[10.7554,46.1559],[10.7501,46.1541],[10.7401,46.1588],[10.7359,46.1626],[10.7422,46.1686],[10.7452,46.1691],[10.7479,46.1686],[10.7497,46.1681],[10.7517,46.1624],[10.755,46.1585],[10.7694,46.1741],[10.7727,46.1802],[10.7732,46.1853],[10.7621,46.197],[10.7559,46.1995],[10.7544,46.2023],[10.7539,46.2113],[10.7517,46.2224],[10.7333,46.2375],[10.7351,46.2409],[10.7455,46.2476],[10.7488,46.2508],[10.775,46.2522],[10.7817,46.2536],[10.7927,46.266],[10.7955,46.2677],[10.8047,46.269],[10.8126,46.2738],[10.8323,46.2745],[10.8375,46.276],[10.8482,46.2731],[10.8671,46.2701],[10.8669,46.2656]]]}},{"type":"Feature","properties":{"i":"022144","n":"Pomarolo"},"geometry":{"type":"Polygon","coordinates":[[[11.0785,45.9537],[11.0798,45.9523],[11.0761,45.9408],[11.0748,45.9393],[11.0728,45.9394],[11.0629,45.9335],[11.062,45.9308],[11.0623,45.9287],[11.0425,45.9171],[11.0396,45.921],[11.0358,45.9318],[11.0355,45.9407],[11.0451,45.9466],[11.0547,45.9501],[11.057,45.9518],[11.0578,45.9581],[11.0551,45.9605],[11.0697,45.9671],[11.0693,45.9646],[11.071,45.9574],[11.0785,45.9537]]]}},{"type":"Feature","properties":{"i":"022147","n":"Predazzo"},"geometry":{"type":"Polygon","coordinates":[[[11.7501,46.3104],[11.7436,46.3057],[11.728,46.2998],[11.7254,46.2991],[11.7135,46.2996],[11.7102,46.2954],[11.7095,46.2936],[11.7158,46.2873],[11.7205,46.2809],[11.7269,46.2648],[11.7134,46.2606],[11.697,46.2621],[11.6884,46.262],[11.6709,46.2563],[11.6449,46.256],[11.6305,46.2575],[11.6252,46.2598],[11.6252,46.2623],[11.6195,46.2802],[11.6106,46.2932],[11.6057,46.2946],[11.5901,46.2864],[11.5863,46.2872],[11.5849,46.2908],[11.588,46.2933],[11.588,46.2966],[11.5826,46.3054],[11.5784,46.3073],[11.5753,46.3077],[11.5714,46.311],[11.5673,46.315],[11.5658,46.3197],[11.5597,46.3262],[11.5575,46.3269],[11.5557,46.3293],[11.5595,46.3354],[11.5589,46.3488],[11.5566,46.3525],[11.5587,46.3676],[11.5625,46.3791],[11.5643,46.3814],[11.5775,46.3817],[11.5926,46.3836],[11.5936,46.368],[11.6244,46.3517],[11.6246,46.3483],[11.6215,46.3467],[11.6167,46.3421],[11.6201,46.3377],[11.6238,46.3409],[11.6333,46.3465],[11.6432,46.3374],[11.6543,46.3394],[11.6601,46.3418],[11.6758,46.3379],[11.6781,46.3381],[11.6901,46.3442],[11.7009,46.3437],[11.7075,46.334],[11.7135,46.3226],[11.7221,46.3177],[11.7333,46.3211],[11.7405,46.321],[11.7414,46.3162],[11.7404,46.3137],[11.7445,46.3113],[11.7501,46.3104]]]}},{"type":"Feature","properties":{"i":"022150","n":"Rabbi"},"geometry":{"type":"Polygon","coordinates":[[[10.765,46.486],[10.7683,46.4815],[10.7773,46.4723],[10.7896,46.4538],[10.7971,46.4448],[10.8004,46.443],[10.8222,46.4418],[10.8379,46.4391],[10.8525,46.4387],[10.8613,46.4361],[10.8625,46.4336],[10.8628,46.4302],[10.8593,46.4235],[10.8646,46.4213],[10.8745,46.4208],[10.8818,46.418],[10.8842,46.4158],[10.8874,46.4092],[10.8966,46.4023],[10.8962,46.4003],[10.8874,46.3968],[10.8852,46.3953],[10.878,46.3867],[10.8773,46.3847],[10.882,46.3843],[10.885,46.3853],[10.8898,46.3853],[10.8968,46.3794],[10.9008,46.3708],[10.9013,46.3664],[10.8945,46.3652],[10.8881,46.3673],[10.8628,46.3712],[10.8535,46.3654],[10.8561,46.3583],[10.8488,46.3514],[10.8442,46.3489],[10.827,46.3486],[10.8222,46.3497],[10.8085,46.3603],[10.8016,46.3665],[10.7991,46.3697],[10.7865,46.3663],[10.7755,46.3644],[10.77,46.3644],[10.7668,46.3665],[10.7594,46.3679],[10.7416,46.3621],[10.7374,46.3644],[10.7351,46.3667],[10.7308,46.376],[10.727,46.3791],[10.7245,46.3843],[10.7226,46.3901],[10.7242,46.3979],[10.725,46.3987],[10.7212,46.4073],[10.7181,46.4117],[10.7176,46.4144],[10.7232,46.42],[10.7267,46.4253],[10.7197,46.4337],[10.7126,46.4347],[10.7018,46.4394],[10.6893,46.4538],[10.6909,46.4557],[10.6955,46.458],[10.7103,46.4609],[10.7169,46.463],[10.7397,46.4818],[10.7447,46.4848],[10.76,46.4864],[10.765,46.486]]]}},{"type":"Feature","properties":{"i":"022153","n":"Riva del Garda"},"geometry":{"type":"MultiPolygon","coordinates":[[[[10.8532,45.8554],[10.8413,45.8324],[10.8254,45.8377],[10.8036,45.8344],[10.8008,45.8348],[10.7988,45.836],[10.8001,45.8407],[10.8088,45.8502],[10.8155,45.8552],[10.8249,45.8591],[10.8329,45.8602],[10.8532,45.8554]]],[[[10.8491,45.9135],[10.858,45.9125],[10.8654,45.9073],[10.8585,45.9001],[10.858,45.8991],[10.8585,45.8979],[10.8609,45.8956],[10.8661,45.8927],[10.872,45.8939],[10.874,45.8933],[10.8753,45.8894],[10.8752,45.8852],[10.8742,45.8836],[10.8717,45.8812],[10.8646,45.877],[10.858,45.8644],[10.8288,45.8719],[10.8237,45.8745],[10.8223,45.8762],[10.8246,45.8768],[10.8245,45.8787],[10.8193,45.8843],[10.8168,45.8855],[10.8129,45.8852],[10.8043,45.8864],[10.7928,45.892],[10.7793,45.9013],[10.7726,45.903],[10.7686,45.906],[10.7646,45.9104],[10.7678,45.9225],[10.7655,45.9343],[10.7698,45.9409],[10.7839,45.9301],[10.7972,45.9266],[10.7984,45.9227],[10.8003,45.9214],[10.8089,45.9191],[10.821,45.9181],[10.8317,45.9087],[10.8491,45.9135]]]]}},{"type":"Feature","properties":{"i":"022155","n":"Romeno"},"geometry":{"type":"Polygon","coordinates":[[[11.131,46.4012],[11.1278,46.397],[11.1258,46.3854],[11.1243,46.3817],[11.1248,46.3783],[11.1225,46.3734],[11.1021,46.3685],[11.0857,46.3684],[11.0832,46.3693],[11.0832,46.3729],[11.0862,46.3796],[11.1011,46.3893],[11.1,46.3922],[11.111,46.4028],[11.1174,46.4062],[11.1238,46.4072],[11.131,46.4012]]]}},{"type":"Feature","properties":{"i":"022156","n":"Roncegno Terme"},"geometry":{"type":"Polygon","coordinates":[[[11.427,46.0575],[11.4291,46.0438],[11.4236,46.0386],[11.4185,46.0294],[11.4166,46.024],[11.4204,46.0195],[11.4073,46.0153],[11.3924,46.0138],[11.3864,46.0183],[11.3828,46.0223],[11.3841,46.0283],[11.3814,46.0369],[11.3743,46.0378],[11.3648,46.0374],[11.3605,46.0389],[11.3504,46.0476],[11.3453,46.0575],[11.3412,46.0606],[11.3421,46.0652],[11.3467,46.0726],[11.3524,46.0771],[11.3557,46.0817],[11.3567,46.0886],[11.3597,46.0943],[11.3704,46.0951],[11.3744,46.0931],[11.3771,46.0932],[11.3824,46.0955],[11.385,46.095],[11.3867,46.0937],[11.3865,46.092],[11.3885,46.0873],[11.3938,46.0863],[11.3986,46.0839],[11.4276,46.0623],[11.427,46.0575]]]}},{"type":"Feature","properties":{"i":"022157","n":"Ronchi Valsugana"},"geometry":{"type":"Polygon","coordinates":[[[11.4462,46.0643],[11.4421,46.0624],[11.4337,46.0622],[11.427,46.0575],[11.4276,46.0623],[11.3986,46.0839],[11.3938,46.0863],[11.3885,46.0873],[11.3865,46.092],[11.3869,46.0934],[11.3965,46.0962],[11.4036,46.0994],[11.4081,46.1028],[11.414,46.1008],[11.4188,46.0976],[11.4235,46.0915],[11.4312,46.0852],[11.4365,46.0825],[11.4409,46.0778],[11.4455,46.0683],[11.4462,46.0643]]]}},{"type":"Feature","properties":{"i":"022159","n":"Ronzone"},"geometry":{"type":"MultiPolygon","coordinates":[[[[11.1426,46.4279],[11.1511,46.4285],[11.1626,46.4321],[11.1744,46.4323],[11.1764,46.4283],[11.1758,46.4269],[11.1653,46.4255],[11.1707,46.4182],[11.1547,46.4195],[11.1437,46.4216],[11.1426,46.4279]]],[[[11.2124,46.4554],[11.205,46.4576],[11.2003,46.4579],[11.1927,46.4566],[11.1925,46.4572],[11.1941,46.459],[11.1994,46.461],[11.2052,46.4677],[11.2072,46.4712],[11.207,46.4738],[11.2088,46.4767],[11.2138,46.478],[11.2179,46.4729],[11.2195,46.4682],[11.2204,46.4603],[11.2182,46.4562],[11.2124,46.4554]]]]}},{"type":"Feature","properties":{"i":"022160","n":"Roverè della Luna"},"geometry":{"type":"Polygon","coordinates":[[[11.2024,46.2556],[11.1995,46.2538],[11.1963,46.2498],[11.1899,46.25],[11.1882,46.2528],[11.1861,46.2527],[11.1836,46.2513],[11.1821,46.2491],[11.1807,46.2432],[11.1765,46.239],[11.1746,46.2392],[11.1746,46.2327],[11.1719,46.2335],[11.1709,46.2341],[11.1684,46.2389],[11.1756,46.2429],[11.1797,46.2466],[11.1803,46.2482],[11.17,46.244],[11.163,46.2377],[11.1557,46.2423],[11.1557,46.2533],[11.1457,46.2569],[11.1444,46.2553],[11.1331,46.2588],[11.1357,46.2695],[11.1371,46.2793],[11.1389,46.2833],[11.1497,46.28],[11.1598,46.2681],[11.1659,46.2629],[11.1743,46.2594],[11.1949,46.2581],[11.2008,46.2567],[11.2024,46.2556]]]}},{"type":"Feature","properties":{"i":"022161","n":"Rovereto"},"geometry":{"type":"Polygon","coordinates":[[[11.1153,45.9026],[11.1183,45.901],[11.124,45.894],[11.1179,45.8916],[11.1073,45.8852],[11.1037,45.8798],[11.0966,45.8733],[11.0913,45.8699],[11.0849,45.8737],[11.0712,45.8782],[11.0551,45.8862],[11.0518,45.8856],[11.046,45.8812],[11.0487,45.875],[11.06,45.8686],[11.0606,45.867],[11.0613,45.8617],[11.0532,45.8457],[11.0505,45.8342],[11.0525,45.8262],[11.0543,45.8227],[11.0612,45.8145],[11.0688,45.7993],[11.0563,45.8034],[11.0515,45.8073],[11.0496,45.8116],[11.0373,45.8132],[11.0211,45.8169],[11.0071,45.8213],[11.001,45.8263],[11.0002,45.8307],[11.002,45.8348],[11.0033,45.8412],[10.9973,45.8479],[10.997,45.8599],[11.0021,45.8662],[11.008,45.8671],[11.0118,45.8696],[11.0192,45.8807],[11.0152,45.8869],[11.0155,45.8907],[11.0221,45.8967],[11.0289,45.9003],[11.0332,45.909],[11.0425,45.9171],[11.0464,45.919],[11.055,45.9079],[11.0558,45.9055],[11.0649,45.9022],[11.0667,45.9021],[11.0678,45.9043],[11.0762,45.9051],[11.1006,45.8997],[11.1074,45.8975],[11.1117,45.8996],[11.1153,45.9026]]]}},{"type":"Feature","properties":{"i":"022162","n":"Ruffrè-Mendola"},"geometry":{"type":"Polygon","coordinates":[[[11.2073,46.4166],[11.2001,46.4154],[11.1891,46.4119],[11.168,46.4094],[11.166,46.4102],[11.1666,46.4118],[11.1713,46.4171],[11.1766,46.4206],[11.1789,46.4256],[11.1784,46.429],[11.1877,46.4346],[11.1923,46.4364],[11.2069,46.4381],[11.2165,46.4377],[11.2147,46.4343],[11.2119,46.4329],[11.2074,46.4289],[11.2056,46.426],[11.2085,46.4243],[11.2118,46.4206],[11.2117,46.4194],[11.2091,46.4165],[11.2073,46.4166]]]}},{"type":"Feature","properties":{"i":"022163","n":"Rumo"},"geometry":{"type":"Polygon","coordinates":[[[11.0476,46.4465],[11.0478,46.4435],[11.0466,46.441],[11.0285,46.4218],[11.0263,46.4298],[11.01,46.4438],[11.0076,46.4445],[10.9927,46.4418],[10.9875,46.4401],[10.9738,46.4376],[10.9671,46.4344],[10.9644,46.4346],[10.9565,46.437],[10.9548,46.4384],[10.9521,46.4434],[10.9446,46.4486],[10.9322,46.4536],[10.9313,46.4569],[10.9372,46.4671],[10.9397,46.4665],[10.9447,46.4671],[10.9566,46.4704],[10.96,46.4737],[10.9638,46.4802],[10.9671,46.482],[10.9763,46.484],[10.9886,46.4835],[11.0059,46.4768],[11.0074,46.4745],[11.0159,46.468],[11.0311,46.4596],[11.0412,46.4472],[11.0424,46.4465],[11.0476,46.4465]]]}},{"type":"Feature","properties":{"i":"022164","n":"Sagron Mis"},"geometry":{"type":"Polygon","coordinates":[[[11.9509,46.1703],[11.9374,46.1738],[11.9356,46.1751],[11.9286,46.1758],[11.9216,46.1821],[11.9245,46.1911],[11.9215,46.198],[11.9165,46.2035],[11.9061,46.2095],[11.9034,46.2134],[11.9048,46.2173],[11.9096,46.2244],[11.9202,46.22],[11.9242,46.2172],[11.9264,46.2144],[11.9278,46.209],[11.9349,46.2019],[11.9394,46.1988],[11.9624,46.1991],[11.9624,46.1884],[11.959,46.1848],[11.9558,46.1838],[11.9511,46.1761],[11.9521,46.1727],[11.9509,46.1703]]]}},{"type":"Feature","properties":{"i":"022165","n":"Samone"},"geometry":{"type":"Polygon","coordinates":[[[11.5282,46.1048],[11.5311,46.1014],[11.5338,46.0894],[11.5364,46.0834],[11.5359,46.0795],[11.5282,46.0747],[11.5177,46.0728],[11.5163,46.0771],[11.5132,46.0938],[11.5144,46.1054],[11.5199,46.1063],[11.5282,46.1048]]]}},{"type":"Feature","properties":{"i":"022167","n":"San Michele all'Adige"},"geometry":{"type":"Polygon","coordinates":[[[11.1361,46.1805],[11.1332,46.1783],[11.1287,46.1787],[11.1277,46.1796],[11.1209,46.1776],[11.1196,46.1758],[11.1126,46.1747],[11.1113,46.1747],[11.113,46.1797],[11.1068,46.1814],[11.1028,46.1805],[11.1034,46.1826],[11.1108,46.1889],[11.1149,46.1938],[11.1164,46.2003],[11.1188,46.2049],[11.1286,46.198],[11.1333,46.1972],[11.1457,46.209],[11.1469,46.2185],[11.1502,46.224],[11.1554,46.2267],[11.1679,46.2269],[11.1727,46.2289],[11.1759,46.2256],[11.1771,46.2171],[11.1743,46.2139],[11.1802,46.2068],[11.1761,46.1995],[11.1663,46.186],[11.1624,46.1833],[11.154,46.1877],[11.148,46.1887],[11.1397,46.1874],[11.1368,46.1831],[11.1361,46.1805]]]}},{"type":"Feature","properties":{"i":"022168","n":"Sant'Orsola Terme"},"geometry":{"type":"Polygon","coordinates":[[[11.3234,46.1358],[11.3355,46.1254],[11.3347,46.1236],[11.3292,46.1207],[11.3242,46.1194],[11.3148,46.115],[11.3072,46.1079],[11.3002,46.0986],[11.2985,46.0947],[11.2914,46.0919],[11.2852,46.0847],[11.2793,46.0878],[11.2693,46.0916],[11.2682,46.0932],[11.2666,46.1004],[11.2668,46.1045],[11.2723,46.1071],[11.2754,46.1146],[11.28,46.1211],[11.2933,46.1352],[11.2972,46.1379],[11.3015,46.1379],[11.3111,46.1361],[11.3183,46.134],[11.3234,46.1358]]]}},{"type":"Feature","properties":{"i":"022169","n":"Sanzeno"},"geometry":{"type":"Polygon","coordinates":[[[11.1,46.3922],[11.1011,46.3893],[11.0873,46.3809],[11.0832,46.3729],[11.0832,46.3693],[11.0743,46.3613],[11.0684,46.3541],[11.0584,46.3561],[11.0565,46.358],[11.0523,46.3711],[11.0534,46.3769],[11.0673,46.3856],[11.0756,46.3894],[11.0791,46.3924],[11.0812,46.3903],[11.0831,46.3899],[11.1,46.3922]]]}},{"type":"Feature","properties":{"i":"022170","n":"Sarnonico"},"geometry":{"type":"Polygon","coordinates":[[[11.2124,46.4554],[11.213,46.4505],[11.2123,46.449],[11.2095,46.4485],[11.2061,46.4498],[11.1892,46.4455],[11.1757,46.4366],[11.1754,46.4338],[11.1763,46.4316],[11.1934,46.4395],[11.2001,46.4395],[11.217,46.4437],[11.2178,46.4419],[11.2165,46.4377],[11.2077,46.4382],[11.1902,46.4359],[11.1784,46.429],[11.1789,46.4256],[11.1766,46.4206],[11.1713,46.4171],[11.1684,46.414],[11.1608,46.415],[11.1539,46.4144],[11.1319,46.4158],[11.1274,46.4118],[11.1238,46.4072],[11.1215,46.4069],[11.0996,46.4155],[11.1119,46.4238],[11.1213,46.4237],[11.128,46.425],[11.1291,46.4255],[11.1292,46.4268],[11.1395,46.4293],[11.1411,46.4292],[11.1426,46.4279],[11.1437,46.4216],[11.1547,46.4195],[11.1707,46.4182],[11.1653,46.4255],[11.1758,46.4269],[11.1764,46.4285],[11.1744,46.4323],[11.1626,46.4321],[11.1747,46.4427],[11.177,46.4471],[11.178,46.4503],[11.1707,46.4532],[11.1711,46.4538],[11.177,46.4558],[11.1941,46.459],[11.1926,46.4566],[11.2003,46.4579],[11.2054,46.4575],[11.2124,46.4554]]]}},{"type":"Feature","properties":{"i":"022171","n":"Scurelle"},"geometry":{"type":"Polygon","coordinates":[[[11.5505,46.1751],[11.5578,46.1693],[11.56,46.1685],[11.5662,46.1532],[11.5709,46.1459],[11.5666,46.1431],[11.5646,46.1375],[11.5677,46.1355],[11.5718,46.136],[11.5721,46.1332],[11.5689,46.1278],[11.5557,46.1258],[11.551,46.1243],[11.5384,46.1235],[11.531,46.1244],[11.5234,46.1201],[11.5095,46.1103],[11.5105,46.0868],[11.5099,46.0844],[11.5028,46.0739],[11.505,46.0707],[11.5128,46.0675],[11.5162,46.065],[11.5202,46.0604],[11.5158,46.0574],[11.5088,46.0502],[11.4988,46.0611],[11.4965,46.0674],[11.4971,46.0796],[11.5015,46.0871],[11.5036,46.0942],[11.5046,46.102],[11.5027,46.1077],[11.4977,46.1145],[11.4956,46.1245],[11.5019,46.1379],[11.5072,46.144],[11.5172,46.1525],[11.524,46.1553],[11.5272,46.1588],[11.5266,46.1608],[11.5252,46.1619],[11.5333,46.1712],[11.5376,46.1803],[11.5477,46.1774],[11.5505,46.1751]]]}},{"type":"Feature","properties":{"i":"022172","n":"Segonzano"},"geometry":{"type":"Polygon","coordinates":[[[11.322,46.1962],[11.3213,46.1941],[11.2986,46.1811],[11.2956,46.1748],[11.292,46.1729],[11.2841,46.1709],[11.2642,46.1728],[11.2494,46.1667],[11.239,46.1708],[11.2413,46.175],[11.2458,46.1801],[11.2497,46.1878],[11.2522,46.201],[11.2565,46.2026],[11.263,46.2033],[11.266,46.2023],[11.2754,46.2042],[11.2784,46.2063],[11.2802,46.2091],[11.2865,46.2121],[11.2975,46.2151],[11.3049,46.2214],[11.3094,46.2202],[11.3139,46.215],[11.318,46.2024],[11.322,46.1962]]]}},{"type":"Feature","properties":{"i":"022173","n":"Sfruz"},"geometry":{"type":"Polygon","coordinates":[[[11.1889,46.3594],[11.1927,46.3582],[11.199,46.3496],[11.19,46.3412],[11.1826,46.3384],[11.1719,46.3379],[11.1401,46.3452],[11.1293,46.3468],[11.1274,46.3439],[11.1349,46.3353],[11.1399,46.3256],[11.1401,46.3234],[11.1395,46.3224],[11.1365,46.3215],[11.1238,46.3251],[11.1097,46.3324],[11.1069,46.3327],[11.1086,46.3387],[11.1111,46.341],[11.1167,46.3442],[11.1214,46.3487],[11.1216,46.3504],[11.1233,46.3524],[11.1261,46.3542],[11.1346,46.3548],[11.1512,46.3502],[11.163,46.3554],[11.1748,46.3581],[11.1889,46.3594]]]}},{"type":"Feature","properties":{"i":"022176","n":"Soraga di Fassa"},"geometry":{"type":"MultiPolygon","coordinates":[[[[11.7078,46.3948],[11.6984,46.3865],[11.6924,46.3832],[11.6747,46.384],[11.6582,46.386],[11.6504,46.3898],[11.6466,46.3907],[11.6408,46.3872],[11.6335,46.3916],[11.6368,46.3943],[11.6518,46.4023],[11.6595,46.4045],[11.6657,46.4049],[11.67,46.4048],[11.6843,46.3995],[11.6907,46.3982],[11.6937,46.402],[11.6991,46.4014],[11.7042,46.4001],[11.7078,46.3948]]],[[[11.8202,46.3766],[11.8138,46.378],[11.7978,46.3776],[11.7952,46.3828],[11.7975,46.3879],[11.8002,46.404],[11.806,46.4068],[11.823,46.4098],[11.8283,46.4089],[11.8403,46.413],[11.8437,46.4099],[11.8368,46.4013],[11.8323,46.3876],[11.833,46.3767],[11.8355,46.3661],[11.8309,46.3669],[11.8249,46.3716],[11.8202,46.3766]]]]}},{"type":"Feature","properties":{"i":"022177","n":"Sover"},"geometry":{"type":"Polygon","coordinates":[[[11.3631,46.2013],[11.3546,46.2028],[11.34,46.1977],[11.322,46.1962],[11.318,46.2024],[11.3136,46.2155],[11.3094,46.2202],[11.3074,46.2211],[11.3042,46.2211],[11.3039,46.2224],[11.3214,46.2448],[11.3242,46.2449],[11.327,46.2486],[11.3306,46.2511],[11.3336,46.248],[11.3356,46.2442],[11.3372,46.2361],[11.3478,46.2204],[11.3496,46.2245],[11.3567,46.2215],[11.3617,46.2119],[11.3631,46.2013]]]}},{"type":"Feature","properties":{"i":"022179","n":"Spiazzo"},"geometry":{"type":"MultiPolygon","coordinates":[[[[10.6927,46.1649],[10.6934,46.1596],[10.6982,46.1449],[10.7034,46.1339],[10.7102,46.1292],[10.7088,46.1263],[10.7089,46.1228],[10.75,46.1108],[10.7499,46.1088],[10.7597,46.1063],[10.7737,46.0996],[10.7688,46.0968],[10.7623,46.0853],[10.758,46.0796],[10.7511,46.0783],[10.7431,46.0786],[10.742,46.079],[10.7433,46.0829],[10.732,46.0902],[10.7009,46.0971],[10.6825,46.0995],[10.6553,46.1049],[10.6544,46.1109],[10.6555,46.1135],[10.6556,46.1187],[10.6529,46.1194],[10.6502,46.1182],[10.6481,46.1186],[10.6405,46.1242],[10.6377,46.1284],[10.6556,46.1374],[10.6706,46.1546],[10.6707,46.1575],[10.673,46.159],[10.6856,46.1609],[10.6892,46.1649],[10.6927,46.1649]]],[[[10.616,46.2239],[10.6188,46.2211],[10.619,46.2157],[10.6158,46.2092],[10.6174,46.1992],[10.6051,46.1832],[10.6019,46.1762],[10.596,46.1711],[10.5909,46.159],[10.5908,46.1532],[10.5922,46.1487],[10.5665,46.1472],[10.5543,46.1488],[10.5554,46.1549],[10.5583,46.1606],[10.5605,46.1634],[10.5654,46.1668],[10.5546,46.1803],[10.5414,46.1886],[10.545,46.194],[10.5494,46.2046],[10.5623,46.2146],[10.5704,46.2221],[10.5704,46.2232],[10.5717,46.2216],[10.5785,46.2187],[10.5916,46.2191],[10.6038,46.2232],[10.616,46.2239]]]]}},{"type":"Feature","properties":{"i":"022180","n":"Spormaggiore"},"geometry":{"type":"Polygon","coordinates":[[[11.0618,46.2346],[11.0691,46.2311],[11.0671,46.2305],[11.0628,46.2262],[11.0652,46.2163],[11.0669,46.2125],[11.0674,46.2116],[11.0699,46.2107],[11.0733,46.2042],[11.07,46.2023],[11.0657,46.2047],[11.0654,46.2001],[11.0635,46.1964],[11.0558,46.1905],[11.0515,46.1897],[11.0455,46.1901],[11.0411,46.1917],[11.0329,46.2011],[11.0289,46.2018],[11.0231,46.1981],[11.017,46.1914],[11.006,46.189],[10.999,46.1891],[10.9675,46.1834],[10.9659,46.1794],[10.9625,46.1777],[10.9525,46.1796],[10.9503,46.1785],[10.9452,46.1803],[10.9384,46.1862],[10.9304,46.1896],[10.934,46.1942],[10.9429,46.201],[10.9512,46.2036],[10.9521,46.2046],[10.9521,46.2083],[10.9508,46.2128],[10.9698,46.2155],[10.9653,46.2125],[10.9707,46.2044],[10.9753,46.204],[10.9866,46.2076],[10.9973,46.209],[10.9998,46.2069],[11.0018,46.2069],[11.0108,46.2097],[11.0282,46.2176],[11.0311,46.2208],[11.0341,46.2263],[11.04,46.2285],[11.0454,46.2333],[11.0533,46.2361],[11.059,46.2368],[11.0618,46.2346]]]}},{"type":"Feature","properties":{"i":"022181","n":"Sporminore"},"geometry":{"type":"Polygon","coordinates":[[[11.0597,46.2424],[11.0618,46.2346],[11.059,46.2368],[11.0533,46.2361],[11.0454,46.2333],[11.04,46.2285],[11.0341,46.2263],[11.0311,46.2208],[11.0282,46.2176],[11.0044,46.2075],[11.0006,46.2067],[10.9973,46.209],[10.9866,46.2076],[10.9753,46.204],[10.9707,46.2044],[10.9653,46.2125],[10.9698,46.2155],[10.9686,46.2192],[10.9712,46.2218],[10.9769,46.2246],[10.984,46.2294],[10.9952,46.2381],[11.0132,46.2467],[11.04,46.2417],[11.0521,46.2434],[11.0597,46.2424]]]}},{"type":"Feature","properties":{"i":"022182","n":"Stenico"},"geometry":{"type":"MultiPolygon","coordinates":[[[[10.8478,46.1133],[10.8439,46.1116],[10.8418,46.1094],[10.8425,46.0914],[10.8593,46.0882],[10.8646,46.0802],[10.8674,46.0784],[10.8793,46.0772],[10.8833,46.0721],[10.8833,46.0658],[10.8885,46.0592],[10.892,46.0576],[10.9004,46.059],[10.9032,46.0587],[10.9045,46.0566],[10.8957,46.0468],[10.8765,46.0391],[10.8747,46.0372],[10.8628,46.0378],[10.8549,46.0398],[10.8517,46.0415],[10.8469,46.0502],[10.8441,46.0519],[10.8313,46.054],[10.8226,46.0533],[10.8146,46.0538],[10.8195,46.0603],[10.8189,46.0664],[10.8175,46.0703],[10.8119,46.0777],[10.8093,46.0856],[10.7991,46.0863],[10.7858,46.0846],[10.7845,46.0873],[10.7846,46.0897],[10.787,46.0942],[10.7912,46.0998],[10.788,46.1061],[10.7876,46.1118],[10.8109,46.1076],[10.809,46.1117],[10.809,46.118],[10.8138,46.1188],[10.8334,46.1141],[10.8478,46.1133]]],[[[10.8671,46.1548],[10.8629,46.1469],[10.8565,46.1467],[10.8455,46.148],[10.8155,46.1569],[10.8144,46.1577],[10.8135,46.1601],[10.8134,46.1713],[10.8149,46.1729],[10.8168,46.1791],[10.8158,46.1821],[10.8222,46.1881],[10.827,46.1896],[10.8283,46.1844],[10.8393,46.1816],[10.849,46.1763],[10.8564,46.1616],[10.8671,46.1548]]]]}},{"type":"Feature","properties":{"i":"022183","n":"Storo"},"geometry":{"type":"Polygon","coordinates":[[[10.6112,45.8655],[10.6194,45.8607],[10.636,45.8436],[10.6375,45.8404],[10.634,45.8358],[10.6438,45.8291],[10.6419,45.8223],[10.6346,45.8159],[10.6327,45.8126],[10.6264,45.8209],[10.6041,45.8254],[10.5977,45.8208],[10.5894,45.8128],[10.5774,45.8094],[10.5659,45.8137],[10.5434,45.8157],[10.5433,45.8184],[10.5368,45.8226],[10.5284,45.8266],[10.5243,45.8271],[10.5185,45.8264],[10.5081,45.8239],[10.5025,45.8302],[10.502,45.8322],[10.503,45.8362],[10.5066,45.8424],[10.5039,45.8557],[10.5016,45.8609],[10.5023,45.871],[10.5037,45.8736],[10.4911,45.8823],[10.49,45.8846],[10.4901,45.8871],[10.4959,45.8997],[10.499,45.8995],[10.502,45.9003],[10.5062,45.9034],[10.5117,45.9006],[10.5186,45.9005],[10.5218,45.9017],[10.5251,45.8991],[10.5262,45.8968],[10.5255,45.8931],[10.524,45.8911],[10.5252,45.8857],[10.5339,45.8816],[10.5564,45.8731],[10.567,45.8647],[10.5767,45.8619],[10.6027,45.8631],[10.6067,45.8652],[10.6112,45.8655]]]}},{"type":"Feature","properties":{"i":"022184","n":"Strembo"},"geometry":{"type":"MultiPolygon","coordinates":[[[[10.7556,46.1242],[10.7543,46.1235],[10.7538,46.122],[10.7549,46.1195],[10.75,46.1108],[10.7089,46.1228],[10.7088,46.1263],[10.7102,46.1292],[10.7184,46.1334],[10.7271,46.1334],[10.7496,46.1269],[10.7556,46.1242]]],[[[10.6492,46.2159],[10.6532,46.2117],[10.6562,46.204],[10.6632,46.1903],[10.6765,46.1848],[10.6771,46.1653],[10.6656,46.1668],[10.6575,46.1668],[10.6544,46.1611],[10.6297,46.1512],[10.6027,46.1481],[10.5922,46.1487],[10.5908,46.1532],[10.5909,46.159],[10.596,46.1711],[10.6019,46.1762],[10.6051,46.1832],[10.6174,46.1992],[10.6158,46.2092],[10.619,46.2157],[10.6188,46.2211],[10.616,46.2239],[10.6353,46.2224],[10.646,46.2161],[10.6492,46.2159]]]]}},{"type":"Feature","properties":{"i":"022188","n":"Telve"},"geometry":{"type":"Polygon","coordinates":[[[11.5252,46.1619],[11.5266,46.1608],[11.5272,46.1588],[11.524,46.1553],[11.5172,46.1525],[11.5072,46.144],[11.5019,46.1379],[11.4956,46.1245],[11.4977,46.1145],[11.5027,46.1077],[11.5046,46.102],[11.5036,46.0942],[11.5022,46.0909],[11.4917,46.0839],[11.4888,46.0701],[11.4916,46.0635],[11.4913,46.0627],[11.4867,46.0592],[11.4812,46.0571],[11.4759,46.0563],[11.4708,46.0614],[11.4765,46.0671],[11.4751,46.0731],[11.4729,46.0752],[11.4612,46.0777],[11.4685,46.0815],[11.4726,46.0978],[11.4708,46.1043],[11.462,46.1085],[11.4519,46.1102],[11.4463,46.1133],[11.4521,46.1184],[11.4666,46.1245],[11.442,46.1339],[11.4363,46.1354],[11.4229,46.1356],[11.42,46.138],[11.4096,46.1364],[11.4028,46.1323],[11.3904,46.1363],[11.3853,46.1449],[11.3745,46.1555],[11.3716,46.1574],[11.379,46.1603],[11.3921,46.1682],[11.405,46.1625],[11.4157,46.1639],[11.4193,46.1648],[11.4278,46.1713],[11.4398,46.175],[11.4542,46.1722],[11.4724,46.1789],[11.4868,46.1812],[11.4937,46.1833],[11.4984,46.1858],[11.4982,46.1841],[11.4999,46.1818],[11.512,46.1743],[11.5224,46.1662],[11.5252,46.1619]]]}},{"type":"Feature","properties":{"i":"022189","n":"Telve di Sopra"},"geometry":{"type":"Polygon","coordinates":[[[11.4708,46.0614],[11.4597,46.0599],[11.4596,46.0623],[11.4641,46.0688],[11.4532,46.0852],[11.4495,46.0888],[11.444,46.0908],[11.4393,46.0937],[11.432,46.1011],[11.4201,46.1239],[11.3992,46.1254],[11.4028,46.1323],[11.4096,46.1364],[11.42,46.138],[11.4229,46.1356],[11.4363,46.1354],[11.442,46.1339],[11.4666,46.1245],[11.4521,46.1184],[11.4463,46.1133],[11.4519,46.1102],[11.462,46.1085],[11.4708,46.1043],[11.4726,46.0978],[11.4685,46.0815],[11.4612,46.0777],[11.4729,46.0752],[11.4751,46.0731],[11.4765,46.0671],[11.4708,46.0614]]]}},{"type":"Feature","properties":{"i":"022190","n":"Tenna"},"geometry":{"type":"Polygon","coordinates":[[[11.2668,46.0282],[11.2648,46.0282],[11.2652,46.0268],[11.2761,46.0113],[11.2728,46.009],[11.2676,46.0095],[11.2655,46.0105],[11.264,46.0135],[11.2607,46.013],[11.2569,46.017],[11.2496,46.0214],[11.2472,46.0235],[11.2468,46.0249],[11.2528,46.0333],[11.2628,46.0322],[11.2668,46.0282]]]}},{"type":"Feature","properties":{"i":"022191","n":"Tenno"},"geometry":{"type":"Polygon","coordinates":[[[10.8361,45.9612],[10.8371,45.9589],[10.8417,45.9551],[10.8536,45.9534],[10.8598,45.9537],[10.8574,45.9436],[10.8553,45.9381],[10.853,45.9346],[10.8497,45.9254],[10.8515,45.9226],[10.8515,45.9154],[10.8491,45.9135],[10.8317,45.9087],[10.821,45.9181],[10.8089,45.9191],[10.8003,45.9214],[10.7984,45.9227],[10.7972,45.9266],[10.7839,45.9301],[10.7698,45.9409],[10.7689,45.943],[10.7703,45.9513],[10.7669,45.9578],[10.7659,45.9643],[10.7843,45.9622],[10.804,45.9584],[10.8097,45.9595],[10.8206,45.9599],[10.8259,45.9589],[10.8361,45.9612]]]}},{"type":"Feature","properties":{"i":"022193","n":"Terragnolo"},"geometry":{"type":"Polygon","coordinates":[[[11.2219,45.849],[11.2185,45.844],[11.2188,45.8326],[11.2029,45.827],[11.1987,45.8242],[11.1916,45.8224],[11.1882,45.8207],[11.1848,45.8165],[11.1838,45.8162],[11.1798,45.8178],[11.1781,45.819],[11.1778,45.8202],[11.1785,45.8265],[11.1829,45.835],[11.1833,45.8377],[11.1751,45.8386],[11.1736,45.838],[11.1679,45.8415],[11.1585,45.8491],[11.1473,45.8533],[11.1363,45.8556],[11.132,45.8589],[11.1276,45.8641],[11.1162,45.8728],[11.1069,45.8738],[11.0975,45.8703],[11.0913,45.8699],[11.0966,45.8733],[11.1037,45.8798],[11.1073,45.8852],[11.1179,45.8916],[11.1276,45.8948],[11.1364,45.8914],[11.1599,45.8863],[11.1662,45.8862],[11.1751,45.8882],[11.1793,45.8878],[11.1853,45.8844],[11.188,45.8816],[11.2013,45.877],[11.2108,45.8722],[11.2126,45.8701],[11.2219,45.849]]]}},{"type":"Feature","properties":{"i":"022195","n":"Terzolas"},"geometry":{"type":"Polygon","coordinates":[[[10.9497,46.3379],[10.9414,46.3373],[10.9413,46.3384],[10.929,46.3494],[10.9237,46.3516],[10.9194,46.3557],[10.919,46.358],[10.9237,46.3673],[10.9132,46.3806],[10.9132,46.3835],[10.9162,46.3887],[10.9257,46.3795],[10.9352,46.3615],[10.9388,46.3568],[10.9443,46.3567],[10.9464,46.3551],[10.9492,46.3494],[10.9497,46.3379]]]}},{"type":"Feature","properties":{"i":"022196","n":"Tesero"},"geometry":{"type":"Polygon","coordinates":[[[11.5572,46.3509],[11.5589,46.3488],[11.5595,46.3354],[11.5557,46.3293],[11.55,46.3318],[11.5445,46.3319],[11.5439,46.3192],[11.5419,46.3097],[11.5387,46.3011],[11.5329,46.306],[11.5249,46.3067],[11.5341,46.2995],[11.531,46.2936],[11.5318,46.2859],[11.5369,46.2824],[11.5398,46.2671],[11.5338,46.2547],[11.5332,46.2435],[11.5371,46.234],[11.5386,46.224],[11.5411,46.2197],[11.545,46.2169],[11.5406,46.2147],[11.5347,46.206],[11.5312,46.2027],[11.5248,46.202],[11.5225,46.2032],[11.5225,46.2049],[11.5163,46.21],[11.5077,46.2194],[11.5007,46.2316],[11.5003,46.2352],[11.5026,46.2379],[11.5042,46.2419],[11.5055,46.2494],[11.4978,46.26],[11.4977,46.264],[11.5042,46.2813],[11.5002,46.2859],[11.4984,46.2844],[11.4955,46.284],[11.4889,46.2881],[11.4894,46.2924],[11.4928,46.2984],[11.4887,46.3085],[11.4885,46.3204],[11.4878,46.3219],[11.4886,46.3261],[11.4896,46.33],[11.4912,46.332],[11.5091,46.3442],[11.526,46.3542],[11.5332,46.353],[11.5435,46.3478],[11.5525,46.3472],[11.5572,46.3509]]]}},{"type":"Feature","properties":{"i":"022199","n":"Tione di Trento"},"geometry":{"type":"MultiPolygon","coordinates":[[[[10.7118,45.9875],[10.7126,45.9852],[10.7246,45.9742],[10.7294,45.967],[10.7297,45.9643],[10.7276,45.9635],[10.7213,45.9581],[10.7107,45.9541],[10.7043,45.9585],[10.7058,45.9672],[10.6955,45.9881],[10.6922,45.9906],[10.7013,45.9919],[10.7055,45.989],[10.7118,45.9875]]],[[[10.8077,46.0545],[10.8036,46.0449],[10.7987,46.0452],[10.7894,46.0427],[10.7824,46.0366],[10.7775,46.0358],[10.7753,46.0345],[10.7741,46.0313],[10.7747,46.0255],[10.7791,46.0111],[10.7611,46.0029],[10.7513,45.9972],[10.7474,45.9972],[10.7476,45.9993],[10.7609,46.0179],[10.7606,46.0269],[10.7571,46.0339],[10.7575,46.0413],[10.7599,46.0444],[10.7781,46.0474],[10.7922,46.0545],[10.8038,46.0551],[10.8077,46.0545]]],[[[10.7192,46.0528],[10.7182,46.0502],[10.7208,46.0478],[10.7304,46.0402],[10.7338,46.0385],[10.7379,46.0386],[10.7371,46.0375],[10.7344,46.0343],[10.7168,46.0215],[10.7151,46.0212],[10.7065,46.0247],[10.7029,46.0253],[10.6999,46.0215],[10.6918,46.0154],[10.6775,46.0182],[10.6762,46.0232],[10.6695,46.0371],[10.6605,46.044],[10.6483,46.0506],[10.6378,46.0586],[10.6366,46.0628],[10.654,46.0577],[10.6792,46.0549],[10.6858,46.0519],[10.6979,46.0495],[10.7031,46.049],[10.7123,46.0535],[10.7192,46.0528]]]]}},{"type":"Feature","properties":{"i":"022200","n":"Ton"},"geometry":{"type":"Polygon","coordinates":[[[11.1388,46.2833],[11.1371,46.2793],[11.1357,46.2695],[11.1331,46.2588],[11.1217,46.2491],[11.1175,46.2436],[11.1087,46.2421],[11.0965,46.2423],[11.0912,46.2432],[11.0765,46.2365],[11.0709,46.231],[11.0691,46.2311],[11.0618,46.2346],[11.0597,46.2424],[11.0621,46.2657],[11.0642,46.2686],[11.0621,46.2705],[11.0662,46.2718],[11.0686,46.2737],[11.0708,46.278],[11.0801,46.2817],[11.1169,46.2896],[11.1388,46.2833]]]}},{"type":"Feature","properties":{"i":"022202","n":"Torcegno"},"geometry":{"type":"Polygon","coordinates":[[[11.4596,46.0623],[11.4596,46.0658],[11.4508,46.0641],[11.4462,46.0643],[11.4455,46.0683],[11.4409,46.0778],[11.4365,46.0825],[11.4312,46.0852],[11.4235,46.0915],[11.4179,46.0984],[11.4093,46.1028],[11.4081,46.1028],[11.4036,46.0994],[11.3965,46.0962],[11.3869,46.0934],[11.385,46.095],[11.3824,46.0955],[11.3771,46.0932],[11.3744,46.0931],[11.3704,46.0951],[11.3757,46.1052],[11.3826,46.1072],[11.3861,46.1137],[11.3897,46.1162],[11.3924,46.1159],[11.3937,46.1165],[11.3973,46.1197],[11.3992,46.1254],[11.4199,46.1241],[11.432,46.1011],[11.4393,46.0937],[11.444,46.0908],[11.4495,46.0888],[11.4532,46.0852],[11.4641,46.0688],[11.4596,46.0623]]]}},{"type":"Feature","properties":{"i":"022203","n":"Trambileno"},"geometry":{"type":"Polygon","coordinates":[[[11.0913,45.8699],[11.0975,45.8703],[11.1069,45.8738],[11.1162,45.8728],[11.1276,45.8641],[11.132,45.8589],[11.1363,45.8556],[11.1473,45.8533],[11.1585,45.8491],[11.1679,45.8415],[11.1736,45.838],[11.1751,45.8386],[11.1833,45.8377],[11.1829,45.835],[11.1785,45.8265],[11.1779,45.8194],[11.1798,45.8178],[11.1844,45.8162],[11.1882,45.8207],[11.1916,45.8224],[11.1987,45.8242],[11.1979,45.8199],[11.1935,45.817],[11.1911,45.8167],[11.1888,45.8136],[11.1885,45.8119],[11.1902,45.8029],[11.1909,45.8021],[11.1938,45.8021],[11.1933,45.7956],[11.2028,45.7834],[11.1987,45.7816],[11.1901,45.7816],[11.1784,45.7881],[11.174,45.7871],[11.1744,45.7892],[11.1703,45.7908],[11.1656,45.7911],[11.1629,45.7904],[11.1597,45.7917],[11.1542,45.7953],[11.1472,45.8019],[11.1476,45.8042],[11.1489,45.8052],[11.1507,45.8096],[11.1495,45.8156],[11.1448,45.8195],[11.1396,45.8187],[11.1345,45.815],[11.1265,45.8144],[11.1147,45.8249],[11.1024,45.8284],[11.0923,45.828],[11.0858,45.8268],[11.082,45.8231],[11.0776,45.8273],[11.0727,45.8347],[11.0695,45.8522],[11.0706,45.8548],[11.0698,45.8613],[11.067,45.8722],[11.0613,45.8799],[11.0595,45.8796],[11.0571,45.8774],[11.0576,45.8718],[11.06,45.8686],[11.0487,45.875],[11.046,45.8811],[11.0518,45.8856],[11.0551,45.8862],[11.0712,45.8782],[11.0849,45.8737],[11.0913,45.8699]]]}},{"type":"Feature","properties":{"i":"022205","n":"Trento"},"geometry":{"type":"Polygon","coordinates":[[[11.1638,46.1251],[11.1568,46.116],[11.1543,46.1094],[11.1543,46.0989],[11.1638,46.0933],[11.1744,46.0849],[11.1756,46.0799],[11.1838,46.0744],[11.1897,46.0717],[11.1939,46.0646],[11.1937,46.0594],[11.192,46.05],[11.1879,46.0457],[11.1871,46.0418],[11.1877,46.032],[11.184,46.0283],[11.1714,46.0235],[11.1654,46.0224],[11.1571,46.0167],[11.1622,46.0139],[11.1664,46.0054],[11.1618,46.0027],[11.1575,45.9984],[11.1592,45.9842],[11.1587,45.9805],[11.1563,45.9812],[11.155,45.9809],[11.1497,45.9767],[11.1471,45.9766],[11.1381,45.9773],[11.1331,45.9791],[11.1298,45.9826],[11.1243,45.9858],[11.1193,45.9837],[11.1175,45.9819],[11.1103,45.9827],[11.116,45.9886],[11.1072,45.9908],[11.0978,45.9916],[11.0929,45.9932],[11.0998,46.0036],[11.0999,46.0068],[11.0967,46.0107],[11.0849,46.0209],[11.0804,46.0234],[11.0754,46.0232],[11.0702,46.0213],[11.062,46.022],[11.0578,46.0257],[11.0476,46.0156],[11.0448,45.9958],[11.0394,45.991],[11.0354,45.9815],[11.0346,45.9822],[11.0325,45.9848],[11.0314,45.9885],[11.0311,45.9993],[11.0276,46.006],[11.0283,46.0227],[11.0272,46.0355],[11.0286,46.0463],[11.0214,46.0494],[11.0241,46.0538],[11.0247,46.0619],[11.0216,46.0721],[11.0248,46.0754],[11.0283,46.076],[11.0271,46.0848],[11.0258,46.088],[11.0291,46.0923],[11.0325,46.0918],[11.0342,46.0904],[11.0353,46.0866],[11.0382,46.0842],[11.0475,46.088],[11.0544,46.0919],[11.0676,46.1021],[11.0753,46.1104],[11.0828,46.1208],[11.0819,46.125],[11.0932,46.1299],[11.1179,46.1379],[11.1196,46.1391],[11.1195,46.1412],[11.1234,46.1477],[11.1344,46.1506],[11.1563,46.1506],[11.162,46.1521],[11.1636,46.1499],[11.1653,46.1374],[11.1638,46.1251]]]}},{"type":"Feature","properties":{"i":"022209","n":"Valfloriana"},"geometry":{"type":"Polygon","coordinates":[[[11.3702,46.2625],[11.3726,46.261],[11.3726,46.2584],[11.367,46.2512],[11.3715,46.2449],[11.3783,46.242],[11.3929,46.2328],[11.4029,46.2401],[11.4088,46.2469],[11.4127,46.2474],[11.4145,46.2468],[11.4187,46.2385],[11.4188,46.2199],[11.421,46.215],[11.4196,46.1962],[11.4209,46.1824],[11.4186,46.1782],[11.4129,46.1725],[11.3993,46.1651],[11.3921,46.1682],[11.3923,46.1696],[11.3836,46.1751],[11.3813,46.181],[11.3814,46.1851],[11.3827,46.1869],[11.3847,46.1929],[11.3815,46.1959],[11.3631,46.2013],[11.3617,46.2119],[11.3567,46.2215],[11.3496,46.2245],[11.3478,46.2204],[11.3372,46.2361],[11.3356,46.2442],[11.3336,46.248],[11.3306,46.2511],[11.3394,46.2542],[11.3495,46.2598],[11.3532,46.2641],[11.3559,46.2652],[11.3588,46.2657],[11.3702,46.2625]]]}},{"type":"Feature","properties":{"i":"022210","n":"Vallarsa"},"geometry":{"type":"Polygon","coordinates":[[[11.174,45.7871],[11.1738,45.7861],[11.1773,45.7799],[11.1798,45.7729],[11.1807,45.7629],[11.1777,45.7567],[11.1763,45.7516],[11.1761,45.7474],[11.1784,45.7381],[11.1738,45.7322],[11.1534,45.7186],[11.1459,45.7169],[11.1385,45.724],[11.1321,45.7255],[11.1069,45.735],[11.1021,45.7391],[11.1002,45.7422],[11.098,45.75],[11.098,45.7555],[11.0972,45.7576],[11.0806,45.7813],[11.0724,45.786],[11.0696,45.7936],[11.0688,45.7993],[11.0612,45.8145],[11.0543,45.8227],[11.0525,45.8262],[11.0505,45.8342],[11.0532,45.8457],[11.0614,45.862],[11.06,45.8686],[11.0576,45.8718],[11.0574,45.8782],[11.0613,45.8799],[11.067,45.8722],[11.0698,45.8613],[11.0706,45.8548],[11.0695,45.8522],[11.0727,45.8347],[11.0776,45.8273],[11.082,45.8231],[11.0858,45.8268],[11.0923,45.828],[11.1024,45.8284],[11.1147,45.8249],[11.1265,45.8144],[11.1345,45.815],[11.1396,45.8187],[11.1448,45.8195],[11.1495,45.8156],[11.1507,45.8096],[11.1489,45.8052],[11.1476,45.8042],[11.1474,45.8016],[11.1542,45.7953],[11.1597,45.7917],[11.1629,45.7904],[11.1656,45.7911],[11.1703,45.7908],[11.1744,45.7892],[11.174,45.7871]]]}},{"type":"Feature","properties":{"i":"022213","n":"Vermiglio"},"geometry":{"type":"Polygon","coordinates":[[[10.7126,46.313],[10.7194,46.3107],[10.7188,46.3047],[10.7238,46.2924],[10.7245,46.2778],[10.7221,46.2701],[10.7128,46.2607],[10.6997,46.2554],[10.6935,46.255],[10.6894,46.2537],[10.6852,46.2513],[10.6848,46.2496],[10.6862,46.2463],[10.6861,46.2404],[10.6783,46.2311],[10.6758,46.2308],[10.6621,46.2207],[10.6528,46.2191],[10.6492,46.2159],[10.646,46.2161],[10.6359,46.2223],[10.6317,46.2232],[10.6108,46.224],[10.6038,46.2232],[10.5916,46.2191],[10.5785,46.2187],[10.5717,46.2216],[10.5704,46.2232],[10.5707,46.2246],[10.5689,46.2293],[10.5746,46.237],[10.578,46.238],[10.5815,46.2403],[10.5849,46.2448],[10.5851,46.2487],[10.5763,46.2727],[10.5716,46.2763],[10.562,46.2816],[10.5605,46.2845],[10.5631,46.2874],[10.5796,46.2988],[10.5843,46.3001],[10.5927,46.2896],[10.6007,46.2848],[10.6152,46.2831],[10.6337,46.2794],[10.6349,46.281],[10.635,46.2863],[10.6303,46.2978],[10.6202,46.3054],[10.6139,46.3086],[10.6275,46.3179],[10.6456,46.3224],[10.6548,46.3186],[10.6652,46.3167],[10.6694,46.3194],[10.6806,46.3225],[10.6848,46.3189],[10.7033,46.3141],[10.7126,46.313]]]}},{"type":"Feature","properties":{"i":"022216","n":"Vignola-Falesina"},"geometry":{"type":"Polygon","coordinates":[[[11.2835,46.0719],[11.2979,46.0652],[11.302,46.0611],[11.3076,46.0492],[11.2994,46.0373],[11.2906,46.0349],[11.2836,46.0314],[11.277,46.0266],[11.2731,46.0304],[11.2834,46.0367],[11.2657,46.0461],[11.2634,46.0463],[11.2602,46.0488],[11.2579,46.0525],[11.2583,46.0573],[11.2628,46.0575],[11.2629,46.0606],[11.2579,46.0642],[11.2647,46.0713],[11.2715,46.0747],[11.2772,46.0756],[11.2835,46.0719]]]}},{"type":"Feature","properties":{"i":"022222","n":"Villa Lagarina"},"geometry":{"type":"Polygon","coordinates":[[[11.0551,45.9605],[11.0578,45.9581],[11.057,45.9518],[11.0547,45.9501],[11.0451,45.9466],[11.0355,45.9407],[11.0358,45.9318],[11.0396,45.921],[11.0425,45.9171],[11.0336,45.9094],[11.0285,45.9129],[11.0216,45.9161],[11.0125,45.9162],[10.9932,45.9216],[10.9836,45.9216],[10.9829,45.9201],[10.9743,45.9232],[10.9882,45.9415],[10.9928,45.9432],[10.999,45.9468],[11.0063,45.9571],[11.0155,45.9663],[11.0295,45.9779],[11.0358,45.9815],[11.0468,45.9721],[11.0484,45.9687],[11.0498,45.9622],[11.0428,45.9571],[11.0444,45.9566],[11.0511,45.9576],[11.0543,45.9591],[11.0551,45.9605]]]}},{"type":"Feature","properties":{"i":"022224","n":"Volano"},"geometry":{"type":"Polygon","coordinates":[[[11.0911,45.923],[11.093,45.9213],[11.1005,45.9179],[11.1108,45.9165],[11.1153,45.9026],[11.1117,45.8996],[11.1074,45.8975],[11.1006,45.8997],[11.0762,45.9051],[11.0678,45.9043],[11.0667,45.9021],[11.0649,45.9022],[11.0558,45.9055],[11.055,45.9079],[11.0464,45.919],[11.0623,45.9287],[11.078,45.9251],[11.0817,45.9238],[11.0839,45.9215],[11.0865,45.9205],[11.0897,45.9215],[11.0911,45.923]]]}},{"type":"Feature","properties":{"i":"022226","n":"Ziano di Fiemme"},"geometry":{"type":"Polygon","coordinates":[[[11.6252,46.2598],[11.6214,46.2611],[11.6174,46.2592],[11.6084,46.2473],[11.6039,46.2387],[11.6013,46.2368],[11.5962,46.2352],[11.5858,46.225],[11.5721,46.2194],[11.5639,46.2202],[11.5588,46.2221],[11.5667,46.2354],[11.5732,46.2436],[11.5721,46.2484],[11.5692,46.2531],[11.5554,46.2648],[11.5487,46.2771],[11.5488,46.2798],[11.5526,46.2793],[11.553,46.2866],[11.5497,46.2882],[11.5502,46.2959],[11.5516,46.3027],[11.5544,46.3056],[11.5565,46.306],[11.558,46.3103],[11.5569,46.3246],[11.5575,46.3269],[11.5597,46.3262],[11.5658,46.3197],[11.5673,46.315],[11.5714,46.311],[11.5753,46.3077],[11.5784,46.3073],[11.5826,46.3054],[11.588,46.2966],[11.588,46.2933],[11.5849,46.2908],[11.5863,46.2872],[11.5901,46.2864],[11.6057,46.2946],[11.6106,46.2932],[11.6195,46.2802],[11.6252,46.2623],[11.6252,46.2598]]]}},{"type":"Feature","properties":{"i":"022228","n":"Comano Terme"},"geometry":{"type":"MultiPolygon","coordinates":[[[[10.9204,46.0642],[10.9204,46.0627],[10.9263,46.0533],[10.9321,46.0495],[10.9407,46.0369],[10.9282,46.0296],[10.9269,46.0269],[10.9141,46.0222],[10.9116,46.0154],[10.9127,46.0081],[10.9107,46.0017],[10.8995,45.9914],[10.8997,45.9902],[10.8956,45.9888],[10.8867,45.9813],[10.8838,45.9771],[10.8698,45.97],[10.863,45.96],[10.8598,45.9537],[10.8536,45.9534],[10.8415,45.9552],[10.8371,45.9589],[10.833,45.9745],[10.8356,45.9777],[10.8488,45.9884],[10.8567,45.9926],[10.8612,46.0001],[10.8609,46.008],[10.8585,46.0084],[10.8546,46.0145],[10.8532,46.0209],[10.8433,46.0184],[10.8423,46.0243],[10.8361,46.0268],[10.8341,46.0286],[10.83,46.035],[10.8325,46.0405],[10.8334,46.0443],[10.8328,46.0451],[10.8196,46.0441],[10.8036,46.0449],[10.8077,46.0545],[10.8172,46.0533],[10.8313,46.054],[10.8409,46.0527],[10.8469,46.0502],[10.8512,46.042],[10.8545,46.0399],[10.8611,46.0381],[10.8738,46.037],[10.8755,46.0376],[10.8765,46.0391],[10.8957,46.0468],[10.9045,46.0566],[10.9114,46.062],[10.9164,46.0637],[10.9204,46.0642]]],[[[10.8629,46.1469],[10.8537,46.1423],[10.844,46.136],[10.8438,46.1349],[10.8463,46.1302],[10.8479,46.1236],[10.8478,46.1133],[10.8334,46.1141],[10.8138,46.1188],[10.809,46.118],[10.809,46.1117],[10.8109,46.1076],[10.7876,46.1118],[10.7917,46.1229],[10.793,46.1302],[10.7989,46.1365],[10.8014,46.1448],[10.8032,46.1484],[10.8089,46.1531],[10.812,46.1544],[10.8144,46.1577],[10.8181,46.1558],[10.8455,46.148],[10.8565,46.1467],[10.8629,46.1469]]]]}},{"type":"Feature","properties":{"i":"022229","n":"Ledro"},"geometry":{"type":"Polygon","coordinates":[[[10.7639,45.9665],[10.7659,45.9643],[10.7669,45.9578],[10.7703,45.9513],[10.7689,45.943],[10.7698,45.9409],[10.7655,45.9343],[10.7678,45.9225],[10.7646,45.9104],[10.7686,45.906],[10.7726,45.903],[10.7793,45.9013],[10.7928,45.892],[10.8043,45.8864],[10.8129,45.8852],[10.8168,45.8855],[10.8193,45.8843],[10.8245,45.8787],[10.8246,45.8768],[10.8223,45.8762],[10.8237,45.8745],[10.8288,45.8719],[10.858,45.8644],[10.8532,45.8554],[10.8329,45.8602],[10.8249,45.8591],[10.8155,45.8552],[10.8088,45.8502],[10.8001,45.8407],[10.7988,45.836],[10.7957,45.8358],[10.7912,45.8335],[10.7838,45.8365],[10.7781,45.8426],[10.7746,45.8431],[10.7696,45.8424],[10.7631,45.84],[10.7603,45.8376],[10.7564,45.83],[10.7485,45.8379],[10.7452,45.8399],[10.7356,45.8427],[10.7258,45.8421],[10.7225,45.8412],[10.7173,45.8369],[10.711,45.8361],[10.7068,45.8365],[10.6956,45.8399],[10.6904,45.8363],[10.6825,45.8326],[10.6771,45.8309],[10.6561,45.8323],[10.6545,45.8276],[10.6539,45.8206],[10.6507,45.8122],[10.6458,45.8046],[10.6414,45.8019],[10.6351,45.8067],[10.6327,45.8126],[10.6346,45.8159],[10.6419,45.8223],[10.6438,45.8291],[10.634,45.8358],[10.6375,45.8404],[10.636,45.8436],[10.6194,45.8607],[10.6112,45.8655],[10.6132,45.8689],[10.6161,45.8714],[10.6246,45.8747],[10.6294,45.8783],[10.6268,45.8839],[10.6222,45.8869],[10.626,45.8924],[10.6316,45.8953],[10.6502,45.9104],[10.6506,45.9117],[10.6489,45.9124],[10.6503,45.9143],[10.6558,45.9178],[10.6577,45.9182],[10.6781,45.9316],[10.6981,45.9387],[10.7089,45.9506],[10.7107,45.9541],[10.7213,45.9581],[10.7276,45.9635],[10.7297,45.9643],[10.7328,45.9637],[10.738,45.9657],[10.7394,45.9671],[10.7517,45.9698],[10.7639,45.9665]]]}},{"type":"Feature","properties":{"i":"022230","n":"Predaia"},"geometry":{"type":"Polygon","coordinates":[[[11.1889,46.3594],[11.1748,46.3581],[11.163,46.3554],[11.1512,46.3502],[11.1346,46.3548],[11.1261,46.3542],[11.1233,46.3524],[11.1216,46.3504],[11.1214,46.3487],[11.1167,46.3442],[11.1096,46.3398],[11.1072,46.3354],[11.1069,46.3327],[11.1097,46.3324],[11.1238,46.3251],[11.1365,46.3215],[11.1395,46.3224],[11.1401,46.3234],[11.1399,46.3256],[11.1349,46.3353],[11.1274,46.3439],[11.1293,46.3468],[11.1401,46.3452],[11.1719,46.3379],[11.1826,46.3384],[11.1884,46.3403],[11.199,46.3496],[11.2036,46.3424],[11.1974,46.3321],[11.1905,46.3275],[11.1856,46.3174],[11.1785,46.3068],[11.1694,46.2993],[11.1623,46.291],[11.1574,46.2893],[11.1437,46.2884],[11.1388,46.2833],[11.1169,46.2896],[11.1093,46.2881],[11.0801,46.2817],[11.0708,46.278],[11.0686,46.2737],[11.0662,46.2718],[11.0621,46.2705],[11.0572,46.2777],[11.0642,46.2951],[11.0648,46.3023],[11.0639,46.3138],[11.0595,46.3181],[11.057,46.3242],[11.0603,46.3319],[11.0584,46.3561],[11.0684,46.3541],[11.0743,46.3613],[11.0832,46.3693],[11.0857,46.3684],[11.1021,46.3685],[11.1206,46.3725],[11.1232,46.3742],[11.1248,46.3783],[11.1246,46.3819],[11.1402,46.3844],[11.1473,46.3825],[11.1599,46.3749],[11.1643,46.3686],[11.1687,46.3662],[11.1889,46.3594]]]}},{"type":"Feature","properties":{"i":"022231","n":"San Lorenzo Dorsino"},"geometry":{"type":"Polygon","coordinates":[[[10.8936,46.1552],[10.9215,46.1495],[10.9231,46.1465],[10.923,46.1431],[10.9267,46.1399],[10.929,46.1397],[10.9299,46.1463],[10.9469,46.1431],[10.9566,46.1346],[10.9562,46.126],[10.9503,46.122],[10.9443,46.1162],[10.9424,46.1135],[10.9434,46.1086],[10.9465,46.1092],[10.9505,46.112],[10.9589,46.115],[10.9631,46.1151],[10.9677,46.1141],[10.9675,46.1053],[10.9621,46.0966],[10.9589,46.0968],[10.9556,46.0941],[10.9531,46.0838],[10.9446,46.0733],[10.9347,46.0663],[10.9322,46.0582],[10.9303,46.0556],[10.9284,46.0596],[10.9286,46.0619],[10.9225,46.0643],[10.9164,46.0637],[10.9114,46.062],[10.9045,46.0566],[10.903,46.0589],[10.9012,46.0591],[10.892,46.0576],[10.8885,46.0592],[10.8833,46.0658],[10.8833,46.0721],[10.8793,46.0772],[10.8674,46.0784],[10.8646,46.0802],[10.8593,46.0882],[10.8425,46.0914],[10.8418,46.1094],[10.8439,46.1116],[10.8478,46.1133],[10.8479,46.1236],[10.8463,46.1302],[10.8438,46.1349],[10.844,46.136],[10.8537,46.1423],[10.8629,46.1469],[10.8671,46.1548],[10.8752,46.1568],[10.8936,46.1552]]]}},{"type":"Feature","properties":{"i":"022232","n":"Valdaone"},"geometry":{"type":"Polygon","coordinates":[[[10.5897,46.1212],[10.5971,46.1055],[10.5947,46.1027],[10.5929,46.0921],[10.593,46.0884],[10.5918,46.0846],[10.5885,46.0784],[10.5862,46.0766],[10.5834,46.0726],[10.5849,46.0686],[10.5784,46.066],[10.5741,46.0623],[10.574,46.0599],[10.5676,46.0504],[10.5721,46.0277],[10.5743,46.0204],[10.5836,46.0048],[10.5876,45.9958],[10.5873,45.9862],[10.6007,45.9784],[10.6223,45.9684],[10.63,45.9673],[10.6266,45.9706],[10.6285,45.9739],[10.6322,45.9767],[10.6437,45.979],[10.6463,45.9834],[10.6513,45.9864],[10.6549,45.9822],[10.6541,45.9761],[10.6551,45.9686],[10.6571,45.9641],[10.6585,45.9626],[10.6562,45.9624],[10.6518,45.9589],[10.643,45.9488],[10.6398,45.9437],[10.6351,45.9401],[10.6305,45.9382],[10.6177,45.9368],[10.5966,45.9357],[10.5941,45.9376],[10.5941,45.9395],[10.5923,45.9418],[10.5762,45.9438],[10.5677,45.9437],[10.5664,45.9402],[10.5544,45.9364],[10.5485,45.9285],[10.5435,45.9252],[10.5337,45.9274],[10.526,45.9263],[10.5166,45.941],[10.4975,45.9455],[10.4914,45.942],[10.4862,45.9428],[10.4847,45.9451],[10.4833,45.9505],[10.4846,45.9553],[10.4894,45.9638],[10.4886,45.9687],[10.4866,45.9712],[10.4802,45.97],[10.4762,45.9705],[10.4534,45.9766],[10.4522,45.9803],[10.4534,45.9911],[10.4574,46.0028],[10.4576,46.0095],[10.4647,46.017],[10.4708,46.0211],[10.4815,46.0211],[10.483,46.0216],[10.4844,46.024],[10.4859,46.0301],[10.4851,46.0374],[10.4821,46.0497],[10.483,46.0572],[10.4894,46.0651],[10.5092,46.0752],[10.5136,46.0784],[10.5181,46.0828],[10.5224,46.0887],[10.5353,46.0974],[10.5417,46.104],[10.5479,46.1156],[10.5507,46.1237],[10.5496,46.1383],[10.5459,46.1418],[10.5466,46.1443],[10.5481,46.1462],[10.5543,46.1488],[10.5665,46.1472],[10.5922,46.1487],[10.5888,46.1426],[10.5866,46.1364],[10.5884,46.1235],[10.5897,46.1212]]]}},{"type":"Feature","properties":{"i":"022233","n":"Dimaro Folgarida"},"geometry":{"type":"Polygon","coordinates":[[[10.9158,46.3164],[10.9174,46.3064],[10.9165,46.3004],[10.912,46.2932],[10.9015,46.2793],[10.9019,46.2778],[10.9032,46.2769],[10.9043,46.2709],[10.9023,46.2632],[10.8921,46.2537],[10.883,46.2512],[10.877,46.2553],[10.8753,46.2611],[10.8723,46.2639],[10.8704,46.2651],[10.8669,46.2656],[10.8671,46.2701],[10.8482,46.2731],[10.8375,46.276],[10.8378,46.2788],[10.8364,46.2819],[10.8373,46.2855],[10.8416,46.2895],[10.8517,46.2958],[10.8607,46.3086],[10.8657,46.3221],[10.8648,46.3233],[10.8663,46.3344],[10.8864,46.3404],[10.892,46.344],[10.8924,46.345],[10.9015,46.3373],[10.9152,46.3205],[10.9164,46.3182],[10.9158,46.3164]]]}},{"type":"Feature","properties":{"i":"022234","n":"Pieve di Bono-Prezzo"},"geometry":{"type":"Polygon","coordinates":[[[10.7043,45.9585],[10.7107,45.9541],[10.7089,45.9506],[10.6981,45.9387],[10.6781,45.9316],[10.6577,45.9182],[10.6535,45.9164],[10.6485,45.9122],[10.6017,45.9331],[10.5874,45.9353],[10.5788,45.9382],[10.5664,45.9402],[10.5677,45.9437],[10.5734,45.9439],[10.5923,45.9418],[10.5941,45.9395],[10.5941,45.9376],[10.596,45.9357],[10.6177,45.9368],[10.6305,45.9382],[10.6351,45.9401],[10.6398,45.9437],[10.643,45.9488],[10.6518,45.9589],[10.6556,45.9621],[10.6585,45.9626],[10.6601,45.9638],[10.678,45.9636],[10.7043,45.9585]]]}},{"type":"Feature","properties":{"i":"022235","n":"Altavalle"},"geometry":{"type":"Polygon","coordinates":[[[11.3214,46.2448],[11.3039,46.2224],[11.3042,46.2211],[11.2975,46.2151],[11.2865,46.2121],[11.2802,46.2091],[11.2784,46.2063],[11.2754,46.2042],[11.266,46.2023],[11.263,46.2033],[11.2565,46.2026],[11.2522,46.201],[11.2497,46.1878],[11.2458,46.1801],[11.2413,46.175],[11.2336,46.1761],[11.2275,46.1817],[11.2345,46.1857],[11.2348,46.1937],[11.2313,46.1937],[11.2294,46.1947],[11.2261,46.1997],[11.2234,46.2074],[11.2162,46.2156],[11.2064,46.2198],[11.2396,46.2284],[11.2634,46.2417],[11.2752,46.2519],[11.2851,46.258],[11.2943,46.2609],[11.3056,46.2588],[11.3105,46.2562],[11.3161,46.2526],[11.3214,46.2448]]]}},{"type":"Feature","properties":{"i":"022236","n":"Altopiano della Vigolana"},"geometry":{"type":"Polygon","coordinates":[[[11.2371,46.0104],[11.2355,46.0098],[11.2343,46.007],[11.236,46.0024],[11.2321,45.9953],[11.2376,45.9863],[11.2407,45.9859],[11.244,45.981],[11.2441,45.9731],[11.2412,45.967],[11.2321,45.9542],[11.2229,45.9469],[11.2143,45.946],[11.2095,45.9471],[11.2049,45.9453],[11.1933,45.938],[11.1917,45.9384],[11.1859,45.9426],[11.1826,45.9523],[11.1889,45.9576],[11.193,45.9633],[11.1813,45.9708],[11.1731,45.9728],[11.1664,45.9722],[11.1587,45.976],[11.1574,45.9777],[11.1587,45.9805],[11.1592,45.9842],[11.1575,45.9984],[11.1618,46.0027],[11.1664,46.0054],[11.1622,46.0139],[11.1571,46.0167],[11.1654,46.0224],[11.1714,46.0235],[11.184,46.0283],[11.1877,46.032],[11.2057,46.0275],[11.2098,46.021],[11.2206,46.0119],[11.2353,46.0134],[11.2371,46.0104]]]}},{"type":"Feature","properties":{"i":"022237","n":"Amblar-Don"},"geometry":{"type":"Polygon","coordinates":[[[11.2068,46.3875],[11.2066,46.3844],[11.2009,46.3734],[11.2028,46.3697],[11.2056,46.3672],[11.2008,46.3651],[11.1937,46.365],[11.1919,46.359],[11.1687,46.3662],[11.1643,46.3686],[11.1599,46.3749],[11.1473,46.3825],[11.1395,46.3843],[11.1243,46.3817],[11.1258,46.3854],[11.1278,46.397],[11.131,46.4012],[11.1333,46.3997],[11.1396,46.3994],[11.1674,46.4065],[11.1733,46.4051],[11.1797,46.3997],[11.1801,46.4012],[11.1831,46.4025],[11.1892,46.4037],[11.1923,46.4032],[11.1967,46.4007],[11.2048,46.3922],[11.2068,46.3875]]]}},{"type":"Feature","properties":{"i":"022238","n":"Borgo Chiese"},"geometry":{"type":"Polygon","coordinates":[[[10.5435,45.9252],[10.5428,45.9242],[10.5515,45.9242],[10.5666,45.9334],[10.5702,45.9337],[10.5735,45.9327],[10.5795,45.9275],[10.5822,45.9212],[10.5724,45.9197],[10.5637,45.9197],[10.5584,45.9213],[10.5586,45.9191],[10.5619,45.9133],[10.5662,45.9109],[10.5851,45.911],[10.5885,45.909],[10.5949,45.9028],[10.5988,45.9011],[10.6033,45.9014],[10.6054,45.9103],[10.6155,45.9217],[10.6196,45.9252],[10.6464,45.9129],[10.6506,45.9117],[10.6502,45.9104],[10.6438,45.9049],[10.6316,45.8953],[10.626,45.8924],[10.6222,45.887],[10.6268,45.8839],[10.6294,45.8783],[10.6266,45.8759],[10.6161,45.8714],[10.6132,45.8689],[10.6112,45.8655],[10.6067,45.8652],[10.6027,45.8631],[10.5767,45.8619],[10.5662,45.8652],[10.5608,45.8698],[10.5544,45.874],[10.5339,45.8816],[10.5252,45.8857],[10.524,45.8911],[10.5255,45.8931],[10.5262,45.8968],[10.5251,45.8991],[10.5223,45.9015],[10.5186,45.9005],[10.5117,45.9006],[10.5062,45.9034],[10.5108,45.9156],[10.5086,45.9236],[10.5075,45.9248],[10.4964,45.9295],[10.4914,45.933],[10.4914,45.942],[10.4975,45.9455],[10.5166,45.941],[10.526,45.9263],[10.5337,45.9274],[10.5435,45.9252]]]}},{"type":"Feature","properties":{"i":"022239","n":"Borgo Lares"},"geometry":{"type":"Polygon","coordinates":[[[10.7603,46.0446],[10.7575,46.0413],[10.7571,46.0339],[10.7606,46.0269],[10.7609,46.0179],[10.7475,45.9991],[10.7474,45.9972],[10.7513,45.9972],[10.752,45.9938],[10.749,45.9847],[10.749,45.9777],[10.7517,45.9698],[10.7394,45.9671],[10.738,45.9657],[10.7328,45.9637],[10.7297,45.9643],[10.7294,45.967],[10.7246,45.9742],[10.7126,45.9852],[10.7118,45.9875],[10.7157,45.9863],[10.7167,45.9868],[10.723,45.9949],[10.7202,45.9977],[10.7055,46.0001],[10.7014,46.0031],[10.7085,46.0105],[10.7151,46.0212],[10.7168,46.0215],[10.7344,46.0343],[10.7379,46.0386],[10.7471,46.0408],[10.7571,46.045],[10.7603,46.0446]]]}},{"type":"Feature","properties":{"i":"022240","n":"Castel Ivano"},"geometry":{"type":"Polygon","coordinates":[[[11.5628,46.0753],[11.5786,46.0653],[11.5807,46.0631],[11.5659,46.0542],[11.5592,46.0512],[11.5535,46.0486],[11.5444,46.0467],[11.5482,46.0387],[11.5481,46.0199],[11.5457,46.0132],[11.5445,46.0118],[11.5337,46.0121],[11.522,46.0114],[11.5169,46.0093],[11.5115,46.0114],[11.5107,46.012],[11.5123,46.0164],[11.507,46.0269],[11.5109,46.0337],[11.5143,46.0341],[11.5206,46.0376],[11.5219,46.0395],[11.5221,46.0416],[11.5218,46.0451],[11.5093,46.0473],[11.5088,46.0502],[11.5158,46.0574],[11.5202,46.0604],[11.5191,46.0625],[11.5128,46.0675],[11.505,46.0707],[11.5028,46.0739],[11.5099,46.0844],[11.5105,46.0868],[11.5095,46.1103],[11.5234,46.1201],[11.531,46.1244],[11.5384,46.1235],[11.551,46.1243],[11.5557,46.1258],[11.5571,46.1225],[11.5561,46.1084],[11.5483,46.0927],[11.5384,46.085],[11.5385,46.0828],[11.5404,46.0762],[11.5458,46.0723],[11.5513,46.0715],[11.5628,46.0753]],[[11.5282,46.1048],[11.5199,46.1063],[11.5144,46.1054],[11.5132,46.0938],[11.5163,46.0771],[11.5177,46.0728],[11.5282,46.0747],[11.5359,46.0795],[11.5364,46.0834],[11.5338,46.0894],[11.5311,46.1014],[11.5282,46.1048]]]}},{"type":"Feature","properties":{"i":"022241","n":"Cembra Lisignago"},"geometry":{"type":"Polygon","coordinates":[[[11.2413,46.175],[11.239,46.1708],[11.2216,46.1591],[11.2126,46.1547],[11.2099,46.1545],[11.2046,46.1575],[11.1949,46.1548],[11.1902,46.1543],[11.1713,46.1542],[11.1759,46.1569],[11.18,46.1662],[11.1772,46.1762],[11.1753,46.1879],[11.1799,46.1933],[11.1869,46.1989],[11.1926,46.1994],[11.1966,46.2077],[11.1994,46.218],[11.2017,46.2229],[11.2098,46.2179],[11.2162,46.2156],[11.2234,46.2074],[11.2261,46.1997],[11.2294,46.1947],[11.2313,46.1937],[11.2348,46.1937],[11.2345,46.1857],[11.2275,46.1817],[11.2336,46.1761],[11.2413,46.175]]]}},{"type":"Feature","properties":{"i":"022242","n":"Contà"},"geometry":{"type":"Polygon","coordinates":[[[11.0533,46.2997],[11.0517,46.2982],[11.0489,46.2924],[11.0491,46.2902],[11.0432,46.2822],[11.0387,46.2784],[11.0379,46.2765],[11.0247,46.2743],[10.9897,46.2776],[10.9792,46.2768],[10.9878,46.2949],[10.9998,46.3089],[11.0029,46.314],[11.0053,46.3211],[11.0042,46.323],[11.0095,46.3227],[11.0151,46.3194],[11.0368,46.3118],[11.0464,46.3058],[11.0533,46.2997]]]}},{"type":"Feature","properties":{"i":"022243","n":"Madruzzo"},"geometry":{"type":"Polygon","coordinates":[[[11.0214,46.0494],[11.0286,46.0463],[11.0272,46.0355],[11.0283,46.0227],[11.0276,46.0145],[11.0236,46.0161],[10.9984,46.0124],[10.9818,46.0115],[10.9757,46.0127],[10.967,46.0158],[10.9596,46.0198],[10.9527,46.0206],[10.9524,46.0198],[10.9477,46.0224],[10.9502,46.0261],[10.9536,46.0264],[10.956,46.0323],[10.9407,46.0369],[10.9321,46.0495],[10.9263,46.0533],[10.9204,46.0627],[10.9204,46.0642],[10.9225,46.0643],[10.9283,46.0622],[10.9284,46.0596],[10.9303,46.0556],[10.9365,46.0548],[10.9423,46.0491],[10.9452,46.0474],[10.9596,46.0594],[10.9687,46.0626],[10.974,46.0633],[10.985,46.054],[11.004,46.0513],[11.0154,46.0522],[11.0171,46.053],[11.02,46.0521],[11.0214,46.0494]]]}},{"type":"Feature","properties":{"i":"022244","n":"Porte di Rendena"},"geometry":{"type":"Polygon","coordinates":[[[10.7409,46.0767],[10.7388,46.0717],[10.739,46.0661],[10.7268,46.0621],[10.7189,46.0548],[10.7192,46.0528],[10.7123,46.0535],[10.7031,46.049],[10.6858,46.0519],[10.6792,46.0549],[10.654,46.0577],[10.6366,46.0628],[10.6211,46.0612],[10.6111,46.0628],[10.6009,46.0667],[10.5849,46.0686],[10.5834,46.0726],[10.5862,46.0766],[10.5885,46.0784],[10.5918,46.0846],[10.593,46.0884],[10.5929,46.0921],[10.5947,46.1027],[10.5971,46.1055],[10.6042,46.1002],[10.6067,46.0969],[10.6072,46.094],[10.6139,46.0902],[10.6196,46.0904],[10.6301,46.0935],[10.6328,46.0953],[10.6432,46.096],[10.6813,46.0913],[10.689,46.0882],[10.694,46.0847],[10.7047,46.0831],[10.7116,46.0839],[10.7223,46.0828],[10.7409,46.0767]]]}},{"type":"Feature","properties":{"i":"022245","n":"Primiero San Martino di Castrozza"},"geometry":{"type":"Polygon","coordinates":[[[11.7744,46.3582],[11.7796,46.3515],[11.8,46.3442],[11.802,46.3405],[11.8028,46.3343],[11.8204,46.3285],[11.8319,46.3227],[11.8325,46.3124],[11.8368,46.3082],[11.8414,46.3063],[11.8326,46.2973],[11.8263,46.285],[11.8352,46.2741],[11.8408,46.2701],[11.8536,46.2709],[11.8658,46.2731],[11.8802,46.2783],[11.8852,46.2788],[11.8884,46.2725],[11.8873,46.2644],[11.8853,46.2625],[11.8849,46.2607],[11.8863,46.2582],[11.892,46.2526],[11.8947,46.2509],[11.9004,46.2541],[11.9126,46.2527],[11.9216,46.2478],[11.9291,46.2488],[11.9248,46.243],[11.9181,46.2383],[11.9048,46.2173],[11.9034,46.2134],[11.9061,46.2095],[11.9165,46.2035],[11.9215,46.198],[11.9245,46.1911],[11.9216,46.1821],[11.9286,46.1758],[11.9294,46.171],[11.924,46.1635],[11.9215,46.1614],[11.9183,46.1553],[11.9198,46.1517],[11.9195,46.1486],[11.9073,46.1401],[11.8992,46.1359],[11.8969,46.1359],[11.8926,46.1379],[11.8906,46.141],[11.8924,46.1485],[11.8907,46.1505],[11.8848,46.1486],[11.8732,46.1489],[11.8686,46.1505],[11.8653,46.1507],[11.8484,46.1503],[11.8359,46.1534],[11.8294,46.1612],[11.8208,46.1695],[11.7994,46.1793],[11.7864,46.183],[11.7876,46.1871],[11.7919,46.1912],[11.793,46.1949],[11.7867,46.2032],[11.781,46.2053],[11.7791,46.2078],[11.7819,46.2106],[11.7838,46.2113],[11.7875,46.2143],[11.7894,46.2167],[11.7889,46.2177],[11.793,46.2206],[11.7941,46.2282],[11.7872,46.2297],[11.7745,46.2296],[11.7527,46.2335],[11.7533,46.2352],[11.7514,46.2431],[11.7467,46.248],[11.7487,46.251],[11.7487,46.2522],[11.7436,46.2599],[11.7374,46.2651],[11.7269,46.2648],[11.7205,46.2809],[11.7158,46.2873],[11.7095,46.2936],[11.7102,46.2954],[11.7135,46.2996],[11.7254,46.2991],[11.728,46.2998],[11.7436,46.3057],[11.7507,46.3103],[11.7513,46.3165],[11.75,46.3225],[11.7504,46.3315],[11.7517,46.3353],[11.7515,46.342],[11.7483,46.3523],[11.753,46.3541],[11.7575,46.3487],[11.7588,46.3482],[11.7638,46.3503],[11.7667,46.353],[11.7654,46.3567],[11.7659,46.3591],[11.7678,46.3595],[11.7744,46.3582]]]}},{"type":"Feature","properties":{"i":"022246","n":"Sella Giudicarie"},"geometry":{"type":"Polygon","coordinates":[[[10.6366,46.0628],[10.6378,46.0586],[10.6483,46.0506],[10.6605,46.044],[10.6695,46.0371],[10.6762,46.0232],[10.6775,46.0182],[10.6918,46.0154],[10.6999,46.0215],[10.7029,46.0253],[10.7065,46.0247],[10.7151,46.0212],[10.7085,46.0105],[10.7014,46.0031],[10.7055,46.0001],[10.7202,45.9977],[10.723,45.9949],[10.721,45.9918],[10.7157,45.9863],[10.7055,45.989],[10.7013,45.9919],[10.6922,45.9906],[10.6955,45.9881],[10.7058,45.9672],[10.7043,45.9585],[10.678,45.9636],[10.6601,45.9638],[10.6585,45.9626],[10.6571,45.9641],[10.6551,45.9686],[10.6541,45.9761],[10.6549,45.9822],[10.6513,45.9864],[10.6463,45.9834],[10.6437,45.979],[10.6322,45.9767],[10.6285,45.9739],[10.6266,45.9706],[10.63,45.9673],[10.6223,45.9684],[10.6007,45.9784],[10.5873,45.9862],[10.5876,45.9958],[10.5836,46.0048],[10.5743,46.0204],[10.5691,46.0414],[10.5676,46.0504],[10.574,46.0599],[10.5739,46.062],[10.5784,46.066],[10.5849,46.0686],[10.5995,46.0669],[10.6047,46.0657],[10.6111,46.0628],[10.6211,46.0612],[10.6366,46.0628]]]}},{"type":"Feature","properties":{"i":"022247","n":"Tre Ville"},"geometry":{"type":"MultiPolygon","coordinates":[[[[10.8146,46.0538],[10.8038,46.0551],[10.7922,46.0545],[10.7781,46.0474],[10.7603,46.0446],[10.7571,46.045],[10.7471,46.0408],[10.7357,46.0381],[10.7302,46.0404],[10.7182,46.0502],[10.7192,46.0528],[10.7189,46.0548],[10.7268,46.0621],[10.739,46.0661],[10.7388,46.0717],[10.742,46.079],[10.7511,46.0783],[10.758,46.0796],[10.7623,46.0853],[10.7688,46.0968],[10.788,46.1061],[10.7912,46.0998],[10.7846,46.0897],[10.7845,46.0873],[10.7858,46.0846],[10.7991,46.0863],[10.8093,46.0856],[10.8119,46.0777],[10.8175,46.0703],[10.8189,46.0664],[10.8195,46.0603],[10.8146,46.0538]]],[[[10.8921,46.2537],[10.8885,46.2465],[10.8892,46.2385],[10.8966,46.2306],[10.8991,46.2246],[10.9034,46.2061],[10.9017,46.1964],[10.9018,46.191],[10.8997,46.1847],[10.8958,46.1665],[10.8965,46.1603],[10.8936,46.1552],[10.8752,46.1568],[10.8671,46.1548],[10.8564,46.1616],[10.849,46.1763],[10.8393,46.1816],[10.8283,46.1844],[10.827,46.1896],[10.821,46.198],[10.8259,46.2122],[10.8254,46.2215],[10.8263,46.2245],[10.8377,46.2408],[10.8425,46.2447],[10.848,46.247],[10.8637,46.2613],[10.8669,46.2656],[10.8704,46.2651],[10.8723,46.2639],[10.8753,46.2611],[10.877,46.2553],[10.883,46.2512],[10.8921,46.2537]]]]}},{"type":"Feature","properties":{"i":"022248","n":"Vallelaghi"},"geometry":{"type":"Polygon","coordinates":[[[11.0764,46.1354],[11.0819,46.125],[11.0828,46.1208],[11.077,46.1122],[11.0676,46.1021],[11.0544,46.0919],[11.0475,46.088],[11.0382,46.0842],[11.0353,46.0866],[11.0347,46.0899],[11.0325,46.0918],[11.0291,46.0923],[11.0258,46.088],[11.0271,46.0848],[11.0283,46.076],[11.0248,46.0754],[11.0216,46.0721],[11.0247,46.0619],[11.0241,46.0538],[11.0214,46.0494],[11.02,46.0521],[11.0171,46.053],[11.0154,46.0522],[11.004,46.0513],[10.985,46.054],[10.974,46.0633],[10.9687,46.0626],[10.9596,46.0594],[10.9452,46.0474],[10.9423,46.0491],[10.9365,46.0548],[10.9303,46.0556],[10.9322,46.0582],[10.9347,46.0663],[10.9446,46.0733],[10.9531,46.0838],[10.9556,46.0941],[10.9589,46.0968],[10.9621,46.0966],[10.9675,46.1053],[10.9677,46.1141],[10.9748,46.119],[10.9803,46.1276],[10.9846,46.1365],[10.9939,46.1436],[10.9965,46.1447],[10.9995,46.144],[11.0209,46.1513],[11.022,46.1491],[11.0251,46.1467],[11.0369,46.1418],[11.0411,46.1411],[11.0475,46.1422],[11.0506,46.1448],[11.0495,46.1459],[11.0539,46.1493],[11.062,46.1518],[11.0678,46.1505],[11.0663,46.146],[11.0645,46.1443],[11.0637,46.142],[11.0663,46.1363],[11.0692,46.1337],[11.0722,46.1334],[11.0764,46.1354]]]}},{"type":"Feature","properties":{"i":"022249","n":"Ville d'Anaunia"},"geometry":{"type":"Polygon","coordinates":[[[11.0625,46.2923],[11.0464,46.3058],[11.0368,46.3118],[11.0151,46.3194],[11.0095,46.3227],[11.0042,46.323],[11.0053,46.3211],[11.0029,46.314],[10.9998,46.3089],[10.9878,46.2949],[10.9802,46.2784],[10.9736,46.2709],[10.9619,46.2475],[10.9656,46.2419],[10.9674,46.2409],[10.9665,46.2379],[10.9619,46.2342],[10.9563,46.2332],[10.9461,46.2237],[10.946,46.221],[10.948,46.2158],[10.9508,46.2128],[10.9521,46.2083],[10.9521,46.2046],[10.9512,46.2036],[10.9429,46.201],[10.934,46.1942],[10.9304,46.1896],[10.9047,46.1879],[10.901,46.1898],[10.9018,46.191],[10.9017,46.1964],[10.9034,46.2061],[10.8991,46.2246],[10.8966,46.2306],[10.8892,46.2385],[10.8885,46.2465],[10.8921,46.2537],[10.9023,46.2632],[10.9043,46.2709],[10.9032,46.2769],[10.9167,46.279],[10.9301,46.2866],[10.9346,46.2875],[10.9386,46.2912],[10.9395,46.2935],[10.9386,46.2981],[10.9338,46.3083],[10.9408,46.3137],[10.9458,46.3165],[10.9538,46.3164],[10.9613,46.3191],[10.965,46.3231],[10.9661,46.3323],[10.9695,46.3386],[10.9795,46.3465],[10.9818,46.3467],[10.9842,46.3433],[10.9951,46.3447],[10.9999,46.3474],[11.0093,46.347],[11.0095,46.3434],[11.0131,46.34],[11.0268,46.337],[11.0266,46.3404],[11.0283,46.3421],[11.0385,46.3463],[11.0525,46.3544],[11.0565,46.358],[11.0584,46.3561],[11.0603,46.3319],[11.057,46.3242],[11.0595,46.3181],[11.0639,46.3138],[11.0646,46.3076],[11.0642,46.2951],[11.0625,46.2923]]]}},{"type":"Feature","properties":{"i":"022250","n":"San Giovanni di Fassa"},"geometry":{"type":"Polygon","coordinates":[[[11.6446,46.4728],[11.6448,46.4718],[11.6466,46.471],[11.661,46.4689],[11.6701,46.4647],[11.6699,46.4612],[11.6754,46.4593],[11.6827,46.46],[11.7091,46.4471],[11.7165,46.4455],[11.7204,46.4483],[11.7227,46.449],[11.7468,46.4449],[11.7533,46.443],[11.7588,46.4401],[11.7599,46.4359],[11.7621,46.4344],[11.7739,46.431],[11.7798,46.43],[11.7858,46.4319],[11.7917,46.4388],[11.7935,46.4385],[11.793,46.4355],[11.7885,46.4283],[11.7908,46.4269],[11.8034,46.4267],[11.8144,46.4294],[11.8168,46.431],[11.8213,46.4394],[11.833,46.441],[11.8503,46.4342],[11.8471,46.4261],[11.8405,46.419],[11.8382,46.4152],[11.8403,46.413],[11.8283,46.4089],[11.823,46.4098],[11.806,46.4068],[11.8002,46.404],[11.7982,46.4052],[11.7929,46.4056],[11.7812,46.4031],[11.7683,46.4016],[11.7636,46.3995],[11.7604,46.3955],[11.7537,46.3903],[11.7428,46.3863],[11.7291,46.3871],[11.7103,46.3922],[11.7042,46.4001],[11.6991,46.4014],[11.6937,46.402],[11.6907,46.3982],[11.6843,46.3995],[11.67,46.4048],[11.6657,46.4049],[11.6595,46.4045],[11.6518,46.4023],[11.6368,46.3943],[11.6335,46.3916],[11.6408,46.3872],[11.6267,46.3869],[11.6106,46.3799],[11.593,46.3839],[11.5993,46.3873],[11.6017,46.3898],[11.6017,46.3994],[11.608,46.4102],[11.6163,46.4216],[11.6198,46.4294],[11.6178,46.4441],[11.6218,46.4547],[11.626,46.4609],[11.6269,46.472],[11.6352,46.4745],[11.6408,46.4752],[11.643,46.4753],[11.6446,46.4728]]]}},{"type":"Feature","properties":{"i":"022251","n":"Terre d'Adige"},"geometry":{"type":"MultiPolygon","coordinates":[[[[11.0369,46.1418],[11.0251,46.1467],[11.022,46.1491],[11.0199,46.1529],[11.025,46.1617],[11.0282,46.1692],[11.0428,46.1742],[11.0493,46.1758],[11.0515,46.1755],[11.0518,46.175],[11.0491,46.1725],[11.046,46.1676],[11.0402,46.1571],[11.0369,46.1418]]],[[[11.1113,46.1747],[11.1111,46.1665],[11.1091,46.1634],[11.0954,46.1572],[11.0945,46.1528],[11.0889,46.1558],[11.0832,46.1545],[11.0757,46.1463],[11.0745,46.1394],[11.0764,46.1354],[11.0722,46.1334],[11.0692,46.1337],[11.0654,46.1378],[11.0638,46.1424],[11.0672,46.1478],[11.0677,46.151],[11.062,46.1518],[11.058,46.1509],[11.0548,46.1498],[11.0495,46.1459],[11.0488,46.1494],[11.0517,46.1518],[11.0542,46.1665],[11.0618,46.1719],[11.0678,46.1694],[11.0751,46.1719],[11.0841,46.1776],[11.0839,46.1818],[11.0891,46.1787],[11.0927,46.1777],[11.0958,46.1807],[11.1028,46.1805],[11.1068,46.1814],[11.113,46.1797],[11.1113,46.1747]]]]}},{"type":"Feature","properties":{"i":"022252","n":"Borgo d'Anaunia"},"geometry":{"type":"MultiPolygon","coordinates":[[[[11.217,46.4437],[11.2001,46.4395],[11.1934,46.4395],[11.1763,46.4316],[11.1754,46.4338],[11.1757,46.4366],[11.1892,46.4455],[11.195,46.4475],[11.2061,46.4498],[11.2103,46.4484],[11.2123,46.449],[11.213,46.4505],[11.2161,46.4485],[11.217,46.4437]]],[[[11.187,46.5088],[11.1948,46.5033],[11.2062,46.497],[11.2108,46.4911],[11.2124,46.4816],[11.2122,46.4774],[11.2088,46.4767],[11.207,46.4738],[11.2072,46.4712],[11.2052,46.4677],[11.2,46.4615],[11.1941,46.459],[11.177,46.4558],[11.1711,46.4538],[11.1707,46.4532],[11.178,46.4503],[11.177,46.4471],[11.1747,46.4427],[11.1626,46.4321],[11.1511,46.4285],[11.1426,46.4279],[11.1411,46.4292],[11.1395,46.4293],[11.1292,46.4268],[11.1291,46.4255],[11.128,46.425],[11.1213,46.4237],[11.1119,46.4238],[11.1103,46.4259],[11.116,46.4313],[11.1165,46.4361],[11.1103,46.4481],[11.1024,46.4709],[11.1018,46.4749],[11.0793,46.4838],[11.0668,46.4915],[11.0632,46.4972],[11.0573,46.5018],[11.049,46.507],[11.0346,46.5138],[11.0441,46.5168],[11.0549,46.5163],[11.0673,46.5244],[11.08,46.5309],[11.0824,46.5314],[11.0849,46.5244],[11.0884,46.5095],[11.0885,46.503],[11.0894,46.5018],[11.1041,46.4962],[11.1079,46.4967],[11.1138,46.4954],[11.124,46.4884],[11.1272,46.484],[11.1307,46.4821],[11.1491,46.4856],[11.1729,46.4974],[11.1786,46.4988],[11.187,46.5088]]]]}},{"type":"Feature","properties":{"i":"022253","n":"Novella"},"geometry":{"type":"Polygon","coordinates":[[[11.1119,46.4238],[11.0928,46.4111],[11.0821,46.4063],[11.0784,46.3977],[11.0791,46.3924],[11.0782,46.391],[11.0714,46.3869],[11.0673,46.3856],[11.0534,46.3769],[11.0523,46.3715],[11.0537,46.3664],[11.0503,46.367],[11.0474,46.3698],[11.0466,46.3719],[11.0471,46.3768],[11.0457,46.3825],[11.0359,46.3893],[11.0284,46.3908],[11.0322,46.3946],[11.0352,46.3961],[11.0268,46.4051],[11.0269,46.4118],[11.0288,46.4183],[11.0285,46.4218],[11.0468,46.4412],[11.0478,46.4435],[11.0476,46.4465],[11.049,46.4494],[11.0546,46.4495],[11.0614,46.4473],[11.0655,46.4451],[11.0676,46.4431],[11.0728,46.4415],[11.075,46.4424],[11.0763,46.4459],[11.0745,46.4526],[11.0666,46.4723],[11.0619,46.4867],[11.0545,46.4952],[11.049,46.507],[11.0632,46.4972],[11.0668,46.4915],[11.0793,46.4838],[11.1018,46.4749],[11.1024,46.4709],[11.1103,46.4481],[11.1165,46.4361],[11.116,46.4313],[11.1103,46.4259],[11.1119,46.4238]]]}},{"type":"Feature","properties":{"i":"022254","n":"Ville di Fiemme"},"geometry":{"type":"Polygon","coordinates":[[[11.526,46.3542],[11.5091,46.3442],[11.4912,46.332],[11.4896,46.33],[11.4878,46.3219],[11.4885,46.3204],[11.4887,46.3085],[11.4928,46.2984],[11.4894,46.2924],[11.4755,46.296],[11.4719,46.2953],[11.4634,46.2966],[11.4537,46.2965],[11.447,46.2952],[11.4476,46.2865],[11.4273,46.2844],[11.4209,46.2876],[11.4194,46.2888],[11.4189,46.2906],[11.4165,46.2919],[11.4139,46.2922],[11.3868,46.2801],[11.385,46.2859],[11.3736,46.293],[11.3589,46.2961],[11.3592,46.2991],[11.3611,46.3009],[11.3641,46.3017],[11.3781,46.301],[11.3869,46.3035],[11.3963,46.3097],[11.4043,46.325],[11.4191,46.3254],[11.4545,46.3347],[11.4587,46.3408],[11.4593,46.3463],[11.4621,46.35],[11.465,46.3516],[11.4728,46.3518],[11.4769,46.3536],[11.4796,46.3561],[11.4783,46.362],[11.4769,46.3639],[11.512,46.3586],[11.5239,46.3561],[11.526,46.3542]]]}}]}
