{"type":"FeatureCollection","fonte":"Confini comunali ISTAT via openpolis/geojson-italy — CC BY 4.0","features":[{"type":"Feature","properties":{"i":"001001","n":"Agliè"},"geometry":{"type":"Polygon","coordinates":[[[7.7911,45.3863],[7.7894,45.3846],[7.79,45.3833],[7.8028,45.3749],[7.802,45.365],[7.7991,45.3579],[7.7948,45.3572],[7.7879,45.3591],[7.7847,45.3581],[7.7814,45.3529],[7.781,45.3477],[7.7794,45.3445],[7.7771,45.3422],[7.7733,45.3417],[7.7583,45.3489],[7.7489,45.3552],[7.7463,45.3578],[7.7458,45.3601],[7.7475,45.3613],[7.7646,45.3715],[7.7633,45.3795],[7.7664,45.3855],[7.7677,45.3855],[7.774,45.3892],[7.7911,45.3863]]]}},{"type":"Feature","properties":{"i":"001002","n":"Airasca"},"geometry":{"type":"Polygon","coordinates":[[[7.5181,44.9336],[7.5202,44.9281],[7.5176,44.9253],[7.513,44.9222],[7.5121,44.9194],[7.5126,44.9171],[7.5033,44.9099],[7.4962,44.9061],[7.4829,44.9041],[7.4773,44.904],[7.4546,44.909],[7.4491,44.9135],[7.4474,44.9178],[7.4482,44.9233],[7.4557,44.9241],[7.4598,44.9304],[7.4586,44.935],[7.4663,44.9362],[7.4675,44.9341],[7.4702,44.9343],[7.4874,44.9401],[7.5062,44.9365],[7.5096,44.9339],[7.5181,44.9336]]]}},{"type":"Feature","properties":{"i":"001003","n":"Ala di Stura"},"geometry":{"type":"Polygon","coordinates":[[[7.297,45.3419],[7.3019,45.3387],[7.3205,45.3307],[7.3284,45.3187],[7.3263,45.3108],[7.3268,45.309],[7.3314,45.3052],[7.3392,45.3005],[7.3354,45.2992],[7.3246,45.2916],[7.3179,45.2901],[7.3156,45.2919],[7.3085,45.2844],[7.3069,45.2796],[7.3072,45.2775],[7.3029,45.2744],[7.2892,45.27],[7.285,45.2724],[7.2806,45.2737],[7.2695,45.2704],[7.2573,45.268],[7.252,45.2676],[7.2443,45.2689],[7.2465,45.2717],[7.2465,45.2737],[7.2429,45.2806],[7.2429,45.2849],[7.2455,45.2964],[7.2509,45.302],[7.2514,45.3048],[7.2431,45.3211],[7.2381,45.3267],[7.2319,45.3292],[7.2298,45.3347],[7.2605,45.3408],[7.2711,45.3415],[7.2832,45.3401],[7.297,45.3419]]]}},{"type":"Feature","properties":{"i":"001004","n":"Albiano d'Ivrea"},"geometry":{"type":"Polygon","coordinates":[[[7.9268,45.4482],[7.9378,45.444],[7.9448,45.4435],[7.9688,45.4471],[7.9731,45.4449],[7.9722,45.4432],[7.9701,45.4424],[7.9647,45.4443],[7.9634,45.4432],[7.9637,45.4402],[7.9747,45.433],[7.9743,45.428],[7.9709,45.4265],[7.9701,45.4277],[7.9628,45.4262],[7.9614,45.423],[7.9616,45.4201],[7.9469,45.4182],[7.9421,45.4116],[7.9375,45.4101],[7.9345,45.4106],[7.9307,45.4132],[7.9229,45.4302],[7.9167,45.4377],[7.9164,45.439],[7.9173,45.4449],[7.9232,45.4479],[7.9268,45.4482]]]}},{"type":"Feature","properties":{"i":"001006","n":"Almese"},"geometry":{"type":"Polygon","coordinates":[[[7.4555,45.1172],[7.4442,45.0997],[7.4411,45.0994],[7.4284,45.1008],[7.4196,45.1002],[7.3937,45.1018],[7.3913,45.1058],[7.3906,45.1137],[7.389,45.1204],[7.3853,45.1267],[7.3919,45.1288],[7.3992,45.1338],[7.4195,45.1405],[7.4319,45.1366],[7.4467,45.1275],[7.4555,45.1172]]]}},{"type":"Feature","properties":{"i":"001007","n":"Alpette"},"geometry":{"type":"Polygon","coordinates":[[[7.5977,45.409],[7.5942,45.4051],[7.5823,45.3971],[7.5807,45.3947],[7.5753,45.3935],[7.5633,45.3952],[7.5603,45.4096],[7.5632,45.4141],[7.5798,45.4189],[7.5875,45.4164],[7.5977,45.409]]]}},{"type":"Feature","properties":{"i":"001008","n":"Alpignano"},"geometry":{"type":"Polygon","coordinates":[[[7.5143,45.1198],[7.5206,45.1182],[7.5262,45.1157],[7.5301,45.1118],[7.5351,45.1041],[7.5437,45.0969],[7.5466,45.0947],[7.5521,45.0948],[7.5514,45.0922],[7.5468,45.0892],[7.5207,45.0857],[7.5124,45.0855],[7.5006,45.0875],[7.4961,45.0913],[7.4933,45.0957],[7.4876,45.0965],[7.4874,45.099],[7.4963,45.103],[7.4999,45.1071],[7.4996,45.1131],[7.4966,45.1221],[7.4975,45.1227],[7.5143,45.1198]]]}},{"type":"Feature","properties":{"i":"001009","n":"Andezeno"},"geometry":{"type":"Polygon","coordinates":[[[7.8618,45.0519],[7.868,45.0508],[7.8742,45.0426],[7.8848,45.0383],[7.8909,45.0369],[7.8849,45.0335],[7.8842,45.0239],[7.877,45.0214],[7.8649,45.0219],[7.8505,45.0263],[7.8525,45.0372],[7.8459,45.0496],[7.8618,45.0519]]]}},{"type":"Feature","properties":{"i":"001010","n":"Andrate"},"geometry":{"type":"Polygon","coordinates":[[[7.9024,45.5266],[7.8999,45.5193],[7.8968,45.5172],[7.8889,45.5183],[7.879,45.5228],[7.8695,45.5242],[7.8663,45.5257],[7.8694,45.5287],[7.8699,45.5309],[7.869,45.534],[7.8746,45.5504],[7.8771,45.5516],[7.8815,45.5586],[7.8821,45.5631],[7.8813,45.5642],[7.8813,45.5677],[7.8825,45.5712],[7.8884,45.5787],[7.894,45.5822],[7.896,45.5803],[7.895,45.5751],[7.8952,45.57],[7.8985,45.5677],[7.9012,45.5645],[7.9021,45.5624],[7.9017,45.5583],[7.8906,45.5462],[7.8831,45.5368],[7.8819,45.5342],[7.8848,45.5308],[7.9024,45.5266]]]}},{"type":"Feature","properties":{"i":"001011","n":"Angrogna"},"geometry":{"type":"Polygon","coordinates":[[[7.2112,44.8756],[7.2211,44.8658],[7.2269,44.8631],[7.2364,44.8529],[7.247,44.8496],[7.2535,44.8446],[7.2566,44.8402],[7.2484,44.8387],[7.2418,44.8331],[7.2334,44.8281],[7.2276,44.8261],[7.2265,44.8263],[7.2236,44.8307],[7.2223,44.8383],[7.2155,44.8451],[7.2076,44.8464],[7.1976,44.8457],[7.1751,44.846],[7.1617,44.8489],[7.1512,44.8489],[7.1454,44.8465],[7.1419,44.8441],[7.1359,44.8435],[7.1255,44.847],[7.1075,44.8585],[7.104,44.8595],[7.1054,44.8608],[7.1156,44.8631],[7.1254,44.8751],[7.1277,44.8801],[7.1366,44.8885],[7.1405,44.8916],[7.1433,44.8927],[7.1484,44.8932],[7.15,44.8912],[7.1588,44.887],[7.1708,44.8843],[7.1863,44.8769],[7.2112,44.8756]]]}},{"type":"Feature","properties":{"i":"001012","n":"Arignano"},"geometry":{"type":"Polygon","coordinates":[[[7.9062,45.0587],[7.9101,45.0466],[7.9124,45.0363],[7.9095,45.0261],[7.9091,45.0214],[7.91,45.0176],[7.9064,45.0191],[7.901,45.0195],[7.8902,45.0182],[7.8879,45.017],[7.8842,45.0239],[7.8842,45.0277],[7.8849,45.0335],[7.8909,45.0369],[7.8887,45.0528],[7.893,45.0599],[7.8965,45.062],[7.9019,45.0615],[7.9062,45.0587]]]}},{"type":"Feature","properties":{"i":"001013","n":"Avigliana"},"geometry":{"type":"Polygon","coordinates":[[[7.4343,45.1004],[7.433,45.0928],[7.4309,45.089],[7.4223,45.0892],[7.42,45.0838],[7.4173,45.0774],[7.4183,45.062],[7.4107,45.0651],[7.4042,45.0638],[7.4022,45.0613],[7.4027,45.0572],[7.4075,45.053],[7.4005,45.049],[7.3834,45.0431],[7.3811,45.0434],[7.3703,45.0518],[7.3633,45.0626],[7.3604,45.0716],[7.3574,45.0719],[7.3541,45.074],[7.3507,45.0801],[7.3498,45.0833],[7.3553,45.084],[7.3656,45.0837],[7.3809,45.087],[7.3849,45.0891],[7.3897,45.0932],[7.3839,45.0971],[7.3937,45.1018],[7.4196,45.1002],[7.4254,45.1008],[7.4343,45.1004]]]}},{"type":"Feature","properties":{"i":"001014","n":"Azeglio"},"geometry":{"type":"MultiPolygon","coordinates":[[[[7.9722,45.4432],[7.9882,45.435],[7.9909,45.4293],[8.0013,45.4283],[8.0043,45.4304],[8.0079,45.4309],[8.0118,45.4296],[8.0134,45.4262],[8.0222,45.4223],[8.0222,45.4186],[8.027,45.4031],[8.0205,45.3997],[8.0161,45.4031],[8.012,45.4109],[7.9925,45.4176],[7.9837,45.4186],[7.9776,45.4177],[7.9755,45.4165],[7.9732,45.4122],[7.9692,45.4105],[7.9623,45.4186],[7.9614,45.423],[7.9628,45.4262],[7.9701,45.4277],[7.9709,45.4265],[7.9743,45.428],[7.9747,45.433],[7.9637,45.4402],[7.9635,45.4419],[7.9634,45.4432],[7.9647,45.4443],[7.9701,45.4424],[7.9722,45.4432]]],[[[7.9731,45.4449],[7.9688,45.4471],[7.9736,45.4464],[7.9731,45.4449]]]]}},{"type":"Feature","properties":{"i":"001015","n":"Bairo"},"geometry":{"type":"Polygon","coordinates":[[[7.7677,45.3855],[7.7662,45.3853],[7.7633,45.3795],[7.7646,45.3715],[7.7475,45.3613],[7.7458,45.3601],[7.7463,45.3578],[7.7401,45.3575],[7.7365,45.3627],[7.734,45.372],[7.7314,45.3891],[7.7347,45.389],[7.7436,45.3906],[7.7548,45.3907],[7.7677,45.3855]]]}},{"type":"Feature","properties":{"i":"001016","n":"Balangero"},"geometry":{"type":"Polygon","coordinates":[[[7.4989,45.301],[7.4991,45.2986],[7.5014,45.2959],[7.5046,45.2957],[7.5161,45.2923],[7.5202,45.29],[7.525,45.29],[7.5269,45.2927],[7.5315,45.2893],[7.5382,45.2874],[7.5515,45.2818],[7.5511,45.2798],[7.5433,45.2749],[7.5426,45.2681],[7.5318,45.2609],[7.5234,45.2532],[7.5104,45.2597],[7.5007,45.2626],[7.5031,45.2673],[7.5035,45.2699],[7.4981,45.2811],[7.4936,45.2855],[7.4934,45.2893],[7.4923,45.2903],[7.492,45.2926],[7.4961,45.2992],[7.4989,45.301]]]}},{"type":"Feature","properties":{"i":"001017","n":"Baldissero Canavese"},"geometry":{"type":"Polygon","coordinates":[[[7.7537,45.4219],[7.7529,45.418],[7.7606,45.4112],[7.7609,45.4084],[7.7603,45.4076],[7.7514,45.399],[7.7457,45.3946],[7.734,45.3929],[7.7318,45.3944],[7.729,45.397],[7.7274,45.4004],[7.7279,45.4039],[7.7308,45.4038],[7.7335,45.4048],[7.7373,45.4077],[7.7427,45.416],[7.742,45.4168],[7.7468,45.4222],[7.7487,45.4231],[7.7537,45.4219]]]}},{"type":"Feature","properties":{"i":"001018","n":"Baldissero Torinese"},"geometry":{"type":"Polygon","coordinates":[[[7.814,45.0832],[7.8167,45.0832],[7.8235,45.0813],[7.8283,45.0791],[7.829,45.0775],[7.8249,45.0751],[7.8248,45.0703],[7.8264,45.0675],[7.834,45.062],[7.8308,45.0609],[7.83,45.0551],[7.8303,45.052],[7.8313,45.0475],[7.8326,45.0465],[7.8301,45.0422],[7.8103,45.0431],[7.8076,45.047],[7.7994,45.0548],[7.798,45.0619],[7.7985,45.0667],[7.7909,45.071],[7.7856,45.0721],[7.7672,45.0708],[7.7734,45.0779],[7.7679,45.0804],[7.7794,45.0919],[7.7798,45.0943],[7.7822,45.0948],[7.7847,45.0942],[7.787,45.0922],[7.791,45.0926],[7.7986,45.0914],[7.814,45.0832]]]}},{"type":"Feature","properties":{"i":"001019","n":"Balme"},"geometry":{"type":"Polygon","coordinates":[[[7.2298,45.3347],[7.2319,45.3292],[7.2381,45.3267],[7.2431,45.3211],[7.2514,45.3048],[7.2509,45.302],[7.2455,45.2964],[7.2429,45.2849],[7.2429,45.2806],[7.2464,45.2747],[7.2465,45.2717],[7.24,45.2624],[7.2326,45.2591],[7.2253,45.2572],[7.2136,45.2608],[7.213,45.2632],[7.2096,45.266],[7.1972,45.2653],[7.1769,45.2713],[7.171,45.2763],[7.1692,45.279],[7.1684,45.282],[7.1559,45.2815],[7.1446,45.2797],[7.136,45.28],[7.1344,45.2831],[7.1285,45.289],[7.1208,45.3004],[7.1174,45.3093],[7.1095,45.3202],[7.1095,45.327],[7.1187,45.3281],[7.1261,45.3273],[7.1319,45.3297],[7.1332,45.331],[7.1467,45.3297],[7.1582,45.331],[7.1606,45.3326],[7.1652,45.3338],[7.1696,45.333],[7.1937,45.3237],[7.2082,45.3224],[7.2186,45.3251],[7.2183,45.3304],[7.224,45.3335],[7.2298,45.3347]]]}},{"type":"Feature","properties":{"i":"001020","n":"Banchette"},"geometry":{"type":"MultiPolygon","coordinates":[[[[7.8487,45.4649],[7.8479,45.4648],[7.8482,45.4655],[7.8487,45.4649]]],[[[7.846,45.4628],[7.8336,45.4589],[7.8452,45.466],[7.846,45.4628]]],[[[7.8503,45.4698],[7.8478,45.4684],[7.8454,45.4716],[7.8503,45.4698]]],[[[7.8585,45.4487],[7.8495,45.4449],[7.8497,45.4533],[7.8543,45.4549],[7.8547,45.459],[7.8518,45.4669],[7.8502,45.4691],[7.8529,45.4679],[7.8526,45.4715],[7.8535,45.4729],[7.8632,45.4618],[7.8617,45.453],[7.8585,45.4487]]]]}},{"type":"Feature","properties":{"i":"001021","n":"Barbania"},"geometry":{"type":"Polygon","coordinates":[[[7.6575,45.3046],[7.6594,45.3037],[7.6599,45.3024],[7.6593,45.2991],[7.6501,45.2898],[7.6346,45.2842],[7.6086,45.2809],[7.5943,45.2808],[7.5865,45.2826],[7.5881,45.287],[7.5863,45.2935],[7.5915,45.2981],[7.6044,45.3063],[7.611,45.3071],[7.6185,45.3065],[7.626,45.3078],[7.6263,45.3086],[7.6302,45.3068],[7.6554,45.3037],[7.6575,45.3046]]]}},{"type":"Feature","properties":{"i":"001022","n":"Bardonecchia"},"geometry":{"type":"Polygon","coordinates":[[[6.8523,45.128],[6.8532,45.1231],[6.8517,45.1162],[6.8483,45.1138],[6.8448,45.1136],[6.8276,45.1053],[6.8181,45.1],[6.8085,45.0926],[6.7968,45.0876],[6.7845,45.0872],[6.7605,45.0748],[6.7454,45.0703],[6.7369,45.0639],[6.7346,45.0612],[6.7273,45.0621],[6.7264,45.0628],[6.7123,45.0558],[6.708,45.0505],[6.7075,45.0469],[6.708,45.0457],[6.7035,45.0292],[6.7076,45.0214],[6.707,45.0213],[6.6794,45.0203],[6.6714,45.0235],[6.6654,45.0316],[6.6645,45.0341],[6.6644,45.0361],[6.6658,45.0398],[6.6673,45.0408],[6.665,45.0484],[6.6609,45.0532],[6.6637,45.0589],[6.6623,45.0714],[6.6542,45.0717],[6.6462,45.075],[6.6457,45.0767],[6.6464,45.0819],[6.6409,45.089],[6.6273,45.1018],[6.6266,45.1033],[6.6274,45.1058],[6.6334,45.1148],[6.6348,45.1158],[6.6448,45.1157],[6.652,45.1173],[6.6719,45.1242],[6.6756,45.134],[6.6802,45.1404],[6.6867,45.1401],[6.712,45.1448],[6.7275,45.1387],[6.7402,45.137],[6.7443,45.1384],[6.751,45.1432],[6.756,45.1508],[6.7692,45.1598],[6.778,45.1582],[6.8228,45.1441],[6.8399,45.1357],[6.8473,45.1276],[6.8523,45.128]]]}},{"type":"Feature","properties":{"i":"001023","n":"Barone Canavese"},"geometry":{"type":"Polygon","coordinates":[[[7.8741,45.3135],[7.8621,45.3041],[7.8385,45.3027],[7.8395,45.3055],[7.8417,45.3048],[7.8648,45.3153],[7.8659,45.3184],[7.8654,45.3243],[7.8717,45.3416],[7.8768,45.3391],[7.8779,45.3332],[7.8784,45.3271],[7.8741,45.3135]]]}},{"type":"Feature","properties":{"i":"001024","n":"Beinasco"},"geometry":{"type":"Polygon","coordinates":[[[7.6122,45.0104],[7.6096,45.0067],[7.6014,44.9984],[7.5973,44.9978],[7.5872,44.9999],[7.5879,45.0016],[7.5894,45.0018],[7.5963,45.0058],[7.5979,45.0081],[7.5946,45.0099],[7.591,45.0074],[7.5855,45.0063],[7.5738,45.0096],[7.5714,45.0109],[7.5728,45.0229],[7.5755,45.0273],[7.5826,45.0289],[7.5864,45.0308],[7.5884,45.0345],[7.5941,45.032],[7.6074,45.0298],[7.6008,45.0191],[7.592,45.0197],[7.5904,45.0162],[7.5931,45.014],[7.6122,45.0104]]]}},{"type":"Feature","properties":{"i":"001025","n":"Bibiana"},"geometry":{"type":"Polygon","coordinates":[[[7.3497,44.7872],[7.3447,44.7828],[7.3401,44.7827],[7.3222,44.7797],[7.3113,44.7795],[7.2917,44.7811],[7.2827,44.7798],[7.2398,44.7686],[7.2361,44.7685],[7.2325,44.7695],[7.228,44.7823],[7.2492,44.7839],[7.2608,44.7918],[7.267,44.8014],[7.2682,44.8067],[7.273,44.8086],[7.2784,44.8095],[7.2872,44.808],[7.2867,44.8065],[7.2951,44.8037],[7.3078,44.803],[7.3086,44.7989],[7.3191,44.7931],[7.3399,44.7883],[7.3497,44.7872]]]}},{"type":"Feature","properties":{"i":"001026","n":"Bobbio Pellice"},"geometry":{"type":"Polygon","coordinates":[[[7.0915,44.849],[7.0908,44.8464],[7.0921,44.8434],[7.1089,44.8379],[7.12,44.8289],[7.1236,44.8191],[7.1231,44.8164],[7.1239,44.8053],[7.1323,44.8047],[7.1334,44.8032],[7.1327,44.8008],[7.1173,44.7856],[7.1094,44.7758],[7.1041,44.7727],[7.0987,44.771],[7.0948,44.7655],[7.0919,44.7565],[7.0909,44.7481],[7.0953,44.7344],[7.0948,44.7264],[7.0959,44.7209],[7.0922,44.7178],[7.0867,44.7151],[7.0737,44.7183],[7.0712,44.7183],[7.069,44.7175],[7.0653,44.7138],[7.0541,44.7151],[7.0461,44.7175],[7.0411,44.7196],[7.0306,44.7289],[7.0223,44.748],[7.0244,44.7557],[7.024,44.7639],[7.0212,44.7717],[7.0198,44.7746],[7.0129,44.7821],[7.0073,44.785],[7.0015,44.7911],[7.0112,44.8034],[7.0201,44.8165],[7.0239,44.8233],[7.0251,44.8242],[7.0313,44.8276],[7.0459,44.8298],[7.0536,44.8356],[7.0555,44.84],[7.0611,44.8444],[7.0637,44.8454],[7.0708,44.8461],[7.0778,44.8449],[7.0873,44.8498],[7.0912,44.8503],[7.0918,44.8502],[7.0915,44.849]]]}},{"type":"Feature","properties":{"i":"001027","n":"Bollengo"},"geometry":{"type":"Polygon","coordinates":[[[7.9663,45.482],[7.9655,45.4793],[7.9686,45.4749],[7.9769,45.4703],[7.9641,45.4585],[7.9626,45.4556],[7.9688,45.4471],[7.9448,45.4435],[7.9378,45.444],[7.9268,45.4482],[7.9283,45.45],[7.9271,45.4577],[7.9283,45.4598],[7.9263,45.4649],[7.9263,45.4684],[7.9349,45.4724],[7.9376,45.4807],[7.9357,45.4859],[7.9384,45.4937],[7.9427,45.4961],[7.9663,45.482]]]}},{"type":"Feature","properties":{"i":"001028","n":"Borgaro Torinese"},"geometry":{"type":"Polygon","coordinates":[[[7.687,45.155],[7.6885,45.1464],[7.6924,45.139],[7.6938,45.1344],[7.6905,45.1335],[7.6833,45.1368],[7.6786,45.1381],[7.6675,45.1384],[7.6538,45.135],[7.6558,45.1296],[7.6571,45.1282],[7.6543,45.1246],[7.6504,45.1287],[7.6472,45.1292],[7.6407,45.1352],[7.6408,45.1498],[7.638,45.1533],[7.6379,45.1582],[7.6427,45.1572],[7.6459,45.1578],[7.6509,45.1609],[7.6629,45.1634],[7.6706,45.1625],[7.6729,45.1613],[7.6755,45.1586],[7.687,45.155]]]}},{"type":"Feature","properties":{"i":"001029","n":"Borgiallo"},"geometry":{"type":"Polygon","coordinates":[[[7.6442,45.4583],[7.6442,45.4573],[7.653,45.4454],[7.6671,45.4345],[7.6722,45.428],[7.6768,45.4146],[7.6718,45.4027],[7.6704,45.3967],[7.6673,45.3944],[7.6647,45.3989],[7.6652,45.4039],[7.661,45.4093],[7.6625,45.4111],[7.6624,45.4148],[7.6581,45.4235],[7.6541,45.4295],[7.645,45.4341],[7.643,45.4377],[7.6438,45.4384],[7.6407,45.4441],[7.6384,45.4514],[7.6419,45.4585],[7.6442,45.4583]]]}},{"type":"Feature","properties":{"i":"001030","n":"Borgofranco d'Ivrea"},"geometry":{"type":"Polygon","coordinates":[[[7.869,45.534],[7.8699,45.5309],[7.8694,45.5287],[7.8671,45.5271],[7.8665,45.5252],[7.879,45.5228],[7.8841,45.5202],[7.8823,45.5192],[7.8802,45.5137],[7.881,45.5068],[7.8673,45.5058],[7.8379,45.4961],[7.8372,45.495],[7.8293,45.4962],[7.8198,45.4998],[7.8165,45.502],[7.8185,45.5054],[7.8198,45.5107],[7.8181,45.5173],[7.8294,45.5165],[7.8315,45.5155],[7.8429,45.5142],[7.8441,45.516],[7.8407,45.5195],[7.8388,45.5286],[7.8464,45.5306],[7.8442,45.5339],[7.8482,45.5373],[7.8488,45.5375],[7.8524,45.5343],[7.8566,45.5334],[7.869,45.534]]]}},{"type":"Feature","properties":{"i":"001031","n":"Borgomasino"},"geometry":{"type":"Polygon","coordinates":[[[7.9911,45.3778],[8.0098,45.3757],[8.0122,45.3674],[8.0094,45.3678],[8.0066,45.3671],[7.9987,45.3559],[7.9945,45.3552],[7.9899,45.3455],[7.9838,45.3461],[7.966,45.3453],[7.9586,45.3465],[7.9541,45.3556],[7.9556,45.3618],[7.9573,45.3651],[7.9566,45.3699],[7.9641,45.3725],[7.9771,45.3804],[7.9898,45.3773],[7.9911,45.3778]]]}},{"type":"Feature","properties":{"i":"001032","n":"Borgone Susa"},"geometry":{"type":"Polygon","coordinates":[[[7.2747,45.1125],[7.2568,45.1125],[7.2452,45.1151],[7.2353,45.1206],[7.2304,45.1219],[7.2158,45.1222],[7.2182,45.1267],[7.2219,45.1304],[7.2282,45.1323],[7.234,45.1325],[7.2414,45.1288],[7.2565,45.1233],[7.2695,45.1209],[7.2731,45.1166],[7.2747,45.1125]]]}},{"type":"Feature","properties":{"i":"001033","n":"Bosconero"},"geometry":{"type":"Polygon","coordinates":[[[7.784,45.2795],[7.7906,45.2721],[7.7943,45.2691],[7.8028,45.2496],[7.7899,45.2552],[7.7838,45.2601],[7.7755,45.2594],[7.7704,45.2553],[7.7525,45.2521],[7.7494,45.2564],[7.7562,45.2575],[7.7531,45.2702],[7.7433,45.2729],[7.7372,45.2786],[7.7366,45.2827],[7.7437,45.2915],[7.747,45.2894],[7.7571,45.2867],[7.7649,45.2815],[7.7666,45.2789],[7.7703,45.2763],[7.7746,45.2765],[7.784,45.2795]]]}},{"type":"Feature","properties":{"i":"001034","n":"Brandizzo"},"geometry":{"type":"Polygon","coordinates":[[[7.8558,45.174],[7.8446,45.1673],[7.8376,45.1613],[7.8309,45.1581],[7.8259,45.1594],[7.8206,45.1659],[7.8176,45.1665],[7.8149,45.1654],[7.8142,45.1642],[7.8137,45.1655],[7.8147,45.1708],[7.816,45.1734],[7.8197,45.1772],[7.8351,45.1884],[7.8408,45.1877],[7.849,45.1838],[7.8506,45.1804],[7.8558,45.174]]]}},{"type":"Feature","properties":{"i":"001035","n":"Bricherasio"},"geometry":{"type":"Polygon","coordinates":[[[7.2714,44.854],[7.2765,44.8483],[7.2847,44.8443],[7.3024,44.845],[7.3275,44.8492],[7.3342,44.8467],[7.3392,44.8434],[7.3396,44.8367],[7.3454,44.8231],[7.3432,44.8179],[7.3334,44.8218],[7.3077,44.8148],[7.289,44.8079],[7.286,44.8082],[7.2797,44.8113],[7.2775,44.8126],[7.2712,44.823],[7.2535,44.8446],[7.247,44.8496],[7.2378,44.8521],[7.2454,44.8532],[7.2569,44.8536],[7.2585,44.8524],[7.26,44.8523],[7.2714,44.854]]]}},{"type":"Feature","properties":{"i":"001036","n":"Brosso"},"geometry":{"type":"MultiPolygon","coordinates":[[[[7.8064,45.531],[7.8172,45.5245],[7.8195,45.5128],[7.8198,45.5107],[7.8185,45.5054],[7.8174,45.5025],[7.814,45.4978],[7.8141,45.4942],[7.8129,45.4901],[7.8097,45.4874],[7.8037,45.4855],[7.7963,45.4844],[7.7884,45.4846],[7.787,45.4852],[7.7859,45.4878],[7.7877,45.4889],[7.7919,45.4892],[7.7956,45.4962],[7.7881,45.5117],[7.7831,45.5252],[7.7804,45.5294],[7.783,45.5304],[7.7906,45.5311],[7.797,45.5308],[7.7991,45.5299],[7.8064,45.531]]],[[[7.7091,45.5449],[7.7094,45.5431],[7.7083,45.5366],[7.7003,45.542],[7.702,45.5441],[7.7091,45.5449]]]]}},{"type":"Feature","properties":{"i":"001037","n":"Brozolo"},"geometry":{"type":"Polygon","coordinates":[[[8.0754,45.0974],[8.0585,45.1022],[8.0478,45.1079],[8.0468,45.1091],[8.0443,45.1188],[8.0457,45.123],[8.0649,45.1257],[8.0722,45.1237],[8.0789,45.1238],[8.0857,45.1264],[8.0937,45.1318],[8.0967,45.1319],[8.0948,45.1279],[8.0927,45.1175],[8.0907,45.1139],[8.0754,45.0974]]]}},{"type":"Feature","properties":{"i":"001038","n":"Bruino"},"geometry":{"type":"Polygon","coordinates":[[[7.4743,45.0261],[7.4816,45.0266],[7.4894,45.0211],[7.488,45.0171],[7.4901,45.0069],[7.4936,45.004],[7.4846,45.0023],[7.479,45.0061],[7.4646,45.0008],[7.4602,45.0064],[7.4595,45.0103],[7.4572,45.0127],[7.4576,45.014],[7.4634,45.0251],[7.4663,45.0266],[7.4743,45.0261]]]}},{"type":"Feature","properties":{"i":"001039","n":"Brusasco"},"geometry":{"type":"Polygon","coordinates":[[[8.0552,45.1823],[8.0661,45.1691],[8.0675,45.1683],[8.074,45.1548],[8.0802,45.1451],[8.0852,45.1393],[8.0907,45.1367],[8.0934,45.1333],[8.0937,45.1318],[8.0857,45.1264],[8.0789,45.1238],[8.0722,45.1237],[8.0649,45.1257],[8.0457,45.123],[8.0468,45.1281],[8.0496,45.1287],[8.0559,45.1327],[8.0586,45.1422],[8.0522,45.1574],[8.046,45.1585],[8.0363,45.175],[8.028,45.18],[8.0285,45.1808],[8.0499,45.1846],[8.0552,45.1823]]]}},{"type":"Feature","properties":{"i":"001040","n":"Bruzolo"},"geometry":{"type":"Polygon","coordinates":[[[7.2104,45.1929],[7.2119,45.1871],[7.2074,45.1786],[7.2055,45.1704],[7.2166,45.1462],[7.2119,45.1426],[7.2051,45.1414],[7.2049,45.1392],[7.2084,45.1276],[7.2084,45.1263],[7.2064,45.1229],[7.1916,45.1295],[7.1828,45.1308],[7.1835,45.1341],[7.1833,45.1395],[7.1859,45.1507],[7.1902,45.1608],[7.1908,45.1675],[7.1936,45.175],[7.1958,45.177],[7.2033,45.1801],[7.1993,45.1822],[7.1882,45.1843],[7.1835,45.188],[7.1834,45.1931],[7.1969,45.1951],[7.2104,45.1929]]]}},{"type":"Feature","properties":{"i":"001041","n":"Buriasco"},"geometry":{"type":"Polygon","coordinates":[[[7.4591,44.8764],[7.4596,44.8639],[7.4578,44.8618],[7.4505,44.8592],[7.4504,44.8599],[7.4469,44.8602],[7.4288,44.8604],[7.4142,44.8628],[7.4041,44.8664],[7.4024,44.8665],[7.4,44.8653],[7.3847,44.8697],[7.3835,44.8709],[7.3852,44.8785],[7.3989,44.8846],[7.4092,44.888],[7.4144,44.8881],[7.4154,44.8875],[7.4245,44.8906],[7.4308,44.8917],[7.4373,44.8921],[7.4427,44.8849],[7.4509,44.8799],[7.4591,44.8764]]]}},{"type":"Feature","properties":{"i":"001042","n":"Burolo"},"geometry":{"type":"Polygon","coordinates":[[[7.9263,45.4649],[7.9194,45.4677],[7.9148,45.4746],[7.9169,45.4753],[7.9161,45.4787],[7.9143,45.4815],[7.9144,45.4859],[7.9178,45.493],[7.9235,45.4959],[7.9236,45.4974],[7.9298,45.5029],[7.9427,45.4961],[7.9384,45.4937],[7.9357,45.4859],[7.9376,45.4807],[7.9349,45.4724],[7.9263,45.4684],[7.9263,45.4649]]]}},{"type":"Feature","properties":{"i":"001043","n":"Busano"},"geometry":{"type":"Polygon","coordinates":[[[7.6658,45.3399],[7.6671,45.3381],[7.6677,45.332],[7.6715,45.332],[7.6716,45.3305],[7.6668,45.3062],[7.6671,45.2991],[7.6681,45.2964],[7.6647,45.2982],[7.6626,45.3008],[7.6612,45.3039],[7.6623,45.3057],[7.6609,45.3057],[7.6586,45.3039],[7.6547,45.3097],[7.6545,45.3152],[7.6491,45.3342],[7.6501,45.3368],[7.6535,45.3381],[7.6569,45.3386],[7.6615,45.3408],[7.6658,45.3399]]]}},{"type":"Feature","properties":{"i":"001044","n":"Bussoleno"},"geometry":{"type":"Polygon","coordinates":[[[7.1415,45.1869],[7.141,45.1859],[7.1465,45.1728],[7.1523,45.1675],[7.1547,45.1664],[7.1577,45.1588],[7.1595,45.1494],[7.1586,45.1362],[7.1671,45.1317],[7.1683,45.1276],[7.1557,45.095],[7.1558,45.0927],[7.158,45.0894],[7.1459,45.0628],[7.1269,45.0626],[7.1192,45.0642],[7.1184,45.0675],[7.1191,45.0713],[7.1303,45.0788],[7.1343,45.0876],[7.1368,45.0972],[7.1354,45.1043],[7.1361,45.1109],[7.1398,45.1169],[7.1362,45.1257],[7.1314,45.1285],[7.1249,45.1293],[7.1269,45.1331],[7.1241,45.1328],[7.1109,45.1356],[7.1119,45.1407],[7.0988,45.1442],[7.0993,45.1478],[7.0948,45.1543],[7.0944,45.1583],[7.0979,45.1647],[7.1006,45.1665],[7.1092,45.1707],[7.1135,45.1707],[7.1178,45.1718],[7.1296,45.1843],[7.1318,45.1877],[7.1415,45.1869]]]}},{"type":"Feature","properties":{"i":"001045","n":"Buttigliera Alta"},"geometry":{"type":"Polygon","coordinates":[[[7.4571,45.0608],[7.4354,45.0596],[7.427,45.0616],[7.4183,45.062],[7.4173,45.0774],[7.4223,45.0892],[7.4287,45.0888],[7.4445,45.0896],[7.4443,45.0852],[7.4489,45.0815],[7.4571,45.0608]]]}},{"type":"Feature","properties":{"i":"001046","n":"Cafasse"},"geometry":{"type":"Polygon","coordinates":[[[7.5353,45.2411],[7.534,45.2302],[7.5236,45.2355],[7.5175,45.2374],[7.5201,45.234],[7.5203,45.2289],[7.5175,45.227],[7.5129,45.2261],[7.4834,45.2401],[7.4811,45.2423],[7.4848,45.2523],[7.4882,45.2539],[7.4976,45.2611],[7.5007,45.2626],[7.5104,45.2597],[7.5234,45.2532],[7.5353,45.2411]]]}},{"type":"Feature","properties":{"i":"001047","n":"Caluso"},"geometry":{"type":"Polygon","coordinates":[[[7.9093,45.3167],[7.9162,45.3101],[7.9174,45.3075],[7.9162,45.2794],[7.9174,45.2514],[7.9168,45.2457],[7.9014,45.2446],[7.8847,45.2447],[7.8685,45.2599],[7.8655,45.2612],[7.8568,45.2593],[7.8407,45.2528],[7.8404,45.258],[7.8425,45.2661],[7.8461,45.2703],[7.8468,45.2762],[7.8432,45.2822],[7.8383,45.2863],[7.8379,45.2875],[7.8379,45.2913],[7.8391,45.2957],[7.8385,45.3027],[7.8621,45.3041],[7.8763,45.3151],[7.8849,45.3187],[7.8875,45.3162],[7.895,45.3152],[7.8993,45.315],[7.9093,45.3167]]]}},{"type":"Feature","properties":{"i":"001048","n":"Cambiano"},"geometry":{"type":"MultiPolygon","coordinates":[[[[7.7537,44.9526],[7.7518,44.9441],[7.7537,44.9411],[7.7515,44.9362],[7.7439,44.9364],[7.7402,44.939],[7.7373,44.9394],[7.7369,44.9424],[7.7345,44.9431],[7.7242,44.9418],[7.722,44.9423],[7.7204,44.9473],[7.7243,44.9533],[7.7286,44.9556],[7.7537,44.9526]]],[[[7.7537,44.9526],[7.7562,44.9616],[7.7608,44.9734],[7.7677,44.9889],[7.7706,44.9919],[7.7717,44.995],[7.7718,45.0023],[7.7698,45.0061],[7.7705,45.011],[7.7756,45.0115],[7.7755,45.0064],[7.7769,45.0021],[7.7791,45.0011],[7.7963,44.9849],[7.7919,44.9679],[7.7906,44.966],[7.7731,44.9617],[7.7695,44.9573],[7.7537,44.9526]]]]}},{"type":"Feature","properties":{"i":"001049","n":"Campiglione Fenile"},"geometry":{"type":"Polygon","coordinates":[[[7.3432,44.8179],[7.3435,44.8138],[7.3522,44.8057],[7.3526,44.8022],[7.3497,44.7872],[7.3399,44.7883],[7.3191,44.7931],[7.3086,44.7989],[7.3078,44.803],[7.2951,44.8037],[7.2866,44.8066],[7.2872,44.808],[7.2909,44.8083],[7.3077,44.8148],[7.3334,44.8218],[7.3432,44.8179]]]}},{"type":"Feature","properties":{"i":"001050","n":"Candia Canavese"},"geometry":{"type":"Polygon","coordinates":[[[7.9142,45.3494],[7.9155,45.3399],[7.9148,45.3389],[7.9095,45.3385],[7.9089,45.3275],[7.9179,45.3327],[7.9206,45.3326],[7.9227,45.3309],[7.9215,45.3271],[7.9188,45.3229],[7.9163,45.3215],[7.9124,45.3213],[7.9093,45.3167],[7.9068,45.316],[7.895,45.3152],[7.8875,45.3162],[7.8849,45.3187],[7.8741,45.3135],[7.8784,45.3271],[7.8768,45.3391],[7.8888,45.3454],[7.8913,45.3436],[7.8999,45.3444],[7.9142,45.3494]]]}},{"type":"Feature","properties":{"i":"001051","n":"Candiolo"},"geometry":{"type":"Polygon","coordinates":[[[7.5827,44.9785],[7.5887,44.9749],[7.5823,44.9691],[7.5799,44.9641],[7.5815,44.963],[7.586,44.9637],[7.5877,44.965],[7.5877,44.9665],[7.5896,44.9697],[7.5919,44.9713],[7.5938,44.9712],[7.5972,44.9676],[7.6003,44.9678],[7.6034,44.9665],[7.6102,44.9613],[7.6072,44.9573],[7.6007,44.9531],[7.5995,44.9482],[7.595,44.9451],[7.5918,44.9462],[7.5853,44.9466],[7.5761,44.9462],[7.5697,44.948],[7.5547,44.954],[7.554,44.9553],[7.5546,44.9571],[7.5574,44.9587],[7.559,44.9635],[7.5589,44.9805],[7.5602,44.9847],[7.5587,44.9878],[7.5601,44.9887],[7.5681,44.9876],[7.5731,44.9853],[7.5827,44.9785]]]}},{"type":"Feature","properties":{"i":"001052","n":"Canischio"},"geometry":{"type":"Polygon","coordinates":[[[7.581,45.395],[7.5843,45.3938],[7.5877,45.3907],[7.61,45.3775],[7.6135,45.3766],[7.6196,45.378],[7.6193,45.3758],[7.6003,45.3665],[7.5893,45.3656],[7.5822,45.3664],[7.5779,45.3687],[7.5642,45.3705],[7.5555,45.3747],[7.5539,45.3775],[7.5504,45.3798],[7.5404,45.3845],[7.5512,45.3946],[7.5633,45.3952],[7.577,45.3935],[7.581,45.395]]]}},{"type":"Feature","properties":{"i":"001053","n":"Cantalupa"},"geometry":{"type":"Polygon","coordinates":[[[7.3575,44.9425],[7.3489,44.9375],[7.337,44.9349],[7.3301,44.9359],[7.3159,44.9338],[7.3097,44.9508],[7.3155,44.9529],[7.319,44.9581],[7.3156,44.9601],[7.313,44.9653],[7.3172,44.9726],[7.3258,44.9712],[7.3401,44.9663],[7.3538,44.9586],[7.3566,44.9542],[7.3576,44.9504],[7.3571,44.9479],[7.355,44.9448],[7.3575,44.9425]]]}},{"type":"Feature","properties":{"i":"001054","n":"Cantoira"},"geometry":{"type":"Polygon","coordinates":[[[7.4297,45.3707],[7.4263,45.3678],[7.4237,45.3601],[7.4176,45.3515],[7.4125,45.3471],[7.4114,45.3375],[7.4132,45.334],[7.4152,45.3333],[7.4119,45.3315],[7.3839,45.3272],[7.3778,45.3273],[7.3677,45.329],[7.3607,45.3317],[7.3554,45.3347],[7.3446,45.3425],[7.3379,45.3462],[7.3426,45.3471],[7.3578,45.3531],[7.3809,45.372],[7.3872,45.3758],[7.3912,45.375],[7.4196,45.3738],[7.4297,45.3707]]]}},{"type":"Feature","properties":{"i":"001055","n":"Caprie"},"geometry":{"type":"Polygon","coordinates":[[[7.3698,45.1055],[7.3666,45.1082],[7.3536,45.1114],[7.3249,45.11],[7.325,45.1133],[7.3237,45.1154],[7.3164,45.1188],[7.313,45.1242],[7.3187,45.1246],[7.3219,45.1267],[7.3242,45.1297],[7.3276,45.1439],[7.3215,45.1551],[7.3225,45.1627],[7.3233,45.1653],[7.3287,45.1683],[7.3344,45.1735],[7.3367,45.1702],[7.3404,45.1668],[7.3454,45.1588],[7.3478,45.1465],[7.3508,45.1403],[7.3708,45.1185],[7.3718,45.1154],[7.3711,45.1087],[7.3698,45.1055]]]}},{"type":"Feature","properties":{"i":"001056","n":"Caravino"},"geometry":{"type":"Polygon","coordinates":[[[7.9616,45.4201],[7.9692,45.4105],[7.9733,45.4123],[7.9751,45.4048],[7.9788,45.399],[7.9802,45.3979],[7.9926,45.3958],[7.9938,45.3939],[7.9897,45.3899],[7.9879,45.3841],[7.9909,45.3818],[7.9908,45.3772],[7.9771,45.3804],[7.9738,45.3826],[7.9649,45.3855],[7.9475,45.3962],[7.9384,45.3996],[7.9286,45.3995],[7.9231,45.3982],[7.9218,45.3966],[7.9142,45.4044],[7.9166,45.4075],[7.9177,45.4076],[7.9237,45.4058],[7.9358,45.4044],[7.9447,45.4069],[7.9462,45.4108],[7.9432,45.4136],[7.9463,45.4179],[7.9616,45.4201]]]}},{"type":"Feature","properties":{"i":"001057","n":"Carema"},"geometry":{"type":"Polygon","coordinates":[[[7.8623,45.597],[7.8647,45.5973],[7.863,45.59],[7.8613,45.5884],[7.8485,45.5808],[7.817,45.5684],[7.8123,45.5651],[7.8105,45.567],[7.8094,45.5703],[7.8094,45.5739],[7.8026,45.58],[7.7968,45.5827],[7.7957,45.5864],[7.8012,45.5868],[7.8086,45.5894],[7.8165,45.5933],[7.8278,45.5971],[7.8317,45.5978],[7.8406,45.5973],[7.843,45.598],[7.8489,45.6023],[7.8623,45.597]]]}},{"type":"Feature","properties":{"i":"001058","n":"Carignano"},"geometry":{"type":"MultiPolygon","coordinates":[[[[7.6643,44.8537],[7.6675,44.8513],[7.6649,44.8493],[7.6622,44.8528],[7.6628,44.8537],[7.6643,44.8537]]],[[[7.6772,44.8714],[7.6812,44.8693],[7.6726,44.8718],[7.6736,44.8731],[7.6772,44.8714]]],[[[7.7037,44.8864],[7.7047,44.8863],[7.7049,44.8852],[7.7026,44.8841],[7.6973,44.8839],[7.6959,44.8852],[7.6962,44.8859],[7.7037,44.8864]]],[[[7.5941,44.8823],[7.5947,44.8845],[7.5959,44.8857],[7.599,44.8832],[7.5941,44.8823]]],[[[7.6921,44.9374],[7.6963,44.9353],[7.6986,44.9292],[7.7014,44.9284],[7.7048,44.928],[7.7134,44.9322],[7.7147,44.9321],[7.7148,44.9277],[7.7136,44.9257],[7.7078,44.9229],[7.7093,44.9179],[7.7124,44.9168],[7.7155,44.919],[7.7171,44.918],[7.7188,44.9144],[7.7195,44.9029],[7.7115,44.899],[7.706,44.9004],[7.7029,44.897],[7.701,44.8961],[7.6948,44.8966],[7.6884,44.9008],[7.6855,44.9006],[7.6935,44.8957],[7.6992,44.8941],[7.7012,44.8907],[7.6927,44.8862],[7.684,44.8905],[7.6809,44.8905],[7.6793,44.8889],[7.679,44.884],[7.68,44.8826],[7.6886,44.8803],[7.6965,44.8767],[7.6963,44.8761],[7.6788,44.8799],[7.6658,44.8759],[7.6646,44.8724],[7.6708,44.8691],[7.6593,44.8672],[7.6591,44.8657],[7.6608,44.8642],[7.6727,44.8648],[7.6783,44.8564],[7.6775,44.8497],[7.674,44.8476],[7.6708,44.8484],[7.6689,44.851],[7.6704,44.8527],[7.6696,44.8566],[7.6671,44.8588],[7.6618,44.8606],[7.6512,44.8623],[7.6486,44.8583],[7.6492,44.8563],[7.6587,44.8519],[7.6693,44.844],[7.6694,44.8429],[7.6684,44.8416],[7.6651,44.8403],[7.6629,44.8415],[7.6587,44.8466],[7.6517,44.8509],[7.6529,44.8476],[7.6611,44.8389],[7.6603,44.8374],[7.6508,44.8452],[7.6481,44.8489],[7.6504,44.8489],[7.6495,44.8537],[7.6449,44.8552],[7.642,44.8551],[7.6337,44.8606],[7.6271,44.8592],[7.6198,44.86],[7.619,44.862],[7.625,44.8755],[7.6239,44.8805],[7.6231,44.8816],[7.6206,44.8825],[7.6171,44.8822],[7.6123,44.8804],[7.6079,44.8861],[7.6065,44.8893],[7.6001,44.8883],[7.6017,44.8903],[7.612,44.8979],[7.6136,44.9008],[7.6267,44.908],[7.6369,44.9202],[7.6399,44.9247],[7.6399,44.926],[7.6474,44.9292],[7.65,44.9359],[7.6483,44.9385],[7.6512,44.9375],[7.6551,44.9381],[7.6677,44.9334],[7.6746,44.9323],[7.6846,44.9339],[7.6869,44.9377],[7.6921,44.9374]]]]}},{"type":"Feature","properties":{"i":"001059","n":"Carmagnola"},"geometry":{"type":"MultiPolygon","coordinates":[[[[7.6508,44.8452],[7.6467,44.8467],[7.6481,44.8489],[7.6508,44.8452]]],[[[7.786,44.91],[7.7898,44.9057],[7.7884,44.8991],[7.8003,44.8908],[7.8082,44.8887],[7.8161,44.885],[7.8175,44.8809],[7.8142,44.879],[7.8101,44.8799],[7.8088,44.8784],[7.8075,44.8739],[7.8136,44.8672],[7.8175,44.8657],[7.8226,44.8614],[7.8205,44.8579],[7.8155,44.8531],[7.8091,44.8549],[7.8119,44.8434],[7.7977,44.8427],[7.7951,44.8429],[7.7926,44.8443],[7.7882,44.8445],[7.781,44.8429],[7.776,44.8389],[7.7764,44.8375],[7.7645,44.8219],[7.7636,44.8197],[7.7662,44.8155],[7.7484,44.8156],[7.7215,44.8129],[7.7117,44.8172],[7.7063,44.8174],[7.7031,44.8141],[7.6901,44.812],[7.6848,44.8102],[7.6746,44.814],[7.6676,44.8206],[7.6608,44.8193],[7.6571,44.8164],[7.6574,44.8332],[7.6555,44.8354],[7.6603,44.8374],[7.6611,44.8389],[7.6529,44.8476],[7.6517,44.8509],[7.6587,44.8466],[7.6629,44.8415],[7.6651,44.8403],[7.6684,44.8416],[7.6695,44.8435],[7.6686,44.8448],[7.6587,44.8519],[7.6502,44.8554],[7.6486,44.857],[7.6486,44.8583],[7.6512,44.8623],[7.6523,44.8626],[7.6618,44.8606],[7.6671,44.8588],[7.6696,44.8566],[7.6704,44.8527],[7.6689,44.851],[7.67,44.8488],[7.674,44.8476],[7.6775,44.8497],[7.6783,44.8564],[7.6727,44.8648],[7.6608,44.8642],[7.659,44.8663],[7.6593,44.8672],[7.6708,44.8691],[7.6646,44.8724],[7.6658,44.8759],[7.6713,44.8781],[7.6788,44.8799],[7.6965,44.8762],[7.6886,44.8803],[7.68,44.8826],[7.679,44.884],[7.6793,44.8889],[7.6809,44.8905],[7.684,44.8905],[7.6927,44.8862],[7.7012,44.8907],[7.6992,44.8941],[7.6935,44.8957],[7.6855,44.9006],[7.6884,44.9008],[7.6902,44.8991],[7.6957,44.8964],[7.701,44.8961],[7.7033,44.8974],[7.7062,44.8933],[7.7068,44.8915],[7.7057,44.889],[7.7069,44.8853],[7.7127,44.8856],[7.7187,44.8899],[7.728,44.8947],[7.7521,44.9052],[7.7573,44.9093],[7.7594,44.912],[7.77,44.9071],[7.7774,44.9093],[7.7831,44.9135],[7.786,44.91]],[[7.7037,44.8864],[7.6962,44.8859],[7.6959,44.8852],[7.6973,44.8839],[7.7026,44.8841],[7.7049,44.8852],[7.7047,44.8863],[7.7037,44.8864]],[[7.6772,44.8714],[7.6736,44.8731],[7.6726,44.8718],[7.6812,44.8693],[7.6772,44.8714]],[[7.6643,44.8537],[7.6628,44.8537],[7.6622,44.8528],[7.6649,44.8493],[7.6675,44.8513],[7.6643,44.8537]]]]}},{"type":"Feature","properties":{"i":"001060","n":"Casalborgone"},"geometry":{"type":"Polygon","coordinates":[[[7.9653,45.1428],[7.9751,45.1336],[7.9803,45.1238],[7.9755,45.1223],[7.9695,45.1174],[7.9668,45.1167],[7.9585,45.1169],[7.9481,45.1143],[7.9285,45.1047],[7.9133,45.1087],[7.9167,45.1112],[7.9185,45.114],[7.9157,45.1156],[7.9107,45.1209],[7.91,45.1253],[7.9021,45.1343],[7.8947,45.1361],[7.888,45.1396],[7.8872,45.1413],[7.914,45.1531],[7.9179,45.1468],[7.9236,45.1431],[7.927,45.1418],[7.9354,45.1417],[7.9417,45.1436],[7.959,45.1465],[7.9634,45.1454],[7.9653,45.1428]]]}},{"type":"Feature","properties":{"i":"001061","n":"Cascinette d'Ivrea"},"geometry":{"type":"Polygon","coordinates":[[[7.9161,45.4897],[7.9144,45.4859],[7.9143,45.4815],[7.9161,45.4787],[7.9169,45.4753],[7.9129,45.4735],[7.9045,45.4718],[7.8992,45.4783],[7.8986,45.4817],[7.895,45.4835],[7.9016,45.488],[7.9052,45.4895],[7.915,45.4902],[7.9161,45.4897]]]}},{"type":"Feature","properties":{"i":"001062","n":"Caselette"},"geometry":{"type":"Polygon","coordinates":[[[7.4966,45.1221],[7.4996,45.1131],[7.4999,45.1071],[7.4963,45.103],[7.4874,45.099],[7.4876,45.0965],[7.4906,45.0959],[7.4826,45.0945],[7.4786,45.0921],[7.4729,45.0901],[7.4287,45.0888],[7.4309,45.089],[7.433,45.0928],[7.4343,45.1004],[7.4411,45.0994],[7.4442,45.0997],[7.4555,45.1172],[7.4665,45.1205],[7.4761,45.1256],[7.4882,45.1279],[7.494,45.1269],[7.4966,45.1235],[7.4966,45.1221]]]}},{"type":"Feature","properties":{"i":"001063","n":"Caselle Torinese"},"geometry":{"type":"Polygon","coordinates":[[[7.6848,45.1948],[7.6875,45.1827],[7.6942,45.1707],[7.6837,45.1688],[7.6825,45.1673],[7.6859,45.1617],[7.687,45.155],[7.6755,45.1586],[7.6729,45.1613],[7.6706,45.1625],[7.6629,45.1634],[7.6509,45.1609],[7.647,45.1582],[7.6427,45.1572],[7.6364,45.1583],[7.6288,45.1581],[7.6274,45.157],[7.6198,45.1599],[7.6072,45.1666],[7.6034,45.1695],[7.6082,45.1717],[7.6103,45.1753],[7.6112,45.1789],[7.6109,45.1818],[7.6291,45.1932],[7.6394,45.1972],[7.6489,45.1981],[7.6737,45.198],[7.6785,45.1972],[7.6848,45.1948]]]}},{"type":"Feature","properties":{"i":"001064","n":"Castagneto Po"},"geometry":{"type":"Polygon","coordinates":[[[7.9261,45.1733],[7.9232,45.1711],[7.9104,45.1672],[7.9064,45.1643],[7.914,45.1531],[7.8872,45.1413],[7.8848,45.1459],[7.878,45.1458],[7.8693,45.1575],[7.8701,45.1626],[7.8674,45.1723],[7.8736,45.1726],[7.8792,45.1764],[7.8919,45.1778],[7.9084,45.1779],[7.9147,45.177],[7.9261,45.1733]]]}},{"type":"Feature","properties":{"i":"001065","n":"Castagnole Piemonte"},"geometry":{"type":"Polygon","coordinates":[[[7.612,44.8979],[7.5959,44.8857],[7.5947,44.8845],[7.5941,44.8823],[7.5911,44.8802],[7.5882,44.8797],[7.5821,44.8769],[7.5738,44.8762],[7.5549,44.8771],[7.5512,44.8781],[7.5454,44.8768],[7.5408,44.8788],[7.5381,44.8916],[7.5402,44.9104],[7.5416,44.9119],[7.5498,44.9164],[7.5592,44.9167],[7.5632,44.9174],[7.5663,44.919],[7.5683,44.916],[7.5821,44.9069],[7.5815,44.9014],[7.588,44.8964],[7.601,44.8994],[7.6059,44.8996],[7.612,44.8979]]]}},{"type":"Feature","properties":{"i":"001066","n":"Castellamonte"},"geometry":{"type":"MultiPolygon","coordinates":[[[[7.7972,45.4122],[7.7974,45.4093],[7.8006,45.4055],[7.7987,45.401],[7.7925,45.3969],[7.7886,45.3969],[7.7828,45.3983],[7.779,45.398],[7.7754,45.4076],[7.7795,45.4095],[7.7807,45.413],[7.7882,45.417],[7.7972,45.4122]]],[[[7.7219,45.464],[7.7183,45.463],[7.7162,45.4581],[7.7177,45.4519],[7.7203,45.4484],[7.7276,45.4435],[7.7381,45.438],[7.7393,45.4335],[7.7369,45.4262],[7.7374,45.4167],[7.7427,45.4163],[7.7373,45.4077],[7.735,45.4055],[7.7308,45.4038],[7.7279,45.4039],[7.7274,45.4004],[7.729,45.397],[7.7318,45.3944],[7.7314,45.3891],[7.734,45.372],[7.7365,45.3627],[7.7401,45.3575],[7.7284,45.3521],[7.7167,45.3543],[7.7144,45.3572],[7.7103,45.3588],[7.7063,45.3653],[7.6954,45.3706],[7.6786,45.3843],[7.6671,45.3883],[7.6657,45.3913],[7.6667,45.3939],[7.6704,45.3967],[7.6718,45.4027],[7.6746,45.4085],[7.6837,45.4159],[7.6915,45.4118],[7.6953,45.4134],[7.6965,45.4147],[7.7012,45.4143],[7.7178,45.4094],[7.7201,45.4104],[7.7186,45.4175],[7.7093,45.4265],[7.7059,45.4283],[7.7065,45.4347],[7.7103,45.4423],[7.7103,45.4437],[7.7063,45.4513],[7.7052,45.4561],[7.7057,45.4601],[7.7163,45.4657],[7.7219,45.464]]],[[[7.6936,45.5016],[7.6923,45.4988],[7.6874,45.4931],[7.6877,45.4886],[7.6816,45.4896],[7.6777,45.4956],[7.6757,45.5006],[7.6729,45.5031],[7.6936,45.5016]]]]}},{"type":"Feature","properties":{"i":"001067","n":"Castelnuovo Nigra"},"geometry":{"type":"MultiPolygon","coordinates":[[[[7.6873,45.451],[7.6887,45.4476],[7.6882,45.4427],[7.6859,45.4417],[7.6861,45.4448],[7.6824,45.4513],[7.6801,45.452],[7.6733,45.4522],[7.673,45.4541],[7.6751,45.4554],[7.6819,45.4557],[7.6873,45.451]]],[[[7.6685,45.4562],[7.6723,45.4525],[7.6636,45.4543],[7.6646,45.4556],[7.6685,45.4562]]],[[[7.6729,45.5031],[7.6757,45.5006],[7.6777,45.4956],[7.6816,45.4896],[7.6922,45.4877],[7.7016,45.4792],[7.7041,45.476],[7.7159,45.4675],[7.7163,45.4657],[7.7057,45.4601],[7.7052,45.4561],[7.7063,45.4513],[7.71,45.4453],[7.7103,45.4423],[7.7065,45.4347],[7.7059,45.4283],[7.7093,45.4265],[7.7186,45.4175],[7.7201,45.4105],[7.7189,45.4096],[7.7137,45.4103],[7.7012,45.4143],[7.6965,45.4147],[7.6898,45.4191],[7.6916,45.4221],[7.6964,45.4262],[7.6978,45.4325],[7.6898,45.4317],[7.6875,45.4337],[7.688,45.4377],[7.6901,45.4396],[7.6914,45.4428],[7.6922,45.4488],[7.6839,45.4586],[7.6752,45.4625],[7.6649,45.464],[7.6639,45.4609],[7.6538,45.4591],[7.6419,45.4585],[7.6374,45.4612],[7.6387,45.4667],[7.6453,45.4706],[7.6493,45.4774],[7.6463,45.4838],[7.6364,45.499],[7.6366,45.5015],[7.6378,45.5023],[7.6563,45.5048],[7.6729,45.5031]]]]}},{"type":"Feature","properties":{"i":"001068","n":"Castiglione Torinese"},"geometry":{"type":"Polygon","coordinates":[[[7.8019,45.1388],[7.8155,45.1305],[7.8231,45.124],[7.8206,45.1202],[7.822,45.1126],[7.8242,45.1074],[7.8249,45.1025],[7.8232,45.0996],[7.8171,45.0971],[7.8176,45.092],[7.82,45.0877],[7.814,45.0832],[7.7986,45.0914],[7.791,45.0926],[7.787,45.0922],[7.7853,45.095],[7.7841,45.0994],[7.7919,45.1081],[7.7951,45.1173],[7.7935,45.1202],[7.7854,45.119],[7.7726,45.1236],[7.776,45.1263],[7.7807,45.1265],[7.7942,45.1396],[7.7976,45.1413],[7.8019,45.1388]]]}},{"type":"Feature","properties":{"i":"001069","n":"Cavagnolo"},"geometry":{"type":"Polygon","coordinates":[[[8.0468,45.1281],[8.0398,45.1283],[8.0307,45.13],[8.0217,45.1279],[8.0204,45.1268],[8.0161,45.1256],[8.0137,45.1257],[8.01,45.1265],[8.0063,45.1287],[8.0049,45.1314],[8.0056,45.1356],[8.0123,45.1411],[8.0153,45.1412],[8.0204,45.1477],[8.025,45.1562],[8.0334,45.1598],[8.0366,45.1634],[8.0368,45.1641],[8.028,45.1665],[8.0244,45.1666],[8.0251,45.173],[8.028,45.18],[8.0363,45.175],[8.046,45.1585],[8.0522,45.1574],[8.0586,45.1422],[8.0559,45.1327],[8.0496,45.1287],[8.0468,45.1281]]]}},{"type":"Feature","properties":{"i":"001070","n":"Cavour"},"geometry":{"type":"Polygon","coordinates":[[[7.4305,44.8339],[7.4284,44.8169],[7.4181,44.8086],[7.412,44.8072],[7.4095,44.7966],[7.4106,44.7942],[7.4279,44.7843],[7.4371,44.7821],[7.4512,44.7812],[7.4539,44.7802],[7.4566,44.7777],[7.4408,44.7769],[7.4377,44.7708],[7.4371,44.7674],[7.4376,44.7644],[7.4303,44.7641],[7.414,44.7663],[7.4105,44.7657],[7.4095,44.7642],[7.3979,44.762],[7.3918,44.7622],[7.3688,44.7596],[7.366,44.7572],[7.3666,44.752],[7.345,44.7518],[7.3486,44.755],[7.3494,44.7641],[7.3473,44.7774],[7.3447,44.7828],[7.3497,44.7872],[7.3526,44.8022],[7.3519,44.8065],[7.3435,44.8138],[7.3431,44.8174],[7.3454,44.8231],[7.3502,44.8245],[7.3665,44.8237],[7.3828,44.8248],[7.3916,44.8364],[7.3928,44.8408],[7.3971,44.8391],[7.4128,44.8357],[7.4227,44.8363],[7.4304,44.8348],[7.4305,44.8339]]]}},{"type":"Feature","properties":{"i":"001071","n":"Cercenasco"},"geometry":{"type":"Polygon","coordinates":[[[7.5454,44.8768],[7.5488,44.8639],[7.5403,44.8637],[7.5378,44.8614],[7.5285,44.859],[7.5149,44.8569],[7.5115,44.8555],[7.5029,44.8549],[7.4816,44.8553],[7.4611,44.8617],[7.4578,44.8618],[7.4596,44.8639],[7.4591,44.8764],[7.465,44.8751],[7.4787,44.8743],[7.4855,44.8753],[7.5012,44.873],[7.5084,44.8729],[7.5181,44.876],[7.5454,44.8768]]]}},{"type":"Feature","properties":{"i":"001072","n":"Ceres"},"geometry":{"type":"Polygon","coordinates":[[[7.3379,45.3462],[7.3446,45.3425],[7.3554,45.3347],[7.3607,45.3317],[7.367,45.3292],[7.3778,45.3273],[7.3913,45.3278],[7.4119,45.3315],[7.4152,45.3333],[7.4173,45.3305],[7.418,45.3263],[7.4185,45.3103],[7.4158,45.3049],[7.4118,45.301],[7.4012,45.2956],[7.3955,45.3043],[7.3922,45.3071],[7.3714,45.3048],[7.3687,45.3024],[7.3624,45.299],[7.3587,45.2983],[7.3392,45.3005],[7.3314,45.3052],[7.3268,45.309],[7.3263,45.3108],[7.3284,45.3187],[7.3205,45.3307],[7.3019,45.3387],[7.297,45.3419],[7.3167,45.3468],[7.3379,45.3462]]]}},{"type":"Feature","properties":{"i":"001073","n":"Ceresole Reale"},"geometry":{"type":"Polygon","coordinates":[[[7.2227,45.4705],[7.2293,45.4639],[7.2321,45.4594],[7.2376,45.4545],[7.2437,45.4538],[7.2485,45.4551],[7.2772,45.4474],[7.2873,45.4434],[7.2885,45.4397],[7.288,45.4324],[7.2891,45.4238],[7.2948,45.4161],[7.2862,45.4145],[7.2804,45.4142],[7.2709,45.4111],[7.2621,45.4063],[7.2508,45.4013],[7.2375,45.4004],[7.2324,45.3992],[7.2301,45.396],[7.2243,45.3932],[7.2216,45.3931],[7.2175,45.3941],[7.215,45.3968],[7.2072,45.3998],[7.1857,45.4031],[7.1838,45.4074],[7.1707,45.4108],[7.1624,45.4139],[7.1555,45.4177],[7.1526,45.4219],[7.1494,45.4234],[7.142,45.4253],[7.1338,45.4263],[7.1207,45.4316],[7.1143,45.4364],[7.1095,45.4474],[7.1055,45.45],[7.1013,45.4542],[7.0988,45.4613],[7.1003,45.4643],[7.1096,45.4701],[7.1147,45.4775],[7.1149,45.4871],[7.1202,45.4961],[7.1217,45.5062],[7.1275,45.5121],[7.1375,45.5163],[7.1384,45.5133],[7.1411,45.5109],[7.143,45.5059],[7.143,45.4985],[7.1369,45.4918],[7.1369,45.4909],[7.1411,45.4808],[7.1432,45.478],[7.1475,45.4777],[7.1521,45.4844],[7.1573,45.4866],[7.1603,45.4866],[7.1673,45.4842],[7.1995,45.4811],[7.2074,45.4756],[7.2085,45.474],[7.2163,45.471],[7.2227,45.4705]]]}},{"type":"Feature","properties":{"i":"001074","n":"Cesana Torinese"},"geometry":{"type":"Polygon","coordinates":[[[6.8676,44.9882],[6.867,44.9843],[6.8553,44.9737],[6.8543,44.9711],[6.855,44.9689],[6.8449,44.9615],[6.8381,44.9577],[6.8342,44.9509],[6.8332,44.9434],[6.8295,44.9427],[6.8236,44.9401],[6.8306,44.9295],[6.8307,44.9272],[6.8415,44.9233],[6.8472,44.9229],[6.8517,44.9238],[6.857,44.9213],[6.8627,44.9145],[6.8637,44.9108],[6.8632,44.908],[6.864,44.9035],[6.8779,44.8923],[6.8944,44.8808],[6.9058,44.8758],[6.918,44.8689],[6.9313,44.8646],[6.9315,44.8634],[6.9263,44.8579],[6.9254,44.8549],[6.9209,44.8503],[6.9128,44.8449],[6.9075,44.8439],[6.905,44.8461],[6.8711,44.85],[6.8423,44.8596],[6.8037,44.879],[6.8007,44.8816],[6.7996,44.8865],[6.7915,44.8895],[6.7861,44.8888],[6.7812,44.8929],[6.7788,44.8966],[6.7678,44.9025],[6.76,44.9028],[6.7502,44.9068],[6.7508,44.9143],[6.7556,44.9134],[6.7592,44.9138],[6.7656,44.9185],[6.7622,44.9311],[6.76,44.9338],[6.7585,44.9376],[6.7614,44.9424],[6.7614,44.9451],[6.7578,44.9482],[6.7651,44.9591],[6.7655,44.9616],[6.7636,44.9715],[6.7503,44.9785],[6.7494,44.9822],[6.7395,44.9897],[6.7465,44.9953],[6.751,44.9967],[6.7514,44.998],[6.7478,45.0069],[6.7571,45.0087],[6.7598,45.0086],[6.7661,45.0059],[6.777,45.007],[6.7907,45.0121],[6.7938,45.0145],[6.8003,45.011],[6.8016,45.0058],[6.8041,45.0026],[6.8061,45.0016],[6.8135,45.0028],[6.8271,44.9969],[6.8435,44.9876],[6.8566,44.9872],[6.8676,44.9882]]]}},{"type":"Feature","properties":{"i":"001075","n":"Chialamberto"},"geometry":{"type":"Polygon","coordinates":[[[7.3445,45.4113],[7.3584,45.4018],[7.3606,45.399],[7.3612,45.3956],[7.3627,45.3942],[7.3677,45.3931],[7.3842,45.3917],[7.3902,45.3887],[7.3919,45.3863],[7.3865,45.3811],[7.3872,45.3758],[7.3809,45.372],[7.3578,45.3531],[7.3531,45.351],[7.338,45.3462],[7.3167,45.3468],[7.297,45.3419],[7.2956,45.3469],[7.296,45.3503],[7.301,45.3572],[7.3074,45.3598],[7.3106,45.3671],[7.3101,45.3737],[7.3066,45.3857],[7.305,45.3879],[7.3061,45.391],[7.3076,45.3922],[7.3154,45.3949],[7.3156,45.3992],[7.3126,45.4081],[7.31,45.4105],[7.312,45.4137],[7.3223,45.4143],[7.3359,45.4115],[7.3445,45.4113]]]}},{"type":"Feature","properties":{"i":"001076","n":"Chianocco"},"geometry":{"type":"Polygon","coordinates":[[[7.1834,45.1931],[7.1835,45.188],[7.1882,45.1843],[7.1993,45.1822],[7.2033,45.1801],[7.1958,45.177],[7.1936,45.175],[7.1908,45.1675],[7.1902,45.1608],[7.1859,45.1507],[7.1833,45.1395],[7.1835,45.1341],[7.1828,45.1308],[7.1671,45.1317],[7.1586,45.1362],[7.1595,45.1494],[7.1577,45.1588],[7.1547,45.1664],[7.1523,45.1675],[7.1465,45.1728],[7.141,45.1859],[7.1415,45.1869],[7.1461,45.1883],[7.1627,45.1925],[7.1813,45.1945],[7.1834,45.1931]]]}},{"type":"Feature","properties":{"i":"001077","n":"Chiaverano"},"geometry":{"type":"Polygon","coordinates":[[[7.9234,45.5215],[7.9191,45.5116],[7.9222,45.5073],[7.9298,45.5029],[7.9236,45.4974],[7.9235,45.4959],[7.9178,45.493],[7.9161,45.4897],[7.915,45.4902],[7.9052,45.4895],[7.9016,45.488],[7.8973,45.4845],[7.8922,45.4826],[7.886,45.4828],[7.8798,45.4889],[7.8794,45.4901],[7.8817,45.4913],[7.884,45.4947],[7.8874,45.5031],[7.8874,45.5047],[7.881,45.5068],[7.8802,45.5137],[7.8825,45.5195],[7.8841,45.5202],[7.8901,45.5179],[7.8968,45.5172],[7.8999,45.5193],[7.9024,45.5266],[7.9073,45.5244],[7.9234,45.5215]]]}},{"type":"Feature","properties":{"i":"001078","n":"Chieri"},"geometry":{"type":"Polygon","coordinates":[[[7.834,45.062],[7.8438,45.0594],[7.8482,45.0502],[7.8459,45.0496],[7.8525,45.0372],[7.8505,45.0263],[7.8649,45.0219],[7.877,45.0214],[7.8842,45.0239],[7.8879,45.017],[7.888,45.0138],[7.8809,45.0095],[7.876,45.0082],[7.8698,44.9975],[7.8658,44.9925],[7.8573,44.986],[7.8534,44.971],[7.8521,44.9679],[7.8474,44.9621],[7.8446,44.9629],[7.842,44.9588],[7.8336,44.9597],[7.8303,44.9593],[7.8133,44.9516],[7.8131,44.954],[7.81,44.9602],[7.8022,44.9653],[7.7906,44.966],[7.7942,44.9749],[7.7963,44.9849],[7.7791,45.0011],[7.7769,45.0021],[7.7755,45.0064],[7.7756,45.0115],[7.78,45.012],[7.784,45.0152],[7.7825,45.0187],[7.7868,45.0252],[7.795,45.0277],[7.8013,45.0284],[7.809,45.0322],[7.8103,45.0431],[7.8301,45.0422],[7.8326,45.0465],[7.8313,45.0475],[7.8303,45.052],[7.83,45.0551],[7.8308,45.0609],[7.834,45.062]]]}},{"type":"Feature","properties":{"i":"001079","n":"Chiesanuova"},"geometry":{"type":"Polygon","coordinates":[[[7.661,45.4093],[7.6541,45.4089],[7.6444,45.4133],[7.6349,45.4279],[7.6307,45.4278],[7.6292,45.4312],[7.632,45.4332],[7.6372,45.4344],[7.643,45.4377],[7.645,45.4341],[7.6541,45.4295],[7.6581,45.4235],[7.6624,45.4148],[7.6625,45.4111],[7.661,45.4093]]]}},{"type":"Feature","properties":{"i":"001080","n":"Chiomonte"},"geometry":{"type":"Polygon","coordinates":[[[7.0045,45.1332],[7.0069,45.1295],[7.0051,45.1236],[7.0074,45.112],[7.0161,45.0848],[7.0201,45.0766],[7.0066,45.0725],[6.9933,45.0697],[6.9821,45.0698],[6.9752,45.0721],[6.9708,45.0707],[6.9645,45.0806],[6.9642,45.0896],[6.9658,45.0939],[6.9622,45.1025],[6.9596,45.1151],[6.9558,45.124],[6.949,45.1279],[6.947,45.131],[6.9484,45.1324],[6.9529,45.131],[6.98,45.1336],[6.9901,45.1336],[6.9984,45.1318],[7.0045,45.1332]]]}},{"type":"Feature","properties":{"i":"001081","n":"Chiusa di San Michele"},"geometry":{"type":"Polygon","coordinates":[[[7.3374,45.0905],[7.3151,45.0895],[7.3117,45.0877],[7.3094,45.0816],[7.3039,45.079],[7.3051,45.0802],[7.3088,45.0973],[7.3085,45.1054],[7.3062,45.1078],[7.3377,45.1109],[7.3384,45.1051],[7.3427,45.0981],[7.3413,45.0952],[7.338,45.0923],[7.3374,45.0905]]]}},{"type":"Feature","properties":{"i":"001082","n":"Chivasso"},"geometry":{"type":"Polygon","coordinates":[[[7.9381,45.2354],[7.9403,45.1954],[7.957,45.1879],[7.9497,45.1841],[7.9472,45.1845],[7.9397,45.1811],[7.9277,45.1728],[7.9147,45.177],[7.9084,45.1779],[7.8919,45.1778],[7.8804,45.1767],[7.8736,45.1726],[7.8674,45.1723],[7.8558,45.174],[7.8506,45.1804],[7.849,45.1838],[7.8408,45.1877],[7.8351,45.1884],[7.8332,45.1916],[7.8325,45.1959],[7.8364,45.2134],[7.8518,45.213],[7.8554,45.2137],[7.8664,45.2182],[7.8771,45.2245],[7.8801,45.2282],[7.8856,45.2392],[7.8847,45.2447],[7.9014,45.2446],[7.9168,45.2457],[7.9174,45.2514],[7.9259,45.2475],[7.9381,45.2354]]]}},{"type":"Feature","properties":{"i":"001083","n":"Ciconio"},"geometry":{"type":"Polygon","coordinates":[[[7.7718,45.3375],[7.777,45.3287],[7.7665,45.3235],[7.7629,45.323],[7.7614,45.3238],[7.7556,45.3211],[7.754,45.3188],[7.7467,45.3286],[7.7488,45.3317],[7.7473,45.3332],[7.7485,45.334],[7.7565,45.3363],[7.7718,45.3375]]]}},{"type":"Feature","properties":{"i":"001084","n":"Cintano"},"geometry":{"type":"Polygon","coordinates":[[[7.6965,45.4147],[7.6953,45.4134],[7.6915,45.4118],[7.6837,45.4159],[7.6844,45.4299],[7.6858,45.4377],[7.6808,45.4429],[7.6787,45.4445],[7.6716,45.447],[7.6607,45.4489],[7.6583,45.4505],[7.6619,45.4547],[7.6723,45.4525],[7.6639,45.4609],[7.6649,45.464],[7.6752,45.4625],[7.6839,45.4586],[7.6911,45.4506],[7.6922,45.4488],[7.6914,45.4428],[7.6901,45.4396],[7.688,45.4377],[7.6875,45.4337],[7.6898,45.4317],[7.6978,45.4325],[7.6964,45.4262],[7.6916,45.4221],[7.6898,45.4191],[7.6965,45.4147]],[[7.6873,45.451],[7.6819,45.4557],[7.6751,45.4554],[7.673,45.4541],[7.6733,45.4522],[7.6801,45.452],[7.6824,45.4513],[7.6861,45.4448],[7.6859,45.4417],[7.6882,45.4427],[7.6887,45.4476],[7.6873,45.451]]]}},{"type":"Feature","properties":{"i":"001085","n":"Cinzano"},"geometry":{"type":"Polygon","coordinates":[[[7.9133,45.1087],[7.9285,45.1047],[7.9319,45.1022],[7.9358,45.0991],[7.9389,45.0936],[7.9405,45.0876],[7.9422,45.0863],[7.9389,45.0842],[7.9263,45.0829],[7.9219,45.0815],[7.9201,45.0748],[7.9177,45.0753],[7.9145,45.0786],[7.9078,45.0935],[7.9061,45.0951],[7.9102,45.1074],[7.9133,45.1087]]]}},{"type":"Feature","properties":{"i":"001086","n":"Ciriè"},"geometry":{"type":"Polygon","coordinates":[[[7.6274,45.2282],[7.621,45.2229],[7.6116,45.2088],[7.596,45.1958],[7.5927,45.192],[7.5723,45.2026],[7.5649,45.2052],[7.561,45.2062],[7.5585,45.2059],[7.5565,45.2068],[7.5529,45.21],[7.56,45.2136],[7.5688,45.2212],[7.5793,45.2352],[7.5839,45.2449],[7.5841,45.2483],[7.6003,45.2429],[7.6274,45.2282]]]}},{"type":"Feature","properties":{"i":"001087","n":"Claviere"},"geometry":{"type":"MultiPolygon","coordinates":[[[[6.7508,44.9143],[6.7487,44.9216],[6.76,44.9338],[6.7622,44.9311],[6.7656,44.9185],[6.7592,44.9138],[6.7556,44.9134],[6.7508,44.9143]]],[[[6.7591,44.9354],[6.7585,44.9364],[6.7532,44.9384],[6.7484,44.9362],[6.7446,44.9352],[6.7431,44.9357],[6.7529,44.943],[6.7578,44.9482],[6.7614,44.9451],[6.7614,44.9424],[6.7585,44.9376],[6.7591,44.9354]]]]}},{"type":"Feature","properties":{"i":"001088","n":"Coassolo Torinese"},"geometry":{"type":"Polygon","coordinates":[[[7.4714,45.3584],[7.4766,45.3545],[7.4807,45.3448],[7.487,45.3329],[7.4919,45.3279],[7.4942,45.3229],[7.4954,45.3173],[7.4934,45.3121],[7.498,45.3044],[7.4989,45.301],[7.4961,45.2992],[7.4922,45.2931],[7.4923,45.2903],[7.4934,45.2893],[7.4886,45.2913],[7.4722,45.2914],[7.4716,45.2889],[7.4697,45.2883],[7.463,45.2886],[7.4608,45.2895],[7.4597,45.2903],[7.4582,45.2947],[7.4519,45.3042],[7.4412,45.3132],[7.4357,45.3229],[7.435,45.3276],[7.4355,45.3308],[7.4367,45.3326],[7.445,45.3379],[7.4463,45.3443],[7.4455,45.346],[7.4427,45.3475],[7.4391,45.3535],[7.4376,45.3621],[7.4378,45.3676],[7.4418,45.3663],[7.4526,45.3652],[7.4628,45.3581],[7.4714,45.3584]]]}},{"type":"Feature","properties":{"i":"001089","n":"Coazze"},"geometry":{"type":"Polygon","coordinates":[[[7.3039,45.079],[7.3108,45.0769],[7.3132,45.0733],[7.3141,45.0695],[7.3134,45.0672],[7.315,45.0629],[7.3139,45.0568],[7.3168,45.0528],[7.3234,45.0499],[7.3313,45.0492],[7.323,45.0471],[7.3043,45.0454],[7.2756,45.0503],[7.2666,45.0488],[7.2583,45.0458],[7.252,45.0424],[7.2449,45.0347],[7.2261,45.0256],[7.2162,45.0219],[7.2119,45.0163],[7.2116,45.0059],[7.2052,45.0044],[7.1997,45.0062],[7.1815,45.0072],[7.1825,45.0098],[7.179,45.0194],[7.1733,45.0283],[7.1684,45.0325],[7.1639,45.0476],[7.1719,45.0482],[7.1789,45.0538],[7.1794,45.0562],[7.1771,45.0644],[7.1801,45.0689],[7.1956,45.0764],[7.2091,45.0783],[7.2296,45.0758],[7.2457,45.0778],[7.2687,45.0758],[7.2742,45.0761],[7.2825,45.0794],[7.3039,45.079]]]}},{"type":"Feature","properties":{"i":"001090","n":"Collegno"},"geometry":{"type":"Polygon","coordinates":[[[7.6229,45.1138],[7.6226,45.1102],[7.6186,45.1082],[7.6141,45.1081],[7.6119,45.1072],[7.6142,45.1],[7.618,45.0972],[7.6154,45.089],[7.6035,45.0712],[7.5703,45.0692],[7.5581,45.0706],[7.5556,45.0878],[7.5583,45.0898],[7.561,45.0885],[7.5648,45.0881],[7.5763,45.1039],[7.5807,45.1075],[7.6072,45.12],[7.6229,45.1138]]]}},{"type":"Feature","properties":{"i":"001091","n":"Colleretto Castelnuovo"},"geometry":{"type":"Polygon","coordinates":[[[7.6685,45.4562],[7.6646,45.4556],[7.6636,45.4543],[7.6619,45.4547],[7.6583,45.4505],[7.6607,45.4489],[7.6716,45.447],[7.6787,45.4445],[7.6858,45.4377],[7.6844,45.4299],[7.6837,45.4159],[7.6746,45.4085],[7.6768,45.4146],[7.6712,45.4299],[7.6645,45.4368],[7.653,45.4454],[7.644,45.4578],[7.6639,45.4609],[7.6685,45.4562]]]}},{"type":"Feature","properties":{"i":"001092","n":"Colleretto Giacosa"},"geometry":{"type":"Polygon","coordinates":[[[7.8218,45.4158],[7.8135,45.4162],[7.7996,45.4258],[7.794,45.4319],[7.7937,45.4345],[7.7944,45.4358],[7.8037,45.4369],[7.8266,45.4439],[7.8296,45.4409],[7.8221,45.4292],[7.8203,45.4191],[7.8218,45.4158]]]}},{"type":"Feature","properties":{"i":"001093","n":"Condove"},"geometry":{"type":"Polygon","coordinates":[[[7.2516,45.1976],[7.256,45.1965],[7.278,45.194],[7.2816,45.1924],[7.2817,45.1896],[7.2853,45.1867],[7.2903,45.1847],[7.296,45.1872],[7.3073,45.1897],[7.3194,45.1879],[7.3266,45.1883],[7.3323,45.1841],[7.3344,45.1735],[7.3287,45.1683],[7.3233,45.1653],[7.3215,45.1575],[7.3215,45.1549],[7.3276,45.1439],[7.3246,45.1308],[7.3219,45.1267],[7.3187,45.1246],[7.313,45.1242],[7.3164,45.1188],[7.3237,45.1154],[7.325,45.1133],[7.3249,45.11],[7.3062,45.1078],[7.2908,45.1134],[7.2747,45.1125],[7.2731,45.1166],[7.2695,45.1209],[7.2565,45.1233],[7.2414,45.1288],[7.234,45.1325],[7.2345,45.1335],[7.2274,45.1409],[7.2223,45.1421],[7.2196,45.1419],[7.2166,45.1462],[7.2055,45.1704],[7.2074,45.1786],[7.2119,45.1871],[7.2104,45.1929],[7.2134,45.195],[7.2193,45.1975],[7.2292,45.196],[7.2363,45.1928],[7.2457,45.195],[7.2516,45.1976]]]}},{"type":"Feature","properties":{"i":"001094","n":"Corio"},"geometry":{"type":"Polygon","coordinates":[[[7.5304,45.3718],[7.5293,45.3694],[7.5313,45.3595],[7.5416,45.339],[7.545,45.3374],[7.5579,45.3248],[7.5561,45.3186],[7.5529,45.3164],[7.5546,45.31],[7.5603,45.3033],[7.5629,45.2985],[7.5622,45.2881],[7.5663,45.2861],[7.5607,45.2841],[7.5519,45.2823],[7.5505,45.2851],[7.5476,45.2879],[7.5338,45.2936],[7.5307,45.2937],[7.5269,45.2927],[7.5254,45.2902],[7.5237,45.2897],[7.5202,45.29],[7.5161,45.2923],[7.5002,45.2965],[7.4989,45.2991],[7.498,45.3044],[7.4934,45.3121],[7.4954,45.3173],[7.4942,45.3229],[7.4919,45.3279],[7.487,45.3329],[7.4807,45.3448],[7.4766,45.3545],[7.4714,45.3584],[7.4909,45.3714],[7.494,45.37],[7.5029,45.3727],[7.5174,45.3716],[7.5304,45.3718]]]}},{"type":"Feature","properties":{"i":"001095","n":"Cossano Canavese"},"geometry":{"type":"Polygon","coordinates":[[[8.0089,45.3979],[8.0126,45.3932],[8.008,45.387],[8.0098,45.3757],[7.9911,45.3778],[7.9909,45.3818],[7.9879,45.3841],[7.9897,45.3899],[7.9938,45.3939],[7.9919,45.3959],[7.9937,45.3974],[7.9975,45.3984],[7.9984,45.3963],[7.9937,45.3929],[7.9942,45.3921],[7.9974,45.3921],[8.0026,45.3939],[8.0051,45.3964],[8.0089,45.3979]]]}},{"type":"Feature","properties":{"i":"001096","n":"Cuceglio"},"geometry":{"type":"Polygon","coordinates":[[[7.8319,45.3558],[7.8309,45.35],[7.8138,45.3434],[7.8064,45.3435],[7.7932,45.3521],[7.7911,45.3541],[7.7892,45.3588],[7.7948,45.3572],[7.7991,45.3579],[7.802,45.365],[7.8028,45.3749],[7.8089,45.3723],[7.8189,45.3748],[7.8208,45.3733],[7.8272,45.3608],[7.8306,45.3561],[7.8319,45.3558]]]}},{"type":"Feature","properties":{"i":"001097","n":"Cumiana"},"geometry":{"type":"Polygon","coordinates":[[[7.3768,45.0065],[7.3882,45.0016],[7.3964,44.9963],[7.4064,44.9856],[7.4263,44.9694],[7.4297,44.9692],[7.4518,44.9573],[7.4736,44.9494],[7.4731,44.9479],[7.4647,44.9399],[7.4646,44.9387],[7.4663,44.9362],[7.4493,44.9331],[7.4325,44.9263],[7.4243,44.9255],[7.4163,44.9281],[7.4146,44.9318],[7.4098,44.9368],[7.4058,44.9405],[7.403,44.9419],[7.3811,44.9392],[7.3692,44.9385],[7.3648,44.939],[7.3575,44.9425],[7.355,44.9448],[7.3571,44.9479],[7.3576,44.9504],[7.3566,44.9542],[7.354,44.9583],[7.3401,44.9663],[7.3258,44.9712],[7.3172,44.9726],[7.3116,44.9747],[7.3011,44.9739],[7.2946,44.9759],[7.2895,44.9798],[7.3038,44.9863],[7.3094,44.9868],[7.3167,44.9908],[7.3212,44.9979],[7.3394,45.0052],[7.3607,45.0074],[7.3768,45.0065]]]}},{"type":"Feature","properties":{"i":"001098","n":"Cuorgnè"},"geometry":{"type":"Polygon","coordinates":[[[7.661,45.4093],[7.6652,45.4039],[7.6647,45.3989],[7.6673,45.3944],[7.6657,45.3914],[7.6671,45.3883],[7.675,45.3859],[7.6701,45.3807],[7.649,45.3815],[7.6392,45.3792],[7.639,45.3801],[7.6351,45.3825],[7.634,45.3809],[7.629,45.3793],[7.6294,45.3835],[7.6219,45.3873],[7.6154,45.3883],[7.6035,45.3927],[7.6042,45.3967],[7.6028,45.3972],[7.5981,45.3967],[7.5896,45.3931],[7.581,45.395],[7.5823,45.3971],[7.5947,45.4055],[7.5977,45.409],[7.6179,45.4148],[7.6302,45.4249],[7.6307,45.4278],[7.6349,45.4279],[7.6444,45.4133],[7.6541,45.4089],[7.661,45.4093]]]}},{"type":"Feature","properties":{"i":"001099","n":"Druento"},"geometry":{"type":"Polygon","coordinates":[[[7.5874,45.1758],[7.5836,45.1737],[7.5832,45.1723],[7.5845,45.1627],[7.5944,45.1464],[7.5988,45.1445],[7.6002,45.1431],[7.6038,45.1357],[7.6047,45.1298],[7.6044,45.1241],[7.607,45.1203],[7.6011,45.123],[7.5819,45.1142],[7.5805,45.1143],[7.5664,45.1258],[7.5602,45.1294],[7.5538,45.1301],[7.5488,45.1328],[7.5478,45.1378],[7.5474,45.1499],[7.535,45.1585],[7.5337,45.1628],[7.5355,45.1687],[7.5405,45.1771],[7.5399,45.184],[7.5467,45.1854],[7.5552,45.1888],[7.5645,45.1882],[7.5733,45.1858],[7.5852,45.1765],[7.5874,45.1758]]]}},{"type":"Feature","properties":{"i":"001100","n":"Exilles"},"geometry":{"type":"Polygon","coordinates":[[[6.9484,45.1324],[6.947,45.131],[6.9483,45.1286],[6.9558,45.124],[6.9596,45.1151],[6.9622,45.1025],[6.9658,45.0939],[6.9642,45.0896],[6.9645,45.0806],[6.9708,45.0707],[6.9676,45.0696],[6.9623,45.0704],[6.956,45.0697],[6.9484,45.0628],[6.9351,45.0603],[6.9266,45.065],[6.9103,45.0793],[6.9079,45.0826],[6.9088,45.0913],[6.89,45.1063],[6.8866,45.1076],[6.8652,45.1103],[6.8526,45.1078],[6.8486,45.1095],[6.8483,45.1138],[6.8517,45.1162],[6.8532,45.1231],[6.8523,45.128],[6.8699,45.1342],[6.8939,45.1373],[6.8979,45.1413],[6.9018,45.1422],[6.9127,45.1424],[6.9265,45.1351],[6.9399,45.1345],[6.9484,45.1324]]]}},{"type":"Feature","properties":{"i":"001101","n":"Favria"},"geometry":{"type":"Polygon","coordinates":[[[7.7033,45.3379],[7.7019,45.3158],[7.7025,45.2938],[7.6927,45.2939],[7.6916,45.2886],[7.6917,45.2788],[7.6898,45.2759],[7.6751,45.2831],[7.6719,45.2914],[7.6681,45.2964],[7.6671,45.2991],[7.6668,45.3062],[7.6715,45.332],[7.6759,45.3377],[7.7033,45.3379]]]}},{"type":"Feature","properties":{"i":"001102","n":"Feletto"},"geometry":{"type":"Polygon","coordinates":[[[7.784,45.2809],[7.784,45.2795],[7.7746,45.2765],[7.7703,45.2763],[7.7666,45.2789],[7.7649,45.2815],[7.7571,45.2867],[7.747,45.2894],[7.7408,45.2925],[7.7345,45.3027],[7.736,45.3067],[7.7433,45.3115],[7.7479,45.3126],[7.7549,45.313],[7.7669,45.3026],[7.7739,45.2952],[7.7775,45.2912],[7.784,45.2809]]]}},{"type":"Feature","properties":{"i":"001103","n":"Fenestrelle"},"geometry":{"type":"Polygon","coordinates":[[[7.1072,45.0644],[7.107,45.0623],[7.102,45.06],[7.1003,45.0577],[7.0993,45.0562],[7.0993,45.0536],[7.1091,45.0372],[7.1083,45.0321],[7.1068,45.0275],[7.0974,45.0101],[7.0954,45.0017],[7.0914,44.9967],[7.0863,44.994],[7.059,44.9936],[7.0569,44.9924],[7.0545,44.9894],[7.0462,44.9889],[7.009,44.9907],[7.0003,44.9897],[6.9903,44.9946],[6.9899,44.9962],[6.9942,45.0109],[7.0109,45.0165],[7.0247,45.0189],[7.0322,45.0258],[7.0332,45.032],[7.033,45.0344],[7.0315,45.0356],[7.0342,45.0433],[7.0486,45.0497],[7.0576,45.055],[7.069,45.0648],[7.0784,45.066],[7.0982,45.0632],[7.1036,45.0645],[7.1072,45.0644]]]}},{"type":"Feature","properties":{"i":"001104","n":"Fiano"},"geometry":{"type":"Polygon","coordinates":[[[7.534,45.2302],[7.5403,45.2226],[7.5383,45.2171],[7.5504,45.2043],[7.5608,45.1886],[7.5563,45.1891],[7.5467,45.1854],[7.5399,45.184],[7.5282,45.2018],[7.5257,45.2021],[7.5217,45.2012],[7.5185,45.2059],[7.5186,45.2094],[7.5071,45.2166],[7.512,45.2169],[7.5104,45.2205],[7.5036,45.2258],[7.4989,45.2281],[7.4872,45.2314],[7.4811,45.2357],[7.4834,45.2401],[7.5129,45.2261],[7.5175,45.227],[7.5203,45.2289],[7.5201,45.234],[7.5175,45.2374],[7.5236,45.2355],[7.534,45.2302]]]}},{"type":"Feature","properties":{"i":"001105","n":"Fiorano Canavese"},"geometry":{"type":"Polygon","coordinates":[[[7.851,45.4775],[7.8419,45.4769],[7.8435,45.4731],[7.8461,45.4702],[7.8444,45.4673],[7.8452,45.466],[7.8277,45.4551],[7.8206,45.4537],[7.814,45.457],[7.8136,45.4656],[7.8164,45.4674],[7.82,45.4716],[7.842,45.4787],[7.8463,45.4823],[7.851,45.4775]]]}},{"type":"Feature","properties":{"i":"001106","n":"Foglizzo"},"geometry":{"type":"Polygon","coordinates":[[[7.8391,45.2957],[7.8378,45.2898],[7.8383,45.2863],[7.8432,45.2822],[7.8468,45.2762],[7.8461,45.2703],[7.8425,45.2661],[7.8404,45.258],[7.8407,45.2528],[7.8422,45.2483],[7.8344,45.2433],[7.8166,45.2444],[7.8028,45.2496],[7.7943,45.2691],[7.7906,45.2721],[7.8064,45.2758],[7.8127,45.2758],[7.8187,45.277],[7.8175,45.2825],[7.8208,45.2955],[7.8391,45.2957]]]}},{"type":"Feature","properties":{"i":"001107","n":"Forno Canavese"},"geometry":{"type":"Polygon","coordinates":[[[7.586,45.3569],[7.5866,45.3497],[7.5917,45.3492],[7.6006,45.3436],[7.6005,45.3424],[7.6022,45.3425],[7.6071,45.3393],[7.61,45.3337],[7.6071,45.3339],[7.606,45.3331],[7.606,45.3308],[7.6084,45.3261],[7.6104,45.3257],[7.61,45.3253],[7.6082,45.3243],[7.5995,45.3245],[7.5935,45.329],[7.5911,45.3318],[7.5868,45.3346],[7.5769,45.3323],[7.5701,45.3287],[7.5567,45.3354],[7.5464,45.3388],[7.5416,45.339],[7.5313,45.3595],[7.5293,45.3694],[7.5304,45.3718],[7.5479,45.3662],[7.566,45.3624],[7.5786,45.3606],[7.5804,45.361],[7.586,45.3569]]]}},{"type":"Feature","properties":{"i":"001108","n":"Frassinetto"},"geometry":{"type":"Polygon","coordinates":[[[7.6419,45.4585],[7.6384,45.4514],[7.6407,45.4441],[7.6438,45.4384],[7.6372,45.4344],[7.6322,45.4333],[7.6292,45.4312],[7.6217,45.433],[7.601,45.4296],[7.5984,45.4315],[7.5968,45.4345],[7.5935,45.4444],[7.5895,45.4477],[7.5879,45.4555],[7.5892,45.4589],[7.5896,45.4632],[7.5912,45.4659],[7.5945,45.4698],[7.604,45.4719],[7.6123,45.478],[7.6165,45.4827],[7.6201,45.4904],[7.6211,45.4952],[7.6203,45.512],[7.6185,45.5148],[7.6293,45.5105],[7.636,45.5047],[7.6378,45.5023],[7.636,45.5006],[7.6364,45.499],[7.6463,45.4838],[7.6493,45.4774],[7.6453,45.4706],[7.6387,45.4667],[7.6374,45.4612],[7.6419,45.4585]]]}},{"type":"Feature","properties":{"i":"001109","n":"Front"},"geometry":{"type":"Polygon","coordinates":[[[7.6681,45.2964],[7.6719,45.2914],[7.6751,45.2831],[7.6898,45.2759],[7.6907,45.2771],[7.7016,45.2708],[7.699,45.2663],[7.699,45.263],[7.6881,45.2606],[7.6731,45.2598],[7.6678,45.2575],[7.6659,45.2545],[7.6622,45.2547],[7.6623,45.262],[7.6553,45.2703],[7.6405,45.269],[7.6291,45.2698],[7.6266,45.2719],[7.6286,45.2751],[7.6375,45.2783],[7.6518,45.2797],[7.6589,45.2819],[7.6589,45.288],[7.6615,45.2939],[7.6647,45.2982],[7.6681,45.2964]]]}},{"type":"Feature","properties":{"i":"001110","n":"Frossasco"},"geometry":{"type":"MultiPolygon","coordinates":[[[[7.4146,44.9318],[7.4094,44.9317],[7.3931,44.9278],[7.3905,44.9197],[7.395,44.9169],[7.3987,44.9166],[7.4025,44.9142],[7.4053,44.9092],[7.3946,44.9064],[7.3909,44.9074],[7.3865,44.9064],[7.3751,44.9066],[7.3439,44.9218],[7.3407,44.9239],[7.3393,44.9286],[7.3266,44.9321],[7.3159,44.9338],[7.3301,44.9359],[7.337,44.9349],[7.3489,44.9375],[7.3575,44.9425],[7.3648,44.939],[7.3692,44.9385],[7.403,44.9419],[7.4065,44.9399],[7.4146,44.9318]]],[[[7.3172,44.9726],[7.313,44.9653],[7.3156,44.9601],[7.319,44.9581],[7.3155,44.9529],[7.3097,44.9508],[7.2978,44.9511],[7.2933,44.9575],[7.2922,44.9642],[7.2944,44.9758],[7.304,44.9737],[7.3116,44.9747],[7.3172,44.9726]]]]}},{"type":"Feature","properties":{"i":"001111","n":"Garzigliana"},"geometry":{"type":"Polygon","coordinates":[[[7.3928,44.8408],[7.3916,44.8364],[7.3843,44.8261],[7.3828,44.8248],[7.3753,44.8241],[7.3665,44.8237],[7.3502,44.8245],[7.3454,44.8231],[7.3396,44.8367],[7.3513,44.8379],[7.3736,44.8425],[7.375,44.8469],[7.38,44.8468],[7.3838,44.8457],[7.3929,44.8425],[7.3928,44.8408]]]}},{"type":"Feature","properties":{"i":"001112","n":"Gassino Torinese"},"geometry":{"type":"Polygon","coordinates":[[[7.8714,45.1351],[7.8734,45.1301],[7.8657,45.1242],[7.8587,45.1219],[7.8591,45.1202],[7.8609,45.1187],[7.8555,45.1122],[7.8548,45.1096],[7.8556,45.1047],[7.8532,45.0957],[7.8535,45.0837],[7.8548,45.0821],[7.8445,45.0776],[7.8433,45.0807],[7.8378,45.087],[7.8281,45.093],[7.82,45.0877],[7.8176,45.092],[7.8171,45.0971],[7.8232,45.0996],[7.8249,45.1025],[7.8242,45.1074],[7.822,45.1126],[7.8206,45.1202],[7.8231,45.124],[7.8155,45.1305],[7.8019,45.1388],[7.8056,45.1383],[7.808,45.1388],[7.8321,45.1542],[7.8351,45.1515],[7.838,45.1471],[7.8421,45.1395],[7.843,45.1359],[7.8475,45.1334],[7.8494,45.1328],[7.8714,45.1351]]]}},{"type":"Feature","properties":{"i":"001113","n":"Germagnano"},"geometry":{"type":"Polygon","coordinates":[[[7.4848,45.2523],[7.4811,45.2423],[7.4744,45.2403],[7.4677,45.2356],[7.4666,45.2295],[7.4443,45.2358],[7.4336,45.2374],[7.4245,45.2422],[7.4209,45.2463],[7.4312,45.2459],[7.4351,45.2515],[7.4396,45.2645],[7.4468,45.2706],[7.4493,45.2708],[7.4499,45.2756],[7.4551,45.2776],[7.457,45.274],[7.4602,45.2737],[7.475,45.2664],[7.4802,45.2588],[7.482,45.2545],[7.4848,45.2523]]]}},{"type":"Feature","properties":{"i":"001114","n":"Giaglione"},"geometry":{"type":"Polygon","coordinates":[[[6.9475,45.1705],[6.9545,45.1701],[6.9707,45.1646],[6.9797,45.1641],[6.9873,45.1614],[7.0007,45.1497],[7.0263,45.1464],[7.0365,45.1437],[7.0381,45.1426],[7.0369,45.1398],[7.0306,45.1357],[7.0265,45.1341],[7.0223,45.134],[7.0156,45.1352],[7.0058,45.1339],[6.9984,45.1318],[6.9901,45.1336],[6.98,45.1336],[6.9522,45.131],[6.9399,45.1345],[6.9265,45.1351],[6.9127,45.1424],[6.9018,45.1422],[6.8979,45.1413],[6.8961,45.1434],[6.8896,45.1476],[6.8861,45.1541],[6.8878,45.1603],[6.8943,45.1688],[6.9114,45.1669],[6.9238,45.1688],[6.932,45.1711],[6.9475,45.1705]]]}},{"type":"Feature","properties":{"i":"001115","n":"Giaveno"},"geometry":{"type":"Polygon","coordinates":[[[7.3834,45.0431],[7.3826,45.0423],[7.3822,45.0383],[7.3826,45.0223],[7.377,45.02],[7.3658,45.0074],[7.3394,45.0052],[7.3366,45.0043],[7.3212,44.9979],[7.3167,44.9908],[7.3094,44.9868],[7.3038,44.9863],[7.2895,44.9798],[7.2839,44.9845],[7.2711,44.9981],[7.2664,45.0006],[7.2593,45.0022],[7.2414,45.0042],[7.2374,45.0036],[7.2306,45.0001],[7.2249,45.0016],[7.2158,45.002],[7.2116,45.0059],[7.2119,45.0163],[7.2152,45.021],[7.2449,45.0347],[7.252,45.0424],[7.2583,45.0458],[7.2666,45.0488],[7.2756,45.0503],[7.3043,45.0454],[7.323,45.0471],[7.3313,45.0492],[7.3252,45.0495],[7.3208,45.0507],[7.3168,45.0528],[7.3145,45.0555],[7.3139,45.0568],[7.315,45.0629],[7.3134,45.0672],[7.3141,45.0695],[7.3179,45.0697],[7.3216,45.0682],[7.3251,45.0639],[7.3414,45.0639],[7.352,45.0602],[7.3586,45.0651],[7.3604,45.0716],[7.3633,45.0626],[7.3703,45.0518],[7.3811,45.0434],[7.3834,45.0431]]]}},{"type":"Feature","properties":{"i":"001116","n":"Givoletto"},"geometry":{"type":"Polygon","coordinates":[[[7.5268,45.1551],[7.5286,45.15],[7.5263,45.1478],[7.5129,45.145],[7.5055,45.1413],[7.5008,45.1443],[7.4927,45.1451],[7.4856,45.1544],[7.4768,45.1584],[7.4691,45.1597],[7.4652,45.1628],[7.4616,45.1726],[7.4611,45.1762],[7.4794,45.1798],[7.4809,45.1809],[7.4976,45.1773],[7.5107,45.1723],[7.5127,45.1705],[7.5164,45.1644],[7.5195,45.1575],[7.5249,45.1548],[7.5268,45.1551]]]}},{"type":"Feature","properties":{"i":"001117","n":"Gravere"},"geometry":{"type":"Polygon","coordinates":[[[7.0534,45.128],[7.0521,45.126],[7.0465,45.1067],[7.0514,45.0927],[7.0454,45.0775],[7.0439,45.0786],[7.0309,45.076],[7.0201,45.0766],[7.0161,45.0848],[7.0074,45.112],[7.0051,45.1236],[7.0069,45.1295],[7.0045,45.1332],[7.0156,45.1352],[7.0223,45.134],[7.0262,45.1341],[7.0312,45.1363],[7.0393,45.1304],[7.0534,45.128]]]}},{"type":"Feature","properties":{"i":"001118","n":"Groscavallo"},"geometry":{"type":"Polygon","coordinates":[[[7.31,45.4105],[7.3124,45.4086],[7.3156,45.3992],[7.3154,45.3949],[7.3076,45.3922],[7.3061,45.391],[7.305,45.3879],[7.3066,45.3857],[7.3101,45.3737],[7.3106,45.3671],[7.3074,45.3598],[7.301,45.3572],[7.296,45.3503],[7.2956,45.3469],[7.297,45.3419],[7.2832,45.3401],[7.2711,45.3415],[7.2605,45.3408],[7.2373,45.3358],[7.2281,45.3346],[7.224,45.3335],[7.2183,45.3304],[7.2186,45.3251],[7.2082,45.3224],[7.1937,45.3237],[7.1724,45.332],[7.1656,45.3338],[7.1606,45.3326],[7.1582,45.331],[7.1467,45.3297],[7.1332,45.331],[7.135,45.3323],[7.1351,45.3338],[7.1315,45.3406],[7.1337,45.3478],[7.1385,45.3512],[7.1548,45.3562],[7.1644,45.3607],[7.1606,45.3634],[7.1589,45.3702],[7.1593,45.3731],[7.1633,45.3818],[7.1669,45.385],[7.1717,45.3862],[7.1785,45.3919],[7.1778,45.3945],[7.179,45.3969],[7.1824,45.401],[7.1856,45.4031],[7.2072,45.3998],[7.215,45.3968],[7.2175,45.3941],[7.223,45.393],[7.2301,45.396],[7.2324,45.3992],[7.2375,45.4004],[7.2508,45.4013],[7.2621,45.4063],[7.2709,45.4111],[7.2804,45.4142],[7.2862,45.4145],[7.2948,45.4161],[7.31,45.4105]]]}},{"type":"Feature","properties":{"i":"001119","n":"Grosso"},"geometry":{"type":"Polygon","coordinates":[[[7.5606,45.2477],[7.5533,45.2502],[7.5547,45.2553],[7.5611,45.2673],[7.5574,45.2729],[7.5533,45.276],[7.552,45.2793],[7.5519,45.2823],[7.5607,45.2841],[7.5707,45.2791],[7.5739,45.2647],[7.5705,45.2565],[7.5674,45.2526],[7.5623,45.2511],[7.5606,45.2477]]]}},{"type":"Feature","properties":{"i":"001120","n":"Grugliasco"},"geometry":{"type":"Polygon","coordinates":[[[7.6035,45.0712],[7.6084,45.0704],[7.6123,45.067],[7.6111,45.0655],[7.6094,45.065],[7.6076,45.0605],[7.6195,45.0592],[7.6235,45.0538],[7.6175,45.041],[7.6117,45.0338],[7.5865,45.0446],[7.5804,45.0443],[7.5778,45.0418],[7.5712,45.0475],[7.5717,45.0493],[7.5576,45.0689],[7.5581,45.0706],[7.5703,45.0692],[7.6035,45.0712]]]}},{"type":"Feature","properties":{"i":"001121","n":"Ingria"},"geometry":{"type":"Polygon","coordinates":[[[7.5896,45.4632],[7.5807,45.4617],[7.5817,45.4605],[7.5804,45.4576],[7.5775,45.4557],[7.5678,45.4516],[7.5577,45.4545],[7.5576,45.4566],[7.5491,45.4593],[7.5415,45.4594],[7.5477,45.4647],[7.5523,45.4663],[7.5623,45.478],[7.5685,45.4816],[7.5782,45.4865],[7.5906,45.4882],[7.5963,45.4899],[7.6038,45.4957],[7.6082,45.5002],[7.6131,45.5095],[7.6147,45.5158],[7.6185,45.5148],[7.6203,45.512],[7.6211,45.4952],[7.6201,45.4904],[7.6165,45.4827],[7.6123,45.478],[7.604,45.4719],[7.594,45.4694],[7.5896,45.4632]]]}},{"type":"Feature","properties":{"i":"001122","n":"Inverso Pinasca"},"geometry":{"type":"Polygon","coordinates":[[[7.2357,44.927],[7.2372,44.9237],[7.2318,44.9188],[7.2251,44.9166],[7.2195,44.9165],[7.2175,44.9168],[7.2155,44.9191],[7.2109,44.9222],[7.1996,44.9275],[7.1961,44.9279],[7.195,44.9328],[7.1958,44.9403],[7.1999,44.9488],[7.2009,44.9546],[7.205,44.9521],[7.2164,44.9489],[7.2234,44.9425],[7.2227,44.9415],[7.2232,44.9403],[7.2273,44.934],[7.2328,44.9306],[7.2357,44.927]]]}},{"type":"Feature","properties":{"i":"001123","n":"Isolabella"},"geometry":{"type":"Polygon","coordinates":[[[7.9201,44.9154],[7.9203,44.9088],[7.9254,44.9051],[7.9263,44.9029],[7.9246,44.8993],[7.9198,44.8928],[7.9151,44.892],[7.914,44.8931],[7.9003,44.895],[7.8944,44.897],[7.8936,44.9],[7.9015,44.9065],[7.901,44.9126],[7.8994,44.9163],[7.9201,44.9171],[7.9201,44.9154]]]}},{"type":"Feature","properties":{"i":"001124","n":"Issiglio"},"geometry":{"type":"Polygon","coordinates":[[[7.7383,45.454],[7.7427,45.4512],[7.7444,45.4519],[7.7498,45.4511],[7.7508,45.4502],[7.7509,45.452],[7.7517,45.4529],[7.7613,45.4502],[7.76,45.4459],[7.7573,45.4419],[7.7456,45.4382],[7.744,45.4363],[7.7393,45.4335],[7.7381,45.438],[7.7276,45.4435],[7.7203,45.4484],[7.7177,45.4519],[7.7162,45.4581],[7.7183,45.463],[7.7219,45.464],[7.732,45.4586],[7.7335,45.4554],[7.7383,45.454]]]}},{"type":"Feature","properties":{"i":"001125","n":"Ivrea"},"geometry":{"type":"Polygon","coordinates":[[[7.895,45.4835],[7.8986,45.4817],[7.8992,45.4783],[7.9045,45.4718],[7.9129,45.4735],[7.9148,45.4746],[7.9194,45.4677],[7.9263,45.4649],[7.9283,45.4598],[7.9271,45.4577],[7.9283,45.45],[7.9268,45.4482],[7.9232,45.4479],[7.9173,45.4449],[7.9164,45.439],[7.9167,45.4377],[7.9229,45.4302],[7.9307,45.4132],[7.9258,45.4185],[7.9118,45.4189],[7.904,45.4174],[7.903,45.4268],[7.8918,45.4263],[7.8903,45.4256],[7.8904,45.4234],[7.8881,45.4207],[7.8852,45.4201],[7.8831,45.4214],[7.8837,45.4245],[7.8825,45.4266],[7.8761,45.4279],[7.8713,45.4329],[7.8674,45.4395],[7.8671,45.443],[7.8607,45.4479],[7.8585,45.4487],[7.8617,45.453],[7.8629,45.4622],[7.8535,45.4729],[7.8526,45.4715],[7.8529,45.4679],[7.8502,45.4691],[7.8503,45.4698],[7.8444,45.4722],[7.8419,45.4768],[7.8453,45.4776],[7.851,45.4775],[7.8715,45.4858],[7.877,45.4898],[7.8794,45.4901],[7.8798,45.4889],[7.886,45.4828],[7.8922,45.4826],[7.895,45.4835]]]}},{"type":"Feature","properties":{"i":"001126","n":"La Cassa"},"geometry":{"type":"Polygon","coordinates":[[[7.5399,45.184],[7.5405,45.1771],[7.5355,45.1687],[7.5337,45.1628],[7.535,45.1585],[7.5254,45.1547],[7.5194,45.1576],[7.5188,45.1602],[7.5164,45.1644],[7.5127,45.1705],[7.5107,45.1723],[7.4976,45.1773],[7.4809,45.1809],[7.4874,45.1855],[7.4983,45.1908],[7.5207,45.199],[7.5217,45.2012],[7.5257,45.2021],[7.5282,45.2018],[7.5399,45.184]]]}},{"type":"Feature","properties":{"i":"001127","n":"La Loggia"},"geometry":{"type":"Polygon","coordinates":[[[7.6921,44.9374],[7.6869,44.9377],[7.6846,44.9339],[7.6746,44.9323],[7.6677,44.9334],[7.6551,44.9381],[7.6512,44.9375],[7.6483,44.9385],[7.65,44.9405],[7.6504,44.9439],[7.6541,44.949],[7.653,44.9549],[7.6556,44.9615],[7.6587,44.9662],[7.6627,44.9675],[7.6667,44.9676],[7.6766,44.9713],[7.6808,44.9742],[7.6886,44.9764],[7.6922,44.9741],[7.6995,44.9656],[7.7017,44.9606],[7.7004,44.9566],[7.6938,44.9501],[7.683,44.9511],[7.6822,44.9507],[7.6808,44.9475],[7.6817,44.9456],[7.683,44.9448],[7.6945,44.9439],[7.6967,44.9428],[7.6971,44.9411],[7.6964,44.9392],[7.6921,44.9374]]]}},{"type":"Feature","properties":{"i":"001128","n":"Lanzo Torinese"},"geometry":{"type":"Polygon","coordinates":[[[7.5007,45.2626],[7.4976,45.2611],[7.4882,45.2539],[7.4848,45.2523],[7.482,45.2545],[7.4802,45.2588],[7.475,45.2664],[7.4645,45.2719],[7.4567,45.2743],[7.4552,45.2771],[7.4557,45.2794],[7.4539,45.2837],[7.4507,45.2868],[7.4469,45.2885],[7.4597,45.2903],[7.463,45.2886],[7.4697,45.2883],[7.4716,45.2889],[7.4722,45.2914],[7.4886,45.2913],[7.4934,45.2893],[7.4936,45.2855],[7.4981,45.2811],[7.5035,45.2699],[7.5031,45.2673],[7.5007,45.2626]]]}},{"type":"Feature","properties":{"i":"001129","n":"Lauriano"},"geometry":{"type":"Polygon","coordinates":[[[8.0123,45.1411],[8.0056,45.1356],[8.0048,45.1315],[8.0063,45.1287],[8.0032,45.1276],[7.9994,45.1276],[7.9897,45.1293],[7.9851,45.1275],[7.9803,45.1238],[7.9751,45.1336],[7.9653,45.1428],[7.9725,45.1476],[7.9763,45.1519],[7.9766,45.1542],[7.9734,45.1658],[7.973,45.1713],[7.9762,45.1725],[7.9775,45.1748],[7.9871,45.1797],[8.0049,45.1807],[8.0063,45.1681],[8.0051,45.1616],[8.0026,45.1577],[8.0007,45.1516],[8.0018,45.1482],[8.0073,45.1438],[8.0123,45.1411]]]}},{"type":"Feature","properties":{"i":"001130","n":"Leini"},"geometry":{"type":"Polygon","coordinates":[[[7.7372,45.2165],[7.7384,45.2165],[7.7389,45.2117],[7.7362,45.2067],[7.735,45.1979],[7.7481,45.1907],[7.7517,45.186],[7.7578,45.1751],[7.7593,45.1713],[7.7591,45.1678],[7.7542,45.1606],[7.7497,45.1587],[7.74,45.1523],[7.7334,45.1493],[7.7285,45.1483],[7.7283,45.1476],[7.7223,45.148],[7.7198,45.1568],[7.7085,45.1642],[7.7049,45.1688],[7.6991,45.1715],[7.6942,45.1707],[7.6875,45.1827],[7.6848,45.1948],[7.6907,45.2139],[7.6912,45.23],[7.7092,45.2224],[7.7372,45.2165]]]}},{"type":"Feature","properties":{"i":"001131","n":"Lemie"},"geometry":{"type":"Polygon","coordinates":[[[7.2892,45.27],[7.291,45.2682],[7.2927,45.2611],[7.3167,45.2373],[7.3194,45.2291],[7.3215,45.2154],[7.3224,45.2136],[7.3259,45.2105],[7.333,45.1984],[7.3318,45.1953],[7.3262,45.1908],[7.3266,45.1883],[7.3194,45.1879],[7.3073,45.1897],[7.296,45.1872],[7.2903,45.1847],[7.2853,45.1867],[7.2817,45.1896],[7.2816,45.1924],[7.278,45.194],[7.256,45.1965],[7.2516,45.1976],[7.254,45.2057],[7.2553,45.2172],[7.252,45.2299],[7.2565,45.2375],[7.2497,45.2455],[7.2414,45.2487],[7.233,45.2557],[7.228,45.2578],[7.24,45.2624],[7.2443,45.2689],[7.252,45.2676],[7.2573,45.268],[7.2695,45.2704],[7.2806,45.2737],[7.285,45.2724],[7.2892,45.27]]]}},{"type":"Feature","properties":{"i":"001132","n":"Lessolo"},"geometry":{"type":"Polygon","coordinates":[[[7.8379,45.4961],[7.8418,45.4868],[7.8463,45.4823],[7.842,45.4787],[7.82,45.4716],[7.8164,45.4674],[7.812,45.4647],[7.8064,45.4648],[7.7996,45.4681],[7.8004,45.4726],[7.8097,45.4874],[7.8129,45.4901],[7.8141,45.4942],[7.814,45.4978],[7.8165,45.502],[7.8198,45.4998],[7.8293,45.4962],[7.8371,45.495],[7.8379,45.4961]]]}},{"type":"Feature","properties":{"i":"001133","n":"Levone"},"geometry":{"type":"Polygon","coordinates":[[[7.6104,45.3257],[7.6149,45.3263],[7.6167,45.3257],[7.6171,45.323],[7.6131,45.323],[7.6143,45.321],[7.6188,45.318],[7.6258,45.3107],[7.626,45.3078],[7.6185,45.3065],[7.6071,45.3069],[7.6073,45.3082],[7.6048,45.3124],[7.5918,45.3162],[7.5909,45.3198],[7.589,45.3211],[7.5701,45.3287],[7.5769,45.3323],[7.5868,45.3346],[7.5911,45.3318],[7.5935,45.329],[7.5995,45.3245],[7.6082,45.3243],[7.6104,45.3257]]]}},{"type":"Feature","properties":{"i":"001134","n":"Locana"},"geometry":{"type":"Polygon","coordinates":[[[7.3757,45.5165],[7.3776,45.5139],[7.3761,45.5097],[7.3799,45.5071],[7.3824,45.5068],[7.3914,45.5089],[7.3932,45.5124],[7.3996,45.5154],[7.4222,45.5084],[7.4197,45.5067],[7.4175,45.5019],[7.4175,45.4947],[7.4199,45.4891],[7.4399,45.4628],[7.4421,45.4523],[7.4417,45.4464],[7.4427,45.4438],[7.452,45.4384],[7.4598,45.4384],[7.4679,45.4333],[7.471,45.4293],[7.4718,45.4264],[7.4715,45.4234],[7.4746,45.4197],[7.4793,45.42],[7.4845,45.4188],[7.4919,45.412],[7.5106,45.4113],[7.5111,45.4037],[7.5094,45.3996],[7.4966,45.3923],[7.4951,45.3909],[7.4922,45.3854],[7.4895,45.3791],[7.4909,45.3714],[7.4714,45.3584],[7.4648,45.3578],[7.4628,45.3581],[7.4526,45.3652],[7.4418,45.3663],[7.4202,45.3737],[7.3912,45.375],[7.3872,45.3758],[7.3865,45.3811],[7.3919,45.3863],[7.3902,45.3887],[7.3842,45.3917],[7.3677,45.3931],[7.3627,45.3942],[7.3612,45.3956],[7.3606,45.399],[7.3584,45.4018],[7.3445,45.4113],[7.3466,45.4146],[7.357,45.4237],[7.3602,45.4279],[7.3615,45.4332],[7.3613,45.4448],[7.363,45.4537],[7.3612,45.4565],[7.3497,45.4653],[7.348,45.4785],[7.3406,45.4879],[7.3332,45.4935],[7.3323,45.4985],[7.3327,45.5033],[7.323,45.5145],[7.3279,45.5183],[7.3338,45.5207],[7.3496,45.522],[7.3593,45.5259],[7.364,45.5251],[7.367,45.5234],[7.3705,45.5173],[7.3757,45.5165]]]}},{"type":"Feature","properties":{"i":"001135","n":"Lombardore"},"geometry":{"type":"Polygon","coordinates":[[[7.7378,45.2194],[7.7372,45.2165],[7.7169,45.2205],[7.7092,45.2224],[7.6906,45.2302],[7.6901,45.2309],[7.6913,45.2436],[7.6956,45.2425],[7.7195,45.2429],[7.7325,45.2456],[7.7388,45.2496],[7.762,45.2538],[7.7615,45.25],[7.7564,45.2424],[7.7548,45.2372],[7.757,45.2333],[7.7487,45.2287],[7.74,45.2286],[7.737,45.2217],[7.7378,45.2194]]]}},{"type":"Feature","properties":{"i":"001136","n":"Lombriasco"},"geometry":{"type":"Polygon","coordinates":[[[7.6481,44.8489],[7.6467,44.8467],[7.6508,44.8452],[7.6603,44.8374],[7.6555,44.8354],[7.6574,44.8332],[7.6571,44.8164],[7.6514,44.8189],[7.6506,44.8227],[7.6524,44.8259],[7.6533,44.8314],[7.6478,44.8396],[7.6451,44.8422],[7.644,44.8428],[7.6398,44.8409],[7.6372,44.8388],[7.6368,44.838],[7.6391,44.8358],[7.6333,44.8329],[7.6274,44.8323],[7.621,44.8393],[7.6209,44.847],[7.6185,44.8472],[7.6175,44.8455],[7.6137,44.8472],[7.6124,44.849],[7.6164,44.8574],[7.6198,44.86],[7.6271,44.8592],[7.6325,44.8607],[7.6337,44.8606],[7.642,44.8551],[7.6449,44.8552],[7.6495,44.8537],[7.6504,44.8489],[7.6481,44.8489]]]}},{"type":"Feature","properties":{"i":"001137","n":"Loranzè"},"geometry":{"type":"Polygon","coordinates":[[[7.8277,45.4551],[7.8275,45.4474],[7.8266,45.4439],[7.8037,45.4369],[7.7944,45.4358],[7.7937,45.4345],[7.7884,45.4377],[7.794,45.4479],[7.7964,45.4493],[7.8118,45.454],[7.814,45.457],[7.8206,45.4537],[7.8277,45.4551]]]}},{"type":"Feature","properties":{"i":"001139","n":"Luserna San Giovanni"},"geometry":{"type":"Polygon","coordinates":[[[7.286,44.8082],[7.2776,44.8095],[7.2682,44.8067],[7.2603,44.8086],[7.2252,44.8],[7.2207,44.7957],[7.2233,44.7874],[7.228,44.7823],[7.2325,44.7695],[7.1999,44.7619],[7.2113,44.7874],[7.2181,44.7984],[7.2168,44.8],[7.2095,44.8038],[7.2139,44.8083],[7.2324,44.8168],[7.2322,44.8187],[7.2276,44.8261],[7.2334,44.8281],[7.2418,44.8331],[7.2477,44.8383],[7.2566,44.8402],[7.2618,44.8351],[7.2712,44.823],[7.2775,44.8126],[7.286,44.8082]]]}},{"type":"Feature","properties":{"i":"001140","n":"Lusernetta"},"geometry":{"type":"Polygon","coordinates":[[[7.228,44.7823],[7.2233,44.7874],[7.2207,44.7957],[7.2252,44.8],[7.2603,44.8086],[7.2682,44.8067],[7.267,44.8014],[7.2608,44.7918],[7.2492,44.7839],[7.228,44.7823]]]}},{"type":"Feature","properties":{"i":"001141","n":"Lusigliè"},"geometry":{"type":"Polygon","coordinates":[[[7.7775,45.2912],[7.7669,45.3026],[7.7549,45.313],[7.754,45.3188],[7.7556,45.3211],[7.7614,45.3238],[7.7629,45.323],[7.7665,45.3235],[7.777,45.3287],[7.7797,45.3218],[7.7799,45.299],[7.7839,45.2891],[7.7775,45.2912]]]}},{"type":"Feature","properties":{"i":"001142","n":"Macello"},"geometry":{"type":"Polygon","coordinates":[[[7.4505,44.8592],[7.4507,44.8552],[7.4446,44.8392],[7.4418,44.8347],[7.4385,44.8337],[7.4305,44.8339],[7.4304,44.8348],[7.4227,44.8363],[7.4128,44.8357],[7.3964,44.8393],[7.3928,44.8408],[7.3929,44.8425],[7.3818,44.8463],[7.375,44.8469],[7.3759,44.8502],[7.38,44.8541],[7.3848,44.8626],[7.3908,44.8631],[7.4064,44.8618],[7.4111,44.8639],[7.4142,44.8628],[7.4288,44.8604],[7.4469,44.8602],[7.4504,44.8599],[7.4505,44.8592]]]}},{"type":"Feature","properties":{"i":"001143","n":"Maglione"},"geometry":{"type":"Polygon","coordinates":[[[8.0122,45.3674],[8.0229,45.3633],[8.0238,45.3606],[8.0239,45.3524],[8.0226,45.3523],[8.0205,45.3492],[8.019,45.3437],[8.0216,45.3368],[8.0213,45.3301],[8.0197,45.3293],[8.0171,45.3295],[8.0141,45.3344],[8.0097,45.3379],[7.9984,45.3429],[7.9899,45.3455],[7.9945,45.3552],[7.9987,45.3559],[8.0066,45.3671],[8.0094,45.3678],[8.0122,45.3674]]]}},{"type":"Feature","properties":{"i":"001144","n":"Marentino"},"geometry":{"type":"Polygon","coordinates":[[[7.8961,45.095],[7.8948,45.0888],[7.8953,45.0751],[7.8918,45.0621],[7.893,45.0599],[7.8887,45.0528],[7.8885,45.0513],[7.8911,45.0392],[7.8909,45.0369],[7.8848,45.0383],[7.8742,45.0426],[7.868,45.0508],[7.8618,45.0519],[7.8627,45.0535],[7.8608,45.071],[7.8634,45.0789],[7.8665,45.083],[7.8679,45.0839],[7.8723,45.0812],[7.8778,45.0806],[7.886,45.087],[7.889,45.0925],[7.8884,45.0939],[7.8913,45.0958],[7.8948,45.096],[7.8961,45.095]]]}},{"type":"Feature","properties":{"i":"001145","n":"Massello"},"geometry":{"type":"Polygon","coordinates":[[[7.0545,44.9894],[7.0594,44.9848],[7.0681,44.9819],[7.0736,44.9786],[7.0772,44.9745],[7.0779,44.9693],[7.0756,44.957],[7.0759,44.948],[7.0784,44.943],[7.0752,44.9425],[7.0691,44.9399],[7.0594,44.9412],[7.0562,44.9454],[7.0488,44.9498],[7.0356,44.9512],[7.0236,44.949],[7.0141,44.9446],[6.9989,44.9431],[6.9896,44.9439],[6.9902,44.948],[6.9897,44.9528],[6.9822,44.96],[6.9707,44.9763],[6.9643,44.9796],[6.971,44.9918],[6.9757,44.9944],[6.9899,44.9962],[6.9908,44.9941],[7.0003,44.9897],[7.009,44.9907],[7.0462,44.9889],[7.0545,44.9894]]]}},{"type":"Feature","properties":{"i":"001146","n":"Mathi"},"geometry":{"type":"Polygon","coordinates":[[[7.5519,45.2823],[7.552,45.2793],[7.5533,45.276],[7.5574,45.2729],[7.5611,45.2673],[7.5547,45.2553],[7.5533,45.2502],[7.5445,45.2446],[7.5353,45.2411],[7.5234,45.2532],[7.5318,45.2609],[7.5426,45.2681],[7.5433,45.2749],[7.5509,45.2795],[7.5515,45.2817],[7.5382,45.2874],[7.5315,45.2893],[7.5269,45.2927],[7.5307,45.2937],[7.5338,45.2936],[7.5398,45.2914],[7.5476,45.2879],[7.5505,45.2851],[7.5519,45.2823]]]}},{"type":"Feature","properties":{"i":"001147","n":"Mattie"},"geometry":{"type":"Polygon","coordinates":[[[7.1184,45.0675],[7.1072,45.0644],[7.1036,45.0645],[7.0982,45.0632],[7.0784,45.066],[7.0706,45.0771],[7.0755,45.0859],[7.0808,45.0918],[7.0859,45.1126],[7.0847,45.1163],[7.0866,45.1239],[7.0965,45.1246],[7.1007,45.1259],[7.1159,45.1278],[7.1222,45.128],[7.1249,45.1293],[7.1314,45.1285],[7.1362,45.1257],[7.1398,45.1169],[7.1361,45.1109],[7.1354,45.1043],[7.1368,45.0972],[7.1343,45.0876],[7.1303,45.0788],[7.1217,45.0727],[7.1194,45.0718],[7.1184,45.0675]]]}},{"type":"Feature","properties":{"i":"001148","n":"Mazzè"},"geometry":{"type":"Polygon","coordinates":[[[7.952,45.3135],[7.9448,45.3089],[7.944,45.3076],[7.9444,45.3063],[7.9539,45.3026],[7.968,45.3001],[7.9709,45.2989],[7.9726,45.2971],[7.9718,45.2943],[7.9699,45.293],[7.9583,45.2891],[7.955,45.2871],[7.9539,45.2827],[7.9543,45.281],[7.9557,45.2799],[7.9593,45.2796],[7.9646,45.2815],[7.9718,45.2784],[7.9786,45.27],[7.9785,45.2634],[7.9806,45.2602],[7.9755,45.2587],[7.9698,45.2593],[7.9593,45.2625],[7.9472,45.2563],[7.9259,45.2475],[7.9174,45.2514],[7.9162,45.2794],[7.9174,45.3075],[7.9162,45.3101],[7.9093,45.3167],[7.9124,45.3213],[7.9163,45.3215],[7.9188,45.3229],[7.9215,45.3271],[7.923,45.3261],[7.9317,45.3238],[7.9432,45.3128],[7.9477,45.314],[7.952,45.3135]]]}},{"type":"Feature","properties":{"i":"001149","n":"Meana di Susa"},"geometry":{"type":"Polygon","coordinates":[[[7.0881,45.1241],[7.086,45.1231],[7.0847,45.1163],[7.0859,45.1126],[7.0808,45.0918],[7.0755,45.0859],[7.0706,45.0771],[7.0784,45.066],[7.069,45.0648],[7.0667,45.067],[7.0626,45.0688],[7.0532,45.0718],[7.0465,45.0765],[7.0454,45.0775],[7.0514,45.0927],[7.0465,45.1067],[7.0521,45.126],[7.0534,45.128],[7.0556,45.1271],[7.0664,45.126],[7.0792,45.1292],[7.0888,45.1302],[7.0905,45.1288],[7.0907,45.1274],[7.0881,45.1241]]]}},{"type":"Feature","properties":{"i":"001150","n":"Mercenasco"},"geometry":{"type":"Polygon","coordinates":[[[7.8764,45.373],[7.8832,45.3717],[7.9017,45.3618],[7.9012,45.3545],[7.8979,45.3519],[7.8934,45.3506],[7.8911,45.3491],[7.8888,45.3454],[7.8768,45.3391],[7.8717,45.3416],[7.8527,45.3463],[7.8415,45.3483],[7.8377,45.3482],[7.8342,45.3496],[7.8324,45.3515],[7.8319,45.3558],[7.8358,45.3597],[7.8388,45.3612],[7.8429,45.3611],[7.8535,45.3635],[7.8582,45.3668],[7.8597,45.3724],[7.8764,45.373]]]}},{"type":"Feature","properties":{"i":"001152","n":"Mezzenile"},"geometry":{"type":"Polygon","coordinates":[[[7.4012,45.2956],[7.3989,45.2937],[7.3986,45.292],[7.4039,45.287],[7.4071,45.2871],[7.425,45.2789],[7.4138,45.2705],[7.4072,45.27],[7.3933,45.2618],[7.3871,45.2591],[7.3795,45.259],[7.3716,45.2574],[7.364,45.2581],[7.3559,45.2622],[7.3498,45.2693],[7.3433,45.2744],[7.3366,45.276],[7.3299,45.2764],[7.3182,45.2756],[7.3121,45.2742],[7.3105,45.2728],[7.291,45.2682],[7.2892,45.27],[7.3029,45.2744],[7.3058,45.2761],[7.3072,45.2775],[7.3069,45.2796],[7.3085,45.2844],[7.3156,45.2919],[7.3179,45.2901],[7.3246,45.2916],[7.3351,45.299],[7.3385,45.3004],[7.3587,45.2983],[7.3624,45.299],[7.3687,45.3024],[7.3714,45.3048],[7.3922,45.3071],[7.3955,45.3043],[7.4012,45.2956]]]}},{"type":"Feature","properties":{"i":"001153","n":"Mombello di Torino"},"geometry":{"type":"Polygon","coordinates":[[[7.9295,45.0417],[7.9301,45.0397],[7.9165,45.0294],[7.9114,45.0232],[7.9128,45.0193],[7.9122,45.017],[7.91,45.0176],[7.9091,45.0214],[7.9095,45.0261],[7.9124,45.0363],[7.9101,45.0466],[7.9062,45.0587],[7.9114,45.0596],[7.9236,45.0549],[7.9288,45.049],[7.9295,45.0417]]]}},{"type":"Feature","properties":{"i":"001154","n":"Mompantero"},"geometry":{"type":"Polygon","coordinates":[[[7.1318,45.1877],[7.1296,45.1843],[7.1178,45.1718],[7.1135,45.1707],[7.1092,45.1707],[7.0979,45.1647],[7.0944,45.1583],[7.0948,45.1543],[7.0993,45.1478],[7.0988,45.1442],[7.0754,45.1421],[7.066,45.1404],[7.0626,45.1404],[7.0605,45.1426],[7.0556,45.1441],[7.0352,45.1452],[7.0344,45.1439],[7.0312,45.1453],[7.0327,45.1506],[7.0311,45.1527],[7.0266,45.153],[7.0228,45.1555],[7.0224,45.1587],[7.0256,45.1651],[7.0316,45.1701],[7.0375,45.1696],[7.0583,45.1745],[7.0622,45.181],[7.0737,45.1927],[7.0772,45.2033],[7.0981,45.199],[7.1002,45.1962],[7.1071,45.1917],[7.1318,45.1877]]]}},{"type":"Feature","properties":{"i":"001155","n":"Monastero di Lanzo"},"geometry":{"type":"Polygon","coordinates":[[[7.4597,45.2903],[7.4469,45.2885],[7.4423,45.2889],[7.4342,45.2913],[7.424,45.2911],[7.4163,45.2998],[7.4118,45.301],[7.4158,45.3049],[7.4185,45.3103],[7.4173,45.3305],[7.4152,45.3333],[7.4132,45.334],[7.4114,45.3375],[7.4123,45.3465],[7.4176,45.3515],[7.4237,45.3601],[7.4263,45.3678],[7.4297,45.3707],[7.4378,45.3676],[7.4376,45.3621],[7.4391,45.3535],[7.4427,45.3475],[7.4455,45.346],[7.4463,45.3443],[7.445,45.3379],[7.4367,45.3326],[7.4355,45.3308],[7.435,45.3276],[7.4357,45.3229],[7.4412,45.3132],[7.4519,45.3042],[7.4582,45.2947],[7.4597,45.2903]]]}},{"type":"Feature","properties":{"i":"001156","n":"Moncalieri"},"geometry":{"type":"Polygon","coordinates":[[[7.7571,44.9978],[7.7543,44.9926],[7.7533,44.9926],[7.748,45.0009],[7.7405,45.0016],[7.7388,45.0004],[7.7353,44.9905],[7.7319,44.977],[7.7287,44.9721],[7.7199,44.9625],[7.722,44.9528],[7.7243,44.9529],[7.7204,44.9476],[7.7217,44.9425],[7.7242,44.9418],[7.7345,44.9431],[7.7369,44.9424],[7.7373,44.9394],[7.7336,44.9376],[7.725,44.9387],[7.7133,44.9356],[7.7134,44.9322],[7.7048,44.928],[7.6986,44.9292],[7.6963,44.9353],[7.6921,44.9374],[7.6964,44.9392],[7.6971,44.9411],[7.6967,44.9428],[7.6945,44.9439],[7.683,44.9448],[7.6809,44.947],[7.6822,44.9507],[7.683,44.9511],[7.6938,44.9501],[7.7004,44.9566],[7.7017,44.9606],[7.6995,44.9656],[7.6922,44.9741],[7.6886,44.9764],[7.6808,44.9742],[7.6766,44.9713],[7.6667,44.9676],[7.6627,44.9675],[7.6591,44.9665],[7.6576,44.964],[7.6547,44.9657],[7.654,44.9685],[7.648,44.9702],[7.6546,44.9756],[7.6596,44.9862],[7.6619,44.9931],[7.6629,45.0035],[7.6619,45.0069],[7.6614,45.0078],[7.6554,45.008],[7.6589,45.0163],[7.6738,45.0167],[7.6826,45.022],[7.6934,45.0239],[7.6996,45.0233],[7.7055,45.024],[7.708,45.0263],[7.7127,45.0283],[7.7225,45.0312],[7.736,45.0277],[7.7395,45.025],[7.7432,45.0202],[7.7428,45.0186],[7.7438,45.0146],[7.7461,45.0088],[7.7494,45.0046],[7.7571,44.9978]]]}},{"type":"Feature","properties":{"i":"001157","n":"Moncenisio"},"geometry":{"type":"Polygon","coordinates":[[[6.9866,45.1979],[6.9805,45.195],[6.9675,45.1966],[6.9606,45.203],[6.9652,45.2072],[6.9891,45.2102],[6.9942,45.2128],[7.0032,45.2201],[7.004,45.2164],[7.003,45.2077],[7.0021,45.2056],[6.9919,45.1973],[6.9866,45.1979]]]}},{"type":"Feature","properties":{"i":"001158","n":"Montaldo Torinese"},"geometry":{"type":"Polygon","coordinates":[[[7.8659,45.0825],[7.8634,45.0789],[7.8608,45.071],[7.8627,45.0535],[7.8618,45.0519],[7.8482,45.0502],[7.8438,45.0594],[7.8438,45.0629],[7.8423,45.067],[7.8422,45.0709],[7.8445,45.0776],[7.8548,45.0821],[7.8659,45.0825]]]}},{"type":"Feature","properties":{"i":"001159","n":"Montalenghe"},"geometry":{"type":"Polygon","coordinates":[[[7.8553,45.3454],[7.8482,45.3366],[7.8436,45.3336],[7.8398,45.3251],[7.8386,45.3195],[7.8399,45.308],[7.8325,45.3101],[7.8331,45.3124],[7.8201,45.319],[7.818,45.3254],[7.8221,45.334],[7.8261,45.3384],[7.8306,45.3451],[7.8319,45.3558],[7.8324,45.3515],[7.8353,45.3491],[7.8386,45.348],[7.8415,45.3483],[7.8553,45.3454]]]}},{"type":"Feature","properties":{"i":"001160","n":"Montalto Dora"},"geometry":{"type":"Polygon","coordinates":[[[7.881,45.5068],[7.8874,45.5047],[7.8846,45.496],[7.8817,45.4913],[7.877,45.4898],[7.8715,45.4858],[7.851,45.4775],[7.8418,45.4868],[7.8379,45.4961],[7.8673,45.5058],[7.881,45.5068]]]}},{"type":"Feature","properties":{"i":"001161","n":"Montanaro"},"geometry":{"type":"Polygon","coordinates":[[[7.8347,45.2052],[7.8307,45.2082],[7.8172,45.2271],[7.8112,45.2398],[7.8103,45.2439],[7.8117,45.2462],[7.8166,45.2444],[7.8344,45.2433],[7.8422,45.2484],[7.8407,45.2528],[7.8568,45.2593],[7.8655,45.2612],[7.8685,45.2599],[7.8848,45.2444],[7.8856,45.2392],[7.8788,45.2261],[7.8664,45.2182],[7.8554,45.2137],[7.8518,45.213],[7.8364,45.2134],[7.8347,45.2052]]]}},{"type":"Feature","properties":{"i":"001162","n":"Monteu da Po"},"geometry":{"type":"Polygon","coordinates":[[[8.0285,45.1808],[8.0251,45.173],[8.0244,45.1666],[8.028,45.1665],[8.0368,45.1641],[8.0366,45.1634],[8.0334,45.1598],[8.025,45.1562],[8.0204,45.1477],[8.0153,45.1412],[8.0123,45.1411],[8.0073,45.1438],[8.0018,45.1482],[8.0007,45.1516],[8.0026,45.1577],[8.0051,45.1616],[8.0063,45.1681],[8.0048,45.1815],[8.0285,45.1808]]]}},{"type":"Feature","properties":{"i":"001163","n":"Moriondo Torinese"},"geometry":{"type":"Polygon","coordinates":[[[7.9538,45.0297],[7.9236,45.0231],[7.9214,45.0235],[7.9195,45.0198],[7.9189,45.0166],[7.9122,45.017],[7.9128,45.0193],[7.9114,45.0232],[7.9165,45.0294],[7.9283,45.0379],[7.9303,45.0398],[7.9295,45.0417],[7.9316,45.0413],[7.937,45.0421],[7.9398,45.0556],[7.9407,45.0572],[7.9458,45.0547],[7.9523,45.0465],[7.958,45.042],[7.9548,45.0377],[7.9534,45.0327],[7.9538,45.0297]]]}},{"type":"Feature","properties":{"i":"001164","n":"Nichelino"},"geometry":{"type":"Polygon","coordinates":[[[7.6554,45.008],[7.6614,45.0078],[7.6619,45.0069],[7.6629,45.0035],[7.6619,44.9931],[7.6596,44.9862],[7.6546,44.9756],[7.6488,44.9704],[7.648,44.9702],[7.6436,44.9731],[7.6364,44.9735],[7.6218,44.9811],[7.614,44.9806],[7.6003,44.9678],[7.5972,44.9676],[7.5938,44.9712],[7.5913,44.9713],[7.5877,44.9665],[7.5877,44.965],[7.586,44.9637],[7.5815,44.963],[7.5799,44.9641],[7.5823,44.9691],[7.5887,44.9749],[7.5827,44.9785],[7.5826,44.9816],[7.588,44.9837],[7.5922,44.9888],[7.5849,44.9921],[7.5842,44.9936],[7.5872,44.9999],[7.5973,44.9978],[7.6014,44.9984],[7.6096,45.0067],[7.6122,45.0104],[7.6174,45.0104],[7.6456,45.007],[7.6554,45.008]]]}},{"type":"Feature","properties":{"i":"001165","n":"Noasca"},"geometry":{"type":"Polygon","coordinates":[[[7.323,45.5145],[7.3327,45.5033],[7.3323,45.4985],[7.3332,45.4935],[7.3406,45.4879],[7.348,45.4785],[7.3497,45.4653],[7.3612,45.4565],[7.363,45.4537],[7.3613,45.4448],[7.3615,45.4332],[7.3602,45.4279],[7.357,45.4237],[7.3466,45.4146],[7.3445,45.4113],[7.3359,45.4115],[7.3223,45.4143],[7.312,45.4137],[7.31,45.4105],[7.2948,45.4161],[7.2891,45.4238],[7.288,45.4324],[7.2885,45.4397],[7.2873,45.4434],[7.2772,45.4474],[7.2485,45.4551],[7.2437,45.4538],[7.2376,45.4545],[7.2321,45.4594],[7.2293,45.4639],[7.2227,45.4705],[7.2284,45.4747],[7.2346,45.4834],[7.2378,45.4866],[7.2476,45.4941],[7.2565,45.4978],[7.2637,45.499],[7.2664,45.5038],[7.2666,45.5094],[7.2695,45.5147],[7.279,45.5134],[7.2896,45.5146],[7.296,45.5165],[7.3029,45.5169],[7.3202,45.5141],[7.323,45.5145]]]}},{"type":"Feature","properties":{"i":"001166","n":"Nole"},"geometry":{"type":"Polygon","coordinates":[[[7.5841,45.2483],[7.5839,45.2449],[7.5793,45.2352],[7.5688,45.2212],[7.56,45.2136],[7.5529,45.21],[7.5397,45.2196],[7.5403,45.2226],[7.543,45.2207],[7.5447,45.2218],[7.5613,45.2383],[7.5618,45.2407],[7.5606,45.2477],[7.5619,45.2505],[7.5674,45.2526],[7.5719,45.2588],[7.5731,45.2618],[7.5739,45.2647],[7.5707,45.2791],[7.5607,45.2841],[7.5663,45.2861],[7.5848,45.2803],[7.5853,45.2794],[7.5854,45.2641],[7.5828,45.2543],[7.5793,45.2519],[7.5804,45.2491],[7.5841,45.2483]]]}},{"type":"Feature","properties":{"i":"001167","n":"Nomaglio"},"geometry":{"type":"Polygon","coordinates":[[[7.8746,45.5504],[7.869,45.534],[7.8566,45.5334],[7.8524,45.5343],[7.8472,45.5391],[7.8474,45.5423],[7.8608,45.5509],[7.87,45.5516],[7.8746,45.5504]]]}},{"type":"Feature","properties":{"i":"001168","n":"None"},"geometry":{"type":"Polygon","coordinates":[[[7.595,44.9451],[7.5967,44.9457],[7.5982,44.9453],[7.6009,44.9431],[7.6012,44.9413],[7.5986,44.9401],[7.5964,44.9415],[7.5918,44.9409],[7.5851,44.9377],[7.5744,44.9306],[7.5775,44.9274],[7.5743,44.9235],[7.5632,44.9174],[7.5498,44.9164],[7.5416,44.9119],[7.5402,44.9104],[7.5371,44.9101],[7.5282,44.9102],[7.5191,44.9155],[7.5126,44.9171],[7.5121,44.9194],[7.513,44.9222],[7.5176,44.9253],[7.5202,44.9281],[7.5181,44.9336],[7.5262,44.9457],[7.5293,44.9536],[7.5429,44.9733],[7.545,44.9796],[7.5473,44.9825],[7.555,44.9838],[7.5587,44.9878],[7.5602,44.9847],[7.5589,44.9805],[7.559,44.9635],[7.5574,44.9587],[7.5546,44.9571],[7.554,44.9553],[7.5547,44.954],[7.5697,44.948],[7.5761,44.9462],[7.5853,44.9466],[7.5918,44.9462],[7.595,44.9451]]]}},{"type":"Feature","properties":{"i":"001169","n":"Novalesa"},"geometry":{"type":"Polygon","coordinates":[[[7.067,45.2103],[7.0772,45.2033],[7.0737,45.1927],[7.0622,45.181],[7.0583,45.1745],[7.0375,45.1696],[7.0224,45.1716],[7.0183,45.1698],[7.0098,45.1696],[7.0068,45.1713],[7.0001,45.1787],[6.9977,45.1829],[7.0029,45.1869],[6.9866,45.1979],[6.9919,45.1973],[7.0021,45.2056],[7.003,45.2077],[7.004,45.2164],[7.0032,45.2201],[7.0074,45.2169],[7.0168,45.2154],[7.0252,45.2161],[7.0306,45.2177],[7.041,45.2247],[7.0465,45.2258],[7.051,45.2257],[7.067,45.2103]]]}},{"type":"Feature","properties":{"i":"001170","n":"Oglianico"},"geometry":{"type":"MultiPolygon","coordinates":[[[[7.7025,45.2938],[7.7032,45.288],[7.7095,45.2689],[7.7016,45.2708],[7.6907,45.2771],[7.6917,45.2788],[7.6916,45.2886],[7.6927,45.2939],[7.7025,45.2938]]],[[[7.7015,45.3502],[7.7033,45.3379],[7.6759,45.3377],[7.6715,45.332],[7.6677,45.332],[7.6671,45.3381],[7.6658,45.3399],[7.6758,45.3467],[7.6933,45.3526],[7.6985,45.3523],[7.7015,45.3502]]]]}},{"type":"Feature","properties":{"i":"001171","n":"Orbassano"},"geometry":{"type":"Polygon","coordinates":[[[7.5799,45.0399],[7.5884,45.0345],[7.5864,45.0308],[7.5826,45.0289],[7.5755,45.0273],[7.5736,45.025],[7.5714,45.0109],[7.5738,45.0096],[7.5855,45.0063],[7.591,45.0074],[7.5946,45.0099],[7.5979,45.0081],[7.5963,45.0058],[7.5894,45.0018],[7.5879,45.0016],[7.5842,44.9936],[7.5849,44.9921],[7.5922,44.9888],[7.588,44.9837],[7.5826,44.9816],[7.5827,44.9785],[7.5731,44.9853],[7.5681,44.9876],[7.5601,44.9887],[7.555,44.9838],[7.5473,44.9825],[7.545,44.9796],[7.515,44.9941],[7.5232,45.0209],[7.5373,45.0181],[7.54,45.0168],[7.5472,45.0132],[7.5543,45.0035],[7.564,45.0005],[7.5648,45.0038],[7.5614,45.0074],[7.5523,45.0264],[7.5547,45.0329],[7.5592,45.0372],[7.5628,45.0373],[7.5681,45.0399],[7.5686,45.0431],[7.5799,45.0399]]]}},{"type":"Feature","properties":{"i":"001172","n":"Orio Canavese"},"geometry":{"type":"Polygon","coordinates":[[[7.8717,45.3416],[7.8654,45.3243],[7.8659,45.3184],[7.8648,45.3153],[7.8417,45.3048],[7.8395,45.3055],[7.8386,45.3195],[7.8398,45.3251],[7.8436,45.3336],[7.8482,45.3366],[7.8553,45.3454],[7.8717,45.3416]]]}},{"type":"Feature","properties":{"i":"001173","n":"Osasco"},"geometry":{"type":"Polygon","coordinates":[[[7.3744,44.8442],[7.3736,44.8425],[7.3664,44.8407],[7.3636,44.8408],[7.3513,44.8379],[7.3396,44.8367],[7.3392,44.8434],[7.3342,44.8467],[7.3298,44.8479],[7.3308,44.8579],[7.3337,44.8628],[7.3401,44.8611],[7.3505,44.8574],[7.3744,44.8442]]]}},{"type":"Feature","properties":{"i":"001174","n":"Osasio"},"geometry":{"type":"Polygon","coordinates":[[[7.6198,44.86],[7.6188,44.8594],[7.607,44.8599],[7.605,44.8607],[7.6004,44.8696],[7.6008,44.8738],[7.5991,44.8764],[7.5954,44.8796],[7.5911,44.8802],[7.5941,44.8823],[7.599,44.8832],[7.5959,44.8857],[7.6001,44.8883],[7.6065,44.8893],[7.6079,44.8861],[7.6123,44.8804],[7.6189,44.8824],[7.6231,44.8816],[7.625,44.8755],[7.619,44.862],[7.6198,44.86]]]}},{"type":"Feature","properties":{"i":"001175","n":"Oulx"},"geometry":{"type":"Polygon","coordinates":[[[6.9177,45.0384],[6.9044,45.0327],[6.8998,45.0261],[6.891,45.0322],[6.8841,45.0398],[6.8758,45.0386],[6.8593,45.034],[6.8564,45.0357],[6.8455,45.0357],[6.842,45.0245],[6.8377,45.0154],[6.838,45.0124],[6.8528,45.0019],[6.871,44.9933],[6.8676,44.9882],[6.8566,44.9872],[6.8435,44.9876],[6.8271,44.9969],[6.8135,45.0028],[6.8061,45.0016],[6.8041,45.0026],[6.8016,45.0058],[6.8003,45.011],[6.7938,45.0145],[6.7907,45.0121],[6.777,45.007],[6.7661,45.0059],[6.7598,45.0086],[6.7571,45.0087],[6.7478,45.0069],[6.7454,45.0113],[6.7459,45.0129],[6.7403,45.0168],[6.7246,45.022],[6.7147,45.0204],[6.7076,45.0214],[6.7034,45.0289],[6.708,45.0457],[6.7075,45.0469],[6.708,45.0505],[6.7123,45.0558],[6.7264,45.0628],[6.7273,45.0621],[6.7346,45.0612],[6.7369,45.0639],[6.7454,45.0703],[6.7605,45.0748],[6.7845,45.0872],[6.7968,45.0876],[6.8079,45.0923],[6.8186,45.1003],[6.8459,45.1139],[6.8483,45.1138],[6.8486,45.1095],[6.8435,45.1054],[6.8385,45.0826],[6.8386,45.0687],[6.851,45.0542],[6.8542,45.0513],[6.8658,45.0545],[6.8713,45.0589],[6.8789,45.0566],[6.8844,45.0531],[6.9105,45.0407],[6.9177,45.0384]]]}},{"type":"Feature","properties":{"i":"001176","n":"Ozegna"},"geometry":{"type":"Polygon","coordinates":[[[7.7733,45.3417],[7.7718,45.3375],[7.7565,45.3363],[7.7485,45.334],[7.7473,45.3332],[7.7488,45.3317],[7.7467,45.3286],[7.7395,45.3346],[7.7337,45.3473],[7.7284,45.3521],[7.7401,45.3575],[7.7463,45.3578],[7.7489,45.3552],[7.7583,45.3489],[7.7733,45.3417]]]}},{"type":"Feature","properties":{"i":"001177","n":"Palazzo Canavese"},"geometry":{"type":"Polygon","coordinates":[[[7.9969,45.4609],[7.9972,45.4592],[7.9952,45.4538],[7.9889,45.4464],[7.986,45.4444],[7.9688,45.4471],[7.9626,45.4556],[7.9641,45.4585],[7.9769,45.4703],[7.9851,45.468],[7.9969,45.4609]]]}},{"type":"Feature","properties":{"i":"001178","n":"Pancalieri"},"geometry":{"type":"Polygon","coordinates":[[[7.6188,44.8594],[7.6164,44.8574],[7.6124,44.849],[7.6137,44.8472],[7.6175,44.8455],[7.6181,44.8349],[7.6196,44.8338],[7.6193,44.8289],[7.6165,44.8285],[7.6131,44.83],[7.6092,44.8336],[7.6081,44.8363],[7.6043,44.8384],[7.5968,44.8368],[7.5943,44.8352],[7.5935,44.8341],[7.5928,44.8283],[7.5968,44.8232],[7.5943,44.8211],[7.595,44.8123],[7.5967,44.8099],[7.5915,44.8083],[7.5776,44.8112],[7.579,44.8143],[7.5755,44.8196],[7.5724,44.8169],[7.5699,44.8132],[7.5657,44.8114],[7.5648,44.8119],[7.5666,44.8145],[7.5623,44.8164],[7.5566,44.8177],[7.5501,44.8168],[7.5463,44.8212],[7.5468,44.8244],[7.556,44.8358],[7.5596,44.8391],[7.5632,44.8406],[7.5641,44.8418],[7.5631,44.8445],[7.5681,44.8436],[7.5804,44.8438],[7.5867,44.8454],[7.5948,44.8478],[7.5991,44.8503],[7.6044,44.8581],[7.607,44.8599],[7.6188,44.8594]]]}},{"type":"Feature","properties":{"i":"001179","n":"Parella"},"geometry":{"type":"Polygon","coordinates":[[[7.8135,45.4162],[7.7991,45.4141],[7.7972,45.4122],[7.7882,45.417],[7.7865,45.4205],[7.7867,45.4282],[7.7877,45.4329],[7.7866,45.4348],[7.7884,45.4377],[7.7937,45.4345],[7.794,45.4319],[7.7996,45.4258],[7.8135,45.4162]]]}},{"type":"Feature","properties":{"i":"001180","n":"Pavarolo"},"geometry":{"type":"Polygon","coordinates":[[[7.8445,45.0776],[7.8422,45.0709],[7.8438,45.0594],[7.834,45.062],[7.8264,45.0675],[7.8248,45.0703],[7.8249,45.0751],[7.829,45.0775],[7.8283,45.0791],[7.8229,45.0815],[7.8167,45.0832],[7.814,45.0832],[7.8281,45.093],[7.8378,45.087],[7.8433,45.0807],[7.8445,45.0776]]]}},{"type":"Feature","properties":{"i":"001181","n":"Pavone Canavese"},"geometry":{"type":"Polygon","coordinates":[[[7.8831,45.4214],[7.8677,45.4158],[7.8582,45.4142],[7.8561,45.4155],[7.854,45.4157],[7.8498,45.4128],[7.8478,45.4143],[7.8474,45.4178],[7.8457,45.4212],[7.8358,45.4199],[7.8258,45.4164],[7.8218,45.4158],[7.8203,45.4191],[7.8221,45.4292],[7.8296,45.4409],[7.8305,45.4391],[7.8348,45.4364],[7.8362,45.4365],[7.8402,45.4405],[7.8585,45.4487],[7.8607,45.4479],[7.8671,45.443],[7.8674,45.4395],[7.8713,45.4329],[7.8761,45.4279],[7.8825,45.4266],[7.8837,45.4245],[7.8831,45.4214]]]}},{"type":"Feature","properties":{"i":"001183","n":"Pecetto Torinese"},"geometry":{"type":"Polygon","coordinates":[[[7.7756,45.0115],[7.7705,45.011],[7.7698,45.0061],[7.7718,45.0023],[7.7717,44.995],[7.7706,44.9919],[7.7677,44.9889],[7.7657,44.992],[7.7609,44.9942],[7.7489,45.0052],[7.7461,45.0088],[7.7438,45.0146],[7.7428,45.0213],[7.7377,45.0268],[7.7225,45.0312],[7.7327,45.0379],[7.7403,45.0447],[7.744,45.0385],[7.7574,45.0317],[7.7622,45.0262],[7.7625,45.024],[7.7662,45.0181],[7.7756,45.0115]]]}},{"type":"Feature","properties":{"i":"001184","n":"Perosa Argentina"},"geometry":{"type":"Polygon","coordinates":[[[7.2116,45.0059],[7.2158,45.002],[7.2249,45.0016],[7.2306,45.0001],[7.2318,44.9868],[7.225,44.9831],[7.2191,44.9755],[7.2125,44.9712],[7.2072,44.9663],[7.201,44.9557],[7.2008,44.9533],[7.1979,44.9524],[7.1897,44.9532],[7.1762,44.9715],[7.1719,44.9679],[7.17,44.9638],[7.1564,44.9636],[7.1381,44.9618],[7.1374,44.9669],[7.1429,44.974],[7.1571,44.9885],[7.1766,45.0027],[7.1815,45.0072],[7.1997,45.0062],[7.2052,45.0044],[7.2116,45.0059]]]}},{"type":"Feature","properties":{"i":"001185","n":"Perosa Canavese"},"geometry":{"type":"Polygon","coordinates":[[[7.8498,45.4128],[7.8502,45.4087],[7.838,45.4043],[7.8384,45.401],[7.8407,45.3982],[7.8373,45.3916],[7.8308,45.3899],[7.8286,45.3915],[7.8234,45.3987],[7.8244,45.4086],[7.8241,45.4111],[7.8218,45.4158],[7.8258,45.4164],[7.8358,45.4199],[7.8457,45.4212],[7.8474,45.4178],[7.8478,45.4143],[7.8498,45.4128]]]}},{"type":"Feature","properties":{"i":"001186","n":"Perrero"},"geometry":{"type":"MultiPolygon","coordinates":[[[[7.0208,44.9349],[7.0209,44.933],[7.0158,44.9322],[7.0142,44.9336],[7.0195,44.9358],[7.0208,44.9349]]],[[[7.0397,44.9413],[7.0386,44.9404],[7.0357,44.9403],[7.0397,44.9423],[7.0397,44.9413]]],[[[7.0362,44.9452],[7.0353,44.9442],[7.0344,44.9453],[7.0362,44.9452]]],[[[7.0268,44.9465],[7.0266,44.9449],[7.0242,44.9469],[7.025,44.9476],[7.0268,44.9465]]],[[[7.1381,44.9618],[7.1475,44.9627],[7.1479,44.9592],[7.1641,44.9511],[7.1856,44.9306],[7.1864,44.9276],[7.1744,44.9214],[7.1673,44.9148],[7.165,44.9116],[7.1628,44.9046],[7.1598,44.8997],[7.1484,44.8932],[7.1433,44.8927],[7.1405,44.8916],[7.1366,44.8885],[7.1277,44.8801],[7.1254,44.8751],[7.1156,44.8631],[7.1097,44.8621],[7.1037,44.8595],[7.0961,44.8673],[7.1003,44.8735],[7.0889,44.8825],[7.086,44.8867],[7.0859,44.8903],[7.0871,44.8957],[7.0902,44.899],[7.0921,44.9052],[7.0922,44.9085],[7.0918,44.9104],[7.0807,44.9305],[7.0859,44.937],[7.0852,44.9387],[7.0764,44.9379],[7.0815,44.9429],[7.0784,44.943],[7.0759,44.948],[7.0756,44.957],[7.0779,44.9693],[7.0772,44.9745],[7.0751,44.977],[7.0924,44.9717],[7.1003,44.9707],[7.124,44.9604],[7.1275,44.9602],[7.1343,44.9621],[7.1381,44.9618]]]]}},{"type":"Feature","properties":{"i":"001187","n":"Pertusio"},"geometry":{"type":"MultiPolygon","coordinates":[[[[7.6321,45.3627],[7.6434,45.3597],[7.648,45.3606],[7.6508,45.359],[7.6523,45.3538],[7.651,45.3485],[7.648,45.3436],[7.6476,45.3398],[7.6411,45.3391],[7.6284,45.3415],[7.6254,45.3448],[7.6244,45.348],[7.6283,45.3478],[7.6308,45.3488],[7.6327,45.3614],[7.6321,45.3627]]],[[[7.6321,45.3627],[7.6218,45.3624],[7.628,45.3655],[7.6321,45.3627]]]]}},{"type":"Feature","properties":{"i":"001188","n":"Pessinetto"},"geometry":{"type":"Polygon","coordinates":[[[7.4469,45.2885],[7.4507,45.2868],[7.4536,45.2841],[7.4557,45.2794],[7.4551,45.2776],[7.4499,45.2756],[7.4326,45.281],[7.4281,45.2807],[7.425,45.2789],[7.4071,45.2871],[7.4039,45.287],[7.3986,45.2923],[7.3992,45.2942],[7.4012,45.2956],[7.4118,45.301],[7.4163,45.2998],[7.424,45.2911],[7.4342,45.2913],[7.4423,45.2889],[7.4469,45.2885]]]}},{"type":"Feature","properties":{"i":"001189","n":"Pianezza"},"geometry":{"type":"Polygon","coordinates":[[[7.5486,45.1345],[7.5488,45.1328],[7.5538,45.1301],[7.5602,45.1294],[7.5664,45.1258],[7.5805,45.1143],[7.5819,45.1142],[7.6011,45.123],[7.6072,45.12],[7.5807,45.1075],[7.5763,45.1039],[7.5648,45.0881],[7.561,45.0885],[7.5585,45.0896],[7.5521,45.0948],[7.5466,45.0947],[7.5437,45.0969],[7.5351,45.1041],[7.5301,45.1118],[7.5262,45.1157],[7.5206,45.1182],[7.5143,45.1198],[7.5255,45.13],[7.5381,45.1358],[7.5395,45.1362],[7.5447,45.1336],[7.5486,45.1345]]]}},{"type":"Feature","properties":{"i":"001190","n":"Pinasca"},"geometry":{"type":"Polygon","coordinates":[[[7.2895,44.9798],[7.2946,44.9759],[7.2826,44.9704],[7.2798,44.9656],[7.2794,44.962],[7.2695,44.9462],[7.2663,44.9434],[7.253,44.9358],[7.2459,44.9307],[7.2357,44.927],[7.2328,44.9306],[7.2273,44.934],[7.2232,44.9403],[7.2227,44.9415],[7.2234,44.9425],[7.2164,44.9489],[7.205,44.9521],[7.2009,44.9546],[7.2072,44.9663],[7.2125,44.9712],[7.2191,44.9755],[7.225,44.9831],[7.2318,44.9868],[7.2306,45.0001],[7.2378,45.0037],[7.242,45.0042],[7.2593,45.0022],[7.2664,45.0006],[7.2711,44.9981],[7.2839,44.9845],[7.2895,44.9798]]]}},{"type":"Feature","properties":{"i":"001191","n":"Pinerolo"},"geometry":{"type":"Polygon","coordinates":[[[7.2944,44.9758],[7.2922,44.9642],[7.2933,44.9575],[7.3105,44.9326],[7.3095,44.9289],[7.324,44.9142],[7.3363,44.907],[7.3393,44.906],[7.3556,44.9042],[7.3557,44.9029],[7.3677,44.902],[7.3801,44.9022],[7.3865,44.9064],[7.3909,44.9074],[7.3953,44.9065],[7.4053,44.9092],[7.4025,44.9142],[7.4045,44.9152],[7.4102,44.9155],[7.4171,44.9125],[7.4215,44.9068],[7.4217,44.9047],[7.4206,44.8969],[7.4154,44.8875],[7.4144,44.8881],[7.4092,44.888],[7.3989,44.8846],[7.3852,44.8785],[7.3837,44.8735],[7.3835,44.8709],[7.3847,44.8697],[7.4,44.8653],[7.4024,44.8665],[7.4041,44.8664],[7.4111,44.8639],[7.4064,44.8618],[7.3908,44.8631],[7.3848,44.8626],[7.38,44.8541],[7.3759,44.8502],[7.3744,44.8442],[7.3505,44.8574],[7.3337,44.8628],[7.3128,44.8754],[7.283,44.8851],[7.2813,44.9018],[7.2796,44.9073],[7.2922,44.905],[7.3106,44.898],[7.3153,44.898],[7.3131,44.911],[7.303,44.9216],[7.2972,44.9265],[7.2906,44.9446],[7.288,44.9649],[7.2862,44.9721],[7.2944,44.9758]]]}},{"type":"Feature","properties":{"i":"001192","n":"Pino Torinese"},"geometry":{"type":"Polygon","coordinates":[[[7.8103,45.0431],[7.809,45.0322],[7.8013,45.0284],[7.795,45.0277],[7.7868,45.0252],[7.7825,45.0187],[7.784,45.0152],[7.78,45.012],[7.7756,45.0115],[7.7662,45.0181],[7.7625,45.024],[7.7622,45.0262],[7.7574,45.0317],[7.744,45.0385],[7.7403,45.0447],[7.7558,45.0577],[7.7672,45.0708],[7.7856,45.0721],[7.7909,45.071],[7.7985,45.0667],[7.798,45.0619],[7.7994,45.0548],[7.8076,45.047],[7.8103,45.0431]]]}},{"type":"Feature","properties":{"i":"001193","n":"Piobesi Torinese"},"geometry":{"type":"Polygon","coordinates":[[[7.6399,44.926],[7.6399,44.9247],[7.6369,44.9202],[7.6267,44.908],[7.6136,44.9008],[7.612,44.8979],[7.6059,44.8996],[7.601,44.8994],[7.588,44.8964],[7.5815,44.9014],[7.5821,44.9069],[7.5683,44.916],[7.5663,44.919],[7.5743,44.9235],[7.5775,44.9274],[7.5744,44.9306],[7.5851,44.9377],[7.5918,44.9409],[7.5964,44.9415],[7.5986,44.9401],[7.6012,44.9413],[7.6009,44.9431],[7.5982,44.9453],[7.5967,44.9457],[7.595,44.9451],[7.5995,44.9482],[7.6017,44.9449],[7.6075,44.9433],[7.6374,44.9292],[7.6399,44.926]]]}},{"type":"Feature","properties":{"i":"001194","n":"Piossasco"},"geometry":{"type":"Polygon","coordinates":[[[7.4572,45.0127],[7.4595,45.0103],[7.4602,45.0064],[7.4646,45.0008],[7.479,45.0061],[7.496,44.9938],[7.4992,44.9899],[7.5043,44.986],[7.5106,44.9833],[7.5077,44.9805],[7.5023,44.9729],[7.4907,44.9634],[7.481,44.9607],[7.4772,44.9589],[7.4746,44.9546],[7.4736,44.9494],[7.4518,44.9573],[7.4297,44.9692],[7.4263,44.9694],[7.4064,44.9856],[7.3964,44.9963],[7.3882,45.0016],[7.3768,45.0065],[7.3914,45.0111],[7.3985,45.0144],[7.4191,45.0127],[7.4223,45.0091],[7.4368,45.0138],[7.4572,45.0127]]]}},{"type":"Feature","properties":{"i":"001195","n":"Piscina"},"geometry":{"type":"Polygon","coordinates":[[[7.453,44.9098],[7.4496,44.9089],[7.4378,44.9085],[7.4217,44.9047],[7.4215,44.9068],[7.4171,44.9125],[7.4102,44.9155],[7.4045,44.9152],[7.4025,44.9142],[7.3987,44.9166],[7.395,44.9169],[7.3905,44.9197],[7.3931,44.9278],[7.404,44.9307],[7.4122,44.9321],[7.4146,44.9318],[7.4164,44.928],[7.4243,44.9255],[7.4325,44.9263],[7.4467,44.9323],[7.4586,44.935],[7.4598,44.9304],[7.4557,44.9241],[7.4479,44.9229],[7.4474,44.9178],[7.4483,44.9146],[7.453,44.9098]]]}},{"type":"Feature","properties":{"i":"001196","n":"Piverone"},"geometry":{"type":"Polygon","coordinates":[[[8.0196,45.4532],[8.0265,45.45],[8.0207,45.4496],[8.031,45.4469],[8.0384,45.4414],[8.0349,45.4378],[8.0363,45.4361],[8.0317,45.4304],[8.0222,45.4223],[8.0134,45.4262],[8.0118,45.4296],[8.0079,45.4309],[8.0043,45.4304],[8.0013,45.4283],[7.9909,45.4293],[7.9882,45.435],[7.9722,45.4432],[7.9736,45.4464],[7.986,45.4444],[7.9889,45.4464],[7.9952,45.4538],[7.9972,45.4592],[7.9969,45.4609],[8.0196,45.4532]]]}},{"type":"Feature","properties":{"i":"001197","n":"Poirino"},"geometry":{"type":"Polygon","coordinates":[[[7.842,44.9588],[7.8454,44.9556],[7.8524,44.9539],[7.8585,44.9515],[7.8569,44.9494],[7.8603,44.9474],[7.8737,44.9452],[7.8798,44.945],[7.8841,44.9379],[7.8843,44.9369],[7.8834,44.9362],[7.8887,44.9201],[7.8926,44.9151],[7.8994,44.9163],[7.9012,44.9112],[7.9015,44.9065],[7.8936,44.9],[7.8944,44.897],[7.885,44.8964],[7.8863,44.8932],[7.8867,44.8872],[7.885,44.8803],[7.877,44.8668],[7.8678,44.8657],[7.857,44.8664],[7.8527,44.8655],[7.8576,44.8596],[7.8602,44.8545],[7.8629,44.836],[7.8589,44.8342],[7.8537,44.8334],[7.849,44.8336],[7.835,44.8392],[7.8175,44.8508],[7.8155,44.8531],[7.8205,44.8579],[7.8226,44.8614],[7.8175,44.8657],[7.8136,44.8672],[7.8075,44.8739],[7.8088,44.8784],[7.8101,44.8799],[7.8142,44.879],[7.8175,44.8809],[7.8161,44.885],[7.8082,44.8887],[7.8003,44.8908],[7.7884,44.8991],[7.7898,44.9057],[7.786,44.91],[7.7885,44.9159],[7.8005,44.9282],[7.7995,44.9341],[7.7998,44.9389],[7.8098,44.9493],[7.8133,44.9516],[7.8303,44.9593],[7.8336,44.9597],[7.842,44.9588]]]}},{"type":"Feature","properties":{"i":"001198","n":"Pomaretto"},"geometry":{"type":"Polygon","coordinates":[[[7.2008,44.9533],[7.1999,44.9488],[7.1958,44.9403],[7.195,44.9328],[7.1961,44.9279],[7.1864,44.9276],[7.1856,44.9306],[7.1641,44.9511],[7.1479,44.9592],[7.1475,44.9627],[7.17,44.9638],[7.1719,44.9679],[7.1762,44.9715],[7.1897,44.9532],[7.1979,44.9524],[7.2008,44.9533]]]}},{"type":"Feature","properties":{"i":"001199","n":"Pont-Canavese"},"geometry":{"type":"Polygon","coordinates":[[[7.5896,45.4632],[7.5877,45.4541],[7.5895,45.4477],[7.5935,45.4444],[7.5984,45.4315],[7.601,45.4296],[7.6217,45.433],[7.6292,45.4312],[7.6307,45.4278],[7.6302,45.4249],[7.6179,45.4148],[7.5977,45.409],[7.5875,45.4164],[7.5798,45.4189],[7.5632,45.4141],[7.5603,45.4096],[7.556,45.4128],[7.5605,45.4211],[7.5616,45.4313],[7.5599,45.4327],[7.5555,45.4406],[7.5558,45.4439],[7.554,45.449],[7.5477,45.4533],[7.5415,45.4594],[7.5491,45.4593],[7.5576,45.4566],[7.5577,45.4545],[7.5678,45.4516],[7.5775,45.4557],[7.5804,45.4576],[7.5817,45.4605],[7.5807,45.4617],[7.5896,45.4632]]]}},{"type":"Feature","properties":{"i":"001200","n":"Porte"},"geometry":{"type":"Polygon","coordinates":[[[7.2796,44.9073],[7.2813,44.9018],[7.283,44.8851],[7.2693,44.886],[7.2541,44.8896],[7.2448,44.8896],[7.2436,44.8906],[7.2437,44.893],[7.2771,44.9064],[7.2773,44.9082],[7.2796,44.9073]]]}},{"type":"Feature","properties":{"i":"001201","n":"Pragelato"},"geometry":{"type":"Polygon","coordinates":[[[6.9942,45.0109],[6.9899,44.9962],[6.9757,44.9944],[6.971,44.9918],[6.9643,44.9796],[6.9707,44.9763],[6.9822,44.96],[6.9897,44.9528],[6.9902,44.948],[6.9896,44.9439],[6.9908,44.9415],[6.9877,44.9327],[6.9879,44.9275],[6.9886,44.924],[6.991,44.9195],[6.993,44.9189],[6.9886,44.9158],[6.9901,44.9074],[6.988,44.8984],[6.97,44.901],[6.9505,44.9061],[6.946,44.9102],[6.9449,44.9138],[6.9454,44.9167],[6.9445,44.9249],[6.9307,44.9343],[6.929,44.941],[6.9265,44.9446],[6.9226,44.9536],[6.9172,44.9566],[6.9144,44.9604],[6.9141,44.9673],[6.9125,44.9765],[6.9103,44.9807],[6.9044,44.9799],[6.8942,44.9814],[6.8727,44.9918],[6.871,44.9933],[6.89,45.0041],[6.8967,45.0071],[6.9017,45.0192],[6.8993,45.0218],[6.899,45.0234],[6.9034,45.032],[6.9177,45.0384],[6.9244,45.0374],[6.9363,45.0501],[6.9366,45.0566],[6.9351,45.0603],[6.9484,45.0628],[6.9508,45.0646],[6.9658,45.0529],[6.9698,45.0381],[6.9816,45.0218],[6.9942,45.0109]]]}},{"type":"Feature","properties":{"i":"001202","n":"Prali"},"geometry":{"type":"Polygon","coordinates":[[[7.1037,44.8595],[7.0915,44.849],[7.0918,44.8502],[7.0912,44.8503],[7.0873,44.8498],[7.0778,44.8449],[7.0708,44.8461],[7.0644,44.8456],[7.0611,44.8444],[7.0555,44.84],[7.0536,44.8356],[7.0459,44.8298],[7.0313,44.8276],[7.0239,44.8233],[7.0107,44.8258],[7.0093,44.827],[7.0067,44.8383],[7.0045,44.8407],[7.0012,44.8424],[7.0051,44.8472],[7.0074,44.8523],[7.0044,44.8542],[7.0023,44.8568],[7.0057,44.8623],[7.0075,44.8634],[7.0118,44.8711],[7.0129,44.8782],[7.0118,44.8828],[7.0042,44.8836],[6.9997,44.8863],[6.9973,44.8883],[6.9961,44.891],[6.988,44.8984],[6.9901,44.9074],[6.9886,44.9158],[6.9933,44.9192],[6.9979,44.9196],[7.0024,44.9182],[7.0049,44.919],[7.0146,44.9231],[7.0208,44.9269],[7.0334,44.931],[7.0427,44.9308],[7.0526,44.9283],[7.0548,44.9274],[7.0571,44.9239],[7.056,44.919],[7.0625,44.919],[7.063,44.9231],[7.0713,44.9273],[7.0784,44.9295],[7.0804,44.9318],[7.0813,44.9371],[7.0801,44.9378],[7.0852,44.9387],[7.0859,44.937],[7.0807,44.9305],[7.0918,44.9104],[7.0923,44.9061],[7.0902,44.899],[7.0871,44.8957],[7.0859,44.8903],[7.086,44.8867],[7.0889,44.8825],[7.1003,44.8735],[7.0961,44.8673],[7.1037,44.8595]]]}},{"type":"Feature","properties":{"i":"001203","n":"Pralormo"},"geometry":{"type":"Polygon","coordinates":[[[7.9434,44.8463],[7.9255,44.8356],[7.9081,44.8265],[7.9065,44.8239],[7.9026,44.8215],[7.8984,44.8229],[7.8971,44.8241],[7.8892,44.8243],[7.8818,44.8289],[7.8798,44.8346],[7.8754,44.8352],[7.866,44.83],[7.8642,44.8239],[7.8631,44.8277],[7.8596,44.8317],[7.8589,44.8342],[7.8629,44.836],[7.8602,44.8545],[7.8576,44.8596],[7.8527,44.8655],[7.857,44.8664],[7.8678,44.8657],[7.877,44.8668],[7.885,44.8803],[7.8859,44.8846],[7.9017,44.8803],[7.9059,44.8843],[7.9096,44.8861],[7.9191,44.8825],[7.9312,44.8553],[7.9373,44.8524],[7.9434,44.8463]]]}},{"type":"Feature","properties":{"i":"001204","n":"Pramollo"},"geometry":{"type":"Polygon","coordinates":[[[7.1961,44.9279],[7.1996,44.9275],[7.2126,44.9214],[7.222,44.9135],[7.217,44.8884],[7.2131,44.877],[7.2112,44.8756],[7.1863,44.8769],[7.1708,44.8843],[7.1588,44.887],[7.15,44.8912],[7.1487,44.8927],[7.1484,44.8932],[7.1598,44.8997],[7.1628,44.9046],[7.1655,44.9124],[7.1744,44.9214],[7.1854,44.9274],[7.1961,44.9279]]]}},{"type":"Feature","properties":{"i":"001205","n":"Prarostino"},"geometry":{"type":"Polygon","coordinates":[[[7.2714,44.854],[7.26,44.8523],[7.2585,44.8524],[7.2569,44.8536],[7.2454,44.8532],[7.2378,44.8521],[7.2277,44.862],[7.2366,44.8666],[7.2616,44.8735],[7.2663,44.8777],[7.2691,44.8847],[7.276,44.8821],[7.2783,44.882],[7.2837,44.8838],[7.2922,44.8773],[7.2959,44.8727],[7.2948,44.8699],[7.2926,44.8659],[7.2903,44.8637],[7.2794,44.8572],[7.2714,44.854]]]}},{"type":"Feature","properties":{"i":"001206","n":"Prascorsano"},"geometry":{"type":"MultiPolygon","coordinates":[[[[7.5739,45.369],[7.5686,45.3672],[7.5555,45.3747],[7.5642,45.3705],[7.5739,45.369]]],[[[7.6392,45.3792],[7.6337,45.3747],[7.628,45.3655],[7.6218,45.3624],[7.6321,45.3627],[7.6326,45.3621],[7.6308,45.3488],[7.6283,45.3478],[7.6171,45.3476],[7.6163,45.3509],[7.5987,45.3623],[7.5945,45.3662],[7.6003,45.3665],[7.6064,45.3691],[7.6193,45.3758],[7.6196,45.378],[7.629,45.3793],[7.634,45.3809],[7.6351,45.3825],[7.639,45.3801],[7.6392,45.3792]]]]}},{"type":"Feature","properties":{"i":"001207","n":"Pratiglione"},"geometry":{"type":"Polygon","coordinates":[[[7.5739,45.369],[7.5779,45.3687],[7.5822,45.3664],[7.5893,45.3656],[7.5945,45.3662],[7.5987,45.3623],[7.6163,45.3509],[7.6171,45.3476],[7.6188,45.3468],[7.6179,45.3457],[7.6086,45.3422],[7.6056,45.3401],[7.602,45.3432],[7.5917,45.3492],[7.5908,45.3526],[7.5842,45.3587],[7.5804,45.361],[7.5786,45.3606],[7.566,45.3624],[7.5479,45.3662],[7.5304,45.3718],[7.5398,45.3773],[7.5421,45.3833],[7.5536,45.3779],[7.5555,45.3747],[7.5686,45.3672],[7.5739,45.369]]]}},{"type":"Feature","properties":{"i":"001208","n":"Quagliuzzo"},"geometry":{"type":"Polygon","coordinates":[[[7.7882,45.417],[7.7794,45.4125],[7.7763,45.4181],[7.772,45.4292],[7.7866,45.4348],[7.7877,45.4329],[7.7867,45.4282],[7.7865,45.4205],[7.7882,45.417]]]}},{"type":"Feature","properties":{"i":"001209","n":"Quassolo"},"geometry":{"type":"Polygon","coordinates":[[[7.8345,45.5329],[7.8388,45.5286],[7.8407,45.5195],[7.8441,45.516],[7.8429,45.5142],[7.8315,45.5155],[7.8294,45.5165],[7.8181,45.5173],[7.8172,45.5245],[7.8064,45.531],[7.8208,45.535],[7.8345,45.5329]]]}},{"type":"Feature","properties":{"i":"001210","n":"Quincinetto"},"geometry":{"type":"Polygon","coordinates":[[[7.8123,45.5651],[7.8265,45.5568],[7.8155,45.5571],[7.8122,45.5564],[7.8077,45.5542],[7.8037,45.5506],[7.7865,45.5462],[7.7825,45.5441],[7.7755,45.5345],[7.7685,45.5369],[7.7481,45.5391],[7.7292,45.5482],[7.7303,45.5507],[7.7537,45.5484],[7.759,45.5497],[7.7587,45.5507],[7.7567,45.5512],[7.7515,45.5515],[7.7505,45.5514],[7.7499,45.5496],[7.747,45.5493],[7.7377,45.5521],[7.7496,45.5607],[7.7572,45.5646],[7.7685,45.5672],[7.7775,45.5707],[7.7853,45.5748],[7.7963,45.5826],[7.8026,45.58],[7.8094,45.5739],[7.8094,45.5703],[7.8105,45.567],[7.8123,45.5651]]]}},{"type":"Feature","properties":{"i":"001211","n":"Reano"},"geometry":{"type":"Polygon","coordinates":[[[7.4183,45.062],[7.427,45.0616],[7.4354,45.0596],[7.4571,45.0608],[7.4477,45.0494],[7.4487,45.047],[7.448,45.0441],[7.4389,45.0403],[7.4163,45.0458],[7.4121,45.0503],[7.4075,45.053],[7.4027,45.0572],[7.4022,45.0613],[7.4042,45.0638],[7.4107,45.0651],[7.4183,45.062]]]}},{"type":"Feature","properties":{"i":"001212","n":"Ribordone"},"geometry":{"type":"Polygon","coordinates":[[[7.5226,45.4563],[7.5286,45.44],[7.5334,45.4322],[7.5308,45.4267],[7.524,45.4201],[7.5126,45.4153],[7.51,45.412],[7.5106,45.4113],[7.4919,45.412],[7.4845,45.4188],[7.4793,45.42],[7.4746,45.4197],[7.4715,45.4234],[7.4718,45.4264],[7.471,45.4293],[7.4672,45.4338],[7.4598,45.4384],[7.452,45.4384],[7.4427,45.4438],[7.4417,45.4464],[7.4421,45.4523],[7.4399,45.4628],[7.4199,45.4891],[7.4175,45.4947],[7.4175,45.5019],[7.4208,45.5079],[7.4231,45.5085],[7.4258,45.5079],[7.4316,45.5037],[7.4325,45.5008],[7.4324,45.4973],[7.4335,45.4952],[7.4418,45.4881],[7.4509,45.4825],[7.4556,45.4772],[7.4628,45.475],[7.4666,45.4745],[7.4898,45.4783],[7.4985,45.4778],[7.5033,45.4757],[7.5177,45.4686],[7.5185,45.4573],[7.5226,45.4563]]]}},{"type":"Feature","properties":{"i":"001213","n":"Rivalba"},"geometry":{"type":"Polygon","coordinates":[[[7.9133,45.1087],[7.9102,45.1074],[7.9055,45.1095],[7.9006,45.1105],[7.8927,45.1068],[7.8872,45.1068],[7.8749,45.1132],[7.8669,45.1155],[7.86,45.1191],[7.8587,45.1219],[7.8657,45.1242],[7.8734,45.1301],[7.8714,45.1351],[7.8848,45.1459],[7.888,45.1396],[7.8947,45.1361],[7.9021,45.1343],[7.91,45.1253],[7.9107,45.1209],[7.9157,45.1156],[7.9185,45.114],[7.9167,45.1112],[7.9133,45.1087]]]}},{"type":"Feature","properties":{"i":"001214","n":"Rivalta di Torino"},"geometry":{"type":"Polygon","coordinates":[[[7.5686,45.0431],[7.5681,45.0399],[7.5628,45.0373],[7.5592,45.0372],[7.5561,45.0345],[7.5547,45.0329],[7.5523,45.0264],[7.5614,45.0074],[7.5648,45.0038],[7.564,45.0005],[7.5543,45.0035],[7.5472,45.0132],[7.54,45.0168],[7.5373,45.0181],[7.5232,45.0209],[7.5155,44.9949],[7.5106,44.9833],[7.504,44.9862],[7.4992,44.9899],[7.496,44.9938],[7.4846,45.0023],[7.4936,45.004],[7.4901,45.0069],[7.488,45.0171],[7.4894,45.0211],[7.4823,45.0263],[7.4793,45.0267],[7.4743,45.0261],[7.4713,45.0275],[7.474,45.0299],[7.4803,45.0324],[7.4959,45.0347],[7.4982,45.0359],[7.5003,45.0448],[7.5124,45.0437],[7.5291,45.0441],[7.5527,45.0485],[7.5686,45.0431]]]}},{"type":"Feature","properties":{"i":"001215","n":"Riva presso Chieri"},"geometry":{"type":"Polygon","coordinates":[[[7.91,45.0176],[7.9189,45.0166],[7.9163,45.0095],[7.9159,45.0043],[7.917,45.0029],[7.9343,45.0005],[7.931,44.9884],[7.9287,44.9835],[7.9022,44.9658],[7.9003,44.9409],[7.8892,44.9356],[7.8834,44.9362],[7.8843,44.9369],[7.884,44.9381],[7.8798,44.945],[7.8737,44.9452],[7.8603,44.9474],[7.8569,44.9494],[7.8585,44.9515],[7.8436,44.9567],[7.8418,44.9589],[7.8441,44.9624],[7.8446,44.9629],[7.8474,44.9621],[7.8522,44.9681],[7.8573,44.986],[7.8658,44.9925],[7.8698,44.9975],[7.876,45.0082],[7.8809,45.0095],[7.888,45.0138],[7.8879,45.017],[7.8902,45.0182],[7.901,45.0195],[7.9064,45.0191],[7.91,45.0176]]]}},{"type":"Feature","properties":{"i":"001216","n":"Rivara"},"geometry":{"type":"MultiPolygon","coordinates":[[[[7.6006,45.3436],[7.6022,45.3425],[7.6005,45.3424],[7.6006,45.3436]]],[[[7.6476,45.3398],[7.6615,45.3408],[7.6569,45.3386],[7.6501,45.3368],[7.6491,45.3342],[7.6545,45.3152],[7.6547,45.3097],[7.6575,45.3046],[7.6557,45.3037],[7.6289,45.3071],[7.6263,45.3086],[7.6258,45.3107],[7.6188,45.318],[7.6143,45.321],[7.6131,45.323],[7.6171,45.323],[7.6167,45.3257],[7.6153,45.3263],[7.6084,45.3261],[7.606,45.3308],[7.606,45.3331],[7.6071,45.3339],[7.61,45.3337],[7.6071,45.3393],[7.6056,45.3401],[7.6086,45.3422],[7.6179,45.3457],[7.6188,45.3468],[7.6171,45.3476],[7.6244,45.348],[7.6254,45.3448],[7.6284,45.3415],[7.6411,45.3391],[7.6476,45.3398]]],[[[7.5917,45.3492],[7.5866,45.3497],[7.586,45.3569],[7.5908,45.3526],[7.5917,45.3492]]]]}},{"type":"Feature","properties":{"i":"001217","n":"Rivarolo Canavese"},"geometry":{"type":"Polygon","coordinates":[[[7.7284,45.3521],[7.7337,45.3473],[7.7395,45.3346],[7.7467,45.3286],[7.754,45.3188],[7.7549,45.313],[7.7479,45.3126],[7.7433,45.3115],[7.736,45.3067],[7.7345,45.3027],[7.7408,45.2925],[7.7437,45.2915],[7.7369,45.2834],[7.7372,45.2786],[7.7433,45.2729],[7.7531,45.2702],[7.7562,45.2575],[7.7494,45.2564],[7.7525,45.2521],[7.7406,45.25],[7.7095,45.2689],[7.7032,45.288],[7.7024,45.2932],[7.7019,45.3158],[7.7033,45.3379],[7.7015,45.3502],[7.7085,45.3517],[7.7144,45.3572],[7.7176,45.354],[7.7284,45.3521]]]}},{"type":"Feature","properties":{"i":"001218","n":"Rivarossa"},"geometry":{"type":"Polygon","coordinates":[[[7.7095,45.2689],[7.7406,45.25],[7.7374,45.249],[7.7325,45.2456],[7.7195,45.2429],[7.6956,45.2425],[7.6808,45.2451],[7.6671,45.2491],[7.6655,45.2504],[7.6665,45.2559],[7.6702,45.2589],[7.6736,45.2599],[7.6881,45.2606],[7.6976,45.2623],[7.699,45.263],[7.699,45.2663],[7.7016,45.2708],[7.7095,45.2689]]]}},{"type":"Feature","properties":{"i":"001219","n":"Rivoli"},"geometry":{"type":"Polygon","coordinates":[[[7.5521,45.0948],[7.5583,45.0898],[7.5556,45.0878],[7.5581,45.0706],[7.5576,45.0689],[7.5717,45.0493],[7.5712,45.0475],[7.5799,45.0399],[7.5527,45.0485],[7.5291,45.0441],[7.5124,45.0437],[7.4948,45.0449],[7.5035,45.0523],[7.495,45.0561],[7.4823,45.0576],[7.4761,45.0599],[7.4824,45.0717],[7.4829,45.0741],[7.4826,45.0945],[7.4906,45.0959],[7.4933,45.0957],[7.4961,45.0913],[7.5006,45.0875],[7.5124,45.0855],[7.5207,45.0857],[7.5468,45.0892],[7.5514,45.0922],[7.5521,45.0948]]]}},{"type":"Feature","properties":{"i":"001220","n":"Robassomero"},"geometry":{"type":"Polygon","coordinates":[[[7.5529,45.21],[7.5585,45.2059],[7.561,45.2062],[7.5723,45.2026],[7.5927,45.192],[7.5963,45.1913],[7.5983,45.1868],[7.6045,45.1804],[7.6095,45.1808],[7.6109,45.1818],[7.6112,45.1789],[7.6103,45.1753],[7.6082,45.1717],[7.6034,45.1695],[7.5996,45.1705],[7.5852,45.1765],[7.5733,45.1858],[7.5608,45.1886],[7.5504,45.2043],[7.5383,45.2171],[7.5397,45.2196],[7.5529,45.21]]]}},{"type":"Feature","properties":{"i":"001221","n":"Rocca Canavese"},"geometry":{"type":"Polygon","coordinates":[[[7.5701,45.3287],[7.589,45.3211],[7.5909,45.3198],[7.5918,45.3162],[7.6048,45.3124],[7.6073,45.3082],[7.6071,45.3069],[7.6022,45.3051],[7.5915,45.2981],[7.5863,45.2935],[7.5881,45.287],[7.5865,45.2826],[7.5848,45.2803],[7.5663,45.2861],[7.5622,45.2881],[7.5629,45.2985],[7.5603,45.3033],[7.5546,45.31],[7.5529,45.3164],[7.5561,45.3186],[7.5579,45.3248],[7.545,45.3374],[7.5416,45.339],[7.5464,45.3388],[7.5567,45.3354],[7.5701,45.3287]]]}},{"type":"Feature","properties":{"i":"001222","n":"Roletto"},"geometry":{"type":"Polygon","coordinates":[[[7.3097,44.9508],[7.3159,44.9338],[7.3266,44.9321],[7.3393,44.9286],[7.3407,44.9239],[7.3439,44.9218],[7.3751,44.9066],[7.3865,44.9064],[7.3801,44.9022],[7.3677,44.902],[7.3557,44.9029],[7.3556,44.9042],[7.3393,44.906],[7.3254,44.9131],[7.3204,44.9173],[7.3095,44.9289],[7.3105,44.9326],[7.301,44.9456],[7.2978,44.9511],[7.3097,44.9508]]]}},{"type":"Feature","properties":{"i":"001223","n":"Romano Canavese"},"geometry":{"type":"Polygon","coordinates":[[[7.9034,45.4243],[7.89,45.4152],[7.8826,45.4088],[7.8836,45.3949],[7.8743,45.385],[7.8764,45.373],[7.8597,45.3724],[7.8533,45.3908],[7.8535,45.4031],[7.8519,45.4081],[7.8503,45.4087],[7.8498,45.4128],[7.854,45.4157],[7.8561,45.4155],[7.8582,45.4142],[7.8677,45.4158],[7.8831,45.4214],[7.8863,45.4201],[7.8889,45.4215],[7.8904,45.4234],[7.8903,45.4256],[7.8918,45.4263],[7.903,45.4268],[7.9034,45.4243]]]}},{"type":"Feature","properties":{"i":"001224","n":"Ronco Canavese"},"geometry":{"type":"Polygon","coordinates":[[[7.6171,45.5196],[7.6147,45.5158],[7.6131,45.5095],[7.6082,45.5002],[7.6038,45.4957],[7.5963,45.4899],[7.5906,45.4882],[7.5782,45.4865],[7.5685,45.4816],[7.5623,45.478],[7.5523,45.4663],[7.5477,45.4647],[7.5415,45.4594],[7.5323,45.4589],[7.5226,45.4563],[7.5185,45.4573],[7.5177,45.4686],[7.4985,45.4778],[7.4869,45.4781],[7.4666,45.4745],[7.4556,45.4772],[7.4509,45.4825],[7.4418,45.4881],[7.4335,45.4952],[7.4324,45.4973],[7.4325,45.5008],[7.4316,45.5037],[7.4258,45.5079],[7.3996,45.5154],[7.3932,45.5124],[7.3914,45.5089],[7.3824,45.5068],[7.3799,45.5071],[7.3761,45.5097],[7.3776,45.5139],[7.3757,45.5165],[7.3834,45.5196],[7.3872,45.522],[7.3945,45.5273],[7.3958,45.5309],[7.4107,45.5355],[7.4162,45.5405],[7.4206,45.5466],[7.4282,45.5475],[7.4433,45.5543],[7.448,45.5556],[7.4574,45.5505],[7.4835,45.547],[7.4943,45.5419],[7.4996,45.536],[7.5217,45.5186],[7.5298,45.516],[7.5507,45.5151],[7.561,45.5176],[7.5733,45.5219],[7.5827,45.5268],[7.5879,45.5283],[7.5964,45.5263],[7.6049,45.5213],[7.6171,45.5196]]]}},{"type":"Feature","properties":{"i":"001225","n":"Rondissone"},"geometry":{"type":"Polygon","coordinates":[[[7.98,45.2615],[7.984,45.2576],[7.9826,45.2565],[7.9856,45.2484],[7.9863,45.2382],[7.9885,45.2351],[7.9908,45.2338],[7.9903,45.2317],[7.98,45.2328],[7.9766,45.236],[7.9742,45.2366],[7.9608,45.2358],[7.9536,45.2339],[7.9424,45.2361],[7.9381,45.2354],[7.9259,45.2475],[7.9472,45.2563],[7.9593,45.2625],[7.9698,45.2593],[7.9755,45.2587],[7.9806,45.2602],[7.98,45.2615]]]}},{"type":"Feature","properties":{"i":"001226","n":"Rorà"},"geometry":{"type":"Polygon","coordinates":[[[7.1999,44.7619],[7.1932,44.7603],[7.1871,44.76],[7.159,44.7605],[7.1656,44.765],[7.1693,44.7694],[7.1696,44.7719],[7.1674,44.7799],[7.1733,44.7891],[7.1811,44.7939],[7.1937,44.7969],[7.206,44.8013],[7.2095,44.8038],[7.2168,44.8],[7.2181,44.7984],[7.2113,44.7874],[7.1999,44.7619]]]}},{"type":"Feature","properties":{"i":"001227","n":"Roure"},"geometry":{"type":"Polygon","coordinates":[[[7.1459,45.0628],[7.1451,45.0586],[7.1461,45.055],[7.1597,45.0483],[7.1639,45.0476],[7.1684,45.0325],[7.1733,45.0283],[7.1773,45.0227],[7.1826,45.0089],[7.1766,45.0027],[7.1571,44.9885],[7.1429,44.974],[7.1374,44.9669],[7.1381,44.9618],[7.1343,44.9621],[7.1275,44.9602],[7.124,44.9604],[7.1003,44.9707],[7.0924,44.9717],[7.0751,44.977],[7.0688,44.9816],[7.0594,44.9848],[7.0545,44.9894],[7.058,44.9934],[7.0601,44.9938],[7.0863,44.994],[7.0914,44.9967],[7.0954,45.0017],[7.0974,45.0101],[7.1068,45.0275],[7.1083,45.0321],[7.1091,45.0372],[7.0993,45.0536],[7.0993,45.0562],[7.1003,45.0577],[7.102,45.06],[7.107,45.0623],[7.1072,45.0644],[7.1184,45.0675],[7.1197,45.0639],[7.1269,45.0626],[7.1459,45.0628]]]}},{"type":"Feature","properties":{"i":"001228","n":"Rosta"},"geometry":{"type":"Polygon","coordinates":[[[7.4823,45.0576],[7.4753,45.0549],[7.4549,45.0582],[7.4571,45.0608],[7.4489,45.0815],[7.4443,45.0852],[7.4445,45.0896],[7.4729,45.0901],[7.4786,45.0921],[7.4826,45.0945],[7.4829,45.0741],[7.4824,45.0717],[7.4761,45.0599],[7.4823,45.0576]]]}},{"type":"Feature","properties":{"i":"001229","n":"Rubiana"},"geometry":{"type":"Polygon","coordinates":[[[7.3966,45.177],[7.4038,45.1677],[7.4054,45.1638],[7.407,45.1554],[7.4104,45.1506],[7.417,45.1462],[7.4195,45.1405],[7.3992,45.1338],[7.3919,45.1288],[7.3853,45.1267],[7.3841,45.1291],[7.374,45.1292],[7.3622,45.131],[7.3513,45.1396],[7.3478,45.1465],[7.3454,45.1588],[7.3404,45.1668],[7.3367,45.1702],[7.3344,45.1735],[7.3323,45.1841],[7.3355,45.1853],[7.3403,45.1849],[7.3494,45.1826],[7.3675,45.1799],[7.3914,45.1767],[7.3966,45.177]]]}},{"type":"Feature","properties":{"i":"001230","n":"Rueglio"},"geometry":{"type":"Polygon","coordinates":[[[7.7787,45.4735],[7.7741,45.4713],[7.7698,45.4663],[7.76,45.4637],[7.7555,45.4562],[7.7498,45.4511],[7.7444,45.4519],[7.7425,45.4558],[7.7373,45.454],[7.7335,45.4554],[7.732,45.4586],[7.7293,45.4606],[7.7219,45.464],[7.7163,45.4657],[7.7159,45.4675],[7.7041,45.476],[7.7016,45.4792],[7.7029,45.4844],[7.713,45.4842],[7.7138,45.4883],[7.7113,45.4912],[7.7126,45.4921],[7.7419,45.4895],[7.7521,45.486],[7.7576,45.4823],[7.7589,45.4796],[7.7614,45.4778],[7.77,45.4769],[7.7812,45.477],[7.7787,45.4735]]]}},{"type":"Feature","properties":{"i":"001231","n":"Salassa"},"geometry":{"type":"Polygon","coordinates":[[[7.7144,45.3572],[7.7085,45.3517],[7.7015,45.3502],[7.6985,45.3523],[7.6933,45.3526],[7.6758,45.3467],[7.676,45.3555],[7.6771,45.3576],[7.6765,45.3641],[7.687,45.3698],[7.6954,45.3706],[7.7063,45.3653],[7.7103,45.3588],[7.7144,45.3572]]]}},{"type":"Feature","properties":{"i":"001232","n":"Salbertrand"},"geometry":{"type":"Polygon","coordinates":[[[6.9351,45.0603],[6.9366,45.0566],[6.9363,45.0501],[6.9244,45.0374],[6.9127,45.0397],[6.8844,45.0531],[6.8789,45.0566],[6.8713,45.0589],[6.8658,45.0545],[6.8539,45.0512],[6.8386,45.0687],[6.8385,45.0826],[6.8435,45.1054],[6.8486,45.1095],[6.8526,45.1078],[6.8652,45.1103],[6.8866,45.1076],[6.89,45.1063],[6.9088,45.0913],[6.9079,45.0826],[6.9103,45.0793],[6.9266,45.065],[6.9351,45.0603]]]}},{"type":"Feature","properties":{"i":"001233","n":"Salerano Canavese"},"geometry":{"type":"MultiPolygon","coordinates":[[[[7.8478,45.4684],[7.8503,45.4698],[7.8518,45.4669],[7.8547,45.459],[7.8543,45.4549],[7.8497,45.4533],[7.8385,45.454],[7.8275,45.4474],[7.8277,45.4551],[7.8336,45.4589],[7.846,45.4628],[7.8487,45.4649],[7.8478,45.4684]]],[[[7.8478,45.4684],[7.8444,45.4673],[7.8461,45.4702],[7.8478,45.4684]]]]}},{"type":"Feature","properties":{"i":"001234","n":"Salza di Pinerolo"},"geometry":{"type":"Polygon","coordinates":[[[7.0784,44.943],[7.0815,44.9429],[7.0764,44.9379],[7.0801,44.9378],[7.0813,44.9371],[7.0802,44.9312],[7.0784,44.9295],[7.0713,44.9273],[7.063,44.9231],[7.0625,44.919],[7.056,44.919],[7.0571,44.9239],[7.0548,44.9274],[7.0496,44.9295],[7.0427,44.9308],[7.0324,44.9309],[7.0208,44.9269],[7.0146,44.9231],[7.0024,44.9182],[6.9979,44.9196],[6.9915,44.919],[6.9886,44.924],[6.9879,44.9275],[6.9877,44.9327],[6.9908,44.9415],[6.9896,44.9439],[6.9989,44.9431],[7.0141,44.9446],[7.0236,44.949],[7.0356,44.9512],[7.0488,44.9498],[7.0562,44.9454],[7.0594,44.9412],[7.0691,44.9399],[7.0752,44.9425],[7.0784,44.943]],[[7.0268,44.9465],[7.025,44.9476],[7.0242,44.9469],[7.0266,44.9449],[7.0268,44.9465]],[[7.0362,44.9452],[7.0344,44.9453],[7.0353,44.9442],[7.0362,44.9452]],[[7.0397,44.9413],[7.0397,44.9423],[7.0357,44.9403],[7.0386,44.9404],[7.0397,44.9413]],[[7.0208,44.9349],[7.0195,44.9358],[7.0142,44.9336],[7.0158,44.9322],[7.0209,44.933],[7.0208,44.9349]]]}},{"type":"Feature","properties":{"i":"001235","n":"Samone"},"geometry":{"type":"MultiPolygon","coordinates":[[[[7.8497,45.4533],[7.8495,45.4449],[7.8402,45.4405],[7.8362,45.4365],[7.8348,45.4364],[7.8305,45.4391],[7.8266,45.4439],[7.8275,45.4474],[7.8385,45.454],[7.8497,45.4533]]],[[[7.8487,45.4649],[7.8482,45.4655],[7.846,45.4628],[7.8444,45.4673],[7.8478,45.4684],[7.8487,45.4649]]]]}},{"type":"Feature","properties":{"i":"001236","n":"San Benigno Canavese"},"geometry":{"type":"Polygon","coordinates":[[[7.8028,45.2496],[7.8117,45.2462],[7.8103,45.2439],[7.8112,45.2398],[7.8144,45.2326],[7.8172,45.2271],[7.8295,45.2096],[7.832,45.2067],[7.8347,45.2052],[7.8338,45.202],[7.8208,45.2078],[7.8012,45.2116],[7.7857,45.2164],[7.7463,45.2211],[7.7378,45.2194],[7.7372,45.2204],[7.7376,45.224],[7.74,45.2286],[7.7487,45.2287],[7.757,45.2333],[7.7548,45.2372],[7.7564,45.2424],[7.7615,45.25],[7.762,45.2538],[7.7704,45.2553],[7.7755,45.2594],[7.7838,45.2601],[7.7899,45.2552],[7.8028,45.2496]]]}},{"type":"Feature","properties":{"i":"001237","n":"San Carlo Canavese"},"geometry":{"type":"Polygon","coordinates":[[[7.6562,45.2558],[7.6558,45.2459],[7.6537,45.2421],[7.6325,45.2322],[7.6274,45.2282],[7.6003,45.2429],[7.5804,45.2491],[7.5793,45.2519],[7.5828,45.2543],[7.585,45.2623],[7.5853,45.2794],[7.5848,45.2803],[7.5865,45.2826],[7.5993,45.2765],[7.6421,45.2671],[7.6441,45.2635],[7.6525,45.2614],[7.6518,45.2556],[7.6562,45.2558]]]}},{"type":"Feature","properties":{"i":"001238","n":"San Colombano Belmonte"},"geometry":{"type":"Polygon","coordinates":[[[7.629,45.3793],[7.6135,45.3766],[7.61,45.3775],[7.5877,45.3907],[7.5843,45.3938],[7.5896,45.3931],[7.5981,45.3967],[7.6028,45.3972],[7.6042,45.3967],[7.6035,45.3927],[7.6154,45.3883],[7.6219,45.3873],[7.6294,45.3835],[7.629,45.3793]]]}},{"type":"Feature","properties":{"i":"001239","n":"San Didero"},"geometry":{"type":"Polygon","coordinates":[[[7.234,45.1325],[7.2282,45.1323],[7.2219,45.1304],[7.2182,45.1267],[7.2158,45.1222],[7.2064,45.1229],[7.2084,45.1263],[7.2084,45.1276],[7.2049,45.1392],[7.2051,45.1414],[7.2119,45.1426],[7.2166,45.1462],[7.2196,45.1419],[7.2223,45.1421],[7.2274,45.1409],[7.2345,45.1335],[7.234,45.1325]]]}},{"type":"Feature","properties":{"i":"001240","n":"San Francesco al Campo"},"geometry":{"type":"Polygon","coordinates":[[[7.6622,45.2547],[7.6659,45.2545],[7.6655,45.2504],[7.6671,45.2491],[7.6877,45.2435],[7.6913,45.2436],[7.6901,45.2309],[7.6912,45.23],[7.6911,45.2164],[7.6899,45.211],[7.6878,45.2061],[7.648,45.2193],[7.6469,45.219],[7.6415,45.2204],[7.6336,45.2249],[7.6315,45.2286],[7.629,45.2298],[7.6325,45.2322],[7.6537,45.2421],[7.6558,45.2459],[7.6562,45.2558],[7.6622,45.2547]]]}},{"type":"Feature","properties":{"i":"001241","n":"Sangano"},"geometry":{"type":"Polygon","coordinates":[[[7.4713,45.0275],[7.4743,45.0261],[7.4663,45.0266],[7.4634,45.0251],[7.4572,45.0127],[7.4368,45.0138],[7.4223,45.0091],[7.4191,45.0127],[7.4195,45.0161],[7.4217,45.0216],[7.4252,45.0211],[7.4324,45.0227],[7.4358,45.0243],[7.4396,45.0286],[7.4414,45.0323],[7.4408,45.037],[7.4394,45.0403],[7.4412,45.041],[7.453,45.038],[7.455,45.0358],[7.4592,45.0333],[7.4713,45.0275]]]}},{"type":"Feature","properties":{"i":"001242","n":"San Germano Chisone"},"geometry":{"type":"Polygon","coordinates":[[[7.2437,44.893],[7.2434,44.8909],[7.2448,44.8896],[7.2541,44.8896],[7.2693,44.886],[7.2663,44.8777],[7.2616,44.8735],[7.2366,44.8666],[7.2277,44.862],[7.2258,44.8639],[7.2202,44.8665],[7.2112,44.8756],[7.2131,44.877],[7.217,44.8884],[7.2205,44.9035],[7.222,44.9135],[7.2175,44.9168],[7.2251,44.9166],[7.2298,44.9179],[7.232,44.9189],[7.2372,44.9237],[7.2384,44.9228],[7.2423,44.9182],[7.2457,44.9083],[7.2454,44.8985],[7.2437,44.893]]]}},{"type":"Feature","properties":{"i":"001243","n":"San Gillio"},"geometry":{"type":"Polygon","coordinates":[[[7.5486,45.1345],[7.5447,45.1336],[7.5395,45.1362],[7.5381,45.1358],[7.5255,45.13],[7.5143,45.1198],[7.4975,45.1227],[7.5022,45.1245],[7.5027,45.1263],[7.5022,45.1353],[7.4994,45.137],[7.5055,45.1413],[7.5129,45.145],[7.5263,45.1478],[7.5286,45.15],[7.5268,45.1551],[7.535,45.1585],[7.5474,45.1499],[7.5478,45.1378],[7.5486,45.1345]]]}},{"type":"Feature","properties":{"i":"001244","n":"San Giorgio Canavese"},"geometry":{"type":"Polygon","coordinates":[[[7.8309,45.35],[7.8306,45.3451],[7.8261,45.3384],[7.8221,45.334],[7.818,45.3254],[7.8201,45.319],[7.8331,45.3124],[7.8325,45.3101],[7.8399,45.308],[7.8385,45.3027],[7.8391,45.2957],[7.8208,45.2955],[7.8176,45.2981],[7.8173,45.2998],[7.8225,45.3079],[7.8246,45.3127],[7.8112,45.3255],[7.8083,45.3263],[7.8037,45.3259],[7.7994,45.3162],[7.7972,45.309],[7.7978,45.2914],[7.7985,45.2877],[7.7945,45.2781],[7.7925,45.2774],[7.784,45.2809],[7.7775,45.2912],[7.7839,45.2891],[7.7799,45.299],[7.7797,45.3218],[7.777,45.3287],[7.7718,45.3375],[7.7733,45.3417],[7.7771,45.3422],[7.7794,45.3445],[7.781,45.3477],[7.7814,45.3529],[7.7831,45.3563],[7.7859,45.3589],[7.7892,45.3588],[7.7911,45.3541],[7.7932,45.3521],[7.8064,45.3435],[7.8138,45.3434],[7.8309,45.35]]]}},{"type":"Feature","properties":{"i":"001245","n":"San Giorio di Susa"},"geometry":{"type":"Polygon","coordinates":[[[7.1828,45.1308],[7.1916,45.1295],[7.2064,45.1229],[7.213,45.1224],[7.2044,45.1088],[7.1959,45.106],[7.189,45.1024],[7.172,45.085],[7.1698,45.0814],[7.1665,45.0734],[7.167,45.07],[7.1709,45.0658],[7.1738,45.0608],[7.1719,45.0482],[7.1639,45.0476],[7.1606,45.048],[7.1461,45.055],[7.1451,45.0586],[7.1456,45.0614],[7.158,45.0894],[7.1558,45.0927],[7.1557,45.095],[7.1683,45.1276],[7.1671,45.1317],[7.1828,45.1308]]]}},{"type":"Feature","properties":{"i":"001246","n":"San Giusto Canavese"},"geometry":{"type":"Polygon","coordinates":[[[7.8208,45.2955],[7.8175,45.2825],[7.8187,45.277],[7.8127,45.2758],[7.8064,45.2758],[7.7906,45.2721],[7.784,45.2795],[7.784,45.2809],[7.7925,45.2774],[7.7945,45.2781],[7.7985,45.2877],[7.7978,45.2914],[7.7972,45.309],[7.7994,45.3162],[7.8037,45.3259],[7.8083,45.3263],[7.8112,45.3255],[7.8246,45.3127],[7.8225,45.3079],[7.8173,45.2998],[7.8176,45.2981],[7.8208,45.2955]]]}},{"type":"Feature","properties":{"i":"001247","n":"San Martino Canavese"},"geometry":{"type":"Polygon","coordinates":[[[7.8218,45.4158],[7.8241,45.4111],[7.8244,45.4086],[7.8234,45.3987],[7.8286,45.3915],[7.8332,45.3891],[7.834,45.3811],[7.8363,45.3753],[7.8364,45.3716],[7.833,45.3714],[7.8307,45.3778],[7.8253,45.383],[7.8178,45.3855],[7.7957,45.3876],[7.7911,45.3863],[7.774,45.3892],[7.779,45.398],[7.7828,45.3983],[7.7886,45.3969],[7.7925,45.3969],[7.7987,45.401],[7.8006,45.4055],[7.7974,45.4093],[7.7972,45.4122],[7.7991,45.4141],[7.8135,45.4162],[7.8218,45.4158]]]}},{"type":"Feature","properties":{"i":"001248","n":"San Maurizio Canavese"},"geometry":{"type":"Polygon","coordinates":[[[7.6878,45.2061],[7.6848,45.1948],[7.6785,45.1972],[7.6737,45.198],[7.6489,45.1981],[7.6402,45.1975],[7.6291,45.1932],[7.6095,45.1808],[7.6045,45.1804],[7.5983,45.1868],[7.5963,45.1913],[7.5927,45.192],[7.596,45.1958],[7.6116,45.2088],[7.621,45.2229],[7.629,45.2298],[7.6315,45.2286],[7.6336,45.2249],[7.6415,45.2204],[7.6469,45.219],[7.648,45.2193],[7.6878,45.2061]]]}},{"type":"Feature","properties":{"i":"001249","n":"San Mauro Torinese"},"geometry":{"type":"Polygon","coordinates":[[[7.7496,45.1223],[7.7526,45.1213],[7.7544,45.1181],[7.7526,45.1136],[7.7675,45.1114],[7.7699,45.1149],[7.7726,45.1236],[7.7854,45.119],[7.7935,45.1202],[7.7951,45.1173],[7.7919,45.1081],[7.7841,45.0994],[7.7853,45.095],[7.787,45.0922],[7.7847,45.0942],[7.7822,45.0948],[7.7798,45.0943],[7.7794,45.0919],[7.769,45.0817],[7.7555,45.0826],[7.7508,45.0836],[7.7489,45.085],[7.7428,45.0917],[7.7458,45.0944],[7.751,45.0973],[7.7522,45.1022],[7.7407,45.1095],[7.7379,45.1128],[7.7354,45.1195],[7.7367,45.1234],[7.7429,45.1222],[7.7434,45.1173],[7.7496,45.1223]]]}},{"type":"Feature","properties":{"i":"001250","n":"San Pietro Val Lemina"},"geometry":{"type":"Polygon","coordinates":[[[7.2796,44.9073],[7.2773,44.9082],[7.2785,44.9179],[7.2783,44.9253],[7.2736,44.9337],[7.2695,44.9462],[7.2794,44.962],[7.2798,44.9656],[7.2826,44.9704],[7.2862,44.9721],[7.288,44.9649],[7.2906,44.9446],[7.296,44.9282],[7.3131,44.911],[7.3153,44.898],[7.3106,44.898],[7.2922,44.905],[7.2796,44.9073]]]}},{"type":"Feature","properties":{"i":"001251","n":"San Ponso"},"geometry":{"type":"Polygon","coordinates":[[[7.676,45.3555],[7.6758,45.3467],[7.6658,45.3399],[7.6615,45.3408],[7.6476,45.3398],[7.6481,45.3427],[7.6537,45.3434],[7.657,45.3481],[7.6649,45.352],[7.6713,45.3526],[7.676,45.3555]]]}},{"type":"Feature","properties":{"i":"001252","n":"San Raffaele Cimena"},"geometry":{"type":"Polygon","coordinates":[[[7.8674,45.1723],[7.8701,45.1626],[7.8693,45.1575],[7.878,45.1458],[7.8848,45.1459],[7.8714,45.1351],[7.8494,45.1328],[7.843,45.1359],[7.8415,45.1406],[7.8353,45.1511],[7.8259,45.1594],[7.8309,45.1581],[7.8376,45.1613],[7.8446,45.1673],[7.8558,45.174],[7.8674,45.1723]]]}},{"type":"Feature","properties":{"i":"001253","n":"San Sebastiano da Po"},"geometry":{"type":"Polygon","coordinates":[[[7.973,45.1713],[7.9734,45.1658],[7.9766,45.1542],[7.9763,45.1519],[7.9725,45.1476],[7.9653,45.1428],[7.9634,45.1454],[7.959,45.1465],[7.9417,45.1436],[7.9336,45.1415],[7.9289,45.1415],[7.9246,45.1426],[7.9179,45.1468],[7.9064,45.1643],[7.9117,45.1677],[7.9232,45.1711],[7.9261,45.1733],[7.9277,45.1728],[7.9397,45.1811],[7.9529,45.1773],[7.9629,45.1754],[7.973,45.1713]]]}},{"type":"Feature","properties":{"i":"001254","n":"San Secondo di Pinerolo"},"geometry":{"type":"Polygon","coordinates":[[[7.283,44.8851],[7.3128,44.8754],[7.3336,44.8628],[7.3308,44.8579],[7.3298,44.8479],[7.3275,44.8492],[7.3024,44.845],[7.2847,44.8443],[7.2765,44.8483],[7.2714,44.854],[7.2794,44.8572],[7.2911,44.8643],[7.2959,44.8727],[7.2922,44.8773],[7.2837,44.8838],[7.2783,44.882],[7.276,44.8821],[7.2691,44.8847],[7.2693,44.886],[7.283,44.8851]]]}},{"type":"Feature","properties":{"i":"001255","n":"Sant'Ambrogio di Torino"},"geometry":{"type":"Polygon","coordinates":[[[7.3553,45.084],[7.3561,45.085],[7.3512,45.0866],[7.3465,45.0867],[7.3404,45.0853],[7.3381,45.0881],[7.3374,45.0905],[7.338,45.0923],[7.3413,45.0952],[7.3427,45.0981],[7.3384,45.1051],[7.3377,45.1109],[7.3536,45.1114],[7.3666,45.1082],[7.3686,45.107],[7.3771,45.0973],[7.3839,45.0971],[7.3897,45.0932],[7.3849,45.0891],[7.3809,45.087],[7.3656,45.0837],[7.3553,45.084]]]}},{"type":"Feature","properties":{"i":"001256","n":"Sant'Antonino di Susa"},"geometry":{"type":"Polygon","coordinates":[[[7.2747,45.1125],[7.2841,45.1127],[7.2825,45.104],[7.2798,45.0996],[7.2781,45.0943],[7.2784,45.0926],[7.2837,45.0842],[7.2825,45.0794],[7.2742,45.0761],[7.2687,45.0758],[7.2457,45.0778],[7.2469,45.0818],[7.2475,45.0936],[7.2568,45.1125],[7.2747,45.1125]]]}},{"type":"Feature","properties":{"i":"001257","n":"Santena"},"geometry":{"type":"Polygon","coordinates":[[[7.8133,44.9516],[7.8098,44.9493],[7.7998,44.9389],[7.7995,44.9341],[7.8005,44.9282],[7.7885,44.9159],[7.7773,44.9234],[7.7645,44.9306],[7.7515,44.9362],[7.7537,44.9411],[7.7518,44.9441],[7.7537,44.9526],[7.7695,44.9573],[7.7731,44.9617],[7.7853,44.9648],[7.7906,44.966],[7.8022,44.9653],[7.81,44.9602],[7.8131,44.954],[7.8133,44.9516]]]}},{"type":"Feature","properties":{"i":"001258","n":"Sauze di Cesana"},"geometry":{"type":"Polygon","coordinates":[[[6.9307,44.9343],[6.9445,44.9249],[6.9454,44.9167],[6.9449,44.9138],[6.946,44.9102],[6.9505,44.9061],[6.97,44.901],[6.988,44.8984],[6.9961,44.891],[6.9973,44.8883],[6.9997,44.8863],[7.0042,44.8836],[7.0118,44.8828],[7.0129,44.8782],[7.0118,44.8711],[7.0075,44.8634],[7.0057,44.8623],[7.0023,44.8568],[7.0044,44.8542],[7.0074,44.8523],[7.0051,44.8472],[7.0012,44.8424],[6.9924,44.843],[6.9634,44.8501],[6.9559,44.8543],[6.9315,44.8634],[6.9313,44.8646],[6.918,44.8689],[6.9058,44.8758],[6.8944,44.8808],[6.8658,44.9015],[6.864,44.9037],[6.8632,44.908],[6.8637,44.9108],[6.8627,44.9145],[6.857,44.9213],[6.8517,44.9238],[6.8472,44.9229],[6.8415,44.9233],[6.8307,44.9272],[6.8306,44.9295],[6.8236,44.9401],[6.8295,44.9427],[6.8332,44.9434],[6.8341,44.9424],[6.8396,44.9411],[6.8454,44.9413],[6.855,44.9451],[6.862,44.9488],[6.8747,44.9485],[6.8934,44.9436],[6.9053,44.9367],[6.9113,44.9343],[6.9233,44.9321],[6.9307,44.9343]]]}},{"type":"Feature","properties":{"i":"001259","n":"Sauze d'Oulx"},"geometry":{"type":"Polygon","coordinates":[[[6.8998,45.0261],[6.899,45.0224],[6.9017,45.0192],[6.8967,45.0071],[6.89,45.0041],[6.871,44.9933],[6.8528,45.0019],[6.839,45.0111],[6.8376,45.0132],[6.8377,45.0154],[6.842,45.0245],[6.8455,45.0357],[6.8564,45.0357],[6.8593,45.034],[6.8758,45.0386],[6.8841,45.0398],[6.891,45.0322],[6.8998,45.0261]]]}},{"type":"Feature","properties":{"i":"001260","n":"Scalenghe"},"geometry":{"type":"Polygon","coordinates":[[[7.5402,44.9104],[7.5381,44.8916],[7.5386,44.8883],[7.5408,44.8788],[7.5454,44.8768],[7.5181,44.876],[7.5084,44.8729],[7.5012,44.873],[7.4855,44.8753],[7.4787,44.8743],[7.465,44.8751],[7.4603,44.8756],[7.4485,44.8811],[7.4425,44.885],[7.4373,44.8921],[7.4245,44.8906],[7.4154,44.8875],[7.4206,44.8969],[7.4217,44.9047],[7.4378,44.9085],[7.4496,44.9089],[7.453,44.9098],[7.4751,44.9042],[7.4829,44.9041],[7.4966,44.9062],[7.5033,44.9099],[7.5126,44.9171],[7.5191,44.9155],[7.5282,44.9102],[7.5402,44.9104]]]}},{"type":"Feature","properties":{"i":"001261","n":"Scarmagno"},"geometry":{"type":"Polygon","coordinates":[[[7.8503,45.4087],[7.8519,45.4081],[7.8535,45.4031],[7.8533,45.3908],[7.8594,45.3735],[7.8596,45.3709],[7.8582,45.3668],[7.8535,45.3635],[7.8429,45.3611],[7.8388,45.3612],[7.8358,45.3597],[7.8324,45.3563],[7.8313,45.362],[7.8326,45.3652],[7.833,45.3714],[7.8364,45.3716],[7.8363,45.3753],[7.834,45.3811],[7.8332,45.3891],[7.8308,45.3899],[7.8373,45.3916],[7.8407,45.3982],[7.8384,45.401],[7.838,45.4043],[7.8503,45.4087]]]}},{"type":"Feature","properties":{"i":"001262","n":"Sciolze"},"geometry":{"type":"Polygon","coordinates":[[[7.9102,45.1074],[7.9061,45.0951],[7.8961,45.095],[7.8948,45.096],[7.8908,45.0956],[7.8884,45.0939],[7.889,45.0925],[7.886,45.087],[7.8778,45.0806],[7.8723,45.0812],[7.8679,45.0839],[7.8659,45.0825],[7.8548,45.0821],[7.8535,45.0837],[7.8532,45.0957],[7.8556,45.1047],[7.8548,45.1096],[7.8572,45.1149],[7.8609,45.1187],[7.8669,45.1155],[7.8749,45.1132],[7.8872,45.1068],[7.8927,45.1068],[7.9011,45.1105],[7.9055,45.1095],[7.9102,45.1074]]]}},{"type":"Feature","properties":{"i":"001263","n":"Sestriere"},"geometry":{"type":"Polygon","coordinates":[[[6.9307,44.9343],[6.9233,44.9321],[6.9113,44.9343],[6.9053,44.9367],[6.8934,44.9436],[6.8747,44.9485],[6.862,44.9488],[6.855,44.9451],[6.8454,44.9413],[6.8396,44.9411],[6.8341,44.9424],[6.8332,44.9434],[6.8342,44.9509],[6.8381,44.9577],[6.8449,44.9615],[6.855,44.9689],[6.8543,44.9711],[6.8553,44.9737],[6.867,44.9843],[6.8676,44.9882],[6.871,44.9933],[6.8727,44.9918],[6.8942,44.9814],[6.9044,44.9799],[6.9103,44.9807],[6.9125,44.9765],[6.9141,44.9673],[6.9144,44.9604],[6.9172,44.9566],[6.9226,44.9536],[6.9265,44.9446],[6.929,44.941],[6.9307,44.9343]]]}},{"type":"Feature","properties":{"i":"001264","n":"Settimo Rottaro"},"geometry":{"type":"Polygon","coordinates":[[[8.0144,45.4067],[8.0089,45.3979],[8.0051,45.3964],[8.0026,45.3939],[7.9975,45.3922],[7.9942,45.3921],[7.9937,45.3929],[7.9952,45.3944],[7.9984,45.3963],[7.9975,45.3984],[7.9937,45.3974],[7.9919,45.3959],[7.9802,45.3979],[7.9788,45.399],[7.9751,45.4048],[7.9733,45.4123],[7.9755,45.4165],[7.9776,45.4177],[7.9837,45.4186],[7.9925,45.4176],[8.012,45.4109],[8.0144,45.4067]]]}},{"type":"Feature","properties":{"i":"001265","n":"Settimo Torinese"},"geometry":{"type":"Polygon","coordinates":[[[7.8142,45.1642],[7.8149,45.1654],[7.8176,45.1665],[7.8206,45.1659],[7.8259,45.1594],[7.8321,45.1542],[7.808,45.1388],[7.8029,45.1384],[7.7976,45.1413],[7.7942,45.1396],[7.7807,45.1265],[7.776,45.1263],[7.7726,45.1236],[7.7699,45.1149],[7.7675,45.1114],[7.7526,45.1136],[7.7544,45.1181],[7.7526,45.1213],[7.746,45.1247],[7.7429,45.1222],[7.7296,45.1252],[7.7222,45.126],[7.7202,45.1306],[7.7229,45.1316],[7.7248,45.1367],[7.7208,45.1376],[7.725,45.1391],[7.7283,45.1438],[7.7285,45.1483],[7.7334,45.1493],[7.74,45.1523],[7.7497,45.1587],[7.7542,45.1606],[7.7588,45.1672],[7.7663,45.1657],[7.7753,45.1715],[7.7832,45.1749],[7.7956,45.1744],[7.7987,45.1733],[7.7983,45.1707],[7.8045,45.1666],[7.8142,45.1627],[7.8142,45.1642]]]}},{"type":"Feature","properties":{"i":"001266","n":"Settimo Vittone"},"geometry":{"type":"Polygon","coordinates":[[[7.893,45.5855],[7.894,45.5822],[7.8884,45.5787],[7.8825,45.5712],[7.8813,45.5677],[7.8813,45.5642],[7.8821,45.5631],[7.8815,45.5586],[7.8771,45.5516],[7.8746,45.5504],[7.87,45.5516],[7.8608,45.5509],[7.8561,45.5483],[7.8474,45.5423],[7.847,45.5396],[7.8488,45.5375],[7.8442,45.5339],[7.8464,45.5306],[7.8388,45.5286],[7.8345,45.5329],[7.8328,45.5362],[7.8336,45.5385],[7.8239,45.5528],[7.8265,45.5568],[7.8123,45.5651],[7.817,45.5684],[7.8485,45.5808],[7.8613,45.5884],[7.863,45.59],[7.8647,45.5973],[7.8663,45.5979],[7.8774,45.6002],[7.8875,45.598],[7.8906,45.596],[7.8905,45.5944],[7.8916,45.5931],[7.8958,45.59],[7.893,45.5855]]]}},{"type":"Feature","properties":{"i":"001267","n":"Sparone"},"geometry":{"type":"Polygon","coordinates":[[[7.5415,45.4594],[7.5477,45.4533],[7.554,45.449],[7.5558,45.4439],[7.5555,45.4406],[7.5599,45.4327],[7.5616,45.4313],[7.5605,45.4211],[7.556,45.4128],[7.5603,45.4096],[7.5633,45.3952],[7.5512,45.3946],[7.5404,45.3845],[7.5421,45.3833],[7.5398,45.3773],[7.5304,45.3718],[7.5174,45.3716],[7.5029,45.3727],[7.4946,45.3701],[7.4923,45.3704],[7.4909,45.3714],[7.4895,45.3791],[7.4951,45.3909],[7.4996,45.3946],[7.5094,45.3996],[7.5111,45.4037],[7.5109,45.4103],[7.51,45.412],[7.5126,45.4153],[7.5151,45.4167],[7.524,45.4201],[7.5308,45.4267],[7.5334,45.4322],[7.5286,45.44],[7.5226,45.4564],[7.5323,45.4589],[7.5415,45.4594]]]}},{"type":"Feature","properties":{"i":"001268","n":"Strambinello"},"geometry":{"type":"Polygon","coordinates":[[[7.7794,45.4125],[7.7606,45.4112],[7.7529,45.418],[7.7642,45.4227],[7.772,45.4292],[7.7763,45.4181],[7.7794,45.4125]]]}},{"type":"Feature","properties":{"i":"001269","n":"Strambino"},"geometry":{"type":"Polygon","coordinates":[[[7.904,45.4174],[7.9062,45.4143],[7.9084,45.414],[7.9147,45.416],[7.9177,45.4156],[7.9206,45.4137],[7.9219,45.4064],[7.9187,45.4077],[7.9166,45.4075],[7.9142,45.4044],[7.9224,45.3959],[7.923,45.3921],[7.9219,45.3851],[7.9242,45.3752],[7.9323,45.3728],[7.9372,45.3687],[7.9323,45.3683],[7.9299,45.3692],[7.926,45.3694],[7.9201,45.3646],[7.926,45.3616],[7.9286,45.3576],[7.9273,45.3559],[7.9142,45.3494],[7.9022,45.3451],[7.8913,45.3436],[7.8888,45.3454],[7.8911,45.3491],[7.8934,45.3506],[7.8979,45.3519],[7.9012,45.3545],[7.9017,45.3618],[7.8832,45.3717],[7.8764,45.373],[7.8743,45.385],[7.8836,45.3949],[7.8826,45.4088],[7.89,45.4152],[7.9034,45.4243],[7.904,45.4174]]]}},{"type":"Feature","properties":{"i":"001270","n":"Susa"},"geometry":{"type":"Polygon","coordinates":[[[7.0988,45.1442],[7.1119,45.1407],[7.1109,45.1356],[7.1241,45.1328],[7.1269,45.1331],[7.1262,45.1307],[7.1222,45.128],[7.1159,45.1278],[7.1007,45.1259],[7.0965,45.1246],[7.0881,45.1241],[7.0907,45.1274],[7.0905,45.1288],[7.0888,45.1302],[7.0792,45.1292],[7.0664,45.126],[7.0556,45.1271],[7.0513,45.1286],[7.0393,45.1304],[7.0312,45.1363],[7.0369,45.1398],[7.0382,45.143],[7.0344,45.1439],[7.0352,45.1452],[7.0556,45.1441],[7.0605,45.1426],[7.0626,45.1404],[7.066,45.1404],[7.0754,45.1421],[7.0988,45.1442]]]}},{"type":"Feature","properties":{"i":"001271","n":"Tavagnasco"},"geometry":{"type":"Polygon","coordinates":[[[7.8265,45.5568],[7.8239,45.5528],[7.8336,45.5385],[7.8328,45.5362],[7.8345,45.5329],[7.8208,45.535],[7.8046,45.5304],[7.7991,45.5299],[7.797,45.5308],[7.7906,45.5311],[7.783,45.5304],[7.7804,45.5294],[7.7755,45.5345],[7.7825,45.5441],[7.7865,45.5462],[7.8037,45.5506],[7.8077,45.5542],[7.8122,45.5564],[7.8155,45.5571],[7.8265,45.5568]]]}},{"type":"Feature","properties":{"i":"001272","n":"Torino"},"geometry":{"type":"MultiPolygon","coordinates":[[[[7.7496,45.1223],[7.7434,45.1173],[7.7429,45.1222],[7.746,45.1247],[7.7496,45.1223]]],[[[7.6938,45.1344],[7.6943,45.1329],[7.6975,45.1311],[7.7111,45.1332],[7.712,45.1369],[7.7132,45.1375],[7.7176,45.138],[7.7248,45.1368],[7.7229,45.1316],[7.7202,45.1306],[7.7222,45.126],[7.7296,45.1252],[7.7367,45.1234],[7.7354,45.1195],[7.7379,45.1128],[7.7407,45.1095],[7.7522,45.1022],[7.751,45.0973],[7.7458,45.0944],[7.7428,45.0917],[7.7474,45.0862],[7.7508,45.0836],[7.7555,45.0826],[7.769,45.0817],[7.7679,45.0804],[7.7733,45.0778],[7.7558,45.0577],[7.7327,45.0379],[7.7225,45.0312],[7.7127,45.0283],[7.708,45.0263],[7.7055,45.024],[7.6996,45.0233],[7.6934,45.0239],[7.6826,45.022],[7.6738,45.0167],[7.6589,45.0163],[7.6554,45.008],[7.6456,45.007],[7.6174,45.0104],[7.6122,45.0104],[7.5931,45.014],[7.5904,45.0162],[7.592,45.0197],[7.6008,45.0191],[7.6074,45.0298],[7.5941,45.032],[7.5884,45.0345],[7.5778,45.0418],[7.5804,45.0443],[7.5865,45.0446],[7.6117,45.0338],[7.6175,45.041],[7.6235,45.0538],[7.6195,45.0592],[7.6076,45.0605],[7.6094,45.065],[7.6111,45.0655],[7.6123,45.067],[7.6084,45.0704],[7.6035,45.0712],[7.6154,45.089],[7.618,45.0972],[7.6142,45.1],[7.6119,45.1072],[7.6141,45.1081],[7.6186,45.1082],[7.6226,45.1102],[7.6229,45.1138],[7.6466,45.112],[7.6545,45.1128],[7.6545,45.1148],[7.653,45.1164],[7.6526,45.1232],[7.6571,45.1282],[7.6558,45.1296],[7.6538,45.135],[7.6675,45.1384],[7.6786,45.1381],[7.6833,45.1368],[7.6905,45.1335],[7.6938,45.1344]]]]}},{"type":"Feature","properties":{"i":"001273","n":"Torrazza Piemonte"},"geometry":{"type":"Polygon","coordinates":[[[7.9903,45.2317],[7.9916,45.2285],[8.0016,45.2185],[8.0066,45.2149],[8.0046,45.2146],[8.0056,45.2097],[7.982,45.2027],[7.9753,45.2028],[7.97,45.204],[7.9605,45.2088],[7.9568,45.2133],[7.9574,45.2198],[7.9603,45.2248],[7.9615,45.2305],[7.9608,45.2358],[7.9742,45.2366],[7.9766,45.236],[7.98,45.2328],[7.9903,45.2317]]]}},{"type":"Feature","properties":{"i":"001274","n":"Torre Canavese"},"geometry":{"type":"Polygon","coordinates":[[[7.779,45.398],[7.774,45.3892],[7.7677,45.3855],[7.7548,45.3907],[7.7436,45.3906],[7.7347,45.389],[7.7314,45.3891],[7.7318,45.3944],[7.734,45.3929],[7.7457,45.3946],[7.7514,45.399],[7.7603,45.4076],[7.7609,45.4084],[7.7606,45.4112],[7.7807,45.413],[7.7795,45.4095],[7.7754,45.4076],[7.779,45.398]]]}},{"type":"Feature","properties":{"i":"001275","n":"Torre Pellice"},"geometry":{"type":"Polygon","coordinates":[[[7.2276,44.8261],[7.2322,44.8187],[7.2324,44.8168],[7.2139,44.8083],[7.206,44.8013],[7.1937,44.7969],[7.1811,44.7939],[7.1751,44.8015],[7.1746,44.8033],[7.174,44.8059],[7.1761,44.8065],[7.1808,44.8101],[7.175,44.8185],[7.1713,44.8337],[7.1674,44.8369],[7.161,44.8382],[7.1555,44.8437],[7.1525,44.8484],[7.1617,44.8489],[7.1751,44.846],[7.1976,44.8457],[7.2076,44.8464],[7.2155,44.8451],[7.2223,44.8383],[7.2236,44.8307],[7.2265,44.8263],[7.2276,44.8261]]]}},{"type":"Feature","properties":{"i":"001276","n":"Trana"},"geometry":{"type":"Polygon","coordinates":[[[7.4394,45.0403],[7.4408,45.037],[7.4414,45.0323],[7.4398,45.0289],[7.4358,45.0243],[7.4324,45.0227],[7.4252,45.0211],[7.4217,45.0216],[7.4195,45.0161],[7.4191,45.0127],[7.3985,45.0144],[7.3914,45.0111],[7.3768,45.0065],[7.3658,45.0074],[7.377,45.02],[7.3826,45.0223],[7.3822,45.0383],[7.3826,45.0423],[7.3834,45.0431],[7.4005,45.049],[7.4075,45.053],[7.4121,45.0503],[7.4163,45.0458],[7.4394,45.0403]]]}},{"type":"Feature","properties":{"i":"001278","n":"Traversella"},"geometry":{"type":"MultiPolygon","coordinates":[[[[7.7327,45.5503],[7.7377,45.5521],[7.747,45.5493],[7.7499,45.5496],[7.7505,45.5514],[7.7515,45.5515],[7.7567,45.5512],[7.7587,45.5507],[7.759,45.5497],[7.7537,45.5484],[7.7327,45.5503]]],[[[7.7032,45.5556],[7.7091,45.5449],[7.702,45.5441],[7.7003,45.542],[7.7083,45.5366],[7.7094,45.5431],[7.7129,45.5425],[7.7166,45.5438],[7.718,45.5458],[7.7292,45.5482],[7.7391,45.5432],[7.7444,45.5328],[7.7482,45.5279],[7.7569,45.5192],[7.7626,45.5256],[7.7685,45.5369],[7.7755,45.5345],[7.7804,45.5294],[7.7831,45.5252],[7.7761,45.5201],[7.7652,45.5091],[7.7531,45.5012],[7.7496,45.5],[7.7443,45.5025],[7.7402,45.5066],[7.7303,45.5128],[7.7248,45.5143],[7.7189,45.5196],[7.7106,45.5224],[7.6965,45.5213],[7.6816,45.5255],[7.6741,45.5244],[7.6661,45.5167],[7.6635,45.5128],[7.6632,45.5106],[7.6563,45.5048],[7.6378,45.5023],[7.636,45.5047],[7.6293,45.5105],[7.6147,45.5158],[7.6171,45.5196],[7.619,45.5268],[7.6301,45.5331],[7.6738,45.5485],[7.6768,45.5521],[7.6883,45.5573],[7.6909,45.5559],[7.7032,45.5556]]]]}},{"type":"Feature","properties":{"i":"001279","n":"Traves"},"geometry":{"type":"Polygon","coordinates":[[[7.4499,45.2756],[7.4493,45.2708],[7.4468,45.2706],[7.4396,45.2645],[7.4351,45.2515],[7.4312,45.2459],[7.4209,45.2463],[7.4198,45.2481],[7.4046,45.2486],[7.3978,45.2502],[7.3894,45.2555],[7.3871,45.2591],[7.3933,45.2618],[7.4072,45.27],[7.4138,45.2705],[7.4281,45.2807],[7.4333,45.2808],[7.4499,45.2756]]]}},{"type":"Feature","properties":{"i":"001280","n":"Trofarello"},"geometry":{"type":"Polygon","coordinates":[[[7.7571,44.9978],[7.7609,44.9942],[7.7657,44.992],[7.7677,44.9889],[7.7562,44.9616],[7.7537,44.9526],[7.7296,44.9557],[7.7264,44.955],[7.7243,44.9529],[7.722,44.9528],[7.7199,44.9625],[7.7287,44.9721],[7.7319,44.977],[7.7353,44.9905],[7.7388,45.0004],[7.7405,45.0016],[7.748,45.0009],[7.7533,44.9926],[7.7543,44.9926],[7.7571,44.9978]]]}},{"type":"Feature","properties":{"i":"001281","n":"Usseaux"},"geometry":{"type":"Polygon","coordinates":[[[7.069,45.0648],[7.0576,45.055],[7.0486,45.0497],[7.0342,45.0433],[7.0315,45.0356],[7.033,45.0344],[7.0332,45.032],[7.0322,45.0258],[7.0247,45.0189],[7.0109,45.0165],[6.9942,45.0109],[6.9816,45.0218],[6.9698,45.0381],[6.9658,45.0529],[6.9508,45.0646],[6.956,45.0697],[6.9623,45.0704],[6.9676,45.0696],[6.9752,45.0721],[6.9818,45.0699],[6.9927,45.0696],[7.0066,45.0725],[7.0201,45.0766],[7.0309,45.076],[7.0439,45.0786],[7.0532,45.0718],[7.0626,45.0688],[7.0667,45.067],[7.069,45.0648]]]}},{"type":"Feature","properties":{"i":"001282","n":"Usseglio"},"geometry":{"type":"Polygon","coordinates":[[[7.228,45.2578],[7.233,45.2557],[7.2414,45.2487],[7.2497,45.2455],[7.2565,45.2375],[7.252,45.2299],[7.2553,45.2172],[7.2534,45.2028],[7.2516,45.1976],[7.2457,45.195],[7.2363,45.1928],[7.2292,45.196],[7.2213,45.1976],[7.216,45.1964],[7.2104,45.1929],[7.1969,45.1951],[7.1834,45.1931],[7.1813,45.1945],[7.1627,45.1925],[7.1415,45.1869],[7.1318,45.1877],[7.1071,45.1917],[7.1002,45.1962],[7.0981,45.199],[7.0772,45.2033],[7.067,45.2103],[7.0768,45.2141],[7.0859,45.2254],[7.0964,45.233],[7.1034,45.2365],[7.1071,45.2436],[7.1105,45.2461],[7.115,45.2464],[7.1243,45.244],[7.1292,45.248],[7.1349,45.2541],[7.1346,45.2603],[7.1327,45.2636],[7.1315,45.274],[7.1346,45.2764],[7.136,45.28],[7.1446,45.2797],[7.1559,45.2815],[7.1684,45.282],[7.1692,45.279],[7.171,45.2763],[7.1769,45.2713],[7.1972,45.2653],[7.2096,45.266],[7.213,45.2632],[7.2134,45.261],[7.2148,45.2602],[7.2237,45.2575],[7.228,45.2578]]]}},{"type":"Feature","properties":{"i":"001283","n":"Vaie"},"geometry":{"type":"Polygon","coordinates":[[[7.3062,45.1078],[7.3085,45.1054],[7.3088,45.0973],[7.3051,45.0802],[7.3039,45.079],[7.2825,45.0794],[7.2837,45.0842],[7.2784,45.0926],[7.2781,45.0943],[7.2798,45.0996],[7.2825,45.104],[7.2841,45.1127],[7.2908,45.1134],[7.3062,45.1078]]]}},{"type":"Feature","properties":{"i":"001284","n":"Val della Torre"},"geometry":{"type":"Polygon","coordinates":[[[7.4611,45.1762],[7.4644,45.164],[7.4681,45.1603],[7.4714,45.1589],[7.4768,45.1584],[7.4856,45.1544],[7.4925,45.1452],[7.5008,45.1443],[7.5055,45.1413],[7.4994,45.137],[7.5022,45.1353],[7.5022,45.1245],[7.4966,45.1221],[7.4966,45.1235],[7.494,45.1269],[7.4882,45.1279],[7.4846,45.1275],[7.4761,45.1256],[7.4665,45.1205],[7.4555,45.1172],[7.4467,45.1275],[7.4319,45.1366],[7.4195,45.1405],[7.417,45.1462],[7.4104,45.1506],[7.407,45.1554],[7.4054,45.1638],[7.4038,45.1677],[7.3966,45.177],[7.4024,45.1833],[7.4082,45.1874],[7.4304,45.1935],[7.4347,45.1885],[7.4437,45.1817],[7.4611,45.1762]]]}},{"type":"Feature","properties":{"i":"001285","n":"Valgioie"},"geometry":{"type":"Polygon","coordinates":[[[7.3374,45.0905],[7.3381,45.0881],[7.3404,45.0853],[7.3495,45.0867],[7.3561,45.085],[7.3553,45.084],[7.3498,45.0833],[7.3507,45.0801],[7.3541,45.074],[7.3574,45.0719],[7.3604,45.0716],[7.3586,45.0651],[7.352,45.0602],[7.3414,45.0639],[7.3251,45.0639],[7.3216,45.0682],[7.3179,45.0697],[7.3141,45.0695],[7.3132,45.0733],[7.3108,45.0769],[7.3048,45.079],[7.3094,45.0816],[7.3117,45.0877],[7.3151,45.0895],[7.3374,45.0905]]]}},{"type":"Feature","properties":{"i":"001286","n":"Vallo Torinese"},"geometry":{"type":"Polygon","coordinates":[[[7.5071,45.2166],[7.5013,45.2159],[7.4881,45.2174],[7.469,45.2177],[7.4604,45.2196],[7.4666,45.2295],[7.4677,45.2356],[7.4714,45.2388],[7.4807,45.2423],[7.4834,45.2401],[7.4811,45.2357],[7.4852,45.2327],[7.4872,45.2314],[7.4989,45.2281],[7.5036,45.2258],[7.5104,45.2205],[7.512,45.2169],[7.5071,45.2166]]]}},{"type":"Feature","properties":{"i":"001287","n":"Valperga"},"geometry":{"type":"Polygon","coordinates":[[[7.6954,45.3706],[7.687,45.3698],[7.6765,45.3641],[7.6771,45.3576],[7.676,45.3555],[7.6713,45.3526],[7.6649,45.352],[7.657,45.3481],[7.6537,45.3434],[7.6481,45.3427],[7.6492,45.3462],[7.651,45.3485],[7.6523,45.3538],[7.6508,45.359],[7.6495,45.3602],[7.6473,45.3608],[7.6434,45.3597],[7.6358,45.3615],[7.6321,45.3627],[7.628,45.3655],[7.6337,45.3747],[7.6392,45.3792],[7.649,45.3815],[7.6701,45.3807],[7.675,45.3859],[7.6786,45.3843],[7.6954,45.3706]]]}},{"type":"Feature","properties":{"i":"001288","n":"Valprato Soana"},"geometry":{"type":"Polygon","coordinates":[[[7.6091,45.5629],[7.609,45.5585],[7.6055,45.5526],[7.6051,45.5501],[7.6078,45.5459],[7.6136,45.5404],[7.619,45.5268],[7.6171,45.5196],[7.6049,45.5213],[7.5964,45.5263],[7.5879,45.5283],[7.5827,45.5268],[7.5733,45.5219],[7.561,45.5176],[7.5507,45.5151],[7.5298,45.516],[7.5217,45.5186],[7.4996,45.536],[7.4943,45.5419],[7.4835,45.547],[7.4574,45.5505],[7.448,45.5556],[7.4482,45.5588],[7.4505,45.5617],[7.4591,45.5694],[7.4635,45.5748],[7.469,45.5776],[7.4917,45.5833],[7.499,45.5831],[7.5058,45.582],[7.5209,45.5769],[7.5318,45.5768],[7.543,45.5857],[7.5474,45.588],[7.557,45.5904],[7.5665,45.5916],[7.5732,45.5895],[7.5764,45.5876],[7.5821,45.5818],[7.5877,45.5826],[7.5997,45.5781],[7.6064,45.5722],[7.6091,45.5629]]]}},{"type":"Feature","properties":{"i":"001289","n":"Varisella"},"geometry":{"type":"Polygon","coordinates":[[[7.5071,45.2166],[7.5186,45.2094],[7.5185,45.2059],[7.5217,45.2012],[7.5214,45.1997],[7.4983,45.1908],[7.4874,45.1855],[7.4794,45.1798],[7.4611,45.1762],[7.4437,45.1817],[7.4347,45.1885],[7.4304,45.1935],[7.4302,45.1971],[7.4314,45.1996],[7.4357,45.2013],[7.4383,45.2034],[7.4455,45.2111],[7.4544,45.2167],[7.4604,45.2196],[7.469,45.2177],[7.4881,45.2174],[7.5013,45.2159],[7.5071,45.2166]]]}},{"type":"Feature","properties":{"i":"001290","n":"Vauda Canavese"},"geometry":{"type":"Polygon","coordinates":[[[7.6647,45.2982],[7.6615,45.2939],[7.6589,45.288],[7.6589,45.2819],[7.6518,45.2797],[7.6375,45.2783],[7.6286,45.2751],[7.6266,45.2719],[7.6291,45.2698],[7.6405,45.269],[7.6553,45.2703],[7.6623,45.262],[7.6622,45.2547],[7.6562,45.2558],[7.6518,45.2556],[7.6525,45.2614],[7.6441,45.2635],[7.6421,45.2671],[7.5993,45.2765],[7.5865,45.2826],[7.5943,45.2808],[7.6086,45.2809],[7.6346,45.2842],[7.6501,45.2898],[7.6584,45.2975],[7.66,45.3019],[7.6594,45.3037],[7.6586,45.3039],[7.6609,45.3057],[7.6623,45.3057],[7.6612,45.3039],[7.6615,45.3027],[7.6647,45.2982]]]}},{"type":"Feature","properties":{"i":"001291","n":"Venaus"},"geometry":{"type":"Polygon","coordinates":[[[7.0316,45.1701],[7.0256,45.1651],[7.0224,45.1587],[7.0228,45.1555],[7.0266,45.153],[7.0311,45.1527],[7.0327,45.1506],[7.0312,45.1453],[7.0007,45.1497],[6.9873,45.1614],[6.9797,45.1641],[6.9707,45.1646],[6.9545,45.1701],[6.9475,45.1705],[6.9432,45.1759],[6.9526,45.18],[6.9552,45.1912],[6.967,45.1952],[6.9678,45.1956],[6.9675,45.1966],[6.9805,45.195],[6.9866,45.1979],[7.0029,45.1869],[6.9977,45.1829],[7.0001,45.1787],[7.0068,45.1713],[7.0098,45.1696],[7.0183,45.1698],[7.0224,45.1716],[7.0316,45.1701]]]}},{"type":"Feature","properties":{"i":"001292","n":"Venaria Reale"},"geometry":{"type":"Polygon","coordinates":[[[7.6034,45.1695],[7.6072,45.1666],[7.624,45.1581],[7.6274,45.157],[7.6288,45.1581],[7.6379,45.1582],[7.638,45.1533],[7.6408,45.1498],[7.6407,45.1352],[7.6472,45.1292],[7.6504,45.1287],[7.6539,45.1253],[7.6543,45.1246],[7.6526,45.1232],[7.653,45.1164],[7.6545,45.1148],[7.6545,45.1128],[7.6466,45.112],[7.6229,45.1138],[7.6072,45.12],[7.6044,45.1241],[7.6047,45.1298],[7.6038,45.1357],[7.6002,45.1431],[7.5988,45.1445],[7.5948,45.1459],[7.59,45.1526],[7.5845,45.1627],[7.5832,45.1723],[7.5836,45.1737],[7.5874,45.1758],[7.6034,45.1695]]]}},{"type":"Feature","properties":{"i":"001293","n":"Verolengo"},"geometry":{"type":"Polygon","coordinates":[[[7.9608,45.2358],[7.9615,45.2305],[7.9603,45.2248],[7.9574,45.2198],[7.9568,45.2133],[7.9605,45.2088],[7.97,45.204],[7.9753,45.2028],[7.982,45.2027],[8.0056,45.2097],[8.0046,45.2146],[8.0066,45.2149],[8.0346,45.202],[8.0429,45.2029],[8.0463,45.1966],[8.0479,45.1867],[8.0499,45.1846],[8.0285,45.1808],[8.0078,45.1816],[8.0048,45.1815],[8.0049,45.1807],[7.9871,45.1797],[7.9775,45.1748],[7.9762,45.1725],[7.973,45.1713],[7.9629,45.1754],[7.9529,45.1773],[7.9397,45.1811],[7.9472,45.1845],[7.9497,45.1841],[7.957,45.1879],[7.9403,45.1954],[7.9381,45.2354],[7.9424,45.2361],[7.9536,45.2339],[7.9608,45.2358]]]}},{"type":"Feature","properties":{"i":"001294","n":"Verrua Savoia"},"geometry":{"type":"Polygon","coordinates":[[[8.1519,45.1685],[8.143,45.1631],[8.1394,45.1598],[8.1399,45.1525],[8.1429,45.1485],[8.1439,45.1438],[8.1413,45.1431],[8.1366,45.1397],[8.1346,45.1323],[8.1362,45.1289],[8.129,45.123],[8.1,45.1288],[8.0967,45.1319],[8.0937,45.1318],[8.0909,45.1365],[8.0852,45.1393],[8.0802,45.1451],[8.074,45.1548],[8.0675,45.1683],[8.0661,45.1691],[8.0552,45.1823],[8.0678,45.1852],[8.0883,45.1857],[8.1112,45.1835],[8.1223,45.1807],[8.124,45.1784],[8.1307,45.1767],[8.1362,45.1767],[8.1377,45.1785],[8.1412,45.1771],[8.1449,45.1739],[8.1435,45.171],[8.1444,45.1694],[8.1469,45.1682],[8.1519,45.1685]]]}},{"type":"Feature","properties":{"i":"001295","n":"Vestignè"},"geometry":{"type":"MultiPolygon","coordinates":[[[[7.9771,45.3804],[7.9641,45.3725],[7.9566,45.3699],[7.9537,45.3711],[7.9499,45.3713],[7.947,45.3707],[7.9422,45.368],[7.9383,45.3681],[7.9323,45.3728],[7.9242,45.3752],[7.9219,45.3851],[7.9231,45.3927],[7.9218,45.3966],[7.9231,45.3982],[7.9286,45.3995],[7.9384,45.3996],[7.9475,45.3962],[7.9649,45.3855],[7.9738,45.3826],[7.9771,45.3804]]],[[[7.9307,45.4132],[7.9345,45.4106],[7.937,45.41],[7.9421,45.4116],[7.9432,45.4136],[7.9462,45.4108],[7.9447,45.4069],[7.9358,45.4044],[7.9237,45.4058],[7.9219,45.4064],[7.921,45.4131],[7.919,45.4149],[7.9147,45.416],[7.9084,45.414],[7.9062,45.4143],[7.904,45.4174],[7.9118,45.4189],[7.9258,45.4185],[7.9307,45.4132]]]]}},{"type":"Feature","properties":{"i":"001296","n":"Vialfrè"},"geometry":{"type":"Polygon","coordinates":[[[7.833,45.3714],[7.8326,45.3652],[7.8313,45.362],[7.8324,45.3563],[7.8319,45.3558],[7.8306,45.3561],[7.8272,45.3608],[7.8196,45.3745],[7.8089,45.3723],[7.8018,45.3756],[7.79,45.3833],[7.7894,45.3846],[7.7911,45.3863],[7.7957,45.3876],[7.8178,45.3855],[7.8253,45.383],[7.8307,45.3778],[7.833,45.3714]]]}},{"type":"Feature","properties":{"i":"001298","n":"Vidracco"},"geometry":{"type":"Polygon","coordinates":[[[7.7537,45.4219],[7.7482,45.4229],[7.7455,45.4211],[7.7423,45.4166],[7.7374,45.4167],[7.7369,45.4262],[7.7393,45.4335],[7.744,45.4363],[7.7571,45.4361],[7.7623,45.4376],[7.7626,45.4322],[7.761,45.4293],[7.7537,45.4219]]]}},{"type":"Feature","properties":{"i":"001299","n":"Vigone"},"geometry":{"type":"Polygon","coordinates":[[[7.5488,44.8639],[7.5511,44.8592],[7.5598,44.8465],[7.5631,44.8445],[7.5641,44.8418],[7.5632,44.8406],[7.5596,44.8391],[7.556,44.8358],[7.5468,44.8244],[7.5463,44.8212],[7.5412,44.8215],[7.5357,44.8196],[7.5348,44.8202],[7.5353,44.8226],[7.529,44.8257],[7.5266,44.8257],[7.5165,44.8191],[7.5085,44.8121],[7.5067,44.812],[7.5015,44.8121],[7.4885,44.8166],[7.4815,44.8177],[7.4702,44.8169],[7.4504,44.8179],[7.4453,44.8167],[7.4335,44.8158],[7.4284,44.8169],[7.4305,44.8339],[7.4374,44.8336],[7.4418,44.8347],[7.4446,44.8392],[7.4507,44.8552],[7.4505,44.8592],[7.4578,44.8618],[7.4611,44.8617],[7.4816,44.8553],[7.5029,44.8549],[7.5115,44.8555],[7.5149,44.8569],[7.5285,44.859],[7.5378,44.8614],[7.5403,44.8637],[7.5488,44.8639]]]}},{"type":"Feature","properties":{"i":"001300","n":"Villafranca Piemonte"},"geometry":{"type":"Polygon","coordinates":[[[7.5463,44.8212],[7.5501,44.8168],[7.5566,44.8177],[7.5623,44.8164],[7.5666,44.8145],[7.5648,44.8119],[7.5624,44.8127],[7.5597,44.8108],[7.5611,44.8089],[7.5644,44.8077],[7.5669,44.8026],[7.5647,44.799],[7.5541,44.7952],[7.5494,44.7965],[7.544,44.7965],[7.5344,44.7939],[7.5329,44.7899],[7.5333,44.785],[7.5307,44.7818],[7.5245,44.7821],[7.5204,44.7842],[7.5142,44.783],[7.508,44.777],[7.5094,44.7755],[7.508,44.7708],[7.5026,44.7668],[7.4993,44.7681],[7.4939,44.7651],[7.4812,44.7615],[7.4793,44.7597],[7.4717,44.757],[7.4604,44.7592],[7.4609,44.7632],[7.4584,44.7641],[7.4552,44.7635],[7.4557,44.7607],[7.452,44.7606],[7.4499,44.7631],[7.4462,44.7739],[7.4591,44.7747],[7.4606,44.7734],[7.4647,44.7736],[7.4608,44.7784],[7.4566,44.7777],[7.4539,44.7802],[7.4512,44.7812],[7.4371,44.7821],[7.4279,44.7843],[7.4106,44.7942],[7.4095,44.7966],[7.412,44.8072],[7.4181,44.8086],[7.4284,44.8169],[7.4335,44.8158],[7.4453,44.8167],[7.4504,44.8179],[7.4702,44.8169],[7.4815,44.8177],[7.4885,44.8166],[7.5015,44.8121],[7.5067,44.812],[7.5085,44.8121],[7.5165,44.8191],[7.5266,44.8257],[7.529,44.8257],[7.5353,44.8226],[7.5348,44.8202],[7.5357,44.8196],[7.5412,44.8215],[7.5463,44.8212]],[[7.4667,44.7727],[7.4664,44.7685],[7.467,44.7669],[7.4692,44.7634],[7.4712,44.7624],[7.472,44.7627],[7.4743,44.7656],[7.4751,44.7681],[7.4667,44.7727]]]}},{"type":"Feature","properties":{"i":"001301","n":"Villanova Canavese"},"geometry":{"type":"Polygon","coordinates":[[[7.5606,45.2477],[7.5618,45.2407],[7.5613,45.2383],[7.5447,45.2218],[7.543,45.2207],[7.5403,45.2226],[7.534,45.2302],[7.5353,45.2411],[7.5445,45.2446],[7.5524,45.2502],[7.5606,45.2477]]]}},{"type":"Feature","properties":{"i":"001302","n":"Villarbasse"},"geometry":{"type":"Polygon","coordinates":[[[7.4823,45.0576],[7.495,45.0561],[7.5035,45.0523],[7.5018,45.0503],[7.495,45.0456],[7.4948,45.0449],[7.5003,45.0448],[7.4982,45.0359],[7.4959,45.0347],[7.4803,45.0324],[7.474,45.0299],[7.4713,45.0275],[7.4592,45.0333],[7.455,45.0358],[7.453,45.038],[7.4412,45.041],[7.448,45.0441],[7.4487,45.047],[7.4477,45.0494],[7.4549,45.0582],[7.4753,45.0549],[7.4823,45.0576]]]}},{"type":"Feature","properties":{"i":"001303","n":"Villar Dora"},"geometry":{"type":"Polygon","coordinates":[[[7.3853,45.1267],[7.389,45.1204],[7.3906,45.1137],[7.3913,45.1058],[7.3937,45.1018],[7.3839,45.0971],[7.3771,45.0973],[7.3698,45.1055],[7.3711,45.1087],[7.3718,45.1154],[7.3708,45.1185],[7.3513,45.1396],[7.3622,45.131],[7.374,45.1292],[7.3841,45.1291],[7.3853,45.1267]]]}},{"type":"Feature","properties":{"i":"001304","n":"Villareggia"},"geometry":{"type":"Polygon","coordinates":[[[7.991,45.3038],[7.9889,45.3025],[7.9918,45.2906],[7.9899,45.265],[7.987,45.2614],[7.98,45.2615],[7.9785,45.2634],[7.9786,45.27],[7.9718,45.2784],[7.9646,45.2815],[7.9582,45.2796],[7.9552,45.2801],[7.954,45.2819],[7.955,45.2871],[7.9583,45.2891],[7.9699,45.293],[7.9725,45.2954],[7.9725,45.2974],[7.968,45.3001],[7.9539,45.3026],[7.946,45.3053],[7.9444,45.3063],[7.944,45.3076],[7.9448,45.3089],[7.952,45.3135],[7.9538,45.3126],[7.9515,45.3096],[7.9487,45.3097],[7.9468,45.3087],[7.9473,45.3072],[7.9493,45.3059],[7.9683,45.3126],[7.9696,45.3149],[7.9696,45.3179],[7.9776,45.3171],[7.9874,45.3123],[7.9901,45.3097],[7.991,45.3038]]]}},{"type":"Feature","properties":{"i":"001305","n":"Villar Focchiardo"},"geometry":{"type":"Polygon","coordinates":[[[7.2568,45.1125],[7.2475,45.0936],[7.2469,45.0818],[7.2457,45.0778],[7.2296,45.0758],[7.2091,45.0783],[7.1956,45.0764],[7.1801,45.0689],[7.1771,45.0644],[7.1794,45.0562],[7.1789,45.0538],[7.1719,45.0482],[7.1738,45.0608],[7.1709,45.0658],[7.167,45.07],[7.1665,45.0734],[7.1698,45.0814],[7.178,45.0917],[7.189,45.1024],[7.1959,45.106],[7.2044,45.1088],[7.213,45.1224],[7.2304,45.1219],[7.2353,45.1206],[7.2452,45.1151],[7.2568,45.1125]]]}},{"type":"Feature","properties":{"i":"001306","n":"Villar Pellice"},"geometry":{"type":"Polygon","coordinates":[[[7.1525,44.8484],[7.1555,44.8437],[7.161,44.8382],[7.1674,44.8369],[7.1713,44.8337],[7.175,44.8185],[7.1808,44.8101],[7.1761,44.8065],[7.174,44.8059],[7.1746,44.8033],[7.1751,44.8015],[7.1811,44.7939],[7.1718,44.7876],[7.1673,44.7797],[7.1696,44.7719],[7.1693,44.7694],[7.1656,44.765],[7.159,44.7605],[7.1574,44.7568],[7.1514,44.7479],[7.1494,44.7433],[7.1449,44.7405],[7.1356,44.737],[7.1308,44.7385],[7.1279,44.7379],[7.1207,44.726],[7.1191,44.7252],[7.1129,44.7234],[7.0959,44.7209],[7.0948,44.7264],[7.0953,44.7344],[7.0909,44.7481],[7.0919,44.7565],[7.0948,44.7655],[7.0987,44.771],[7.1041,44.7727],[7.1094,44.7758],[7.1173,44.7856],[7.1322,44.7997],[7.1334,44.8032],[7.1323,44.8047],[7.1239,44.8053],[7.1231,44.8164],[7.1236,44.8191],[7.12,44.8289],[7.1089,44.8379],[7.0921,44.8434],[7.0908,44.8464],[7.0915,44.849],[7.1037,44.8595],[7.1075,44.8585],[7.1255,44.847],[7.1359,44.8435],[7.1419,44.8441],[7.1457,44.8466],[7.1512,44.8489],[7.1525,44.8484]]]}},{"type":"Feature","properties":{"i":"001307","n":"Villar Perosa"},"geometry":{"type":"Polygon","coordinates":[[[7.2773,44.9082],[7.2771,44.9064],[7.2437,44.893],[7.2454,44.8985],[7.2454,44.9096],[7.2423,44.9182],[7.2372,44.9237],[7.2357,44.927],[7.2459,44.9307],[7.253,44.9358],[7.2663,44.9434],[7.2695,44.9462],[7.2736,44.9337],[7.2783,44.9253],[7.2785,44.9179],[7.2773,44.9082]]]}},{"type":"Feature","properties":{"i":"001308","n":"Villastellone"},"geometry":{"type":"Polygon","coordinates":[[[7.7515,44.9362],[7.7645,44.9306],[7.7773,44.9234],[7.7885,44.9159],[7.786,44.91],[7.7831,44.9135],[7.7774,44.9093],[7.77,44.9071],[7.7594,44.912],[7.7573,44.9093],[7.7521,44.9052],[7.728,44.8947],[7.7187,44.8899],[7.7127,44.8856],[7.7069,44.8853],[7.7057,44.889],[7.7068,44.8915],[7.7062,44.8933],[7.7033,44.8974],[7.706,44.9004],[7.7115,44.899],[7.7195,44.9029],[7.7188,44.9144],[7.7171,44.918],[7.7155,44.919],[7.7124,44.9168],[7.7093,44.9179],[7.7078,44.9229],[7.7136,44.9257],[7.7148,44.9277],[7.7151,44.9309],[7.7147,44.9321],[7.7134,44.9322],[7.7133,44.9356],[7.725,44.9387],[7.7336,44.9376],[7.7373,44.9394],[7.7402,44.939],[7.745,44.9361],[7.7515,44.9362]]]}},{"type":"Feature","properties":{"i":"001309","n":"Vinovo"},"geometry":{"type":"Polygon","coordinates":[[[7.648,44.9702],[7.654,44.9685],[7.6547,44.9657],[7.6576,44.964],[7.6556,44.9615],[7.653,44.9549],[7.6541,44.949],[7.6504,44.9439],[7.65,44.9405],[7.6483,44.9385],[7.65,44.9359],[7.6474,44.9292],[7.6399,44.926],[7.6374,44.9292],[7.6075,44.9433],[7.6017,44.9449],[7.5998,44.9469],[7.5995,44.9482],[7.6007,44.9531],[7.6067,44.9569],[7.6103,44.9611],[7.6034,44.9665],[7.6003,44.9678],[7.614,44.9806],[7.6218,44.9811],[7.6364,44.9735],[7.6436,44.9731],[7.648,44.9702]]]}},{"type":"Feature","properties":{"i":"001310","n":"Virle Piemonte"},"geometry":{"type":"Polygon","coordinates":[[[7.607,44.8599],[7.6044,44.8581],[7.6001,44.851],[7.5948,44.8478],[7.5804,44.8438],[7.5652,44.8438],[7.5598,44.8465],[7.5511,44.8592],[7.5488,44.8639],[7.5454,44.8768],[7.5512,44.8781],[7.5549,44.8771],[7.5738,44.8762],[7.5821,44.8769],[7.5882,44.8797],[7.5911,44.8802],[7.5952,44.8797],[7.599,44.8766],[7.6008,44.8738],[7.6004,44.8696],[7.605,44.8607],[7.607,44.8599]]]}},{"type":"Feature","properties":{"i":"001311","n":"Vische"},"geometry":{"type":"Polygon","coordinates":[[[7.9586,45.3465],[7.9594,45.3427],[7.9647,45.334],[7.9649,45.3322],[7.9645,45.3312],[7.9617,45.3298],[7.9547,45.3221],[7.9543,45.3182],[7.952,45.3135],[7.9477,45.314],[7.9432,45.3128],[7.9317,45.3238],[7.923,45.3261],[7.9215,45.3271],[7.9227,45.3312],[7.9205,45.3327],[7.9179,45.3327],[7.9089,45.3275],[7.9095,45.3385],[7.9148,45.3389],[7.9155,45.3399],[7.9142,45.3494],[7.9273,45.3559],[7.9286,45.3574],[7.9259,45.3617],[7.9201,45.3646],[7.926,45.3694],[7.9299,45.3692],[7.9323,45.3683],[7.9372,45.3687],[7.9402,45.3678],[7.9431,45.3683],[7.9486,45.3712],[7.9528,45.3712],[7.9564,45.3702],[7.9573,45.3651],[7.9556,45.3618],[7.9541,45.3556],[7.9586,45.3465]]]}},{"type":"Feature","properties":{"i":"001312","n":"Vistrorio"},"geometry":{"type":"MultiPolygon","coordinates":[[[[7.7812,45.4328],[7.772,45.4292],[7.7642,45.4227],[7.7529,45.418],[7.7537,45.4219],[7.761,45.4293],[7.7626,45.4322],[7.7623,45.4376],[7.7571,45.4361],[7.7484,45.4359],[7.744,45.4363],[7.744,45.4369],[7.7456,45.4382],[7.7573,45.4419],[7.76,45.4459],[7.7613,45.4502],[7.7619,45.4504],[7.7669,45.4486],[7.7709,45.4458],[7.7734,45.4432],[7.7778,45.4349],[7.7812,45.4328]]],[[[7.7498,45.4511],[7.7509,45.452],[7.7508,45.4502],[7.7498,45.4511]]],[[[7.7383,45.454],[7.7425,45.4558],[7.7444,45.4519],[7.7427,45.4512],[7.7383,45.454]]],[[[7.7029,45.4844],[7.7016,45.4792],[7.6922,45.4877],[7.6932,45.4915],[7.6944,45.4928],[7.7028,45.4925],[7.7045,45.4873],[7.7029,45.4844]]]]}},{"type":"Feature","properties":{"i":"001313","n":"Viù"},"geometry":{"type":"Polygon","coordinates":[[[7.3871,45.2591],[7.3894,45.2555],[7.3978,45.2502],[7.4046,45.2486],[7.4198,45.2481],[7.4245,45.2422],[7.4336,45.2374],[7.4443,45.2358],[7.4666,45.2295],[7.4604,45.2196],[7.4544,45.2167],[7.4455,45.2111],[7.4383,45.2034],[7.4357,45.2013],[7.4314,45.1996],[7.4302,45.1971],[7.4304,45.1935],[7.4082,45.1874],[7.4024,45.1833],[7.3966,45.177],[7.3914,45.1767],[7.3675,45.1799],[7.3494,45.1826],[7.3403,45.1849],[7.3355,45.1853],[7.3323,45.1841],[7.3266,45.1883],[7.3261,45.1895],[7.3262,45.1908],[7.3318,45.1953],[7.3329,45.199],[7.3259,45.2105],[7.3224,45.2136],[7.3215,45.2154],[7.3194,45.2291],[7.3167,45.2373],[7.2927,45.2611],[7.291,45.2682],[7.3105,45.2728],[7.3121,45.2742],[7.3182,45.2756],[7.3299,45.2764],[7.3366,45.276],[7.3433,45.2744],[7.3498,45.2693],[7.3559,45.2622],[7.364,45.2581],[7.3716,45.2574],[7.3795,45.259],[7.3871,45.2591]]]}},{"type":"Feature","properties":{"i":"001314","n":"Volpiano"},"geometry":{"type":"Polygon","coordinates":[[[7.8338,45.202],[7.8325,45.1959],[7.8327,45.1934],[7.8351,45.1884],[7.8197,45.1772],[7.816,45.1734],[7.8147,45.1708],[7.8137,45.1655],[7.8142,45.1627],[7.8045,45.1666],[7.7983,45.1707],[7.7987,45.1733],[7.7956,45.1744],[7.7832,45.1749],[7.7753,45.1715],[7.7663,45.1657],[7.7588,45.1672],[7.7593,45.1713],[7.7512,45.1867],[7.7481,45.1907],[7.735,45.1979],[7.7362,45.2067],[7.7389,45.2117],[7.7384,45.2165],[7.7372,45.2165],[7.7378,45.2194],[7.7463,45.2211],[7.7857,45.2164],[7.8012,45.2116],[7.8208,45.2078],[7.8338,45.202]]]}},{"type":"Feature","properties":{"i":"001315","n":"Volvera"},"geometry":{"type":"Polygon","coordinates":[[[7.5181,44.9336],[7.5096,44.9339],[7.5062,44.9365],[7.4874,44.9401],[7.4792,44.9378],[7.4717,44.9348],[7.4675,44.9341],[7.4645,44.9393],[7.4663,44.9419],[7.4734,44.9484],[7.4746,44.9546],[7.4772,44.9589],[7.481,44.9607],[7.4907,44.9634],[7.5023,44.9729],[7.5077,44.9805],[7.5106,44.9833],[7.515,44.9941],[7.545,44.9796],[7.5429,44.9733],[7.5293,44.9536],[7.5262,44.9457],[7.5181,44.9336]]]}},{"type":"Feature","properties":{"i":"001316","n":"Mappano"},"geometry":{"type":"Polygon","coordinates":[[[7.7285,45.1483],[7.7283,45.1438],[7.725,45.1391],[7.7208,45.1376],[7.7132,45.1375],[7.712,45.1369],[7.7111,45.1332],[7.7094,45.1325],[7.6975,45.1311],[7.6943,45.1329],[7.6924,45.139],[7.6891,45.1449],[7.6859,45.1617],[7.6825,45.1673],[7.6837,45.1688],[7.6991,45.1715],[7.7049,45.1688],[7.7085,45.1642],[7.7198,45.1568],[7.7223,45.148],[7.7283,45.1476],[7.7285,45.1483]]]}},{"type":"Feature","properties":{"i":"001317","n":"Val di Chy"},"geometry":{"type":"MultiPolygon","coordinates":[[[[7.8019,45.4744],[7.7997,45.471],[7.7996,45.4681],[7.8067,45.4647],[7.812,45.4647],[7.8136,45.4656],[7.814,45.457],[7.8118,45.454],[7.8046,45.4514],[7.7992,45.4505],[7.794,45.4479],[7.7866,45.4348],[7.7812,45.4328],[7.7778,45.4349],[7.7734,45.4432],[7.7669,45.4486],[7.7517,45.4529],[7.7555,45.4562],[7.76,45.4637],[7.7698,45.4663],[7.7741,45.4713],[7.778,45.4734],[7.7831,45.4734],[7.7961,45.4758],[7.8019,45.4744]]],[[[7.7113,45.4912],[7.7138,45.4883],[7.713,45.4842],[7.7029,45.4844],[7.7045,45.4873],[7.7028,45.4925],[7.6944,45.4928],[7.6932,45.4915],[7.6922,45.4877],[7.6877,45.4886],[7.6873,45.4928],[7.6923,45.4988],[7.6936,45.5016],[7.7014,45.4994],[7.7113,45.4912]]]]}},{"type":"Feature","properties":{"i":"001318","n":"Valchiusa"},"geometry":{"type":"MultiPolygon","coordinates":[[[[7.7831,45.5252],[7.7881,45.5117],[7.7956,45.4962],[7.7919,45.4892],[7.7877,45.4889],[7.7859,45.4878],[7.787,45.4852],[7.7963,45.4844],[7.8037,45.4855],[7.8097,45.4874],[7.8019,45.4744],[7.7961,45.4758],[7.7831,45.4734],[7.7787,45.4735],[7.7812,45.477],[7.77,45.4769],[7.7614,45.4778],[7.7589,45.4796],[7.7576,45.4823],[7.7521,45.486],[7.7419,45.4895],[7.7126,45.4921],[7.7113,45.4912],[7.7014,45.4994],[7.6936,45.5016],[7.6563,45.5048],[7.6632,45.5106],[7.6635,45.5128],[7.6661,45.5167],[7.6731,45.5238],[7.6767,45.5251],[7.6816,45.5255],[7.6965,45.5213],[7.7106,45.5224],[7.7141,45.5217],[7.7196,45.5192],[7.7248,45.5143],[7.7303,45.5128],[7.7376,45.5083],[7.7443,45.5025],[7.7496,45.5],[7.7531,45.5012],[7.7652,45.5091],[7.7761,45.5201],[7.7831,45.5252]]],[[[7.7391,45.5432],[7.7481,45.5391],[7.7685,45.5369],[7.7626,45.5256],[7.7569,45.5192],[7.7482,45.5279],[7.7444,45.5328],[7.7391,45.5432]]],[[[7.7303,45.5507],[7.7292,45.5482],[7.718,45.5458],[7.7156,45.5432],[7.7112,45.5423],[7.709,45.5437],[7.7091,45.5449],[7.7032,45.5556],[7.7098,45.556],[7.7163,45.559],[7.7189,45.5589],[7.7224,45.5578],[7.7303,45.5507]]],[[[7.6768,45.5521],[7.6738,45.5485],[7.6301,45.5331],[7.619,45.5268],[7.6136,45.5404],[7.6078,45.5459],[7.6051,45.5501],[7.6055,45.5526],[7.609,45.5585],[7.6091,45.5629],[7.6159,45.5643],[7.634,45.5708],[7.6427,45.5687],[7.6571,45.5629],[7.673,45.5536],[7.6768,45.5521]]]]}}]}
