{"type":"FeatureCollection","fonte":"Confini comunali ISTAT via openpolis/geojson-italy — CC BY 4.0","features":[{"type":"Feature","properties":{"i":"030001","n":"Aiello del Friuli"},"geometry":{"type":"Polygon","coordinates":[[[13.3825,45.8709],[13.3701,45.855],[13.3658,45.8525],[13.3511,45.8591],[13.3494,45.8592],[13.3385,45.8516],[13.3257,45.8671],[13.331,45.8747],[13.3315,45.8765],[13.3299,45.8787],[13.3305,45.8847],[13.3315,45.8854],[13.3338,45.8868],[13.3464,45.8871],[13.3682,45.8924],[13.3698,45.8918],[13.3741,45.8832],[13.3825,45.8709]]]}},{"type":"Feature","properties":{"i":"030002","n":"Amaro"},"geometry":{"type":"Polygon","coordinates":[[[13.1585,46.3894],[13.1453,46.39],[13.1382,46.3893],[13.1347,46.3882],[13.1255,46.3827],[13.1188,46.3721],[13.12,46.3653],[13.1192,46.364],[13.1151,46.3624],[13.101,46.3623],[13.0936,46.3636],[13.0782,46.3622],[13.0709,46.3642],[13.062,46.367],[13.0547,46.3783],[13.0503,46.3818],[13.053,46.3867],[13.0581,46.3916],[13.0769,46.4027],[13.0785,46.4073],[13.0742,46.4141],[13.0766,46.4161],[13.0797,46.4175],[13.1012,46.4181],[13.1051,46.4193],[13.1245,46.4129],[13.1412,46.4097],[13.1581,46.4005],[13.1624,46.3929],[13.1585,46.3894]]]}},{"type":"Feature","properties":{"i":"030003","n":"Ampezzo"},"geometry":{"type":"Polygon","coordinates":[[[12.6931,46.3437],[12.6922,46.3468],[12.6993,46.3515],[12.7055,46.3614],[12.7165,46.3709],[12.7276,46.3764],[12.7411,46.3861],[12.7337,46.3893],[12.7315,46.3942],[12.7383,46.3987],[12.7391,46.4003],[12.7327,46.4077],[12.6982,46.4075],[12.6888,46.4095],[12.6823,46.415],[12.6799,46.418],[12.6814,46.4226],[12.6809,46.428],[12.6776,46.4357],[12.6789,46.4426],[12.6825,46.4476],[12.6921,46.4525],[12.6977,46.45],[12.7137,46.4477],[12.7334,46.4475],[12.7702,46.4507],[12.7718,46.4526],[12.7716,46.4535],[12.7692,46.4594],[12.7642,46.4642],[12.7626,46.4683],[12.763,46.4711],[12.7689,46.4779],[12.7743,46.4803],[12.7759,46.477],[12.778,46.4749],[12.801,46.4566],[12.8075,46.453],[12.8121,46.4482],[12.8117,46.4408],[12.8163,46.4082],[12.8156,46.4068],[12.8058,46.4078],[12.791,46.4042],[12.7887,46.4015],[12.789,46.399],[12.7731,46.3979],[12.7711,46.3952],[12.7694,46.3887],[12.7755,46.3818],[12.7849,46.3776],[12.7823,46.375],[12.7699,46.3676],[12.7651,46.3656],[12.7534,46.3643],[12.7419,46.3655],[12.7367,46.3642],[12.7249,46.3604],[12.7071,46.3513],[12.7021,46.3477],[12.6931,46.3437]]]}},{"type":"Feature","properties":{"i":"030004","n":"Aquileia"},"geometry":{"type":"Polygon","coordinates":[[[13.4187,45.7424],[13.4037,45.7388],[13.4058,45.7345],[13.4082,45.7325],[13.4082,45.7298],[13.4065,45.7257],[13.4051,45.725],[13.3895,45.7242],[13.3843,45.7252],[13.3705,45.7301],[13.3658,45.7327],[13.3701,45.7348],[13.3724,45.7351],[13.3719,45.7374],[13.3555,45.7375],[13.3537,45.7361],[13.3493,45.7356],[13.3272,45.7369],[13.3205,45.739],[13.3164,45.7428],[13.3158,45.7443],[13.2911,45.7502],[13.2873,45.7501],[13.2763,45.7476],[13.2726,45.7521],[13.2707,45.753],[13.2716,45.755],[13.2807,45.7556],[13.2883,45.7547],[13.2898,45.7536],[13.2947,45.7539],[13.3505,45.7687],[13.347,45.7817],[13.3476,45.7836],[13.3511,45.7878],[13.353,45.7885],[13.3578,45.7879],[13.363,45.79],[13.368,45.7943],[13.3763,45.7938],[13.385,45.7973],[13.3903,45.8012],[13.3919,45.8002],[13.3916,45.7948],[13.3883,45.7862],[13.3868,45.7793],[13.3962,45.7591],[13.3993,45.7536],[13.4076,45.7519],[13.4164,45.7436],[13.4187,45.7424]]]}},{"type":"Feature","properties":{"i":"030005","n":"Arta Terme"},"geometry":{"type":"Polygon","coordinates":[[[13.1382,46.4753],[13.1351,46.4718],[13.1319,46.4644],[13.127,46.4593],[13.1187,46.4525],[13.1118,46.4495],[13.105,46.45],[13.0987,46.4515],[13.0976,46.4523],[13.0959,46.456],[13.0963,46.4595],[13.0917,46.4617],[13.0795,46.4582],[13.0746,46.4543],[13.0552,46.4625],[13.0449,46.4602],[13.0429,46.4586],[13.0328,46.4559],[13.0292,46.4622],[13.0215,46.4724],[13.0125,46.473],[13.0063,46.4774],[13.0038,46.481],[13.0056,46.4845],[13.0034,46.4866],[12.9969,46.4823],[12.997,46.4804],[12.9955,46.4799],[12.9911,46.4804],[12.9848,46.4838],[13.001,46.4893],[13.0033,46.4916],[13.0019,46.5008],[13.0046,46.5012],[13.0091,46.5039],[13.0255,46.5068],[13.0294,46.5085],[13.037,46.5077],[13.0445,46.5042],[13.0532,46.5036],[13.0609,46.504],[13.0814,46.507],[13.0804,46.4987],[13.0794,46.4972],[13.0839,46.492],[13.0968,46.4866],[13.1005,46.486],[13.1303,46.4849],[13.133,46.4829],[13.1382,46.4753]]]}},{"type":"Feature","properties":{"i":"030006","n":"Artegna"},"geometry":{"type":"Polygon","coordinates":[[[13.1699,46.2379],[13.1664,46.2337],[13.1603,46.2185],[13.1573,46.2173],[13.1499,46.2173],[13.1464,46.2188],[13.1385,46.2284],[13.1232,46.2344],[13.1143,46.2367],[13.1136,46.2379],[13.1144,46.2395],[13.1186,46.2418],[13.1287,46.2498],[13.1388,46.2558],[13.1533,46.2614],[13.1602,46.2575],[13.1606,46.2557],[13.1587,46.2482],[13.1687,46.2409],[13.1699,46.2396],[13.1699,46.2379]]]}},{"type":"Feature","properties":{"i":"030007","n":"Attimis"},"geometry":{"type":"Polygon","coordinates":[[[13.3876,46.2107],[13.3821,46.2076],[13.3779,46.2032],[13.3657,46.1867],[13.3565,46.1815],[13.3498,46.1755],[13.3497,46.1694],[13.3437,46.1614],[13.3412,46.1593],[13.3364,46.1583],[13.3266,46.1533],[13.3212,46.1483],[13.315,46.1527],[13.3121,46.1573],[13.3124,46.1612],[13.3107,46.1666],[13.309,46.1675],[13.2957,46.1693],[13.2881,46.1833],[13.2786,46.1885],[13.2813,46.1908],[13.2841,46.1912],[13.2882,46.1964],[13.295,46.2018],[13.3074,46.2058],[13.3311,46.2089],[13.3475,46.2152],[13.3526,46.2189],[13.3531,46.2234],[13.3498,46.2268],[13.3564,46.2268],[13.3628,46.221],[13.3707,46.2197],[13.3862,46.2153],[13.387,46.2147],[13.3876,46.2107]]]}},{"type":"Feature","properties":{"i":"030008","n":"Bagnaria Arsa"},"geometry":{"type":"Polygon","coordinates":[[[13.3338,45.8868],[13.3305,45.8847],[13.3299,45.8787],[13.3315,45.8765],[13.3282,45.8702],[13.327,45.8694],[13.3246,45.8752],[13.3226,45.8752],[13.3214,45.875],[13.321,45.8734],[13.3134,45.8722],[13.3125,45.8732],[13.3057,45.8706],[13.3022,45.8684],[13.2958,45.8575],[13.2951,45.8559],[13.2959,45.8522],[13.2986,45.8517],[13.3038,45.8549],[13.3136,45.8488],[13.3161,45.8461],[13.3087,45.8295],[13.3054,45.8263],[13.2959,45.826],[13.29,45.8284],[13.2815,45.8436],[13.2832,45.8732],[13.2745,45.8735],[13.2736,45.8763],[13.2754,45.8877],[13.2804,45.8935],[13.2883,45.8947],[13.292,45.8938],[13.2959,45.895],[13.2983,45.891],[13.3133,45.8912],[13.3251,45.8954],[13.3328,45.8897],[13.3338,45.8868]]]}},{"type":"Feature","properties":{"i":"030009","n":"Basiliano"},"geometry":{"type":"Polygon","coordinates":[[[13.1336,46.0413],[13.135,46.0348],[13.1309,46.0338],[13.126,46.0182],[13.1273,46.0146],[13.1371,46.0173],[13.1522,46.0086],[13.1592,46.0008],[13.1495,45.9954],[13.1406,45.9948],[13.135,45.9962],[13.1264,45.9938],[13.1254,45.9919],[13.1155,45.9923],[13.1052,45.9947],[13.0779,45.9866],[13.0726,45.9839],[13.0663,45.9834],[13.0632,45.9861],[13.0606,45.9862],[13.0486,45.9811],[13.0472,45.9798],[13.0472,45.9942],[13.0443,46.003],[13.0424,46.0065],[13.0457,46.0074],[13.0482,46.0106],[13.0515,46.0156],[13.052,46.0189],[13.0557,46.027],[13.0597,46.0325],[13.0686,46.032],[13.0871,46.0363],[13.0827,46.0441],[13.081,46.0458],[13.0848,46.0506],[13.1076,46.0567],[13.1163,46.0578],[13.1168,46.055],[13.12,46.0503],[13.1269,46.0499],[13.1327,46.0449],[13.1336,46.0413]]]}},{"type":"Feature","properties":{"i":"030010","n":"Bertiolo"},"geometry":{"type":"Polygon","coordinates":[[[13.105,45.947],[13.0988,45.9452],[13.0823,45.9449],[13.0802,45.936],[13.0771,45.9274],[13.074,45.9225],[13.068,45.9153],[13.0607,45.9133],[13.062,45.9007],[13.0616,45.8984],[13.0458,45.897],[13.0402,45.8983],[13.0378,45.9002],[13.0291,45.9132],[13.0303,45.916],[13.028,45.9288],[13.0325,45.9435],[13.0329,45.951],[13.0499,45.9596],[13.0534,45.9549],[13.0649,45.9559],[13.0695,45.9575],[13.073,45.9602],[13.0738,45.9626],[13.0743,45.9683],[13.0734,45.9702],[13.0841,45.9721],[13.0976,45.9678],[13.1006,45.961],[13.1008,45.9587],[13.1081,45.952],[13.1082,45.9502],[13.105,45.947]]]}},{"type":"Feature","properties":{"i":"030011","n":"Bicinicco"},"geometry":{"type":"Polygon","coordinates":[[[13.2781,45.9108],[13.2572,45.9045],[13.2494,45.9059],[13.2442,45.9112],[13.2423,45.9145],[13.2426,45.9152],[13.2394,45.9175],[13.237,45.918],[13.2322,45.9165],[13.2281,45.9116],[13.2246,45.9146],[13.2099,45.9211],[13.2003,45.9287],[13.1997,45.9303],[13.214,45.927],[13.2142,45.9238],[13.2171,45.9242],[13.2189,45.9276],[13.2206,45.9378],[13.2336,45.9439],[13.2489,45.9482],[13.2488,45.9494],[13.2517,45.949],[13.2538,45.9498],[13.2566,45.9524],[13.2644,45.9442],[13.2673,45.9394],[13.2684,45.9348],[13.2635,45.932],[13.2658,45.9282],[13.2737,45.9203],[13.2769,45.9147],[13.2781,45.9108]]]}},{"type":"Feature","properties":{"i":"030012","n":"Bordano"},"geometry":{"type":"Polygon","coordinates":[[[13.1211,46.3132],[13.1127,46.3011],[13.1014,46.304],[13.0853,46.3018],[13.0788,46.3063],[13.0774,46.3099],[13.0786,46.3134],[13.0711,46.3206],[13.0811,46.3293],[13.0802,46.3329],[13.0788,46.3335],[13.091,46.3444],[13.0927,46.3487],[13.0959,46.3534],[13.0976,46.3533],[13.1067,46.3502],[13.1111,46.3373],[13.1158,46.3341],[13.1203,46.3354],[13.1222,46.3348],[13.1237,46.3313],[13.1238,46.3279],[13.1221,46.3233],[13.1211,46.3132]]]}},{"type":"Feature","properties":{"i":"030013","n":"Buja"},"geometry":{"type":"Polygon","coordinates":[[[13.1144,46.2395],[13.1136,46.2379],[13.1143,46.2367],[13.1232,46.2344],[13.1385,46.2284],[13.1464,46.2188],[13.1499,46.2173],[13.1499,46.2156],[13.1423,46.1969],[13.1391,46.1918],[13.1323,46.186],[13.1257,46.1824],[13.1212,46.1878],[13.1151,46.1913],[13.1076,46.1932],[13.1029,46.1924],[13.0975,46.1927],[13.0909,46.1946],[13.0842,46.2003],[13.0828,46.204],[13.0833,46.208],[13.0819,46.2118],[13.0704,46.2181],[13.092,46.245],[13.0947,46.2455],[13.0988,46.2446],[13.1144,46.2395]]]}},{"type":"Feature","properties":{"i":"030014","n":"Buttrio"},"geometry":{"type":"Polygon","coordinates":[[[13.3633,46.0103],[13.3635,46.0054],[13.3602,46.0008],[13.3534,45.9955],[13.3474,45.9938],[13.3326,45.9919],[13.3271,45.9879],[13.3219,45.9867],[13.3187,45.9903],[13.3143,46.0008],[13.3109,46.0122],[13.3125,46.0164],[13.3129,46.0282],[13.3159,46.0332],[13.3343,46.0407],[13.3449,46.0353],[13.3512,46.0337],[13.3557,46.0315],[13.3606,46.0243],[13.3619,46.0205],[13.3619,46.0129],[13.3633,46.0103]]]}},{"type":"Feature","properties":{"i":"030015","n":"Camino al Tagliamento"},"geometry":{"type":"Polygon","coordinates":[[[12.9641,45.9236],[12.9589,45.9209],[12.9591,45.9172],[12.9607,45.9152],[12.9593,45.9097],[12.9493,45.9068],[12.9518,45.9009],[12.9529,45.8953],[12.95,45.8848],[12.931,45.8948],[12.9207,45.9053],[12.915,45.9147],[12.9074,45.9445],[12.9264,45.9464],[12.9375,45.9516],[12.945,45.958],[12.9514,45.9579],[12.9522,45.9549],[12.9516,45.9528],[12.9521,45.9485],[12.9613,45.9402],[12.9735,45.9307],[12.9733,45.927],[12.9641,45.9236]]]}},{"type":"Feature","properties":{"i":"030016","n":"Campoformido"},"geometry":{"type":"Polygon","coordinates":[[[13.229,46.0272],[13.213,46.0224],[13.2054,46.0227],[13.1962,46.0211],[13.1858,46.0125],[13.1893,46.007],[13.1779,46.0058],[13.1592,46.0008],[13.1522,46.0086],[13.1371,46.0173],[13.1275,46.0144],[13.126,46.0182],[13.1309,46.0338],[13.135,46.0348],[13.1336,46.0413],[13.1555,46.0442],[13.1627,46.0438],[13.1651,46.0387],[13.1694,46.0337],[13.1812,46.0331],[13.1914,46.0381],[13.1963,46.0413],[13.1955,46.0426],[13.1974,46.0448],[13.2015,46.0471],[13.213,46.0425],[13.2179,46.0386],[13.229,46.0272]]]}},{"type":"Feature","properties":{"i":"030018","n":"Carlino"},"geometry":{"type":"Polygon","coordinates":[[[13.2218,45.7718],[13.2157,45.7723],[13.2135,45.7714],[13.2112,45.7676],[13.2052,45.7661],[13.2002,45.7672],[13.1917,45.7737],[13.1835,45.7737],[13.1822,45.7726],[13.1825,45.7649],[13.1713,45.768],[13.1565,45.7706],[13.1431,45.7723],[13.1308,45.7718],[13.1333,45.7829],[13.1315,45.7892],[13.1382,45.7947],[13.1486,45.7973],[13.1597,45.8045],[13.1606,45.8071],[13.1584,45.8101],[13.1573,45.8166],[13.1576,45.8195],[13.1595,45.8238],[13.1594,45.8266],[13.1726,45.8301],[13.1759,45.8263],[13.1937,45.8118],[13.2006,45.809],[13.2069,45.8052],[13.2067,45.8031],[13.2128,45.7968],[13.2165,45.7947],[13.2181,45.79],[13.2161,45.7882],[13.2212,45.7805],[13.227,45.7736],[13.2259,45.7726],[13.2218,45.7718]]]}},{"type":"Feature","properties":{"i":"030019","n":"Cassacco"},"geometry":{"type":"Polygon","coordinates":[[[13.189,46.1936],[13.1907,46.1916],[13.2064,46.1916],[13.2132,46.1904],[13.2093,46.1868],[13.2117,46.1764],[13.205,46.1705],[13.1991,46.1665],[13.1914,46.1633],[13.185,46.163],[13.1811,46.1645],[13.1761,46.1652],[13.1693,46.164],[13.1648,46.1611],[13.1588,46.1604],[13.1628,46.1692],[13.1737,46.178],[13.1731,46.1842],[13.1702,46.1867],[13.1667,46.1876],[13.1644,46.1905],[13.162,46.1956],[13.1624,46.1988],[13.1719,46.2057],[13.1739,46.2061],[13.1788,46.2038],[13.179,46.2026],[13.189,46.1936]]]}},{"type":"Feature","properties":{"i":"030020","n":"Castions di Strada"},"geometry":{"type":"Polygon","coordinates":[[[13.2003,45.9287],[13.2099,45.9211],[13.2246,45.9146],[13.2281,45.9116],[13.2287,45.9081],[13.2168,45.896],[13.2127,45.8936],[13.2045,45.8865],[13.2036,45.8841],[13.2038,45.8786],[13.1978,45.8726],[13.1894,45.8691],[13.1824,45.8648],[13.1832,45.8616],[13.182,45.8547],[13.1807,45.8532],[13.1753,45.8534],[13.1736,45.8515],[13.1737,45.8406],[13.1761,45.8379],[13.1726,45.8301],[13.1576,45.8259],[13.1586,45.8462],[13.1614,45.8491],[13.1611,45.8539],[13.1519,45.8558],[13.1615,45.8734],[13.1608,45.878],[13.1613,45.8804],[13.1646,45.8835],[13.1618,45.8943],[13.1608,45.9039],[13.163,45.9228],[13.1656,45.9266],[13.169,45.9258],[13.186,45.9293],[13.2003,45.9287]]]}},{"type":"Feature","properties":{"i":"030021","n":"Cavazzo Carnico"},"geometry":{"type":"Polygon","coordinates":[[[13.0503,46.3818],[13.0547,46.3783],[13.0625,46.3668],[13.0772,46.3623],[13.0936,46.3636],[13.099,46.3625],[13.0959,46.3534],[13.0927,46.3487],[13.091,46.3444],[13.0788,46.3335],[13.0711,46.3334],[13.0383,46.338],[13.0081,46.3397],[13.0062,46.3396],[13.0006,46.3341],[12.9951,46.3315],[12.9765,46.3274],[12.9677,46.3294],[12.9622,46.3325],[12.9593,46.3415],[12.9587,46.3476],[12.9657,46.348],[12.9809,46.3514],[12.9878,46.3648],[12.9926,46.3675],[12.9966,46.3677],[13.0029,46.371],[13.0051,46.3752],[13.0179,46.3822],[13.0224,46.3862],[13.0435,46.3854],[13.0503,46.3818]]]}},{"type":"Feature","properties":{"i":"030022","n":"Cercivento"},"geometry":{"type":"Polygon","coordinates":[[[12.9993,46.5207],[12.996,46.5222],[12.9917,46.5222],[12.9648,46.519],[12.9547,46.5207],[12.9564,46.5249],[12.9625,46.5282],[12.955,46.5456],[12.9455,46.5593],[12.9461,46.5619],[12.9523,46.5665],[12.9553,46.5645],[12.9593,46.5633],[12.9688,46.5625],[12.9912,46.5519],[12.9919,46.5489],[13.0009,46.5415],[13.005,46.539],[13.0104,46.5372],[13.0117,46.5337],[13.0121,46.5292],[13.0083,46.5241],[12.9993,46.5207]]]}},{"type":"Feature","properties":{"i":"030023","n":"Cervignano del Friuli"},"geometry":{"type":"Polygon","coordinates":[[[13.3385,45.8516],[13.3382,45.8484],[13.342,45.8393],[13.3506,45.8388],[13.3557,45.8356],[13.3566,45.8334],[13.354,45.8297],[13.3543,45.8287],[13.356,45.8279],[13.3647,45.8306],[13.3658,45.8346],[13.3674,45.836],[13.371,45.837],[13.3774,45.837],[13.3797,45.8341],[13.3797,45.8259],[13.3823,45.8219],[13.382,45.8203],[13.375,45.8113],[13.3726,45.8096],[13.3598,45.8026],[13.35,45.8001],[13.3467,45.8046],[13.3467,45.806],[13.3401,45.8082],[13.3274,45.8105],[13.327,45.8116],[13.3131,45.8069],[13.3111,45.8029],[13.3112,45.8003],[13.3174,45.7917],[13.318,45.788],[13.3022,45.7845],[13.3082,45.7871],[13.3095,45.7887],[13.303,45.7989],[13.2993,45.8018],[13.2979,45.8065],[13.3054,45.8263],[13.3087,45.8295],[13.3161,45.8461],[13.3136,45.8488],[13.3038,45.8549],[13.2986,45.8517],[13.2959,45.8522],[13.2951,45.8559],[13.2958,45.8575],[13.3032,45.8695],[13.3125,45.8732],[13.3134,45.8722],[13.321,45.8734],[13.3214,45.875],[13.3246,45.8752],[13.327,45.8694],[13.3257,45.8666],[13.3385,45.8516]]]}},{"type":"Feature","properties":{"i":"030024","n":"Chiopris-Viscone"},"geometry":{"type":"Polygon","coordinates":[[[13.4204,45.9388],[13.4208,45.9305],[13.4195,45.9279],[13.4051,45.9171],[13.3928,45.9135],[13.3867,45.913],[13.3829,45.9204],[13.38,45.9238],[13.3769,45.9229],[13.3678,45.9256],[13.3669,45.9383],[13.3727,45.9469],[13.3761,45.9498],[13.3793,45.9494],[13.3863,45.9464],[13.386,45.9416],[13.3891,45.9325],[13.3955,45.9314],[13.3999,45.9325],[13.4059,45.9355],[13.4204,45.9388]]]}},{"type":"Feature","properties":{"i":"030025","n":"Chiusaforte"},"geometry":{"type":"Polygon","coordinates":[[[13.4335,46.4359],[13.4381,46.4345],[13.4495,46.4288],[13.457,46.4229],[13.4653,46.4179],[13.4707,46.417],[13.4785,46.4175],[13.4932,46.4125],[13.4992,46.4112],[13.5015,46.4082],[13.5059,46.3981],[13.5169,46.383],[13.5178,46.3779],[13.5163,46.3768],[13.482,46.369],[13.4238,46.3721],[13.4107,46.3759],[13.3982,46.3828],[13.3774,46.3884],[13.3738,46.3887],[13.3657,46.3869],[13.3575,46.3832],[13.3446,46.3838],[13.3335,46.3852],[13.3164,46.3898],[13.3072,46.3962],[13.3001,46.3974],[13.2989,46.3973],[13.2962,46.3947],[13.2962,46.3925],[13.2939,46.3896],[13.2862,46.3889],[13.2761,46.3889],[13.264,46.3947],[13.2406,46.3966],[13.2418,46.4021],[13.2549,46.4009],[13.2616,46.403],[13.2599,46.4112],[13.2607,46.4175],[13.2685,46.4198],[13.2714,46.4181],[13.273,46.4198],[13.2762,46.4292],[13.2754,46.4349],[13.273,46.4409],[13.273,46.4438],[13.2799,46.4442],[13.292,46.4433],[13.3093,46.4382],[13.3197,46.4408],[13.3304,46.4368],[13.3524,46.4303],[13.361,46.4259],[13.3683,46.4243],[13.3823,46.4242],[13.4012,46.4227],[13.4181,46.4244],[13.4219,46.4251],[13.4313,46.4299],[13.4335,46.4359]]]}},{"type":"Feature","properties":{"i":"030026","n":"Cividale del Friuli"},"geometry":{"type":"Polygon","coordinates":[[[13.4498,46.1293],[13.4602,46.1253],[13.4645,46.1218],[13.469,46.1164],[13.478,46.1105],[13.503,46.0991],[13.5075,46.0937],[13.5032,46.0912],[13.4729,46.0855],[13.4703,46.0812],[13.471,46.0668],[13.4608,46.0544],[13.4642,46.0487],[13.4657,46.0476],[13.4675,46.0402],[13.4665,46.0337],[13.4622,46.0271],[13.458,46.0168],[13.4401,46.0228],[13.4421,46.0287],[13.4418,46.034],[13.4385,46.0435],[13.4357,46.0483],[13.4297,46.0514],[13.418,46.0602],[13.415,46.0664],[13.4079,46.0726],[13.3926,46.0778],[13.386,46.0819],[13.3841,46.0863],[13.3843,46.0888],[13.3999,46.0891],[13.4056,46.0905],[13.4042,46.0958],[13.4006,46.1],[13.398,46.1048],[13.3978,46.1073],[13.4014,46.1102],[13.4219,46.1154],[13.4301,46.1151],[13.4327,46.1189],[13.4303,46.122],[13.4321,46.1242],[13.447,46.1292],[13.4498,46.1293]]]}},{"type":"Feature","properties":{"i":"030027","n":"Codroipo"},"geometry":{"type":"Polygon","coordinates":[[[13.0424,46.0065],[13.0443,46.003],[13.0472,45.9942],[13.0472,45.9732],[13.0499,45.9596],[13.0329,45.951],[13.0325,45.9435],[13.028,45.9288],[13.0303,45.916],[13.0291,45.9132],[13.0227,45.9141],[13.0069,45.9017],[12.991,45.9004],[12.9874,45.9026],[12.987,45.9044],[12.9881,45.907],[12.9901,45.908],[12.9904,45.909],[12.9905,45.9116],[12.9891,45.9128],[12.9838,45.9152],[12.9782,45.9155],[12.9715,45.9146],[12.9649,45.9153],[12.9641,45.9236],[12.9733,45.927],[12.9735,45.9307],[12.9613,45.9402],[12.9521,45.9485],[12.9516,45.9528],[12.9522,45.9549],[12.9514,45.9579],[12.945,45.958],[12.9375,45.9516],[12.9264,45.9464],[12.9074,45.9445],[12.9038,45.965],[12.9058,45.9781],[12.9092,45.9885],[12.9274,45.9851],[12.9497,45.9907],[12.9644,45.9935],[12.974,45.9928],[12.9855,45.9904],[13.0022,45.9817],[13.0063,45.9845],[13.0145,45.9972],[13.017,46.0052],[13.0313,46.0066],[13.0365,46.005],[13.0424,46.0065]]]}},{"type":"Feature","properties":{"i":"030028","n":"Colloredo di Monte Albano"},"geometry":{"type":"Polygon","coordinates":[[[13.1257,46.1824],[13.127,46.1797],[13.1281,46.179],[13.1349,46.1771],[13.1397,46.1769],[13.1454,46.1731],[13.1588,46.1604],[13.1666,46.1555],[13.1667,46.1518],[13.1657,46.1502],[13.1631,46.1473],[13.1597,46.1471],[13.1543,46.1501],[13.1514,46.1507],[13.1467,46.1497],[13.1428,46.1475],[13.1309,46.1498],[13.1183,46.1462],[13.117,46.1443],[13.1082,46.1447],[13.0811,46.1371],[13.0781,46.1376],[13.0747,46.1429],[13.0756,46.1491],[13.0743,46.1515],[13.0727,46.1524],[13.0749,46.1581],[13.0816,46.162],[13.0846,46.1621],[13.0866,46.1612],[13.0865,46.1579],[13.0853,46.1571],[13.0858,46.1564],[13.091,46.1545],[13.0974,46.1557],[13.1019,46.1587],[13.1019,46.1645],[13.0937,46.1704],[13.0963,46.1849],[13.1063,46.1889],[13.1076,46.1932],[13.1151,46.1913],[13.1191,46.1893],[13.1257,46.1824]]]}},{"type":"Feature","properties":{"i":"030029","n":"Comeglians"},"geometry":{"type":"Polygon","coordinates":[[[12.9063,46.568],[12.9079,46.5631],[12.9178,46.5542],[12.9174,46.5516],[12.915,46.5492],[12.9006,46.5469],[12.8978,46.5456],[12.8892,46.536],[12.8948,46.5278],[12.8946,46.5226],[12.9063,46.5181],[12.9075,46.5164],[12.9096,46.5109],[12.9097,46.507],[12.9084,46.5054],[12.899,46.5041],[12.8902,46.5085],[12.8729,46.5043],[12.8688,46.5018],[12.8645,46.5068],[12.8642,46.5103],[12.8609,46.5149],[12.8545,46.5214],[12.8505,46.5237],[12.8487,46.5228],[12.8444,46.5281],[12.8399,46.5289],[12.8346,46.5349],[12.8473,46.5349],[12.8536,46.5321],[12.8613,46.5317],[12.869,46.5338],[12.8685,46.5386],[12.8671,46.5408],[12.8724,46.5452],[12.8813,46.5502],[12.8893,46.5612],[12.8898,46.5682],[12.8915,46.5717],[12.9063,46.568]]]}},{"type":"Feature","properties":{"i":"030030","n":"Corno di Rosazzo"},"geometry":{"type":"Polygon","coordinates":[[[13.4401,46.0228],[13.458,46.0168],[13.4552,46.0098],[13.4607,46.0075],[13.4607,46.0014],[13.4661,45.9983],[13.4643,45.9901],[13.4649,45.9848],[13.462,45.984],[13.4586,45.9854],[13.4522,45.983],[13.4366,45.9721],[13.424,45.9682],[13.4277,45.9732],[13.4342,45.9792],[13.4381,45.984],[13.4364,45.9868],[13.4275,45.9924],[13.423,45.9976],[13.4257,46.0043],[13.4262,46.0092],[13.4227,46.0121],[13.4229,46.0161],[13.4252,46.0211],[13.4304,46.024],[13.4374,46.0254],[13.4397,46.0244],[13.4401,46.0228]]]}},{"type":"Feature","properties":{"i":"030031","n":"Coseano"},"geometry":{"type":"Polygon","coordinates":[[[13.0374,46.0987],[13.039,46.0957],[13.0378,46.0934],[13.0359,46.0928],[13.0332,46.089],[13.0381,46.0794],[13.0428,46.0773],[13.0457,46.0718],[13.0517,46.0651],[13.0529,46.0619],[13.0509,46.0615],[13.047,46.0639],[13.0362,46.061],[13.0356,46.0604],[13.0365,46.059],[13.0327,46.0525],[13.02,46.0444],[13.0163,46.044],[13.0142,46.0442],[13.0131,46.0463],[13.0112,46.0507],[13.0116,46.0546],[13.0007,46.0769],[12.9777,46.0715],[12.979,46.0817],[12.9768,46.0819],[12.9731,46.0889],[12.9725,46.0964],[12.9692,46.1041],[12.9818,46.1138],[12.9828,46.1138],[12.9879,46.1126],[12.9887,46.1095],[12.9884,46.1069],[12.993,46.0994],[13.0009,46.0938],[13.006,46.0975],[13.0089,46.1028],[13.0154,46.1047],[13.0262,46.1055],[13.0344,46.1021],[13.0374,46.0987]]]}},{"type":"Feature","properties":{"i":"030032","n":"Dignano"},"geometry":{"type":"Polygon","coordinates":[[[12.9862,46.1203],[12.9835,46.1138],[12.9818,46.1138],[12.9692,46.1041],[12.9725,46.0964],[12.9731,46.0889],[12.9768,46.0819],[12.979,46.0817],[12.9777,46.0715],[12.9726,46.0712],[12.9668,46.0671],[12.9498,46.0632],[12.9328,46.0606],[12.9164,46.0613],[12.9161,46.0686],[12.9169,46.0741],[12.9238,46.0856],[12.9271,46.0936],[12.9327,46.122],[12.9366,46.1318],[12.9632,46.1274],[12.9743,46.1216],[12.9862,46.1203]]]}},{"type":"Feature","properties":{"i":"030033","n":"Dogna"},"geometry":{"type":"MultiPolygon","coordinates":[[[[13.3894,46.4779],[13.3986,46.4743],[13.4135,46.4726],[13.4157,46.4727],[13.4182,46.4744],[13.4247,46.4765],[13.4425,46.4727],[13.4479,46.4732],[13.4528,46.4764],[13.4545,46.4763],[13.4567,46.4735],[13.4611,46.4644],[13.4549,46.4581],[13.4389,46.4529],[13.4313,46.4299],[13.4219,46.4251],[13.4012,46.4227],[13.3646,46.4249],[13.3524,46.4303],[13.3304,46.4368],[13.3197,46.4408],[13.3093,46.4382],[13.292,46.4433],[13.2799,46.4442],[13.273,46.4438],[13.2657,46.4484],[13.2607,46.4494],[13.2543,46.4539],[13.2475,46.4635],[13.2485,46.4677],[13.2584,46.4739],[13.2604,46.4767],[13.2653,46.4808],[13.2665,46.4808],[13.2801,46.4733],[13.2957,46.4695],[13.2997,46.4697],[13.3302,46.4792],[13.3438,46.4851],[13.3481,46.4831],[13.3471,46.4803],[13.3554,46.4764],[13.3692,46.4753],[13.3792,46.4734],[13.3824,46.4741],[13.3894,46.4779]]],[[[13.2441,46.4981],[13.2386,46.495],[13.2356,46.4947],[13.2289,46.4972],[13.2275,46.5007],[13.2326,46.5028],[13.244,46.5095],[13.246,46.5049],[13.2441,46.4981]]]]}},{"type":"Feature","properties":{"i":"030034","n":"Drenchia"},"geometry":{"type":"MultiPolygon","coordinates":[[[[13.6445,46.1516],[13.6434,46.1512],[13.6424,46.1519],[13.6436,46.153],[13.645,46.1521],[13.6445,46.1516]]],[[[13.6537,46.158],[13.6307,46.1583],[13.6244,46.1567],[13.6175,46.1574],[13.6146,46.159],[13.6161,46.1622],[13.6118,46.1602],[13.6103,46.1623],[13.6026,46.1684],[13.6063,46.1741],[13.62,46.1807],[13.6145,46.1844],[13.6271,46.1888],[13.6318,46.1897],[13.6457,46.1883],[13.6632,46.1801],[13.6638,46.1698],[13.6597,46.1656],[13.6571,46.1645],[13.6549,46.1624],[13.6537,46.158]],[[13.6468,46.1594],[13.6492,46.1592],[13.6496,46.1601],[13.6486,46.1606],[13.6468,46.1594]]]]}},{"type":"Feature","properties":{"i":"030035","n":"Enemonzo"},"geometry":{"type":"Polygon","coordinates":[[[12.9055,46.416],[12.9096,46.4085],[12.9177,46.4011],[12.9221,46.3812],[12.9251,46.3788],[12.9212,46.3725],[12.9167,46.3706],[12.9043,46.3705],[12.9015,46.3732],[12.8892,46.3746],[12.8848,46.3794],[12.875,46.399],[12.865,46.4039],[12.8619,46.4079],[12.8531,46.413],[12.847,46.4137],[12.8475,46.4188],[12.8462,46.4235],[12.8316,46.4324],[12.8183,46.4448],[12.817,46.4467],[12.8188,46.4529],[12.8257,46.4437],[12.8292,46.4426],[12.8328,46.4432],[12.842,46.438],[12.8441,46.4344],[12.8477,46.432],[12.874,46.4282],[12.8981,46.4152],[12.9055,46.416]]]}},{"type":"Feature","properties":{"i":"030036","n":"Faedis"},"geometry":{"type":"Polygon","coordinates":[[[13.4235,46.2063],[13.411,46.2044],[13.4137,46.1915],[13.4139,46.1821],[13.4071,46.1724],[13.4028,46.1615],[13.4068,46.1587],[13.4063,46.1497],[13.3899,46.1441],[13.39,46.1428],[13.3938,46.1381],[13.3955,46.1341],[13.3936,46.1273],[13.3772,46.1274],[13.3752,46.1231],[13.375,46.1192],[13.3651,46.1092],[13.3501,46.1178],[13.3482,46.1233],[13.3391,46.1243],[13.3317,46.1214],[13.3237,46.1194],[13.3194,46.1207],[13.3147,46.1232],[13.3183,46.1293],[13.3262,46.1348],[13.3281,46.1378],[13.3249,46.1394],[13.3228,46.1418],[13.3212,46.1483],[13.3266,46.1533],[13.3364,46.1583],[13.3412,46.1593],[13.3437,46.1614],[13.3497,46.1694],[13.3498,46.1755],[13.3565,46.1815],[13.3657,46.1867],[13.3772,46.2025],[13.3821,46.2076],[13.3876,46.2107],[13.4049,46.2141],[13.4108,46.2123],[13.4235,46.2063]]]}},{"type":"Feature","properties":{"i":"030037","n":"Fagagna"},"geometry":{"type":"Polygon","coordinates":[[[13.0727,46.1524],[13.0743,46.1515],[13.0756,46.1491],[13.0749,46.1423],[13.0786,46.1373],[13.0811,46.1371],[13.1082,46.1447],[13.117,46.1443],[13.1139,46.1397],[13.1098,46.128],[13.1083,46.1133],[13.1179,46.1096],[13.1251,46.1082],[13.1303,46.1105],[13.1319,46.1077],[13.1301,46.1057],[13.1228,46.1011],[13.1197,46.0954],[13.1176,46.0819],[13.1081,46.0616],[13.1076,46.0567],[13.0939,46.0535],[13.094,46.0616],[13.0928,46.0739],[13.0882,46.0764],[13.0766,46.0753],[13.0748,46.0785],[13.0723,46.0865],[13.071,46.0946],[13.0616,46.0991],[13.0528,46.1022],[13.0487,46.1],[13.0495,46.0979],[13.0442,46.0978],[13.0438,46.0988],[13.0431,46.1052],[13.0445,46.1153],[13.046,46.1185],[13.0485,46.1191],[13.0515,46.1218],[13.0532,46.1283],[13.0633,46.1452],[13.0642,46.1518],[13.0651,46.1526],[13.07,46.1531],[13.0727,46.1524]]]}},{"type":"Feature","properties":{"i":"030039","n":"Flaibano"},"geometry":{"type":"Polygon","coordinates":[[[13.0142,46.0442],[12.9909,46.0429],[12.9849,46.0475],[12.9686,46.0509],[12.9365,46.0439],[12.9163,46.0422],[12.9155,46.0577],[12.9164,46.0613],[12.9328,46.0606],[12.9498,46.0632],[12.9668,46.0671],[12.9726,46.0712],[12.979,46.0715],[13.0007,46.0769],[13.0116,46.0546],[13.0112,46.0507],[13.0142,46.0442]]]}},{"type":"Feature","properties":{"i":"030040","n":"Forni Avoltri"},"geometry":{"type":"Polygon","coordinates":[[[12.8883,46.6069],[12.8895,46.6024],[12.8931,46.5962],[12.8973,46.5926],[12.8985,46.585],[12.8962,46.5835],[12.8889,46.5816],[12.8888,46.5803],[12.8905,46.579],[12.8741,46.5765],[12.8495,46.5772],[12.831,46.5761],[12.8084,46.5708],[12.8045,46.5722],[12.7975,46.5721],[12.7916,46.5701],[12.7817,46.5613],[12.7744,46.5579],[12.7718,46.5555],[12.7694,46.5514],[12.7627,46.5514],[12.7578,46.5504],[12.7504,46.5475],[12.7496,46.544],[12.7359,46.5535],[12.7327,46.5575],[12.7328,46.5623],[12.7358,46.5722],[12.7408,46.5745],[12.7424,46.5763],[12.7411,46.5818],[12.7397,46.5961],[12.7328,46.6071],[12.7289,46.6105],[12.7286,46.618],[12.7295,46.6223],[12.7274,46.6304],[12.732,46.6338],[12.7453,46.6397],[12.747,46.6424],[12.7507,46.6451],[12.7565,46.6472],[12.7619,46.6478],[12.7746,46.6468],[12.7916,46.643],[12.7957,46.6406],[12.7972,46.6378],[12.8029,46.6338],[12.8175,46.6292],[12.8309,46.6306],[12.8373,46.6274],[12.834,46.6209],[12.8335,46.6119],[12.8337,46.6107],[12.8378,46.6082],[12.852,46.6051],[12.8573,46.6054],[12.8677,46.6092],[12.8883,46.6069]]]}},{"type":"Feature","properties":{"i":"030041","n":"Forni di Sopra"},"geometry":{"type":"Polygon","coordinates":[[[12.6068,46.4643],[12.612,46.4637],[12.6165,46.4622],[12.618,46.459],[12.616,46.4546],[12.6155,46.4505],[12.616,46.4478],[12.6173,46.4465],[12.6301,46.4437],[12.6318,46.4429],[12.6326,46.4409],[12.6323,46.438],[12.63,46.4346],[12.6233,46.4314],[12.6184,46.4278],[12.6179,46.4201],[12.6198,46.4148],[12.6141,46.4024],[12.6107,46.3992],[12.6043,46.3973],[12.589,46.3825],[12.5863,46.3813],[12.5818,46.3812],[12.5771,46.3836],[12.5758,46.3852],[12.5699,46.3826],[12.557,46.3691],[12.5543,46.3651],[12.5506,46.362],[12.5415,46.3603],[12.5345,46.3639],[12.5293,46.3682],[12.5259,46.3733],[12.5211,46.389],[12.5195,46.3981],[12.5082,46.403],[12.5019,46.4078],[12.4943,46.4187],[12.4925,46.4243],[12.4964,46.4285],[12.4993,46.4343],[12.5034,46.4389],[12.5072,46.4418],[12.5162,46.4467],[12.5248,46.4486],[12.5281,46.4528],[12.5271,46.4595],[12.5302,46.4645],[12.531,46.4649],[12.5368,46.4597],[12.5417,46.4584],[12.5483,46.4639],[12.5682,46.4757],[12.5929,46.4714],[12.6019,46.4662],[12.6068,46.4643]]]}},{"type":"Feature","properties":{"i":"030042","n":"Forni di Sotto"},"geometry":{"type":"Polygon","coordinates":[[[12.6921,46.4525],[12.6825,46.4476],[12.6789,46.4426],[12.6776,46.4357],[12.6809,46.428],[12.6814,46.4226],[12.6799,46.418],[12.6823,46.415],[12.6888,46.4095],[12.692,46.4086],[12.7018,46.4072],[12.7327,46.4077],[12.7391,46.4003],[12.7383,46.3987],[12.7315,46.3942],[12.7337,46.3893],[12.7411,46.3861],[12.7276,46.3764],[12.7165,46.3709],[12.7055,46.3614],[12.6993,46.3515],[12.6922,46.3468],[12.693,46.3432],[12.6801,46.3469],[12.6629,46.3463],[12.6595,46.3452],[12.6558,46.3405],[12.643,46.338],[12.637,46.3394],[12.6324,46.3429],[12.631,46.345],[12.6262,46.3478],[12.618,46.3464],[12.6113,46.3437],[12.6087,46.3438],[12.5969,46.3484],[12.5993,46.3511],[12.6049,46.3551],[12.6044,46.3564],[12.5951,46.3629],[12.5873,46.3662],[12.5725,46.3662],[12.5623,46.3676],[12.557,46.3691],[12.5699,46.3826],[12.5758,46.3852],[12.5771,46.3836],[12.5818,46.3812],[12.5863,46.3813],[12.589,46.3825],[12.6043,46.3973],[12.6107,46.3992],[12.6141,46.4024],[12.6198,46.4148],[12.6179,46.4201],[12.6184,46.4278],[12.6233,46.4314],[12.63,46.4346],[12.6323,46.438],[12.6374,46.4404],[12.6417,46.4452],[12.6418,46.4498],[12.6453,46.4566],[12.6585,46.4603],[12.6678,46.4615],[12.6921,46.4525]]]}},{"type":"Feature","properties":{"i":"030043","n":"Gemona del Friuli"},"geometry":{"type":"Polygon","coordinates":[[[13.2468,46.3178],[13.2442,46.3163],[13.2394,46.3102],[13.239,46.306],[13.2366,46.3026],[13.2281,46.297],[13.2152,46.2958],[13.2042,46.2971],[13.2023,46.295],[13.199,46.288],[13.1985,46.2853],[13.1849,46.2786],[13.1703,46.2732],[13.1642,46.2695],[13.1542,46.2618],[13.1388,46.2558],[13.1287,46.2498],[13.1186,46.2418],[13.1144,46.2395],[13.0988,46.2446],[13.0947,46.2455],[13.092,46.245],[13.0971,46.2508],[13.0995,46.2614],[13.1004,46.2692],[13.0997,46.2803],[13.0987,46.2818],[13.0957,46.2835],[13.1043,46.2957],[13.1127,46.3011],[13.1211,46.3132],[13.1348,46.3136],[13.1467,46.3151],[13.1634,46.3215],[13.1724,46.3241],[13.2094,46.3251],[13.2399,46.3207],[13.2468,46.3178]]]}},{"type":"Feature","properties":{"i":"030044","n":"Gonars"},"geometry":{"type":"Polygon","coordinates":[[[13.2781,45.9108],[13.2888,45.9091],[13.2891,45.9041],[13.2959,45.895],[13.292,45.8938],[13.2883,45.8947],[13.2804,45.8935],[13.2754,45.8877],[13.2736,45.8763],[13.2745,45.8735],[13.2355,45.8743],[13.2358,45.8762],[13.2334,45.8828],[13.2295,45.8806],[13.2239,45.8802],[13.207,45.8806],[13.2042,45.8816],[13.2036,45.8841],[13.2045,45.8865],[13.2127,45.8936],[13.2168,45.896],[13.2287,45.9081],[13.2281,45.9116],[13.2322,45.9165],[13.237,45.918],[13.2394,45.9175],[13.2426,45.9152],[13.2423,45.9145],[13.2442,45.9112],[13.2494,45.9059],[13.2572,45.9045],[13.2781,45.9108]]]}},{"type":"Feature","properties":{"i":"030045","n":"Grimacco"},"geometry":{"type":"MultiPolygon","coordinates":[[[[13.6468,46.1594],[13.6486,46.1606],[13.6496,46.1601],[13.6492,46.1592],[13.6468,46.1594]]],[[[13.6537,46.158],[13.6521,46.1484],[13.6487,46.1509],[13.6144,46.1489],[13.6092,46.1507],[13.5944,46.1536],[13.5804,46.1471],[13.5802,46.1445],[13.5667,46.1505],[13.5574,46.1617],[13.553,46.1649],[13.5603,46.1701],[13.5721,46.1719],[13.5852,46.1752],[13.5873,46.1781],[13.5902,46.1881],[13.5948,46.1886],[13.6131,46.185],[13.62,46.1807],[13.6063,46.1741],[13.6026,46.1684],[13.6103,46.1623],[13.6118,46.1602],[13.6161,46.1622],[13.6146,46.159],[13.6152,46.1585],[13.6175,46.1574],[13.6223,46.1567],[13.6307,46.1583],[13.6537,46.158]],[[13.6445,46.1516],[13.645,46.1521],[13.6436,46.153],[13.6424,46.1519],[13.6434,46.1512],[13.6445,46.1516]]]]}},{"type":"Feature","properties":{"i":"030046","n":"Latisana"},"geometry":{"type":"Polygon","coordinates":[[[13.0337,45.7947],[13.0269,45.7937],[13.0301,45.7846],[13.0313,45.7746],[13.0461,45.7451],[13.053,45.7378],[13.061,45.7345],[13.0599,45.73],[13.0577,45.7276],[13.0556,45.7272],[13.0543,45.7197],[13.0624,45.7159],[13.0667,45.7155],[13.0706,45.714],[13.0659,45.7113],[13.065,45.7098],[13.0647,45.705],[13.0697,45.6957],[13.0746,45.6916],[13.0793,45.6904],[13.0981,45.6894],[13.0968,45.6845],[13.0669,45.6709],[13.0649,45.6764],[13.0625,45.6792],[13.0591,45.6795],[13.056,45.6777],[13.0516,45.6796],[13.0436,45.6855],[13.0443,45.6876],[13.0483,45.6873],[13.0505,45.6886],[13.0532,45.6945],[13.0523,45.6964],[13.0498,45.697],[13.0478,45.6963],[13.0468,45.6939],[13.045,45.6938],[13.0368,45.6994],[13.0365,45.7009],[13.0393,45.7012],[13.0406,45.706],[13.0385,45.7172],[13.0302,45.7253],[13.0292,45.7362],[13.0265,45.7368],[13.0164,45.7306],[13.0162,45.7261],[13.015,45.7245],[13.0121,45.7236],[13.0083,45.7249],[13.0075,45.7276],[13.008,45.731],[13.009,45.7323],[13.0161,45.7359],[13.0153,45.742],[13.0067,45.7448],[13.0025,45.7475],[13.0012,45.7493],[13.0019,45.7573],[13.0059,45.7607],[13.0061,45.7659],[12.9889,45.7763],[12.9778,45.7879],[12.9789,45.7928],[12.9831,45.7934],[12.9892,45.7958],[13.0086,45.7947],[13.0118,45.7952],[13.029,45.803],[13.0337,45.7947]]]}},{"type":"Feature","properties":{"i":"030047","n":"Lauco"},"geometry":{"type":"Polygon","coordinates":[[[12.9472,46.4785],[12.9643,46.4558],[12.9681,46.4542],[12.9736,46.4551],[12.9758,46.4526],[12.9769,46.4496],[12.9768,46.4463],[12.9725,46.4393],[12.9649,46.4317],[12.9614,46.4246],[12.9613,46.4178],[12.9567,46.4159],[12.9422,46.4159],[12.923,46.419],[12.918,46.4225],[12.9044,46.4219],[12.9018,46.4262],[12.8994,46.4285],[12.8871,46.4313],[12.8815,46.4374],[12.8777,46.4433],[12.877,46.4473],[12.8793,46.4464],[12.8945,46.4491],[12.8924,46.4569],[12.9021,46.468],[12.9299,46.4774],[12.9335,46.4792],[12.9369,46.4823],[12.9472,46.4785]]]}},{"type":"Feature","properties":{"i":"030048","n":"Lestizza"},"geometry":{"type":"Polygon","coordinates":[[[13.1406,45.9948],[13.1425,45.9902],[13.1448,45.9906],[13.1604,45.986],[13.1646,45.9841],[13.1642,45.9801],[13.1661,45.9755],[13.1705,45.9724],[13.1703,45.9695],[13.1659,45.9656],[13.1603,45.9625],[13.1516,45.9468],[13.1468,45.943],[13.1406,45.9411],[13.137,45.9416],[13.1267,45.9481],[13.1228,45.9487],[13.105,45.947],[13.1082,45.9502],[13.1081,45.952],[13.1008,45.9587],[13.1006,45.961],[13.0976,45.9678],[13.0841,45.9721],[13.0734,45.9702],[13.0743,45.9664],[13.073,45.9602],[13.0676,45.9567],[13.0588,45.955],[13.0534,45.9549],[13.0499,45.9596],[13.0472,45.9732],[13.0472,45.9798],[13.0486,45.9811],[13.0606,45.9862],[13.0632,45.9861],[13.0663,45.9834],[13.0726,45.9839],[13.0779,45.9866],[13.1052,45.9947],[13.1155,45.9923],[13.1254,45.9919],[13.1264,45.9938],[13.135,45.9962],[13.1406,45.9948]]]}},{"type":"Feature","properties":{"i":"030049","n":"Lignano Sabbiadoro"},"geometry":{"type":"Polygon","coordinates":[[[13.1528,45.6978],[13.1534,45.6965],[13.153,45.6949],[13.1472,45.6886],[13.1234,45.6736],[13.1105,45.6642],[13.1051,45.6561],[13.1008,45.6434],[13.0935,45.6477],[13.0834,45.6503],[13.0833,45.6551],[13.0846,45.6566],[13.0831,45.6581],[13.0756,45.6593],[13.0652,45.6556],[13.0636,45.6564],[13.0622,45.6588],[13.062,45.6633],[13.0669,45.6709],[13.0968,45.6845],[13.0981,45.6894],[13.1076,45.6855],[13.1097,45.6857],[13.1346,45.6923],[13.1455,45.6992],[13.1469,45.6995],[13.1528,45.6978]]]}},{"type":"Feature","properties":{"i":"030051","n":"Lusevera"},"geometry":{"type":"Polygon","coordinates":[[[13.3755,46.2982],[13.3766,46.2948],[13.3668,46.2993],[13.3546,46.3022],[13.3084,46.3034],[13.2876,46.3054],[13.2907,46.2985],[13.2954,46.2921],[13.2925,46.2849],[13.2919,46.2789],[13.292,46.2707],[13.2929,46.2644],[13.2936,46.261],[13.2955,46.2587],[13.2908,46.2577],[13.2888,46.2562],[13.288,46.2549],[13.2876,46.2506],[13.2851,46.2488],[13.2748,46.2446],[13.27,46.2435],[13.2454,46.2589],[13.2391,46.2613],[13.2356,46.2642],[13.2384,46.2668],[13.2349,46.2691],[13.2136,46.2801],[13.1985,46.2853],[13.199,46.288],[13.2023,46.295],[13.2042,46.2971],[13.2152,46.2958],[13.2268,46.2966],[13.2366,46.3026],[13.239,46.306],[13.2394,46.3102],[13.2442,46.3163],[13.2468,46.3178],[13.2475,46.3214],[13.2515,46.3301],[13.2548,46.3325],[13.292,46.3282],[13.3052,46.3243],[13.3284,46.32],[13.3313,46.3163],[13.3355,46.3141],[13.3537,46.3098],[13.3658,46.3106],[13.3737,46.3085],[13.3801,46.3058],[13.3809,46.3046],[13.3804,46.3025],[13.3755,46.2982]]]}},{"type":"Feature","properties":{"i":"030052","n":"Magnano in Riviera"},"geometry":{"type":"Polygon","coordinates":[[[13.1957,46.2347],[13.2013,46.2213],[13.2011,46.2187],[13.1997,46.2179],[13.1944,46.218],[13.1795,46.2204],[13.1823,46.2142],[13.1908,46.2011],[13.1887,46.197],[13.189,46.1936],[13.179,46.2026],[13.1788,46.2038],[13.1755,46.2056],[13.1719,46.2057],[13.1573,46.2173],[13.1608,46.2194],[13.1664,46.2337],[13.1699,46.2379],[13.1745,46.2385],[13.1921,46.2343],[13.1957,46.2347]]]}},{"type":"Feature","properties":{"i":"030053","n":"Majano"},"geometry":{"type":"Polygon","coordinates":[[[13.1076,46.1932],[13.1063,46.1889],[13.0963,46.1849],[13.0937,46.1704],[13.1019,46.1645],[13.1019,46.1587],[13.1006,46.1576],[13.0965,46.1553],[13.091,46.1545],[13.0858,46.1564],[13.0853,46.1571],[13.0865,46.1579],[13.0866,46.1612],[13.0846,46.1621],[13.0816,46.162],[13.0749,46.1581],[13.057,46.1621],[13.0474,46.1664],[13.0477,46.1689],[13.0386,46.1721],[13.0298,46.1741],[13.0266,46.176],[13.0222,46.1849],[13.0257,46.1934],[13.0333,46.2005],[13.0366,46.2069],[13.0329,46.208],[13.0301,46.2106],[13.0252,46.2187],[13.0336,46.2118],[13.0369,46.2109],[13.0704,46.2181],[13.0824,46.2112],[13.0833,46.208],[13.0828,46.204],[13.0842,46.2003],[13.0887,46.196],[13.0939,46.1934],[13.0975,46.1927],[13.1029,46.1924],[13.1076,46.1932]]]}},{"type":"Feature","properties":{"i":"030054","n":"Malborghetto Valbruna"},"geometry":{"type":"Polygon","coordinates":[[[13.5199,46.547],[13.5217,46.54],[13.5209,46.5386],[13.5149,46.5359],[13.5095,46.5294],[13.5094,46.5281],[13.5046,46.5263],[13.4921,46.5258],[13.4893,46.5216],[13.4891,46.52],[13.4956,46.515],[13.5002,46.5099],[13.4961,46.5018],[13.4948,46.4756],[13.4927,46.4593],[13.4935,46.4498],[13.4903,46.439],[13.4946,46.4337],[13.4957,46.4296],[13.4956,46.4262],[13.4942,46.4224],[13.4881,46.423],[13.4829,46.4211],[13.4785,46.4175],[13.4707,46.417],[13.4637,46.4185],[13.4495,46.4288],[13.4381,46.4345],[13.4335,46.4359],[13.4389,46.4529],[13.4549,46.4581],[13.4611,46.4644],[13.4567,46.4735],[13.4545,46.4763],[13.4528,46.4764],[13.4479,46.4732],[13.4443,46.4727],[13.4358,46.4737],[13.4247,46.4765],[13.4182,46.4744],[13.4157,46.4727],[13.3986,46.4743],[13.377,46.4836],[13.3666,46.4896],[13.3677,46.5003],[13.3792,46.5154],[13.3796,46.5179],[13.3769,46.5207],[13.3738,46.5295],[13.3728,46.5363],[13.3558,46.549],[13.3526,46.5502],[13.3481,46.5545],[13.3498,46.5606],[13.3507,46.5615],[13.3539,46.5623],[13.3582,46.5648],[13.3639,46.5701],[13.3684,46.5685],[13.3697,46.5722],[13.3695,46.575],[13.3728,46.5794],[13.4058,46.5721],[13.4084,46.5701],[13.407,46.5637],[13.4079,46.5616],[13.4273,46.5576],[13.4756,46.5584],[13.4983,46.5655],[13.5041,46.5661],[13.5063,46.5623],[13.5071,46.5584],[13.5124,46.551],[13.5154,46.5483],[13.5199,46.547]]]}},{"type":"Feature","properties":{"i":"030055","n":"Manzano"},"geometry":{"type":"Polygon","coordinates":[[[13.4229,46.0161],[13.4227,46.0121],[13.4262,46.0092],[13.4257,46.0043],[13.423,45.9976],[13.4263,45.9939],[13.4214,45.9949],[13.4135,45.9988],[13.4022,45.9982],[13.401,45.9971],[13.4003,45.9946],[13.4012,45.9932],[13.3983,45.986],[13.3852,45.9742],[13.3792,45.9656],[13.3727,45.9545],[13.3701,45.952],[13.3606,45.9501],[13.3539,45.9525],[13.3507,45.959],[13.3463,45.9626],[13.3395,45.9706],[13.3219,45.9867],[13.3271,45.9879],[13.3326,45.9919],[13.3474,45.9938],[13.3534,45.9955],[13.3602,46.0008],[13.3635,46.0054],[13.3633,46.0103],[13.3722,46.0072],[13.3815,46.0122],[13.3781,46.0217],[13.3791,46.0246],[13.3811,46.0253],[13.4126,46.0253],[13.4202,46.0216],[13.4222,46.0198],[13.4229,46.0161]]]}},{"type":"Feature","properties":{"i":"030056","n":"Marano Lagunare"},"geometry":{"type":"Polygon","coordinates":[[[13.2218,45.7718],[13.2233,45.7696],[13.2241,45.7625],[13.2269,45.7555],[13.2351,45.7534],[13.2416,45.7569],[13.2401,45.7546],[13.2399,45.7527],[13.2434,45.7326],[13.2431,45.7229],[13.2458,45.7195],[13.2445,45.7193],[13.2445,45.7133],[13.2079,45.7128],[13.1858,45.7112],[13.1784,45.7082],[13.1784,45.7063],[13.171,45.7031],[13.1567,45.7027],[13.1523,45.7005],[13.1528,45.6978],[13.1469,45.6995],[13.1455,45.6992],[13.1346,45.6923],[13.1078,45.6855],[13.0977,45.6895],[13.0765,45.6907],[13.0697,45.6957],[13.0647,45.705],[13.065,45.7098],[13.0659,45.7113],[13.0706,45.714],[13.0732,45.7135],[13.0872,45.7191],[13.0907,45.7266],[13.0924,45.7342],[13.0971,45.7344],[13.1062,45.7364],[13.1064,45.7368],[13.1043,45.7381],[13.0923,45.7415],[13.0933,45.7464],[13.098,45.7494],[13.0985,45.7483],[13.1015,45.7468],[13.1063,45.7474],[13.1077,45.7483],[13.1097,45.7511],[13.1089,45.7564],[13.1135,45.7601],[13.118,45.7615],[13.1221,45.7616],[13.1308,45.7718],[13.1431,45.7723],[13.1565,45.7706],[13.1713,45.768],[13.1825,45.7649],[13.1822,45.7726],[13.1835,45.7737],[13.1917,45.7737],[13.2002,45.7672],[13.2052,45.7661],[13.2112,45.7676],[13.2135,45.7714],[13.2157,45.7723],[13.2218,45.7718]]]}},{"type":"Feature","properties":{"i":"030057","n":"Martignacco"},"geometry":{"type":"Polygon","coordinates":[[[13.1708,46.1069],[13.1751,46.1033],[13.1791,46.0978],[13.1843,46.0927],[13.1914,46.0889],[13.1897,46.087],[13.1854,46.0862],[13.1836,46.0843],[13.1851,46.0721],[13.1801,46.0636],[13.174,46.0616],[13.1719,46.0643],[13.1643,46.064],[13.136,46.0581],[13.1267,46.0575],[13.1199,46.058],[13.1076,46.0567],[13.1081,46.0616],[13.1176,46.0819],[13.1197,46.0954],[13.1228,46.1011],[13.1301,46.1057],[13.1319,46.1077],[13.1303,46.1105],[13.1503,46.1086],[13.1556,46.1098],[13.1648,46.1092],[13.1708,46.1069]]]}},{"type":"Feature","properties":{"i":"030058","n":"Mereto di Tomba"},"geometry":{"type":"Polygon","coordinates":[[[13.0939,46.0535],[13.0848,46.0506],[13.081,46.0458],[13.0827,46.0441],[13.0871,46.0363],[13.0686,46.032],[13.0597,46.0325],[13.0557,46.027],[13.052,46.0189],[13.0515,46.0156],[13.0457,46.0074],[13.0365,46.005],[13.0313,46.0066],[13.0211,46.0052],[13.021,46.014],[13.0202,46.014],[13.0169,46.0181],[13.0164,46.0204],[13.0156,46.0325],[13.0164,46.0325],[13.0163,46.044],[13.02,46.0444],[13.0327,46.0525],[13.0365,46.059],[13.0356,46.0604],[13.0362,46.061],[13.047,46.0639],[13.0509,46.0615],[13.051,46.0603],[13.0528,46.0608],[13.059,46.0662],[13.0593,46.0713],[13.0607,46.0736],[13.0659,46.0756],[13.0683,46.0762],[13.0688,46.0746],[13.0736,46.0738],[13.0766,46.0753],[13.0882,46.0764],[13.0928,46.0739],[13.094,46.0616],[13.0939,46.0535]]]}},{"type":"Feature","properties":{"i":"030059","n":"Moggio Udinese"},"geometry":{"type":"Polygon","coordinates":[[[13.2325,46.5536],[13.2284,46.5513],[13.2216,46.5444],[13.2058,46.536],[13.2057,46.5349],[13.2084,46.5297],[13.2118,46.5262],[13.2174,46.5249],[13.2337,46.5251],[13.231,46.5218],[13.2302,46.5175],[13.2323,46.5117],[13.2344,46.5089],[13.244,46.5095],[13.2326,46.5028],[13.2275,46.5007],[13.2289,46.4972],[13.2356,46.4947],[13.2386,46.495],[13.2441,46.4981],[13.2428,46.493],[13.2357,46.4805],[13.2363,46.4782],[13.2384,46.4753],[13.2463,46.4709],[13.2485,46.4677],[13.2475,46.4635],[13.2543,46.4539],[13.2607,46.4494],[13.2657,46.4484],[13.273,46.4438],[13.273,46.4409],[13.2754,46.4349],[13.2762,46.4292],[13.273,46.4198],[13.2714,46.4181],[13.2685,46.4198],[13.2607,46.4175],[13.2599,46.4112],[13.2616,46.403],[13.2549,46.4009],[13.2418,46.4021],[13.2406,46.3966],[13.2284,46.3953],[13.2104,46.3985],[13.1952,46.399],[13.1896,46.3924],[13.1889,46.3897],[13.1896,46.3887],[13.1921,46.3877],[13.1908,46.3765],[13.1882,46.3689],[13.1884,46.3649],[13.1868,46.3651],[13.1843,46.3665],[13.1797,46.3713],[13.1793,46.3763],[13.1759,46.3788],[13.1674,46.3795],[13.1605,46.3847],[13.1586,46.3877],[13.1585,46.3894],[13.1624,46.3929],[13.1581,46.4005],[13.1412,46.4097],[13.1245,46.4129],[13.1051,46.4193],[13.1026,46.4273],[13.108,46.4395],[13.1099,46.4411],[13.1121,46.4448],[13.1118,46.4495],[13.1187,46.4525],[13.127,46.4593],[13.1319,46.4644],[13.1351,46.4718],[13.1382,46.4753],[13.1494,46.4754],[13.1556,46.4893],[13.1571,46.4913],[13.1633,46.4949],[13.1695,46.5],[13.1809,46.5193],[13.1807,46.5335],[13.1797,46.5369],[13.1775,46.5377],[13.1742,46.5405],[13.1728,46.5546],[13.1739,46.5561],[13.1792,46.5611],[13.1887,46.5622],[13.1927,46.5608],[13.1994,46.567],[13.2018,46.5719],[13.2077,46.5704],[13.2148,46.5701],[13.228,46.5627],[13.2322,46.5593],[13.2325,46.5536]]]}},{"type":"Feature","properties":{"i":"030060","n":"Moimacco"},"geometry":{"type":"Polygon","coordinates":[[[13.3978,46.106],[13.4006,46.1],[13.4042,46.0958],[13.4056,46.0905],[13.3999,46.0891],[13.3843,46.0888],[13.3841,46.0863],[13.3852,46.0832],[13.3789,46.0803],[13.3661,46.0767],[13.3575,46.077],[13.3511,46.0785],[13.3387,46.0841],[13.3376,46.0884],[13.3374,46.0936],[13.3397,46.097],[13.3476,46.0972],[13.3535,46.0993],[13.3597,46.1029],[13.3678,46.112],[13.368,46.1099],[13.3719,46.1072],[13.3855,46.1038],[13.3951,46.1047],[13.3978,46.106]]]}},{"type":"Feature","properties":{"i":"030061","n":"Montenars"},"geometry":{"type":"Polygon","coordinates":[[[13.2356,46.2642],[13.2316,46.2607],[13.2312,46.2586],[13.2274,46.2559],[13.2159,46.2548],[13.1968,46.2426],[13.1957,46.2347],[13.1921,46.2343],[13.1745,46.2385],[13.1699,46.2379],[13.1699,46.2396],[13.1687,46.2409],[13.1587,46.2482],[13.1606,46.2557],[13.1602,46.2575],[13.1533,46.2614],[13.1703,46.2732],[13.1849,46.2786],[13.1985,46.2853],[13.2136,46.2801],[13.2349,46.2691],[13.2384,46.2668],[13.2356,46.2642]]]}},{"type":"Feature","properties":{"i":"030062","n":"Mortegliano"},"geometry":{"type":"Polygon","coordinates":[[[13.2368,45.9719],[13.2419,45.9686],[13.2412,45.9614],[13.2494,45.955],[13.2505,45.95],[13.2488,45.9494],[13.2489,45.9482],[13.2336,45.9439],[13.2206,45.9378],[13.2189,45.9276],[13.2171,45.9242],[13.2142,45.9238],[13.214,45.927],[13.2007,45.9305],[13.1997,45.9303],[13.2003,45.9287],[13.186,45.9293],[13.169,45.9258],[13.1432,45.9329],[13.1408,45.9391],[13.1406,45.9411],[13.1468,45.943],[13.1516,45.9468],[13.1603,45.9625],[13.1659,45.9656],[13.1703,45.9695],[13.1705,45.9724],[13.1781,45.9726],[13.2004,45.9646],[13.2172,45.9727],[13.2306,45.9734],[13.2368,45.9719]]]}},{"type":"Feature","properties":{"i":"030063","n":"Moruzzo"},"geometry":{"type":"Polygon","coordinates":[[[13.1708,46.1069],[13.1648,46.1092],[13.1556,46.1098],[13.1503,46.1086],[13.1303,46.1105],[13.1251,46.1082],[13.1179,46.1096],[13.1083,46.1133],[13.1098,46.128],[13.1139,46.1397],[13.1183,46.1462],[13.1273,46.149],[13.1309,46.1498],[13.1428,46.1475],[13.1467,46.1497],[13.1514,46.1507],[13.1585,46.1423],[13.1639,46.1332],[13.1624,46.1281],[13.1639,46.1234],[13.1673,46.1196],[13.1732,46.1161],[13.1745,46.1104],[13.1708,46.1069]]]}},{"type":"Feature","properties":{"i":"030064","n":"Muzzana del Turgnano"},"geometry":{"type":"Polygon","coordinates":[[[13.1594,45.8266],[13.1595,45.8238],[13.1576,45.8195],[13.1573,45.8166],[13.1584,45.8101],[13.1606,45.8071],[13.1597,45.8045],[13.1486,45.7973],[13.1382,45.7947],[13.1315,45.7892],[13.1333,45.7829],[13.1318,45.7745],[13.1308,45.7718],[13.1235,45.7631],[13.1186,45.7666],[13.113,45.7688],[13.1089,45.7741],[13.1076,45.7822],[13.1072,45.8006],[13.1087,45.8048],[13.1137,45.8092],[13.1097,45.8149],[13.113,45.8167],[13.1237,45.8357],[13.1321,45.8411],[13.1482,45.8495],[13.1505,45.852],[13.1519,45.8558],[13.1611,45.8539],[13.1614,45.8491],[13.1586,45.8462],[13.1578,45.8401],[13.1576,45.8259],[13.1594,45.8266]]]}},{"type":"Feature","properties":{"i":"030065","n":"Nimis"},"geometry":{"type":"Polygon","coordinates":[[[13.3498,46.2268],[13.3531,46.2234],[13.3526,46.2189],[13.3475,46.2152],[13.3311,46.2089],[13.3074,46.2058],[13.295,46.2018],[13.2882,46.1964],[13.2841,46.1912],[13.2813,46.1908],[13.2786,46.1933],[13.269,46.1923],[13.2676,46.1919],[13.2583,46.1844],[13.255,46.1857],[13.2511,46.189],[13.2489,46.1926],[13.2434,46.1953],[13.2461,46.2005],[13.2445,46.2079],[13.2453,46.2107],[13.2555,46.2206],[13.2592,46.2224],[13.2679,46.2225],[13.2713,46.2246],[13.2657,46.2408],[13.27,46.2435],[13.2748,46.2446],[13.2851,46.2488],[13.2876,46.2506],[13.2884,46.2556],[13.2915,46.258],[13.2955,46.2587],[13.2994,46.2557],[13.301,46.2506],[13.309,46.2476],[13.3236,46.2361],[13.3381,46.2327],[13.3437,46.2293],[13.3498,46.2268]]]}},{"type":"Feature","properties":{"i":"030066","n":"Osoppo"},"geometry":{"type":"Polygon","coordinates":[[[13.0252,46.2187],[13.0313,46.2211],[13.0358,46.2244],[13.0353,46.2281],[13.0359,46.2305],[13.0378,46.2329],[13.0397,46.2441],[13.0436,46.2496],[13.0598,46.2612],[13.0677,46.2632],[13.0856,46.277],[13.0957,46.2835],[13.0987,46.2818],[13.1004,46.2763],[13.1004,46.2692],[13.0995,46.2614],[13.0971,46.2508],[13.0704,46.2181],[13.0369,46.2109],[13.0336,46.2118],[13.0252,46.2187]]]}},{"type":"Feature","properties":{"i":"030067","n":"Ovaro"},"geometry":{"type":"Polygon","coordinates":[[[12.9097,46.5092],[12.9189,46.5053],[12.9191,46.5081],[12.9239,46.5067],[12.9284,46.4996],[12.9362,46.4903],[12.9369,46.4823],[12.9335,46.4792],[12.9299,46.4774],[12.9021,46.468],[12.8924,46.4569],[12.8945,46.4491],[12.8793,46.4464],[12.877,46.4473],[12.8573,46.4478],[12.8563,46.4487],[12.8417,46.4508],[12.8337,46.4549],[12.8361,46.4582],[12.8362,46.4623],[12.8357,46.4634],[12.8271,46.4687],[12.8241,46.4697],[12.8167,46.4695],[12.8054,46.4658],[12.8037,46.47],[12.7989,46.4745],[12.7972,46.4804],[12.7999,46.4828],[12.7928,46.4845],[12.789,46.4842],[12.7807,46.4811],[12.7743,46.4803],[12.7707,46.479],[12.7653,46.4912],[12.7715,46.5009],[12.8036,46.4938],[12.8072,46.4977],[12.81,46.5023],[12.8099,46.5047],[12.8112,46.5056],[12.8196,46.5083],[12.8347,46.5095],[12.8433,46.513],[12.846,46.5151],[12.8495,46.5208],[12.8487,46.5228],[12.8505,46.5237],[12.8545,46.5214],[12.8609,46.5149],[12.8642,46.5103],[12.8645,46.5068],[12.8688,46.5018],[12.8729,46.5043],[12.8902,46.5085],[12.899,46.5041],[12.9084,46.5054],[12.9097,46.507],[12.9097,46.5092]]]}},{"type":"Feature","properties":{"i":"030068","n":"Pagnacco"},"geometry":{"type":"Polygon","coordinates":[[[13.2016,46.1307],[13.2026,46.1302],[13.2066,46.1204],[13.2064,46.1185],[13.1996,46.1115],[13.194,46.1038],[13.1914,46.0889],[13.1843,46.0927],[13.1791,46.0978],[13.1751,46.1033],[13.1708,46.1069],[13.1745,46.1104],[13.1732,46.1161],[13.1673,46.1196],[13.1639,46.1234],[13.1624,46.1281],[13.1639,46.1332],[13.1585,46.1423],[13.1514,46.1507],[13.1543,46.1501],[13.1585,46.1474],[13.1631,46.1473],[13.1667,46.1518],[13.1666,46.1555],[13.1771,46.1537],[13.1854,46.1469],[13.2016,46.1307]]]}},{"type":"Feature","properties":{"i":"030069","n":"Palazzolo dello Stella"},"geometry":{"type":"Polygon","coordinates":[[[13.1097,45.8149],[13.1137,45.8092],[13.1087,45.8048],[13.1072,45.8006],[13.1076,45.7822],[13.1089,45.7741],[13.113,45.7688],[13.1186,45.7666],[13.1235,45.7631],[13.1221,45.7616],[13.118,45.7615],[13.1135,45.7601],[13.1089,45.7564],[13.1097,45.7511],[13.1063,45.7474],[13.1015,45.7468],[13.0985,45.7483],[13.098,45.7494],[13.0928,45.7458],[13.0923,45.7415],[13.1043,45.7381],[13.1064,45.7368],[13.1062,45.7364],[13.0971,45.7344],[13.0869,45.7339],[13.0853,45.7345],[13.0771,45.7491],[13.0781,45.757],[13.0701,45.7586],[13.0662,45.7582],[13.0616,45.7595],[13.061,45.7611],[13.0638,45.7655],[13.075,45.7694],[13.0785,45.7733],[13.08,45.7875],[13.0825,45.792],[13.086,45.7953],[13.0771,45.8002],[13.0668,45.8012],[13.0337,45.7947],[13.0213,45.8155],[13.0228,45.8208],[13.0325,45.8264],[13.0352,45.8269],[13.0361,45.8249],[13.0528,45.8312],[13.0673,45.8185],[13.0754,45.8188],[13.0789,45.8128],[13.0839,45.8139],[13.0848,45.8187],[13.0848,45.8263],[13.0869,45.8299],[13.1029,45.8225],[13.1047,45.8184],[13.1023,45.8141],[13.1049,45.8132],[13.1097,45.8149]]]}},{"type":"Feature","properties":{"i":"030070","n":"Palmanova"},"geometry":{"type":"Polygon","coordinates":[[[13.3643,45.9237],[13.3631,45.9186],[13.3635,45.9157],[13.3603,45.9044],[13.3391,45.8988],[13.3317,45.8997],[13.3239,45.8947],[13.3133,45.8912],[13.2983,45.891],[13.2887,45.9054],[13.289,45.9104],[13.2918,45.9127],[13.3106,45.9186],[13.3174,45.9196],[13.3322,45.9173],[13.347,45.9186],[13.362,45.9244],[13.3643,45.9237]]]}},{"type":"Feature","properties":{"i":"030071","n":"Paluzza"},"geometry":{"type":"Polygon","coordinates":[[[13.0566,46.5975],[13.0558,46.593],[13.0532,46.5874],[13.0581,46.5841],[13.063,46.5834],[13.0531,46.5738],[13.0489,46.5676],[13.0488,46.5598],[13.0464,46.5546],[13.0449,46.5552],[13.0432,46.5603],[13.041,46.5604],[13.0351,46.558],[13.0293,46.5508],[13.0291,46.5439],[13.0277,46.5366],[13.0333,46.5235],[13.042,46.5131],[13.0405,46.5085],[13.0391,46.5067],[13.0348,46.5082],[13.0294,46.5085],[13.0255,46.5068],[13.0091,46.5039],[13.0046,46.5012],[13.0023,46.5008],[12.9988,46.5117],[12.9979,46.5167],[12.9984,46.5199],[13.0083,46.5241],[13.0121,46.5292],[13.0117,46.5337],[13.0104,46.5372],[13.005,46.539],[13.0009,46.5415],[12.9919,46.5489],[12.9912,46.5519],[12.9688,46.5625],[12.9566,46.564],[12.9514,46.5669],[12.9472,46.5672],[12.9319,46.5651],[12.9256,46.5723],[12.9227,46.5744],[12.9177,46.5744],[12.9106,46.572],[12.9063,46.568],[12.8915,46.5717],[12.8905,46.579],[12.8888,46.5803],[12.8889,46.5816],[12.8899,46.5821],[12.8962,46.5835],[12.8985,46.585],[12.8973,46.5926],[12.8931,46.5962],[12.8895,46.6024],[12.8883,46.6069],[12.8947,46.6086],[12.9222,46.6091],[12.9346,46.6083],[12.9496,46.6029],[12.9576,46.606],[12.9877,46.5994],[13.0019,46.6021],[13.0169,46.6018],[13.0233,46.6014],[13.0276,46.598],[13.0365,46.5965],[13.0445,46.5958],[13.0566,46.5975]]]}},{"type":"Feature","properties":{"i":"030072","n":"Pasian di Prato"},"geometry":{"type":"Polygon","coordinates":[[[13.2015,46.0471],[13.1974,46.0448],[13.1955,46.0426],[13.1963,46.0413],[13.1914,46.0381],[13.1812,46.0331],[13.1694,46.0337],[13.1651,46.0387],[13.1627,46.0438],[13.1555,46.0442],[13.1336,46.0413],[13.1327,46.0449],[13.1269,46.0499],[13.12,46.0503],[13.1168,46.055],[13.1163,46.0578],[13.1267,46.0575],[13.136,46.0581],[13.1643,46.064],[13.1719,46.0643],[13.174,46.0616],[13.1801,46.0636],[13.1851,46.0721],[13.1836,46.0843],[13.1854,46.0862],[13.1897,46.087],[13.186,46.0844],[13.1857,46.0823],[13.1871,46.0792],[13.1931,46.0748],[13.1957,46.0683],[13.195,46.0653],[13.193,46.0647],[13.1937,46.0609],[13.1972,46.0567],[13.2027,46.0526],[13.2015,46.0471]]]}},{"type":"Feature","properties":{"i":"030073","n":"Paularo"},"geometry":{"type":"Polygon","coordinates":[[[13.2018,46.5719],[13.1994,46.567],[13.1927,46.5608],[13.1887,46.5622],[13.1792,46.5611],[13.1728,46.5546],[13.1742,46.5405],[13.1775,46.5377],[13.1797,46.5369],[13.1807,46.5335],[13.1809,46.5193],[13.1695,46.5],[13.1633,46.4949],[13.1571,46.4913],[13.1556,46.4893],[13.1494,46.4754],[13.1399,46.4751],[13.1382,46.4753],[13.133,46.4829],[13.1303,46.4849],[13.1051,46.4854],[13.0968,46.4866],[13.0839,46.492],[13.0794,46.4972],[13.0804,46.4987],[13.0814,46.507],[13.0807,46.5102],[13.0765,46.5119],[13.0748,46.5196],[13.0824,46.5284],[13.0897,46.5347],[13.0904,46.5439],[13.0899,46.5493],[13.1012,46.5592],[13.1083,46.5629],[13.111,46.5741],[13.1094,46.5787],[13.1026,46.581],[13.086,46.5845],[13.0725,46.5848],[13.06,46.5835],[13.0532,46.5874],[13.0558,46.593],[13.0566,46.5975],[13.082,46.6004],[13.0941,46.5989],[13.1081,46.5951],[13.1427,46.589],[13.1637,46.5886],[13.1692,46.586],[13.1824,46.5772],[13.1969,46.5716],[13.2018,46.5719]]]}},{"type":"Feature","properties":{"i":"030074","n":"Pavia di Udine"},"geometry":{"type":"Polygon","coordinates":[[[13.3219,45.9867],[13.3395,45.9706],[13.348,45.9608],[13.3335,45.9572],[13.3311,45.9601],[13.3271,45.9614],[13.3208,45.9597],[13.3156,45.9565],[13.3108,45.9563],[13.3063,45.9576],[13.2973,45.9552],[13.2868,45.9618],[13.278,45.9691],[13.2768,45.9717],[13.2772,45.9767],[13.2776,45.9787],[13.2787,45.9788],[13.2787,45.9803],[13.2783,45.9814],[13.2766,45.9813],[13.273,45.9787],[13.271,45.9759],[13.271,45.9732],[13.2547,45.9547],[13.2566,45.9524],[13.2538,45.9498],[13.2492,45.9489],[13.2488,45.9494],[13.2505,45.95],[13.2494,45.955],[13.2412,45.9614],[13.2419,45.9686],[13.2368,45.9719],[13.2403,45.9755],[13.2392,45.9794],[13.2523,45.9884],[13.2513,45.9926],[13.2451,45.9906],[13.2357,45.9916],[13.2322,45.9939],[13.2335,45.9961],[13.244,46.0017],[13.253,46.0045],[13.265,46.0064],[13.272,46.009],[13.2813,46.0094],[13.2958,46.0082],[13.3109,46.0122],[13.3143,46.0008],[13.3187,45.9903],[13.3219,45.9867]]]}},{"type":"Feature","properties":{"i":"030075","n":"Pocenia"},"geometry":{"type":"Polygon","coordinates":[[[13.1608,45.878],[13.1615,45.8734],[13.1496,45.8507],[13.1447,45.8472],[13.1321,45.8411],[13.1237,45.8357],[13.113,45.8167],[13.1049,45.8132],[13.1023,45.8141],[13.1047,45.8184],[13.1029,45.8225],[13.0869,45.8299],[13.0838,45.8379],[13.083,45.8511],[13.0869,45.8596],[13.0882,45.8605],[13.0942,45.8611],[13.1044,45.8602],[13.1039,45.8634],[13.1054,45.8694],[13.1124,45.874],[13.1112,45.8862],[13.114,45.8898],[13.1157,45.8896],[13.1203,45.8863],[13.1251,45.8794],[13.128,45.8727],[13.134,45.8696],[13.1351,45.8695],[13.1456,45.8771],[13.1608,45.878]]]}},{"type":"Feature","properties":{"i":"030076","n":"Pontebba"},"geometry":{"type":"Polygon","coordinates":[[[13.3894,46.4779],[13.3824,46.4741],[13.3792,46.4734],[13.3692,46.4753],[13.3554,46.4764],[13.3471,46.4803],[13.3481,46.4831],[13.3438,46.4851],[13.3302,46.4792],[13.2997,46.4697],[13.2957,46.4695],[13.2801,46.4733],[13.2665,46.4808],[13.2653,46.4808],[13.2604,46.4767],[13.2584,46.4739],[13.2485,46.4677],[13.2455,46.4718],[13.2384,46.4753],[13.2363,46.4782],[13.2357,46.4805],[13.2428,46.493],[13.246,46.5049],[13.244,46.5095],[13.2344,46.5089],[13.2323,46.5117],[13.2302,46.5175],[13.231,46.5218],[13.2337,46.5251],[13.2174,46.5249],[13.2118,46.5262],[13.2084,46.5297],[13.2057,46.5349],[13.2058,46.536],[13.2216,46.5444],[13.2301,46.5523],[13.2325,46.5536],[13.2374,46.5532],[13.248,46.5585],[13.2666,46.5601],[13.3007,46.5586],[13.3095,46.5539],[13.3205,46.5521],[13.3391,46.5651],[13.3463,46.5688],[13.3575,46.569],[13.3639,46.5701],[13.3582,46.5648],[13.3498,46.5606],[13.3481,46.5545],[13.3526,46.5502],[13.3558,46.549],[13.3728,46.5363],[13.3738,46.5295],[13.3769,46.5207],[13.3796,46.5179],[13.3792,46.5154],[13.3677,46.5003],[13.3666,46.4896],[13.377,46.4836],[13.3894,46.4779]]]}},{"type":"Feature","properties":{"i":"030077","n":"Porpetto"},"geometry":{"type":"Polygon","coordinates":[[[13.2355,45.8743],[13.2411,45.8627],[13.2415,45.8566],[13.2377,45.8516],[13.238,45.8465],[13.2401,45.8412],[13.2355,45.8398],[13.2299,45.8366],[13.2246,45.841],[13.2253,45.8434],[13.2233,45.8466],[13.2205,45.8475],[13.2101,45.8451],[13.2051,45.8419],[13.1979,45.8399],[13.1876,45.8432],[13.1798,45.8421],[13.1766,45.8393],[13.1761,45.8379],[13.1738,45.8401],[13.1736,45.8515],[13.1753,45.8534],[13.1807,45.8532],[13.182,45.8547],[13.1832,45.8616],[13.1824,45.8648],[13.1894,45.8691],[13.1978,45.8726],[13.2036,45.8782],[13.2042,45.8816],[13.207,45.8806],[13.2239,45.8802],[13.2295,45.8806],[13.2334,45.8828],[13.2358,45.8762],[13.2355,45.8743]]]}},{"type":"Feature","properties":{"i":"030078","n":"Povoletto"},"geometry":{"type":"Polygon","coordinates":[[[13.2813,46.1908],[13.2786,46.1885],[13.2881,46.1833],[13.2957,46.1693],[13.309,46.1675],[13.3107,46.1666],[13.3124,46.1612],[13.3121,46.1573],[13.315,46.1527],[13.3212,46.1483],[13.3228,46.1418],[13.3249,46.1394],[13.3281,46.1378],[13.3262,46.1348],[13.3183,46.1293],[13.3147,46.1232],[13.3194,46.1207],[13.3262,46.1194],[13.324,46.1167],[13.3224,46.1164],[13.3215,46.1148],[13.3211,46.1119],[13.3229,46.1073],[13.325,46.1067],[13.3232,46.1003],[13.3163,46.0968],[13.311,46.0962],[13.3046,46.0968],[13.2905,46.0887],[13.2906,46.0918],[13.2853,46.0998],[13.2673,46.1162],[13.267,46.1171],[13.2743,46.1272],[13.2717,46.1313],[13.265,46.1376],[13.2606,46.1447],[13.2594,46.1577],[13.257,46.1716],[13.2583,46.1844],[13.2676,46.1919],[13.2786,46.1933],[13.2813,46.1908]]]}},{"type":"Feature","properties":{"i":"030079","n":"Pozzuolo del Friuli"},"geometry":{"type":"Polygon","coordinates":[[[13.265,46.0064],[13.253,46.0045],[13.244,46.0017],[13.2401,46.0002],[13.2326,45.9951],[13.2322,45.9939],[13.2357,45.9916],[13.2451,45.9906],[13.2513,45.9926],[13.2523,45.9884],[13.2392,45.9794],[13.2403,45.9755],[13.2368,45.9719],[13.2306,45.9734],[13.2172,45.9727],[13.2004,45.9646],[13.1781,45.9726],[13.1705,45.9724],[13.1661,45.9755],[13.1642,45.9801],[13.1646,45.9841],[13.1604,45.986],[13.1448,45.9906],[13.1425,45.9902],[13.1406,45.9948],[13.1495,45.9954],[13.1592,46.0008],[13.1779,46.0058],[13.1893,46.007],[13.1858,46.0125],[13.1962,46.0211],[13.2054,46.0227],[13.213,46.0224],[13.229,46.0272],[13.2288,46.0259],[13.2308,46.0221],[13.2339,46.0192],[13.2449,46.0145],[13.2628,46.0104],[13.265,46.0064]]]}},{"type":"Feature","properties":{"i":"030080","n":"Pradamano"},"geometry":{"type":"Polygon","coordinates":[[[13.2941,46.0646],[13.2938,46.0615],[13.2951,46.0571],[13.2998,46.0496],[13.3145,46.0395],[13.3209,46.0425],[13.3324,46.0403],[13.3159,46.0332],[13.3129,46.0282],[13.3125,46.0164],[13.3109,46.0122],[13.2958,46.0082],[13.2813,46.0094],[13.272,46.009],[13.2701,46.0163],[13.2726,46.0219],[13.2682,46.0415],[13.2826,46.0477],[13.2853,46.0553],[13.2831,46.0636],[13.2862,46.0655],[13.2941,46.0646]]]}},{"type":"Feature","properties":{"i":"030081","n":"Prato Carnico"},"geometry":{"type":"Polygon","coordinates":[[[12.8346,46.5349],[12.8399,46.5289],[12.8444,46.5281],[12.848,46.524],[12.8495,46.5208],[12.846,46.5151],[12.8433,46.513],[12.8347,46.5095],[12.8196,46.5083],[12.8112,46.5056],[12.8099,46.5047],[12.81,46.5023],[12.8072,46.4977],[12.8036,46.4938],[12.7712,46.5009],[12.767,46.4931],[12.7653,46.4912],[12.7521,46.4931],[12.7465,46.4951],[12.7383,46.4932],[12.7229,46.4878],[12.7124,46.4872],[12.7046,46.4842],[12.7006,46.4804],[12.6909,46.478],[12.6876,46.4797],[12.6868,46.4825],[12.6836,46.4858],[12.6739,46.4905],[12.6732,46.4899],[12.6736,46.4868],[12.6758,46.4853],[12.6802,46.4785],[12.6798,46.478],[12.6594,46.4852],[12.6543,46.4863],[12.6521,46.4851],[12.645,46.4888],[12.6301,46.5008],[12.6316,46.5069],[12.6306,46.5122],[12.6642,46.5235],[12.6756,46.5261],[12.6819,46.529],[12.6844,46.5334],[12.6911,46.5381],[12.6987,46.5409],[12.713,46.5443],[12.7294,46.5405],[12.7496,46.544],[12.7504,46.5475],[12.7578,46.5504],[12.7627,46.5514],[12.7694,46.5514],[12.7736,46.5505],[12.7833,46.5502],[12.8021,46.5466],[12.8318,46.5373],[12.8346,46.5349]]]}},{"type":"Feature","properties":{"i":"030082","n":"Precenicco"},"geometry":{"type":"Polygon","coordinates":[[[13.0924,45.7342],[13.0907,45.7266],[13.0872,45.7191],[13.0732,45.7135],[13.0667,45.7155],[13.0624,45.7159],[13.0543,45.7197],[13.0556,45.7272],[13.0577,45.7276],[13.0599,45.73],[13.061,45.7345],[13.053,45.7378],[13.0461,45.7451],[13.0313,45.7746],[13.0301,45.7846],[13.0269,45.7937],[13.0668,45.8012],[13.0771,45.8002],[13.086,45.7953],[13.0825,45.792],[13.08,45.7875],[13.0785,45.7733],[13.075,45.7694],[13.0638,45.7655],[13.061,45.7611],[13.0616,45.7595],[13.0662,45.7582],[13.0701,45.7586],[13.0781,45.757],[13.0771,45.7491],[13.0853,45.7345],[13.0924,45.7342]]]}},{"type":"Feature","properties":{"i":"030083","n":"Premariacco"},"geometry":{"type":"Polygon","coordinates":[[[13.4401,46.0228],[13.4397,46.0244],[13.4374,46.0254],[13.4304,46.024],[13.4252,46.0211],[13.4229,46.0161],[13.4222,46.0198],[13.4202,46.0216],[13.4126,46.0253],[13.3811,46.0253],[13.3791,46.0246],[13.3781,46.0217],[13.3815,46.0122],[13.3722,46.0072],[13.3631,46.0106],[13.3619,46.0129],[13.3619,46.0205],[13.3606,46.0243],[13.3557,46.0315],[13.3512,46.0337],[13.3449,46.0353],[13.3343,46.0407],[13.3324,46.0403],[13.3209,46.0425],[13.3209,46.0447],[13.3273,46.053],[13.3339,46.0524],[13.3332,46.0504],[13.3424,46.0482],[13.3567,46.0649],[13.3563,46.0663],[13.3575,46.077],[13.3661,46.0767],[13.3758,46.0792],[13.3852,46.0832],[13.386,46.0819],[13.3926,46.0778],[13.4079,46.0726],[13.415,46.0664],[13.418,46.0602],[13.4297,46.0514],[13.4357,46.0483],[13.4385,46.0435],[13.4418,46.034],[13.4421,46.0287],[13.4401,46.0228]]]}},{"type":"Feature","properties":{"i":"030084","n":"Preone"},"geometry":{"type":"Polygon","coordinates":[[[12.9043,46.3705],[12.9054,46.3634],[12.9064,46.3348],[12.8895,46.3307],[12.8815,46.3308],[12.8762,46.3324],[12.88,46.342],[12.852,46.3513],[12.8504,46.3549],[12.8542,46.3622],[12.854,46.3681],[12.8505,46.3774],[12.8491,46.3885],[12.865,46.4039],[12.875,46.399],[12.8848,46.3794],[12.8892,46.3746],[12.9015,46.3732],[12.9043,46.3705]]]}},{"type":"Feature","properties":{"i":"030085","n":"Prepotto"},"geometry":{"type":"Polygon","coordinates":[[[13.497,46.0514],[13.4936,46.0488],[13.489,46.0483],[13.4833,46.0436],[13.4793,46.0377],[13.4701,46.0112],[13.4644,46.0067],[13.4603,46.0054],[13.4611,46.0066],[13.4607,46.0075],[13.4552,46.0098],[13.4622,46.0271],[13.4671,46.0353],[13.4675,46.0402],[13.4657,46.0476],[13.4642,46.0487],[13.4608,46.0544],[13.471,46.0668],[13.4703,46.0812],[13.4729,46.0855],[13.5043,46.0914],[13.5075,46.0937],[13.5064,46.0951],[13.5099,46.0993],[13.5168,46.0956],[13.5214,46.0955],[13.5336,46.0971],[13.5379,46.0933],[13.5446,46.0933],[13.5704,46.1087],[13.5771,46.1086],[13.5835,46.1101],[13.594,46.1147],[13.5963,46.1169],[13.6001,46.1158],[13.6025,46.113],[13.6,46.1089],[13.5946,46.1037],[13.583,46.0997],[13.5807,46.0982],[13.5721,46.0886],[13.5469,46.0832],[13.5433,46.0807],[13.5299,46.0677],[13.513,46.0621],[13.5079,46.0614],[13.5035,46.0626],[13.501,46.0617],[13.4968,46.057],[13.497,46.0514]]]}},{"type":"Feature","properties":{"i":"030086","n":"Pulfero"},"geometry":{"type":"Polygon","coordinates":[[[13.5294,46.2123],[13.5204,46.207],[13.5183,46.2043],[13.5154,46.195],[13.5177,46.1799],[13.5171,46.175],[13.5154,46.1703],[13.5121,46.1655],[13.5106,46.1649],[13.5084,46.1656],[13.5065,46.1676],[13.496,46.1657],[13.4869,46.1557],[13.4857,46.1514],[13.4863,46.1486],[13.4859,46.1459],[13.4826,46.1423],[13.4689,46.1333],[13.4599,46.1354],[13.4579,46.1405],[13.4588,46.1431],[13.454,46.1518],[13.4478,46.1598],[13.4464,46.1675],[13.4444,46.1732],[13.4364,46.1813],[13.4302,46.1897],[13.4255,46.1983],[13.4233,46.2044],[13.4235,46.2063],[13.4326,46.21],[13.4463,46.2128],[13.4482,46.2162],[13.4449,46.2238],[13.4483,46.2252],[13.4558,46.2262],[13.4844,46.2246],[13.4955,46.2222],[13.4969,46.2217],[13.4983,46.2197],[13.4974,46.2186],[13.4979,46.2175],[13.503,46.2157],[13.5158,46.2151],[13.5295,46.217],[13.5294,46.2123]]]}},{"type":"Feature","properties":{"i":"030087","n":"Ragogna"},"geometry":{"type":"Polygon","coordinates":[[[12.9479,46.1514],[12.9473,46.1537],[12.9573,46.1828],[12.9569,46.1864],[12.9598,46.1914],[12.9732,46.2008],[13.0059,46.2104],[13.0163,46.1931],[13.0174,46.1894],[13.0135,46.182],[13.0088,46.1781],[13.0046,46.1771],[12.9985,46.1718],[12.9877,46.152],[12.9777,46.1497],[12.9652,46.1516],[12.9479,46.1514]]]}},{"type":"Feature","properties":{"i":"030088","n":"Ravascletto"},"geometry":{"type":"Polygon","coordinates":[[[12.9523,46.5665],[12.9469,46.5627],[12.9456,46.5609],[12.9455,46.5593],[12.955,46.5456],[12.9625,46.5282],[12.9564,46.5249],[12.9547,46.5207],[12.959,46.519],[12.9588,46.5157],[12.9546,46.5139],[12.9437,46.5124],[12.932,46.5072],[12.9262,46.503],[12.9228,46.5075],[12.9191,46.5081],[12.9189,46.5053],[12.9097,46.5092],[12.9093,46.5128],[12.9063,46.5181],[12.8946,46.5226],[12.8948,46.5278],[12.8892,46.536],[12.8978,46.5456],[12.9006,46.5469],[12.9159,46.5495],[12.9181,46.5534],[12.9079,46.5631],[12.9063,46.568],[12.9106,46.572],[12.9177,46.5744],[12.9227,46.5744],[12.9256,46.5723],[12.9319,46.5651],[12.9472,46.5672],[12.9523,46.5665]]]}},{"type":"Feature","properties":{"i":"030089","n":"Raveo"},"geometry":{"type":"Polygon","coordinates":[[[12.877,46.4473],[12.8777,46.4433],[12.8815,46.4374],[12.8861,46.4322],[12.8871,46.4313],[12.8994,46.4285],[12.9014,46.4267],[12.9044,46.4219],[12.9055,46.416],[12.8981,46.4152],[12.874,46.4282],[12.8464,46.4326],[12.8441,46.4344],[12.842,46.438],[12.8328,46.4432],[12.8292,46.4426],[12.8257,46.4437],[12.8189,46.4531],[12.8197,46.4546],[12.8054,46.4658],[12.8167,46.4695],[12.8241,46.4697],[12.8271,46.4687],[12.8357,46.4634],[12.8361,46.4582],[12.8337,46.4549],[12.8417,46.4508],[12.8563,46.4487],[12.8573,46.4478],[12.877,46.4473]]]}},{"type":"Feature","properties":{"i":"030090","n":"Reana del Rojale"},"geometry":{"type":"Polygon","coordinates":[[[13.2583,46.1844],[13.257,46.1716],[13.2594,46.1577],[13.2606,46.1447],[13.265,46.1376],[13.2717,46.1313],[13.2743,46.1272],[13.267,46.1171],[13.2636,46.1147],[13.2507,46.1131],[13.2372,46.1257],[13.2308,46.1265],[13.2269,46.1256],[13.2228,46.1331],[13.2186,46.1368],[13.2242,46.1516],[13.237,46.1553],[13.236,46.1728],[13.2323,46.184],[13.2361,46.1927],[13.2434,46.1953],[13.2489,46.1926],[13.2511,46.189],[13.255,46.1857],[13.2583,46.1844]]]}},{"type":"Feature","properties":{"i":"030091","n":"Remanzacco"},"geometry":{"type":"Polygon","coordinates":[[[13.3651,46.1092],[13.3597,46.1029],[13.3535,46.0993],[13.3476,46.0972],[13.3397,46.097],[13.3374,46.0936],[13.3376,46.0884],[13.3387,46.0841],[13.3511,46.0785],[13.3575,46.077],[13.3563,46.0663],[13.3567,46.0649],[13.3424,46.0482],[13.3332,46.0504],[13.3339,46.0524],[13.3273,46.053],[13.3209,46.0447],[13.3209,46.0425],[13.3145,46.0395],[13.2998,46.0496],[13.2951,46.0571],[13.2913,46.076],[13.2871,46.0854],[13.2873,46.0867],[13.292,46.0901],[13.3046,46.0968],[13.311,46.0962],[13.3163,46.0968],[13.3232,46.1003],[13.325,46.1067],[13.3229,46.1073],[13.3211,46.1119],[13.3224,46.1164],[13.324,46.1167],[13.3263,46.1189],[13.3242,46.1199],[13.3317,46.1214],[13.3391,46.1243],[13.3482,46.1233],[13.3501,46.1178],[13.3651,46.1092]]]}},{"type":"Feature","properties":{"i":"030092","n":"Resia"},"geometry":{"type":"Polygon","coordinates":[[[13.482,46.369],[13.4814,46.3676],[13.4768,46.3641],[13.4701,46.3611],[13.4671,46.3609],[13.4595,46.363],[13.4487,46.3629],[13.4384,46.3598],[13.4377,46.3589],[13.4371,46.3552],[13.447,46.3375],[13.4473,46.3304],[13.4405,46.3248],[13.4342,46.322],[13.4257,46.3226],[13.4181,46.3182],[13.4155,46.3149],[13.416,46.3112],[13.4112,46.3058],[13.4028,46.3],[13.3755,46.2982],[13.3804,46.3025],[13.3809,46.3046],[13.3801,46.3058],[13.3737,46.3085],[13.3658,46.3106],[13.3537,46.3098],[13.3355,46.3141],[13.3313,46.3163],[13.3284,46.32],[13.3052,46.3243],[13.292,46.3282],[13.2548,46.3325],[13.254,46.3341],[13.2452,46.3362],[13.2387,46.3387],[13.2323,46.3442],[13.2287,46.3498],[13.2313,46.3574],[13.2307,46.3607],[13.2315,46.3627],[13.2341,46.3659],[13.247,46.376],[13.2463,46.3796],[13.2445,46.3799],[13.2448,46.3831],[13.2471,46.3872],[13.2548,46.3886],[13.268,46.3882],[13.2939,46.3896],[13.2962,46.3925],[13.2962,46.3947],[13.2989,46.3973],[13.3072,46.3962],[13.3164,46.3898],[13.3379,46.3844],[13.3575,46.3832],[13.3657,46.3869],[13.3738,46.3887],[13.3774,46.3884],[13.3982,46.3828],[13.4107,46.3759],[13.4238,46.3721],[13.482,46.369]]]}},{"type":"Feature","properties":{"i":"030093","n":"Resiutta"},"geometry":{"type":"Polygon","coordinates":[[[13.2406,46.3966],[13.264,46.3947],[13.2761,46.3889],[13.268,46.3882],[13.2518,46.3884],[13.2471,46.3872],[13.2448,46.3831],[13.2445,46.3799],[13.2463,46.3796],[13.247,46.376],[13.2341,46.3659],[13.2315,46.3627],[13.2307,46.3607],[13.2313,46.3574],[13.2289,46.3508],[13.2199,46.3484],[13.2115,46.3492],[13.2059,46.3513],[13.1986,46.3578],[13.196,46.3619],[13.1884,46.3649],[13.1882,46.3689],[13.1908,46.3765],[13.1921,46.3877],[13.1896,46.3887],[13.1889,46.3897],[13.1896,46.3924],[13.1952,46.399],[13.2104,46.3985],[13.2267,46.3952],[13.2406,46.3966]]]}},{"type":"Feature","properties":{"i":"030094","n":"Rigolato"},"geometry":{"type":"Polygon","coordinates":[[[12.8915,46.5717],[12.8898,46.5682],[12.8893,46.5612],[12.8862,46.5565],[12.8813,46.5502],[12.8724,46.5452],[12.8671,46.5408],[12.8685,46.5386],[12.869,46.5338],[12.8613,46.5317],[12.8536,46.5321],[12.8473,46.5349],[12.8346,46.5349],[12.8318,46.5373],[12.8021,46.5466],[12.7833,46.5502],[12.7736,46.5505],[12.7694,46.5514],[12.7718,46.5555],[12.7744,46.5579],[12.7817,46.5613],[12.7916,46.5701],[12.7975,46.5721],[12.8045,46.5722],[12.8084,46.5708],[12.831,46.5761],[12.8495,46.5772],[12.8741,46.5765],[12.8905,46.579],[12.8915,46.5717]]]}},{"type":"Feature","properties":{"i":"030095","n":"Rive d'Arcano"},"geometry":{"type":"Polygon","coordinates":[[[13.0749,46.1581],[13.0727,46.1524],[13.07,46.1531],[13.0651,46.1526],[13.0642,46.1518],[13.0633,46.1452],[13.0532,46.1283],[13.0515,46.1218],[13.0485,46.1191],[13.046,46.1185],[13.0445,46.1153],[13.0431,46.1052],[13.0439,46.0986],[13.0374,46.0987],[13.0344,46.1021],[13.0262,46.1055],[13.0154,46.1047],[13.0089,46.1028],[13.006,46.0975],[13.0009,46.0938],[12.993,46.0994],[12.9884,46.1069],[12.9887,46.1095],[12.9879,46.1126],[12.9835,46.1138],[12.9862,46.1203],[12.9941,46.1221],[13.0002,46.1265],[13.0006,46.1289],[13.0033,46.132],[13.0089,46.1354],[13.0123,46.1358],[13.0157,46.1348],[13.0179,46.1351],[13.0208,46.1368],[13.0224,46.1386],[13.0233,46.1423],[13.0251,46.1444],[13.0281,46.1474],[13.0344,46.1518],[13.0414,46.1505],[13.0522,46.152],[13.0544,46.1548],[13.0625,46.161],[13.0749,46.1581]]]}},{"type":"Feature","properties":{"i":"030097","n":"Ronchis"},"geometry":{"type":"Polygon","coordinates":[[[13.0352,45.8269],[13.0325,45.8264],[13.0233,45.8212],[13.0219,45.8186],[13.0213,45.8155],[13.029,45.803],[13.0136,45.7955],[13.0086,45.7947],[12.9892,45.7958],[12.9917,45.7978],[12.9913,45.8],[12.9896,45.8015],[12.9879,45.8009],[12.9868,45.7975],[12.9808,45.7975],[12.9747,45.808],[12.9787,45.8146],[12.9835,45.8149],[12.9852,45.8105],[12.9884,45.8087],[12.9916,45.8103],[12.9934,45.8142],[12.9932,45.815],[12.9866,45.8184],[12.9755,45.8193],[12.973,45.8207],[12.9739,45.8227],[12.9814,45.8249],[12.9826,45.8287],[12.9873,45.8326],[12.9961,45.8373],[13.0124,45.8435],[13.0164,45.8502],[13.0202,45.8528],[13.0244,45.8511],[13.0269,45.849],[13.0313,45.8404],[13.0386,45.8349],[13.0382,45.8326],[13.0352,45.8269]]]}},{"type":"Feature","properties":{"i":"030098","n":"Ruda"},"geometry":{"type":"Polygon","coordinates":[[[13.3701,45.855],[13.3731,45.8546],[13.3839,45.8564],[13.391,45.8562],[13.3919,45.8519],[13.3916,45.8503],[13.4061,45.8477],[13.4083,45.8434],[13.4104,45.8422],[13.4141,45.8447],[13.416,45.8493],[13.4158,45.8459],[13.4211,45.8404],[13.4289,45.8391],[13.4281,45.8346],[13.4261,45.834],[13.4263,45.8132],[13.4169,45.8153],[13.4127,45.8147],[13.411,45.8129],[13.4116,45.8121],[13.4085,45.8092],[13.4004,45.8095],[13.3995,45.8127],[13.4004,45.8199],[13.3895,45.8258],[13.3857,45.8251],[13.3823,45.8219],[13.3797,45.8259],[13.3797,45.8341],[13.3774,45.837],[13.371,45.837],[13.3674,45.836],[13.3658,45.8346],[13.3647,45.8306],[13.356,45.8279],[13.3543,45.8287],[13.354,45.8297],[13.3566,45.8334],[13.3557,45.8356],[13.3506,45.8388],[13.342,45.8393],[13.3382,45.8484],[13.3385,45.8516],[13.3395,45.8528],[13.3494,45.8592],[13.3511,45.8591],[13.3658,45.8525],[13.3701,45.855]]]}},{"type":"Feature","properties":{"i":"030099","n":"San Daniele del Friuli"},"geometry":{"type":"Polygon","coordinates":[[[13.0625,46.161],[13.0544,46.1548],[13.0522,46.152],[13.0414,46.1505],[13.0344,46.1518],[13.0281,46.1474],[13.0251,46.1444],[13.0233,46.1423],[13.0224,46.1386],[13.0208,46.1368],[13.0179,46.1351],[13.0157,46.1348],[13.0123,46.1358],[13.0089,46.1354],[13.0019,46.1308],[13.0006,46.1289],[13.0002,46.1265],[12.9941,46.1221],[12.9862,46.1203],[12.9743,46.1216],[12.9632,46.1274],[12.9376,46.1316],[12.9412,46.1436],[12.9479,46.1514],[12.9652,46.1516],[12.9777,46.1497],[12.9877,46.152],[12.9985,46.1718],[13.0046,46.1771],[13.0088,46.1781],[13.0135,46.182],[13.0174,46.1894],[13.0163,46.1931],[13.0051,46.2117],[13.0252,46.2187],[13.0301,46.2106],[13.0329,46.208],[13.0366,46.2069],[13.0333,46.2005],[13.0257,46.1934],[13.0222,46.1849],[13.0266,46.176],[13.0298,46.1741],[13.0386,46.1721],[13.0477,46.1689],[13.0474,46.1664],[13.057,46.1621],[13.0625,46.161]]]}},{"type":"Feature","properties":{"i":"030100","n":"San Giorgio di Nogaro"},"geometry":{"type":"Polygon","coordinates":[[[13.2401,45.8412],[13.2417,45.8383],[13.2449,45.8281],[13.2332,45.8277],[13.2324,45.8245],[13.2382,45.8183],[13.2438,45.8146],[13.2457,45.8114],[13.2317,45.8098],[13.228,45.807],[13.2272,45.8022],[13.233,45.7935],[13.2389,45.7865],[13.2434,45.7839],[13.2473,45.78],[13.2477,45.7777],[13.2442,45.7695],[13.2435,45.7648],[13.2438,45.757],[13.2416,45.7569],[13.2351,45.7534],[13.2297,45.7543],[13.2266,45.756],[13.2241,45.7625],[13.2233,45.7696],[13.2218,45.7718],[13.2259,45.7726],[13.227,45.7736],[13.2212,45.7805],[13.2161,45.7882],[13.2181,45.79],[13.2165,45.7947],[13.2128,45.7968],[13.2067,45.8031],[13.2069,45.8052],[13.2006,45.809],[13.1937,45.8118],[13.1759,45.8263],[13.1726,45.8301],[13.1766,45.8393],[13.1798,45.8421],[13.1827,45.843],[13.1876,45.8432],[13.1979,45.8399],[13.2051,45.8419],[13.2101,45.8451],[13.2205,45.8475],[13.2233,45.8466],[13.2253,45.8434],[13.2246,45.841],[13.2299,45.8366],[13.2355,45.8398],[13.2401,45.8412]]]}},{"type":"Feature","properties":{"i":"030101","n":"San Giovanni al Natisone"},"geometry":{"type":"Polygon","coordinates":[[[13.4263,45.9939],[13.4275,45.9924],[13.4364,45.9868],[13.4381,45.984],[13.4342,45.9792],[13.4277,45.9732],[13.424,45.9682],[13.4366,45.9721],[13.4386,45.9701],[13.4426,45.9597],[13.4423,45.9571],[13.4311,45.9547],[13.4282,45.9533],[13.4269,45.9515],[13.4282,45.9474],[13.4247,45.9442],[13.4202,45.9415],[13.4204,45.9388],[13.4059,45.9355],[13.3999,45.9325],[13.3955,45.9314],[13.3891,45.9325],[13.386,45.9416],[13.3863,45.9464],[13.3793,45.9494],[13.3701,45.952],[13.3727,45.9545],[13.3792,45.9656],[13.3852,45.9742],[13.3983,45.986],[13.4012,45.9932],[13.4003,45.9946],[13.401,45.9971],[13.4022,45.9982],[13.4135,45.9988],[13.4214,45.9949],[13.4263,45.9939]]]}},{"type":"Feature","properties":{"i":"030102","n":"San Leonardo"},"geometry":{"type":"Polygon","coordinates":[[[13.5802,46.1445],[13.5774,46.1418],[13.5789,46.1322],[13.5722,46.1302],[13.5572,46.1233],[13.5696,46.1112],[13.5704,46.1087],[13.5446,46.0933],[13.5379,46.0933],[13.5336,46.0971],[13.5214,46.0955],[13.5168,46.0956],[13.5099,46.0993],[13.5155,46.102],[13.5159,46.103],[13.5065,46.1128],[13.5051,46.1137],[13.4971,46.1148],[13.4959,46.1189],[13.4994,46.1202],[13.5038,46.1201],[13.5121,46.1241],[13.511,46.1274],[13.5144,46.1381],[13.52,46.1403],[13.5298,46.146],[13.5359,46.1467],[13.5402,46.1487],[13.5505,46.1556],[13.5574,46.1617],[13.5667,46.1505],[13.5802,46.1445]]]}},{"type":"Feature","properties":{"i":"030103","n":"San Pietro al Natisone"},"geometry":{"type":"Polygon","coordinates":[[[13.5359,46.1467],[13.5298,46.146],[13.52,46.1403],[13.5144,46.1381],[13.511,46.1274],[13.5121,46.1241],[13.5038,46.1201],[13.4994,46.1202],[13.4959,46.1189],[13.4971,46.1148],[13.5057,46.1136],[13.5159,46.103],[13.5155,46.102],[13.5099,46.0993],[13.5064,46.0951],[13.503,46.0991],[13.478,46.1105],[13.469,46.1164],[13.4645,46.1218],[13.4602,46.1253],[13.4498,46.1293],[13.4599,46.1354],[13.4689,46.1333],[13.4826,46.1423],[13.4859,46.1459],[13.4863,46.1486],[13.4857,46.1514],[13.4869,46.1557],[13.4895,46.159],[13.496,46.1657],[13.5065,46.1676],[13.5084,46.1656],[13.5115,46.165],[13.5154,46.1703],[13.5171,46.175],[13.5177,46.1799],[13.5312,46.1752],[13.5328,46.1719],[13.5312,46.1649],[13.5237,46.1608],[13.5239,46.1592],[13.5275,46.1536],[13.5359,46.1467]]]}},{"type":"Feature","properties":{"i":"030104","n":"Santa Maria la Longa"},"geometry":{"type":"Polygon","coordinates":[[[13.2973,45.9552],[13.3018,45.9506],[13.3115,45.9364],[13.3181,45.9368],[13.3225,45.9338],[13.3181,45.9327],[13.3159,45.9282],[13.3156,45.9242],[13.3174,45.9196],[13.303,45.9167],[13.2918,45.9127],[13.289,45.9104],[13.2888,45.9091],[13.2781,45.9108],[13.2769,45.9147],[13.2737,45.9203],[13.2658,45.9282],[13.2635,45.932],[13.2684,45.9348],[13.2673,45.9394],[13.2644,45.9442],[13.2547,45.9547],[13.271,45.9732],[13.271,45.9759],[13.273,45.9787],[13.2765,45.9813],[13.2782,45.9815],[13.2787,45.9788],[13.2776,45.9787],[13.2768,45.9717],[13.278,45.9691],[13.2868,45.9618],[13.2973,45.9552]]]}},{"type":"Feature","properties":{"i":"030105","n":"San Vito al Torre"},"geometry":{"type":"Polygon","coordinates":[[[13.3867,45.913],[13.3967,45.9086],[13.3997,45.8956],[13.3964,45.8947],[13.3971,45.8885],[13.398,45.8859],[13.4004,45.8873],[13.4022,45.8865],[13.4023,45.8828],[13.402,45.882],[13.398,45.8793],[13.3862,45.8743],[13.3825,45.8709],[13.3741,45.8832],[13.3698,45.8918],[13.3682,45.8924],[13.3619,45.8912],[13.3603,45.9044],[13.3635,45.9157],[13.3631,45.9186],[13.3643,45.9237],[13.3678,45.9256],[13.3769,45.9229],[13.38,45.9238],[13.3829,45.9204],[13.3867,45.913]]]}},{"type":"Feature","properties":{"i":"030106","n":"San Vito di Fagagna"},"geometry":{"type":"Polygon","coordinates":[[[13.0766,46.0753],[13.0736,46.0738],[13.0688,46.0746],[13.0683,46.0762],[13.0607,46.0736],[13.0593,46.0713],[13.059,46.0662],[13.0543,46.0616],[13.051,46.0603],[13.0509,46.0615],[13.0529,46.0619],[13.0517,46.0651],[13.0457,46.0718],[13.0428,46.0773],[13.0381,46.0794],[13.0332,46.089],[13.0359,46.0928],[13.0378,46.0934],[13.039,46.0957],[13.0374,46.0987],[13.0495,46.0979],[13.0487,46.1],[13.0528,46.1022],[13.0616,46.0991],[13.071,46.0946],[13.0723,46.0865],[13.0748,46.0785],[13.0766,46.0753]]]}},{"type":"Feature","properties":{"i":"030107","n":"Sauris"},"geometry":{"type":"Polygon","coordinates":[[[12.7653,46.4912],[12.7707,46.479],[12.7689,46.4779],[12.763,46.4711],[12.7626,46.4683],[12.7642,46.4642],[12.7692,46.4594],[12.7718,46.4526],[12.7702,46.4507],[12.7334,46.4475],[12.7137,46.4477],[12.6977,46.45],[12.676,46.4589],[12.6678,46.4615],[12.6585,46.4603],[12.6453,46.4566],[12.6418,46.4498],[12.6417,46.4452],[12.6374,46.4404],[12.6323,46.438],[12.6326,46.4409],[12.6318,46.4429],[12.6267,46.4449],[12.6199,46.4455],[12.616,46.4478],[12.616,46.4546],[12.618,46.459],[12.6165,46.4622],[12.612,46.4637],[12.6068,46.4643],[12.6168,46.4737],[12.6208,46.4754],[12.6383,46.4734],[12.6423,46.4723],[12.649,46.4666],[12.6561,46.4653],[12.6588,46.466],[12.6624,46.468],[12.6624,46.4692],[12.6575,46.4781],[12.6566,46.4814],[12.6541,46.4844],[12.6521,46.4851],[12.6543,46.4863],[12.6594,46.4852],[12.6798,46.478],[12.6802,46.4785],[12.6758,46.4853],[12.6736,46.4868],[12.6732,46.4899],[12.6739,46.4905],[12.6836,46.4858],[12.6868,46.4825],[12.6876,46.4797],[12.6909,46.478],[12.7006,46.4804],[12.7046,46.4842],[12.7124,46.4872],[12.7229,46.4878],[12.7383,46.4932],[12.7465,46.4951],[12.7521,46.4931],[12.7653,46.4912]]]}},{"type":"Feature","properties":{"i":"030108","n":"Savogna"},"geometry":{"type":"Polygon","coordinates":[[[13.5902,46.1881],[13.5873,46.1781],[13.5852,46.1752],[13.5721,46.1719],[13.5603,46.1701],[13.553,46.1654],[13.5574,46.1617],[13.5564,46.1607],[13.5505,46.1556],[13.5402,46.1487],[13.5359,46.1467],[13.5275,46.1536],[13.5243,46.1582],[13.5237,46.1608],[13.5312,46.1649],[13.5328,46.1719],[13.5312,46.1752],[13.5177,46.1799],[13.5154,46.195],[13.5183,46.2043],[13.5204,46.207],[13.5294,46.2123],[13.5388,46.2135],[13.5464,46.2116],[13.5612,46.2043],[13.5661,46.1944],[13.5653,46.1928],[13.5651,46.1878],[13.5655,46.1866],[13.5669,46.1857],[13.5737,46.1844],[13.5782,46.1855],[13.5847,46.1899],[13.5887,46.1909],[13.5908,46.19],[13.5902,46.1881]]]}},{"type":"Feature","properties":{"i":"030109","n":"Sedegliano"},"geometry":{"type":"Polygon","coordinates":[[[13.0142,46.0442],[13.0163,46.044],[13.0164,46.0325],[13.0156,46.0325],[13.0164,46.0204],[13.0169,46.0181],[13.0202,46.014],[13.021,46.014],[13.0211,46.0052],[13.017,46.0052],[13.0145,45.9972],[13.0063,45.9845],[13.0022,45.9817],[12.9855,45.9904],[12.974,45.9928],[12.9644,45.9935],[12.9497,45.9907],[12.9274,45.9851],[12.9092,45.9885],[12.9121,46.0008],[12.9118,46.0061],[12.9148,46.0258],[12.9163,46.0422],[12.9365,46.0439],[12.9686,46.0509],[12.9849,46.0475],[12.9909,46.0429],[13.0142,46.0442]]]}},{"type":"Feature","properties":{"i":"030110","n":"Socchieve"},"geometry":{"type":"Polygon","coordinates":[[[12.8054,46.4658],[12.8197,46.4546],[12.817,46.4467],[12.8183,46.4448],[12.8316,46.4324],[12.8462,46.4235],[12.8475,46.4188],[12.847,46.4137],[12.8531,46.413],[12.8619,46.4079],[12.865,46.4039],[12.8491,46.3885],[12.8505,46.3774],[12.8541,46.3677],[12.8542,46.3622],[12.8504,46.3549],[12.852,46.3513],[12.8793,46.3422],[12.8778,46.3415],[12.8758,46.3417],[12.8615,46.3454],[12.8548,46.3453],[12.8402,46.3432],[12.8364,46.3434],[12.835,46.3437],[12.8329,46.3475],[12.8217,46.3567],[12.8116,46.3591],[12.7959,46.357],[12.7911,46.3576],[12.7815,46.3558],[12.7817,46.3508],[12.778,46.3459],[12.7535,46.3402],[12.7306,46.3367],[12.7198,46.3287],[12.708,46.3253],[12.7066,46.3258],[12.6938,46.3386],[12.6929,46.3406],[12.6931,46.3437],[12.7021,46.3477],[12.7071,46.3513],[12.7249,46.3604],[12.7367,46.3642],[12.7419,46.3655],[12.7534,46.3643],[12.7651,46.3656],[12.7699,46.3676],[12.7823,46.375],[12.7849,46.3776],[12.7755,46.3818],[12.7694,46.3887],[12.7711,46.3952],[12.7731,46.3979],[12.789,46.399],[12.7887,46.4015],[12.791,46.4042],[12.8058,46.4078],[12.8156,46.4068],[12.8163,46.4082],[12.8117,46.4408],[12.8121,46.4482],[12.8075,46.453],[12.801,46.4566],[12.778,46.4749],[12.7759,46.477],[12.7743,46.4803],[12.7807,46.4811],[12.789,46.4842],[12.7928,46.4845],[12.7999,46.4828],[12.7972,46.4804],[12.7989,46.4745],[12.8037,46.47],[12.8054,46.4658]]]}},{"type":"Feature","properties":{"i":"030111","n":"Stregna"},"geometry":{"type":"Polygon","coordinates":[[[13.6521,46.1484],[13.6469,46.1404],[13.6431,46.1369],[13.6396,46.1346],[13.6344,46.1346],[13.6276,46.1291],[13.6244,46.125],[13.6219,46.1231],[13.6025,46.113],[13.6001,46.1158],[13.5963,46.1169],[13.594,46.1147],[13.5835,46.1101],[13.5771,46.1086],[13.5717,46.1083],[13.5704,46.1087],[13.5696,46.1112],[13.5645,46.1168],[13.5572,46.1233],[13.5722,46.1302],[13.5789,46.1322],[13.5774,46.1418],[13.5802,46.1445],[13.5804,46.1471],[13.5944,46.1536],[13.6092,46.1507],[13.6144,46.1489],[13.6487,46.1509],[13.6521,46.1484]]]}},{"type":"Feature","properties":{"i":"030112","n":"Sutrio"},"geometry":{"type":"Polygon","coordinates":[[[12.9993,46.5207],[12.9984,46.5199],[12.9979,46.5167],[12.9988,46.5117],[13.0013,46.505],[13.0033,46.4916],[13.001,46.4893],[12.9848,46.4838],[12.9794,46.483],[12.9678,46.4783],[12.9511,46.4803],[12.9472,46.4785],[12.9369,46.4823],[12.9362,46.4903],[12.9262,46.503],[12.932,46.5072],[12.9437,46.5124],[12.9546,46.5139],[12.9588,46.5157],[12.959,46.519],[12.9547,46.5207],[12.9648,46.519],[12.9917,46.5222],[12.996,46.5222],[12.9993,46.5207]]]}},{"type":"Feature","properties":{"i":"030113","n":"Taipana"},"geometry":{"type":"Polygon","coordinates":[[[13.3766,46.2948],[13.3778,46.2913],[13.3793,46.2893],[13.3815,46.289],[13.3837,46.2906],[13.3844,46.29],[13.3916,46.2798],[13.3931,46.27],[13.3969,46.2581],[13.4061,46.2434],[13.4093,46.2406],[13.4225,46.2343],[13.4212,46.2309],[13.4142,46.225],[13.4099,46.2168],[13.4108,46.2123],[13.4049,46.2141],[13.3876,46.2107],[13.387,46.2147],[13.3862,46.2153],[13.3707,46.2197],[13.3628,46.221],[13.3564,46.2268],[13.3498,46.2268],[13.3437,46.2293],[13.3381,46.2327],[13.3236,46.2361],[13.309,46.2476],[13.301,46.2506],[13.2994,46.2557],[13.2936,46.261],[13.292,46.2707],[13.2919,46.2789],[13.2925,46.2849],[13.2954,46.2921],[13.2907,46.2985],[13.2876,46.3054],[13.3084,46.3034],[13.3546,46.3022],[13.3668,46.2993],[13.3766,46.2948]]]}},{"type":"Feature","properties":{"i":"030114","n":"Talmassons"},"geometry":{"type":"Polygon","coordinates":[[[13.1406,45.9411],[13.1432,45.9329],[13.1656,45.9266],[13.163,45.9228],[13.1608,45.9039],[13.1618,45.8943],[13.1646,45.8835],[13.1613,45.8804],[13.1608,45.878],[13.1456,45.8771],[13.1351,45.8695],[13.134,45.8696],[13.128,45.8727],[13.1251,45.8794],[13.1203,45.8863],[13.1185,45.8878],[13.1157,45.8896],[13.114,45.8898],[13.1112,45.8862],[13.1102,45.888],[13.1024,45.8897],[13.0956,45.8929],[13.0864,45.9036],[13.0852,45.9061],[13.0758,45.9119],[13.0686,45.905],[13.0696,45.9015],[13.0712,45.9007],[13.0703,45.8993],[13.0616,45.8984],[13.062,45.9007],[13.0607,45.9133],[13.068,45.9153],[13.074,45.9225],[13.0771,45.9274],[13.0802,45.936],[13.0823,45.9449],[13.0988,45.9452],[13.1093,45.9477],[13.1228,45.9487],[13.1267,45.9481],[13.137,45.9416],[13.1406,45.9411]]]}},{"type":"Feature","properties":{"i":"030116","n":"Tarcento"},"geometry":{"type":"Polygon","coordinates":[[[13.27,46.2435],[13.2657,46.2408],[13.2713,46.2246],[13.2679,46.2225],[13.2592,46.2224],[13.2555,46.2206],[13.2453,46.2107],[13.2445,46.2079],[13.2458,46.1997],[13.2434,46.1953],[13.2361,46.1927],[13.2323,46.184],[13.2223,46.1865],[13.2217,46.1869],[13.2225,46.1881],[13.2186,46.1904],[13.2132,46.1904],[13.2064,46.1916],[13.1907,46.1916],[13.189,46.1936],[13.1887,46.197],[13.1908,46.2011],[13.1823,46.2142],[13.1795,46.2204],[13.1944,46.218],[13.1997,46.2179],[13.2011,46.2187],[13.2011,46.2218],[13.1955,46.2352],[13.1964,46.2418],[13.2159,46.2548],[13.2274,46.2559],[13.2312,46.2586],[13.2316,46.2607],[13.2356,46.2642],[13.2391,46.2613],[13.2454,46.2589],[13.27,46.2435]]]}},{"type":"Feature","properties":{"i":"030117","n":"Tarvisio"},"geometry":{"type":"Polygon","coordinates":[[[13.5169,46.383],[13.5059,46.3981],[13.5015,46.4082],[13.4992,46.4112],[13.4932,46.4125],[13.4785,46.4175],[13.4849,46.4221],[13.4881,46.423],[13.4942,46.4224],[13.4956,46.4262],[13.4957,46.4296],[13.4946,46.4337],[13.4903,46.439],[13.4935,46.4498],[13.4927,46.4593],[13.4948,46.4756],[13.4961,46.5018],[13.5002,46.5099],[13.4956,46.515],[13.4891,46.52],[13.4893,46.5216],[13.4921,46.5258],[13.5046,46.5263],[13.5094,46.5281],[13.5095,46.5294],[13.5149,46.5359],[13.5209,46.5386],[13.5217,46.54],[13.5199,46.547],[13.5424,46.5536],[13.5484,46.5532],[13.5641,46.5505],[13.569,46.5448],[13.57,46.5411],[13.5688,46.5396],[13.5699,46.5389],[13.5771,46.538],[13.5835,46.54],[13.5842,46.5422],[13.5871,46.5445],[13.5912,46.5456],[13.597,46.5458],[13.5994,46.5444],[13.6271,46.5415],[13.6377,46.5362],[13.6747,46.5233],[13.6892,46.5215],[13.7139,46.5231],[13.7173,46.5132],[13.7163,46.5083],[13.7125,46.5053],[13.7035,46.5013],[13.7025,46.4988],[13.7038,46.4881],[13.7077,46.4828],[13.7053,46.4773],[13.6946,46.4682],[13.6974,46.4543],[13.6937,46.444],[13.6888,46.4399],[13.6834,46.4375],[13.6541,46.4423],[13.6537,46.444],[13.6484,46.4461],[13.6134,46.44],[13.5986,46.439],[13.5822,46.4299],[13.5799,46.4275],[13.5785,46.4241],[13.5768,46.4089],[13.5695,46.4017],[13.533,46.3856],[13.5224,46.3849],[13.5169,46.383]]]}},{"type":"Feature","properties":{"i":"030118","n":"Tavagnacco"},"geometry":{"type":"Polygon","coordinates":[[[13.2186,46.1368],[13.2228,46.1331],[13.2269,46.1256],[13.2308,46.1265],[13.2372,46.1257],[13.2517,46.1123],[13.2604,46.1006],[13.2458,46.1009],[13.2279,46.0984],[13.2263,46.096],[13.2198,46.0936],[13.1893,46.0862],[13.1922,46.0915],[13.194,46.1038],[13.1996,46.1115],[13.2064,46.1185],[13.2066,46.1204],[13.2026,46.1302],[13.2016,46.1307],[13.2128,46.1346],[13.2143,46.137],[13.2186,46.1368]]]}},{"type":"Feature","properties":{"i":"030120","n":"Terzo d'Aquileia"},"geometry":{"type":"Polygon","coordinates":[[[13.3726,45.8096],[13.368,45.7943],[13.363,45.79],[13.3578,45.7879],[13.3521,45.7884],[13.3476,45.7836],[13.3471,45.7805],[13.3483,45.7783],[13.3505,45.7687],[13.2947,45.7539],[13.2898,45.7536],[13.2883,45.7547],[13.2828,45.7556],[13.2729,45.7553],[13.2716,45.755],[13.2707,45.753],[13.2674,45.7514],[13.2554,45.7504],[13.2525,45.7528],[13.2501,45.7564],[13.2516,45.7578],[13.2528,45.7637],[13.257,45.7682],[13.2691,45.7751],[13.2848,45.7763],[13.2956,45.7805],[13.3011,45.7809],[13.3022,45.7845],[13.318,45.788],[13.3174,45.7917],[13.3112,45.8003],[13.3111,45.8029],[13.3131,45.8069],[13.327,45.8116],[13.3274,45.8105],[13.3401,45.8082],[13.3467,45.806],[13.3467,45.8046],[13.35,45.8001],[13.3598,45.8026],[13.3726,45.8096]]]}},{"type":"Feature","properties":{"i":"030121","n":"Tolmezzo"},"geometry":{"type":"Polygon","coordinates":[[[13.1118,46.4495],[13.1121,46.4448],[13.1099,46.4411],[13.108,46.4395],[13.1026,46.4273],[13.1051,46.4193],[13.1012,46.4181],[13.0797,46.4175],[13.0766,46.4161],[13.0742,46.4141],[13.0785,46.4073],[13.0769,46.4027],[13.0581,46.3916],[13.053,46.3867],[13.0503,46.3818],[13.0435,46.3854],[13.0224,46.3862],[12.9961,46.3981],[12.9943,46.3965],[12.991,46.3971],[12.9779,46.4016],[12.9727,46.4042],[12.9754,46.4075],[12.9762,46.4126],[12.974,46.4153],[12.9682,46.4181],[12.9653,46.4186],[12.9613,46.4178],[12.9614,46.4246],[12.9649,46.4317],[12.9725,46.4393],[12.9768,46.4463],[12.9765,46.4511],[12.9736,46.4551],[12.9791,46.4549],[12.9851,46.4535],[12.9914,46.45],[13.0026,46.446],[13.0091,46.4449],[13.0231,46.445],[13.0342,46.4457],[13.0328,46.4559],[13.0429,46.4586],[13.0449,46.4602],[13.0552,46.4625],[13.0746,46.4543],[13.0795,46.4582],[13.0917,46.4617],[13.0963,46.4595],[13.0959,46.456],[13.0976,46.4523],[13.0987,46.4515],[13.105,46.45],[13.1118,46.4495]]]}},{"type":"Feature","properties":{"i":"030122","n":"Torreano"},"geometry":{"type":"Polygon","coordinates":[[[13.4599,46.1354],[13.4498,46.1293],[13.447,46.1292],[13.4321,46.1242],[13.4303,46.122],[13.4327,46.1189],[13.4301,46.1151],[13.4219,46.1154],[13.4039,46.1111],[13.4014,46.1102],[13.3978,46.1073],[13.3978,46.106],[13.3951,46.1047],[13.3855,46.1038],[13.3719,46.1072],[13.368,46.1099],[13.3678,46.112],[13.3692,46.1139],[13.375,46.1192],[13.3752,46.1231],[13.3772,46.1274],[13.3936,46.1273],[13.3955,46.1341],[13.3938,46.1381],[13.39,46.1428],[13.3899,46.1441],[13.4063,46.1497],[13.4068,46.1587],[13.4028,46.1615],[13.4071,46.1724],[13.4139,46.1821],[13.4137,46.1915],[13.411,46.2044],[13.4235,46.2063],[13.4233,46.2044],[13.4255,46.1983],[13.4302,46.1897],[13.4364,46.1813],[13.4444,46.1732],[13.4464,46.1675],[13.4478,46.1598],[13.454,46.1518],[13.4588,46.1431],[13.4579,46.1405],[13.4599,46.1354]]]}},{"type":"Feature","properties":{"i":"030123","n":"Torviscosa"},"geometry":{"type":"Polygon","coordinates":[[[13.2745,45.8735],[13.2832,45.8732],[13.2815,45.8436],[13.29,45.8284],[13.2959,45.826],[13.3054,45.8263],[13.2979,45.8065],[13.2993,45.8018],[13.303,45.7989],[13.3095,45.7887],[13.3082,45.7871],[13.3022,45.7845],[13.3011,45.7809],[13.2956,45.7805],[13.2848,45.7763],[13.2691,45.7751],[13.257,45.7682],[13.2528,45.7637],[13.251,45.757],[13.2501,45.7564],[13.2438,45.757],[13.2435,45.7648],[13.2442,45.7695],[13.2472,45.7762],[13.2478,45.7792],[13.2434,45.7839],[13.2389,45.7865],[13.233,45.7935],[13.2272,45.8022],[13.228,45.807],[13.2317,45.8098],[13.2457,45.8114],[13.2438,45.8146],[13.2382,45.8183],[13.2324,45.8245],[13.2332,45.8277],[13.2449,45.8282],[13.2417,45.8383],[13.238,45.8465],[13.2377,45.8516],[13.2415,45.8566],[13.241,45.8632],[13.2355,45.8743],[13.2745,45.8735]]]}},{"type":"Feature","properties":{"i":"030124","n":"Trasaghis"},"geometry":{"type":"Polygon","coordinates":[[[13.0788,46.3335],[13.0802,46.3329],[13.0811,46.3293],[13.0711,46.3206],[13.0786,46.3134],[13.0774,46.3099],[13.0788,46.3063],[13.0853,46.3018],[13.1014,46.304],[13.1127,46.3011],[13.1043,46.2957],[13.0957,46.2835],[13.0856,46.277],[13.0677,46.2632],[13.0598,46.2612],[13.0436,46.2496],[13.0397,46.2441],[13.0378,46.2329],[13.023,46.2366],[13.0183,46.2388],[13.0106,46.2524],[12.9941,46.2683],[12.9906,46.2732],[12.9816,46.2781],[12.9651,46.2852],[12.9593,46.2904],[12.9541,46.2999],[12.9579,46.3047],[12.9616,46.3059],[12.9737,46.3152],[12.9756,46.3174],[12.9735,46.324],[12.9736,46.3282],[12.9765,46.3274],[12.9951,46.3315],[13.0006,46.3341],[13.0062,46.3396],[13.0383,46.338],[13.0711,46.3334],[13.0788,46.3335]]]}},{"type":"Feature","properties":{"i":"030126","n":"Treppo Grande"},"geometry":{"type":"Polygon","coordinates":[[[13.1719,46.2057],[13.1624,46.1988],[13.162,46.1956],[13.1663,46.188],[13.1702,46.1867],[13.1731,46.1842],[13.1737,46.178],[13.1628,46.1692],[13.1588,46.1604],[13.1426,46.1753],[13.1397,46.1769],[13.1349,46.1771],[13.1281,46.179],[13.1265,46.1805],[13.1257,46.1824],[13.1323,46.186],[13.1391,46.1918],[13.1423,46.1969],[13.1499,46.2156],[13.1499,46.2173],[13.1573,46.2173],[13.1719,46.2057]]]}},{"type":"Feature","properties":{"i":"030127","n":"Tricesimo"},"geometry":{"type":"Polygon","coordinates":[[[13.2323,46.184],[13.236,46.1728],[13.237,46.1553],[13.2242,46.1516],[13.2186,46.1368],[13.2143,46.137],[13.2128,46.1346],[13.2016,46.1307],[13.1854,46.1469],[13.1771,46.1537],[13.1666,46.1555],[13.1588,46.1604],[13.1648,46.1611],[13.1693,46.164],[13.1761,46.1652],[13.1811,46.1645],[13.185,46.163],[13.1892,46.1629],[13.1991,46.1665],[13.205,46.1705],[13.2117,46.1764],[13.2093,46.1868],[13.2132,46.1904],[13.2186,46.1904],[13.2225,46.1881],[13.2217,46.1869],[13.2223,46.1865],[13.2323,46.184]]]}},{"type":"Feature","properties":{"i":"030128","n":"Trivignano Udinese"},"geometry":{"type":"Polygon","coordinates":[[[13.3701,45.952],[13.3761,45.9498],[13.3727,45.9469],[13.3669,45.9383],[13.3678,45.9256],[13.3643,45.9237],[13.3625,45.9245],[13.3599,45.9237],[13.347,45.9186],[13.3322,45.9173],[13.3174,45.9196],[13.3156,45.9242],[13.3159,45.9282],[13.3181,45.9327],[13.3225,45.9338],[13.3181,45.9368],[13.3115,45.9364],[13.3018,45.9506],[13.2973,45.9552],[13.3063,45.9576],[13.3108,45.9563],[13.3156,45.9565],[13.3208,45.9597],[13.3271,45.9614],[13.3311,45.9601],[13.3335,45.9572],[13.348,45.9608],[13.3507,45.959],[13.3539,45.9525],[13.3556,45.9517],[13.3606,45.9501],[13.3701,45.952]]]}},{"type":"Feature","properties":{"i":"030129","n":"Udine"},"geometry":{"type":"Polygon","coordinates":[[[13.2905,46.0887],[13.2873,46.0867],[13.2871,46.0854],[13.2913,46.076],[13.2941,46.0646],[13.2862,46.0655],[13.2831,46.0636],[13.2853,46.0553],[13.2826,46.0477],[13.2682,46.0415],[13.2726,46.0219],[13.2701,46.0163],[13.272,46.009],[13.265,46.0064],[13.2628,46.0104],[13.2449,46.0145],[13.2339,46.0192],[13.2308,46.0221],[13.2288,46.0259],[13.229,46.0272],[13.2179,46.0386],[13.213,46.0425],[13.2015,46.0471],[13.2027,46.0526],[13.1972,46.0567],[13.1937,46.0609],[13.193,46.0647],[13.195,46.0653],[13.1957,46.0683],[13.1931,46.0748],[13.1871,46.0792],[13.1857,46.0823],[13.186,46.0844],[13.1893,46.0862],[13.2198,46.0936],[13.2263,46.096],[13.2279,46.0984],[13.2458,46.1009],[13.2604,46.1006],[13.2555,46.108],[13.2507,46.1131],[13.2636,46.1147],[13.267,46.1171],[13.2677,46.1157],[13.2853,46.0998],[13.2906,46.0918],[13.2905,46.0887]]]}},{"type":"Feature","properties":{"i":"030130","n":"Varmo"},"geometry":{"type":"Polygon","coordinates":[[[13.0291,45.9132],[13.0378,45.9002],[13.0402,45.8983],[13.0404,45.8935],[13.0208,45.8778],[13.021,45.8715],[13.0177,45.8643],[13.0087,45.8673],[13.0045,45.8677],[13.0029,45.8602],[13.0082,45.8505],[13.0112,45.8483],[13.0115,45.8431],[12.9961,45.8373],[12.9873,45.8326],[12.9826,45.8287],[12.9821,45.8273],[12.9803,45.8271],[12.977,45.8237],[12.9742,45.8234],[12.9709,45.8287],[12.979,45.834],[12.9797,45.8334],[12.9843,45.834],[12.983,45.8378],[12.9785,45.8411],[12.981,45.849],[12.977,45.8654],[12.9746,45.8734],[12.9575,45.8838],[12.95,45.8848],[12.9529,45.8953],[12.9518,45.9009],[12.9493,45.9068],[12.9593,45.9097],[12.9607,45.9152],[12.9591,45.9172],[12.9589,45.9209],[12.9641,45.9236],[12.9649,45.9153],[12.9715,45.9146],[12.9782,45.9155],[12.9838,45.9152],[12.9905,45.9116],[12.9901,45.908],[12.9881,45.907],[12.987,45.9044],[12.9874,45.9026],[12.9921,45.9001],[13.0069,45.9017],[13.0227,45.9141],[13.0291,45.9132]]]}},{"type":"Feature","properties":{"i":"030131","n":"Venzone"},"geometry":{"type":"Polygon","coordinates":[[[13.1585,46.3894],[13.1586,46.3877],[13.1605,46.3847],[13.1674,46.3795],[13.1759,46.3788],[13.1793,46.3763],[13.1797,46.3713],[13.1843,46.3665],[13.196,46.3619],[13.1986,46.3578],[13.2059,46.3513],[13.2115,46.3492],[13.2199,46.3484],[13.2289,46.3508],[13.2287,46.3498],[13.2323,46.3442],[13.2387,46.3387],[13.2452,46.3362],[13.254,46.3341],[13.2548,46.3325],[13.2515,46.3301],[13.2475,46.3214],[13.2468,46.3178],[13.2399,46.3207],[13.2094,46.3251],[13.1724,46.3241],[13.1634,46.3215],[13.1467,46.3151],[13.1348,46.3136],[13.1211,46.3132],[13.1221,46.3233],[13.1238,46.3279],[13.1237,46.3313],[13.1222,46.3348],[13.1203,46.3354],[13.1158,46.3341],[13.1111,46.3373],[13.1067,46.3502],[13.0959,46.3534],[13.099,46.3625],[13.1151,46.3624],[13.1192,46.364],[13.1201,46.3659],[13.1188,46.3721],[13.1227,46.3782],[13.1255,46.3827],[13.1347,46.3882],[13.1453,46.39],[13.1585,46.3894]]]}},{"type":"Feature","properties":{"i":"030132","n":"Verzegnis"},"geometry":{"type":"Polygon","coordinates":[[[13.0224,46.3862],[13.0179,46.3822],[13.0051,46.3752],[13.0029,46.371],[12.9966,46.3677],[12.9926,46.3675],[12.9878,46.3648],[12.9809,46.3514],[12.9657,46.348],[12.9587,46.3476],[12.9593,46.3415],[12.9612,46.337],[12.949,46.3359],[12.9441,46.334],[12.9359,46.334],[12.9331,46.3357],[12.9283,46.3408],[12.9239,46.3435],[12.9151,46.3468],[12.9064,46.3348],[12.9054,46.3634],[12.9043,46.3705],[12.9167,46.3706],[12.9212,46.3725],[12.9251,46.3788],[12.9297,46.382],[12.9389,46.3906],[12.9422,46.3962],[12.9504,46.3993],[12.952,46.4019],[12.9687,46.4003],[12.9727,46.4042],[12.9816,46.4001],[12.9896,46.3974],[12.9943,46.3965],[12.9961,46.3981],[13.0224,46.3862]]]}},{"type":"Feature","properties":{"i":"030133","n":"Villa Santina"},"geometry":{"type":"Polygon","coordinates":[[[12.9613,46.4178],[12.9653,46.4186],[12.9682,46.4181],[12.974,46.4153],[12.9762,46.4126],[12.9754,46.4075],[12.9696,46.4006],[12.952,46.4019],[12.9504,46.3993],[12.9422,46.3962],[12.9389,46.3906],[12.9297,46.382],[12.9251,46.3788],[12.9221,46.3812],[12.9177,46.4011],[12.9096,46.4085],[12.9055,46.416],[12.9044,46.4219],[12.918,46.4225],[12.923,46.419],[12.9422,46.4159],[12.9567,46.4159],[12.9613,46.4178]]]}},{"type":"Feature","properties":{"i":"030135","n":"Visco"},"geometry":{"type":"Polygon","coordinates":[[[13.3619,45.8912],[13.3464,45.8871],[13.3338,45.8868],[13.3328,45.8897],[13.3251,45.8954],[13.3317,45.8997],[13.3391,45.8988],[13.3603,45.9044],[13.3619,45.8912]]]}},{"type":"Feature","properties":{"i":"030136","n":"Zuglio"},"geometry":{"type":"Polygon","coordinates":[[[13.0328,46.4559],[13.0342,46.4457],[13.0215,46.4449],[13.0091,46.4449],[13.0026,46.446],[12.9914,46.45],[12.9851,46.4535],[12.9791,46.4549],[12.9736,46.4551],[12.9681,46.4542],[12.9643,46.4558],[12.9472,46.4785],[12.9511,46.4803],[12.9678,46.4783],[12.9794,46.483],[12.9848,46.4838],[12.9911,46.4804],[12.9955,46.4799],[12.997,46.4804],[12.9969,46.4823],[13.0034,46.4866],[13.0056,46.4845],[13.0038,46.481],[13.0063,46.4774],[13.0125,46.473],[13.0215,46.4724],[13.0292,46.4622],[13.0328,46.4559]]]}},{"type":"Feature","properties":{"i":"030137","n":"Forgaria nel Friuli"},"geometry":{"type":"Polygon","coordinates":[[[13.0378,46.2329],[13.0355,46.2293],[13.0358,46.2244],[13.0313,46.2211],[13.0051,46.2117],[13.0059,46.2104],[12.9732,46.2008],[12.9652,46.1949],[12.957,46.2036],[12.9524,46.2041],[12.9377,46.2119],[12.9436,46.214],[12.9542,46.2142],[12.957,46.2206],[12.9559,46.2226],[12.959,46.2266],[12.9654,46.2303],[12.9732,46.2335],[12.9747,46.2356],[12.9743,46.2417],[12.9725,46.2501],[12.9756,46.2589],[12.9751,46.2631],[12.9764,46.267],[12.9906,46.2732],[12.9941,46.2683],[13.0106,46.2524],[13.0183,46.2388],[13.023,46.2366],[13.0378,46.2329]]]}},{"type":"Feature","properties":{"i":"030138","n":"Campolongo Tapogliano"},"geometry":{"type":"Polygon","coordinates":[[[13.4232,45.8712],[13.4251,45.8693],[13.4257,45.8673],[13.4242,45.8667],[13.4187,45.8675],[13.4132,45.8636],[13.4107,45.8569],[13.4154,45.8507],[13.4159,45.8484],[13.4141,45.8447],[13.4104,45.8422],[13.4083,45.8434],[13.4061,45.8477],[13.3916,45.8503],[13.3919,45.8519],[13.391,45.8562],[13.3839,45.8564],[13.3701,45.8546],[13.3825,45.8709],[13.3862,45.8743],[13.398,45.8793],[13.402,45.882],[13.4024,45.8863],[13.4004,45.8873],[13.398,45.8859],[13.3964,45.8947],[13.3997,45.8956],[13.4118,45.8894],[13.4165,45.8829],[13.4187,45.874],[13.4232,45.8712]]]}},{"type":"Feature","properties":{"i":"030188","n":"Rivignano Teor"},"geometry":{"type":"Polygon","coordinates":[[[13.1112,45.8862],[13.1124,45.874],[13.1054,45.8694],[13.1039,45.8634],[13.1044,45.8602],[13.0942,45.8611],[13.0882,45.8605],[13.0869,45.8596],[13.083,45.8511],[13.0838,45.8379],[13.0869,45.8299],[13.0848,45.8263],[13.0848,45.8187],[13.0839,45.8139],[13.0789,45.8128],[13.0764,45.8179],[13.0747,45.8191],[13.0673,45.8185],[13.0528,45.8312],[13.0361,45.8249],[13.0352,45.8269],[13.0387,45.8346],[13.0313,45.8404],[13.0269,45.849],[13.0244,45.8511],[13.0202,45.8528],[13.0164,45.8502],[13.0124,45.8435],[13.0115,45.8431],[13.0112,45.8483],[13.0082,45.8505],[13.0029,45.8602],[13.0045,45.8677],[13.0087,45.8673],[13.0177,45.8643],[13.021,45.8715],[13.0204,45.8773],[13.0404,45.8935],[13.0402,45.8983],[13.0458,45.897],[13.0703,45.8993],[13.0712,45.9007],[13.0696,45.9015],[13.0686,45.905],[13.0758,45.9119],[13.0852,45.9061],[13.0864,45.9036],[13.0956,45.8929],[13.1024,45.8897],[13.1102,45.888],[13.1112,45.8862]]]}},{"type":"Feature","properties":{"i":"030189","n":"Sappada"},"geometry":{"type":"Polygon","coordinates":[[[12.7496,46.544],[12.7294,46.5405],[12.713,46.5443],[12.6987,46.5409],[12.6911,46.5381],[12.6844,46.5334],[12.6819,46.529],[12.6756,46.5261],[12.6642,46.5235],[12.6306,46.5122],[12.63,46.5143],[12.6244,46.5209],[12.6215,46.5265],[12.6192,46.54],[12.6202,46.5438],[12.6287,46.5606],[12.6369,46.572],[12.6436,46.5758],[12.646,46.574],[12.657,46.5728],[12.6668,46.5817],[12.6746,46.5852],[12.68,46.5911],[12.6845,46.5975],[12.6875,46.5999],[12.7078,46.602],[12.7072,46.6095],[12.7051,46.6191],[12.7114,46.6256],[12.7256,46.6304],[12.7274,46.6304],[12.7295,46.6223],[12.7286,46.618],[12.7289,46.6105],[12.7328,46.6071],[12.7397,46.5961],[12.7411,46.5818],[12.7424,46.5763],[12.7408,46.5745],[12.7358,46.5722],[12.7328,46.5623],[12.7327,46.5575],[12.7359,46.5535],[12.7496,46.544]]]}},{"type":"Feature","properties":{"i":"030190","n":"Fiumicello Villa Vicentina"},"geometry":{"type":"Polygon","coordinates":[[[13.4263,45.8132],[13.4282,45.8087],[13.4338,45.8001],[13.433,45.7998],[13.4403,45.7857],[13.4376,45.7791],[13.428,45.7716],[13.4257,45.765],[13.422,45.7625],[13.42,45.7569],[13.4231,45.755],[13.4261,45.7552],[13.4317,45.7582],[13.4334,45.76],[13.4436,45.7545],[13.4487,45.7483],[13.4521,45.7483],[13.4588,45.7503],[13.4608,45.7525],[13.4618,45.7523],[13.4611,45.7497],[13.4602,45.7492],[13.4297,45.7434],[13.4228,45.7441],[13.4187,45.7424],[13.4164,45.7436],[13.4076,45.7519],[13.3993,45.7536],[13.3939,45.7639],[13.3868,45.7793],[13.3883,45.7862],[13.3916,45.7948],[13.3919,45.8002],[13.3903,45.8012],[13.385,45.7973],[13.3763,45.7938],[13.368,45.7943],[13.3726,45.8096],[13.375,45.8113],[13.382,45.8203],[13.3823,45.8219],[13.3857,45.8251],[13.3895,45.8258],[13.4004,45.8199],[13.3995,45.8127],[13.4004,45.8095],[13.4085,45.8092],[13.4116,45.8121],[13.411,45.8129],[13.4127,45.8147],[13.4169,45.8153],[13.4263,45.8132]]]}},{"type":"Feature","properties":{"i":"030191","n":"Treppo Ligosullo"},"geometry":{"type":"Polygon","coordinates":[[[13.0814,46.507],[13.0551,46.5036],[13.0458,46.504],[13.0424,46.5049],[13.0391,46.5067],[13.0405,46.5085],[13.042,46.5131],[13.0333,46.5235],[13.0277,46.5366],[13.0291,46.5439],[13.0293,46.5508],[13.0303,46.5523],[13.0351,46.558],[13.041,46.5604],[13.0432,46.5603],[13.0449,46.5552],[13.0464,46.5546],[13.0488,46.5598],[13.0489,46.5676],[13.0531,46.5738],[13.0636,46.584],[13.0725,46.5848],[13.088,46.5842],[13.1079,46.5794],[13.1094,46.5787],[13.1111,46.5754],[13.1083,46.5629],[13.1012,46.5592],[13.0899,46.5493],[13.0904,46.5439],[13.0897,46.5347],[13.0824,46.5284],[13.0748,46.5196],[13.0765,46.5119],[13.0807,46.5102],[13.0814,46.507]]]}}]}
