{"type":"FeatureCollection","fonte":"Confini provinciali ISTAT via openpolis/geojson-italy — CC BY 4.0","features":[{"type":"Feature","properties":{"s":"AG","n":"Agrigento","r":"Sicilia","b":[12.3199,35.4935,14.0375,37.7426]},"geometry":{"type":"MultiPolygon","coordinates":[[[[13.6634,37.1934],[13.6559,37.2116],[13.6389,37.2298],[13.6281,37.2352],[13.6223,37.2344],[13.5956,37.2572],[13.5768,37.2609],[13.5764,37.2682],[13.5555,37.2854],[13.5325,37.284],[13.5066,37.2917],[13.4792,37.287],[13.4654,37.2951],[13.4485,37.296],[13.4293,37.3039],[13.4248,37.312],[13.403,37.3324],[13.3883,37.3355],[13.375,37.3468],[13.3506,37.3585],[13.3217,37.3637],[13.3096,37.3785],[13.2926,37.3904],[13.2717,37.3914],[13.2556,37.4223],[13.2351,37.4371],[13.2172,37.4592],[13.2091,37.4641],[13.1962,37.465],[13.186,37.4797],[13.1689,37.492],[13.1485,37.4973],[13.1303,37.4926],[13.0767,37.5055],[13.0536,37.5039],[13.0385,37.4957],[13.0215,37.4953],[13.0133,37.4992],[13.0134,37.5105],[12.9936,37.5355],[12.9576,37.5661],[12.943,37.5723],[12.9177,37.5771],[12.9069,37.575],[12.9052,37.5738],[12.9104,37.5726],[12.9067,37.5724],[12.8965,37.5771],[12.9074,37.5951],[12.9068,37.6125],[12.9169,37.6448],[12.888,37.6419],[12.8885,37.6471],[12.8978,37.6562],[12.8932,37.662],[12.9015,37.664],[12.9068,37.6718],[12.9143,37.6752],[12.9178,37.6893],[12.9375,37.7015],[12.9427,37.7122],[12.9586,37.7201],[12.9586,37.7268],[12.9874,37.7344],[12.992,37.742],[12.9971,37.7394],[12.9977,37.7354],[13.0121,37.7426],[13.0266,37.7395],[13.034,37.7337],[13.0467,37.712],[13.0794,37.6902],[13.0828,37.6937],[13.1002,37.694],[13.1236,37.7015],[13.1483,37.6873],[13.1878,37.6916],[13.193,37.6833],[13.2139,37.674],[13.2091,37.6465],[13.212,37.6414],[13.226,37.6305],[13.2463,37.621],[13.2499,37.6122],[13.2523,37.6118],[13.2689,37.6417],[13.2771,37.647],[13.292,37.6406],[13.3024,37.6399],[13.3216,37.6498],[13.3278,37.6624],[13.3382,37.6599],[13.3484,37.6563],[13.3507,37.6487],[13.3199,37.6257],[13.3279,37.6209],[13.3339,37.6087],[13.3315,37.5993],[13.3207,37.5881],[13.3406,37.577],[13.3427,37.5739],[13.338,37.5595],[13.3397,37.554],[13.3445,37.5465],[13.3564,37.5393],[13.3673,37.5463],[13.4005,37.5585],[13.404,37.5706],[13.3922,37.5728],[13.3827,37.5903],[13.3812,37.5995],[13.3871,37.6124],[13.3919,37.6167],[13.4009,37.6178],[13.3881,37.6339],[13.3834,37.6514],[13.3958,37.6595],[13.4091,37.6587],[13.4263,37.6432],[13.4469,37.6589],[13.4536,37.6605],[13.4603,37.6571],[13.4637,37.6466],[13.5079,37.6588],[13.5113,37.6466],[13.525,37.6386],[13.549,37.639],[13.5646,37.6354],[13.5768,37.6388],[13.5876,37.6505],[13.6015,37.6559],[13.6512,37.6584],[13.6693,37.6698],[13.6742,37.6821],[13.6721,37.6888],[13.6914,37.6947],[13.7105,37.6871],[13.7501,37.6798],[13.7624,37.6794],[13.7847,37.6838],[13.7893,37.6882],[13.7996,37.6883],[13.8094,37.676],[13.8226,37.6758],[13.8231,37.6604],[13.8111,37.6416],[13.8296,37.6289],[13.8309,37.6186],[13.828,37.6166],[13.8232,37.6152],[13.7886,37.6235],[13.7805,37.6155],[13.7769,37.6069],[13.7668,37.6098],[13.7623,37.6068],[13.7647,37.5969],[13.754,37.5917],[13.7433,37.5922],[13.7081,37.583],[13.6819,37.587],[13.6721,37.5805],[13.6684,37.5742],[13.6699,37.571],[13.6853,37.56],[13.6939,37.5367],[13.6874,37.5346],[13.6934,37.5231],[13.6904,37.5008],[13.6859,37.4923],[13.6758,37.4907],[13.6643,37.4801],[13.6644,37.4763],[13.6564,37.4763],[13.6557,37.4673],[13.6506,37.4612],[13.6869,37.4584],[13.7054,37.4402],[13.7298,37.4375],[13.7481,37.4284],[13.7582,37.4321],[13.7594,37.4368],[13.7741,37.4406],[13.8002,37.4337],[13.8054,37.4356],[13.8123,37.4314],[13.8266,37.4324],[13.8345,37.4362],[13.8375,37.4339],[13.8413,37.4384],[13.849,37.4371],[13.8459,37.4288],[13.8622,37.4033],[13.896,37.403],[13.9047,37.3959],[13.9094,37.3871],[13.901,37.3803],[13.8866,37.375],[13.8878,37.3676],[13.8822,37.359],[13.9152,37.3414],[13.9271,37.3313],[13.9643,37.3289],[13.9779,37.3142],[13.9919,37.3078],[13.9918,37.2998],[13.9967,37.2931],[14.0062,37.2924],[14.0181,37.2856],[14.0222,37.2865],[14.0252,37.2933],[14.0315,37.2922],[14.0281,37.2749],[14.0096,37.2625],[14.0178,37.2581],[14.0067,37.2414],[14.0082,37.2338],[14.0156,37.2275],[13.9925,37.2205],[13.9946,37.2038],[14.0043,37.1936],[13.9823,37.1931],[14.0003,37.1777],[14.0112,37.16],[14.024,37.159],[14.03,37.1546],[14.0367,37.1277],[14.0363,37.1061],[13.9814,37.1093],[13.9337,37.0952],[13.9214,37.0989],[13.8936,37.098],[13.8656,37.1095],[13.8426,37.1348],[13.8247,37.1442],[13.7742,37.1455],[13.7504,37.1494],[13.7283,37.1689],[13.7115,37.172],[13.6839,37.1879],[13.6634,37.1934]],[[13.1455,37.6259],[13.1567,37.6255],[13.1826,37.634],[13.1685,37.6458],[13.1444,37.6431],[13.1455,37.6259]]],[[[12.5588,35.5112],[12.56,35.5089],[12.5571,35.51],[12.5588,35.5112]]],[[[12.5409,35.5289],[12.5913,35.5211],[12.6075,35.5245],[12.6109,35.5217],[12.6279,35.5204],[12.6331,35.5159],[12.626,35.5147],[12.6254,35.5055],[12.6332,35.5018],[12.6322,35.4942],[12.6084,35.4936],[12.6043,35.5027],[12.6002,35.4975],[12.5937,35.4984],[12.5636,35.5116],[12.5294,35.5157],[12.5173,35.5202],[12.5265,35.528],[12.5409,35.5289]]],[[[12.8754,35.8754],[12.8794,35.8727],[12.8833,35.8596],[12.8812,35.8549],[12.8566,35.857],[12.8502,35.8714],[12.8586,35.8747],[12.8754,35.8754]]]]}},{"type":"Feature","properties":{"s":"AL","n":"Alessandria","r":"Piemonte","b":[8.1094,44.4649,9.214,45.2054]},"geometry":{"type":"Polygon","coordinates":[[[8.4087,44.7069],[8.4328,44.7104],[8.4285,44.7115],[8.4286,44.7204],[8.4214,44.732],[8.4468,44.7413],[8.4511,44.7388],[8.459,44.7526],[8.466,44.755],[8.4879,44.7465],[8.489,44.7532],[8.4806,44.7521],[8.5013,44.7719],[8.4995,44.7751],[8.4925,44.7711],[8.4885,44.7725],[8.4957,44.7802],[8.5134,44.7872],[8.5119,44.7894],[8.502,44.7858],[8.4861,44.7959],[8.49,44.7996],[8.4786,44.8072],[8.4631,44.806],[8.4587,44.8021],[8.4519,44.81],[8.4372,44.812],[8.4257,44.8173],[8.42,44.8264],[8.4282,44.8382],[8.4232,44.8447],[8.4235,44.8495],[8.4029,44.8419],[8.3886,44.8468],[8.3762,44.8467],[8.3785,44.8653],[8.3908,44.8752],[8.383,44.8772],[8.3725,44.8894],[8.3642,44.9084],[8.3588,44.9129],[8.3617,44.9154],[8.3608,44.9222],[8.3668,44.927],[8.3805,44.9243],[8.3822,44.9376],[8.3761,44.9469],[8.3828,44.9502],[8.3787,44.957],[8.3852,44.9666],[8.3851,44.9729],[8.3805,44.9836],[8.3607,44.9868],[8.3516,44.9979],[8.3538,45.0061],[8.3599,45.0119],[8.3585,45.026],[8.3519,45.0283],[8.3482,45.034],[8.3307,45.0349],[8.3189,45.0532],[8.305,45.0596],[8.3115,45.0707],[8.3025,45.0771],[8.2763,45.0621],[8.24,45.0625],[8.2275,45.0476],[8.2346,45.036],[8.228,45.0213],[8.2178,45.0104],[8.2176,45.0163],[8.2084,45.0259],[8.1859,45.0405],[8.159,45.0275],[8.1495,45.0385],[8.1502,45.0535],[8.1352,45.0532],[8.1321,45.0561],[8.1337,45.0652],[8.1184,45.0717],[8.1203,45.0896],[8.1101,45.0945],[8.1094,45.0987],[8.1128,45.107],[8.1241,45.1088],[8.129,45.123],[8.1362,45.1289],[8.1366,45.1397],[8.1439,45.1438],[8.1394,45.1598],[8.1481,45.1665],[8.1743,45.1711],[8.1721,45.1596],[8.1768,45.16],[8.186,45.1647],[8.1897,45.1736],[8.2004,45.1783],[8.212,45.1722],[8.2151,45.1642],[8.2274,45.1653],[8.2663,45.1807],[8.2859,45.1785],[8.2945,45.1728],[8.3069,45.1779],[8.3285,45.1692],[8.3417,45.1724],[8.3611,45.1905],[8.3589,45.1955],[8.3734,45.2007],[8.3878,45.2006],[8.4021,45.2054],[8.4147,45.1982],[8.4402,45.1949],[8.4552,45.2036],[8.4589,45.2014],[8.4713,45.2045],[8.4907,45.1967],[8.4971,45.1981],[8.5072,45.1741],[8.5149,45.1716],[8.5365,45.1755],[8.555,45.1643],[8.5524,45.1593],[8.5544,45.1574],[8.582,45.151],[8.5865,45.1467],[8.5901,45.133],[8.6118,45.1275],[8.6091,45.1069],[8.6234,45.0983],[8.6224,45.0905],[8.6303,45.0882],[8.6397,45.0775],[8.646,45.0753],[8.6373,45.0661],[8.6447,45.0609],[8.6421,45.0605],[8.6452,45.057],[8.6406,45.0445],[8.6347,45.041],[8.6526,45.0343],[8.657,45.0284],[8.652,45.0237],[8.6591,45.018],[8.6729,45.0279],[8.6817,45.0288],[8.695,45.0232],[8.7008,45.0265],[8.705,45.0371],[8.7101,45.0383],[8.728,45.0228],[8.7438,45.0237],[8.7505,45.0207],[8.7541,45.0153],[8.7482,45.0132],[8.7479,45.0091],[8.7617,45.0121],[8.7717,45.0068],[8.7787,45.0132],[8.7777,45.0237],[8.7915,45.0199],[8.7983,45.0211],[8.8023,45.0261],[8.7944,45.0326],[8.7962,45.0358],[8.8099,45.0343],[8.8254,45.044],[8.8309,45.0427],[8.8605,45.0512],[8.8636,45.0494],[8.8809,45.0603],[8.8867,45.0601],[8.8811,45.0541],[8.8857,45.0506],[8.8916,45.0513],[8.9002,45.0436],[8.8951,45.0404],[8.9022,45.0379],[8.9044,45.0296],[8.9013,45.0078],[8.9169,44.9881],[8.9254,44.9847],[8.9256,44.9822],[8.9436,44.9845],[8.9445,44.9871],[8.9606,44.9873],[8.9781,44.9672],[8.9783,44.9568],[8.9696,44.9435],[8.9772,44.9401],[8.9983,44.9179],[9.0013,44.9082],[9.0062,44.9037],[9.0184,44.9008],[9.0304,44.8885],[9.0552,44.8889],[9.07,44.8652],[9.0676,44.8601],[9.049,44.8499],[9.0645,44.8331],[9.0641,44.8302],[9.0729,44.828],[9.075,44.823],[9.0723,44.8175],[9.0799,44.8142],[9.0951,44.819],[9.107,44.8105],[9.1261,44.8062],[9.1467,44.809],[9.156,44.8154],[9.161,44.8147],[9.1597,44.8063],[9.1735,44.7961],[9.1717,44.7717],[9.1942,44.7568],[9.2136,44.7523],[9.214,44.7455],[9.2028,44.7221],[9.2072,44.7055],[9.1992,44.6841],[9.2064,44.6602],[9.198,44.6498],[9.2002,44.6163],[9.2049,44.5985],[9.199,44.5928],[9.1751,44.5878],[9.1526,44.5742],[9.1377,44.5739],[9.1107,44.582],[9.1024,44.5929],[9.1035,44.6094],[9.0846,44.6165],[9.0733,44.6243],[9.058,44.6218],[9.047,44.6147],[9.0388,44.6409],[9.0315,44.6424],[9.0333,44.6474],[9.0258,44.6498],[9.0211,44.6609],[9.0135,44.6666],[9.0001,44.6675],[8.9908,44.6622],[8.9736,44.6632],[8.9595,44.676],[8.9311,44.6761],[8.9264,44.6743],[8.9088,44.6476],[8.8826,44.6387],[8.8927,44.6257],[8.9034,44.6219],[8.9077,44.6139],[8.9059,44.6029],[8.9119,44.58],[8.9217,44.5671],[8.9175,44.5611],[8.8944,44.5554],[8.8913,44.5506],[8.8843,44.5523],[8.8686,44.5662],[8.865,44.5659],[8.8629,44.5606],[8.8268,44.5618],[8.8222,44.5502],[8.8288,44.5431],[8.8237,44.5382],[8.8081,44.5353],[8.7991,44.5301],[8.7949,44.5225],[8.7977,44.5002],[8.7886,44.4964],[8.7877,44.4893],[8.7697,44.4894],[8.7669,44.492],[8.7715,44.5078],[8.7676,44.525],[8.7605,44.5302],[8.7539,44.5244],[8.7498,44.5268],[8.7558,44.5306],[8.7567,44.5361],[8.7505,44.545],[8.7382,44.5518],[8.7398,44.5554],[8.7329,44.57],[8.721,44.5799],[8.69,44.582],[8.6822,44.5755],[8.6668,44.5825],[8.6625,44.5798],[8.6325,44.5805],[8.6239,44.5864],[8.611,44.5705],[8.6009,44.5678],[8.5989,44.5587],[8.6135,44.5455],[8.6071,44.5375],[8.6007,44.5389],[8.5928,44.5352],[8.5867,44.5242],[8.5738,44.5233],[8.5762,44.5092],[8.5591,44.5033],[8.5495,44.504],[8.5437,44.512],[8.5368,44.513],[8.5159,44.5098],[8.4818,44.5108],[8.4707,44.5225],[8.4531,44.5099],[8.4495,44.4974],[8.4421,44.503],[8.4286,44.5025],[8.4203,44.5119],[8.4161,44.5124],[8.4037,44.5074],[8.4,44.5022],[8.401,44.4934],[8.3908,44.4877],[8.3944,44.4802],[8.3924,44.477],[8.3749,44.4744],[8.3724,44.4702],[8.3585,44.4649],[8.3492,44.4856],[8.3216,44.488],[8.3048,44.5035],[8.2763,44.5067],[8.2616,44.5194],[8.2808,44.5332],[8.2796,44.5427],[8.2852,44.558],[8.3024,44.5644],[8.3215,44.5586],[8.332,44.5617],[8.3377,44.5675],[8.3687,44.5752],[8.3469,44.5919],[8.3389,44.5917],[8.3385,44.5881],[8.3344,44.5878],[8.3195,44.594],[8.314,44.603],[8.3268,44.6209],[8.3396,44.623],[8.3554,44.6384],[8.3556,44.6544],[8.3511,44.6661],[8.3556,44.6758],[8.347,44.6929],[8.3659,44.6958],[8.3931,44.686],[8.4206,44.6923],[8.4203,44.6949],[8.415,44.6943],[8.4109,44.6984],[8.4087,44.7069]],[[8.704,45.0175],[8.7061,45.0129],[8.7054,45.0245],[8.704,45.0175]]]}},{"type":"Feature","properties":{"s":"AN","n":"Ancona","r":"Marche","b":[12.7468,43.2099,13.6584,43.7505]},"geometry":{"type":"Polygon","coordinates":[[[13.4227,43.6205],[13.4539,43.6105],[13.4816,43.6068],[13.4921,43.6131],[13.4906,43.6165],[13.4953,43.6225],[13.5043,43.6155],[13.5091,43.6221],[13.4997,43.6255],[13.4997,43.6306],[13.5069,43.6305],[13.5149,43.6244],[13.5262,43.6216],[13.5517,43.6029],[13.5662,43.5872],[13.5694,43.5753],[13.5759,43.5688],[13.6091,43.559],[13.6255,43.5503],[13.6281,43.5445],[13.6217,43.5347],[13.6257,43.5114],[13.623,43.5049],[13.6423,43.4742],[13.607,43.4633],[13.6016,43.458],[13.6272,43.452],[13.6345,43.445],[13.6556,43.4473],[13.6574,43.4319],[13.6272,43.4188],[13.6163,43.4172],[13.588,43.4196],[13.58,43.4288],[13.5817,43.4332],[13.5897,43.438],[13.5944,43.4472],[13.5855,43.4431],[13.5611,43.4408],[13.5301,43.4401],[13.5109,43.4435],[13.4809,43.4364],[13.4602,43.4383],[13.448,43.4458],[13.4345,43.4374],[13.4351,43.4339],[13.4123,43.4351],[13.4012,43.4233],[13.3688,43.411],[13.3598,43.4059],[13.351,43.395],[13.3359,43.3915],[13.3351,43.3957],[13.315,43.399],[13.3019,43.4144],[13.2887,43.4232],[13.2832,43.4428],[13.2715,43.4554],[13.2808,43.4612],[13.2444,43.4594],[13.2266,43.4394],[13.2254,43.4325],[13.2072,43.4164],[13.1697,43.4191],[13.1502,43.4136],[13.1347,43.4179],[13.1256,43.4277],[13.0918,43.4359],[13.0852,43.4233],[13.0718,43.4165],[13.0713,43.4114],[13.0801,43.4054],[13.0861,43.395],[13.0799,43.389],[13.0718,43.3909],[13.0709,43.3866],[13.0622,43.3812],[13.0622,43.3668],[13.0486,43.3584],[13.0439,43.3426],[13.0356,43.3398],[13.0405,43.3361],[13.0269,43.3279],[13.0148,43.3102],[13.0069,43.3053],[12.9883,43.3018],[12.9855,43.2928],[12.9695,43.2825],[12.9118,43.2702],[12.9025,43.2801],[12.897,43.2731],[12.882,43.267],[12.884,43.2534],[12.8972,43.232],[12.8924,43.2248],[12.8773,43.2219],[12.8623,43.2113],[12.8506,43.2099],[12.8432,43.2136],[12.8366,43.2175],[12.8372,43.2245],[12.8283,43.2392],[12.8257,43.2485],[12.8287,43.2606],[12.8235,43.2668],[12.8037,43.2713],[12.789,43.2832],[12.7996,43.2908],[12.8024,43.3047],[12.7941,43.334],[12.7731,43.3503],[12.7701,43.36],[12.7593,43.3644],[12.7583,43.3725],[12.7496,43.3809],[12.7468,43.3905],[12.7514,43.395],[12.7717,43.401],[12.7808,43.4148],[12.7656,43.4271],[12.7683,43.4372],[12.7665,43.4456],[12.7764,43.4505],[12.7674,43.4598],[12.7692,43.465],[12.7755,43.4722],[12.7991,43.4789],[12.7991,43.4947],[12.8059,43.5041],[12.832,43.5101],[12.8432,43.5183],[12.8453,43.5254],[12.8768,43.5361],[12.9073,43.5588],[12.9217,43.575],[12.9178,43.5824],[12.923,43.5878],[12.9284,43.5865],[12.9385,43.5915],[12.9425,43.597],[12.9614,43.5983],[12.9798,43.6262],[12.988,43.6498],[12.9862,43.6554],[13.0042,43.6583],[13.0154,43.6651],[13.0228,43.6745],[13.0387,43.6762],[13.0698,43.693],[13.0771,43.7053],[13.0727,43.7153],[13.0626,43.7233],[13.0976,43.7291],[13.1055,43.7267],[13.1275,43.7302],[13.1612,43.7428],[13.1727,43.7505],[13.2862,43.6792],[13.3536,43.6487],[13.3754,43.644],[13.4227,43.6205]],[[13.0902,43.7155],[13.0851,43.7188],[13.0786,43.7134],[13.0822,43.7111],[13.0902,43.7155]],[[13.0961,43.7214],[13.0919,43.7244],[13.0871,43.7205],[13.0909,43.717],[13.0978,43.7179],[13.1015,43.7221],[13.0961,43.7214]]]}},{"type":"Feature","properties":{"s":"AO","n":"Valle d'Aosta/Vallée d'Aoste","r":"Valle d'Aosta/Vallée d'Aoste","b":[6.8016,45.467,7.9395,45.9878]},"geometry":{"type":"Polygon","coordinates":[[[7.7346,45.9237],[7.7506,45.9398],[7.7692,45.9368],[7.8001,45.9171],[7.8214,45.9269],[7.864,45.9164],[7.8614,45.9104],[7.8687,45.8689],[7.8756,45.8621],[7.8739,45.8532],[7.8667,45.8483],[7.8639,45.8396],[7.8709,45.8342],[7.8734,45.8259],[7.8623,45.8199],[7.8662,45.8025],[7.8641,45.79],[7.8823,45.7697],[7.8849,45.7602],[7.8948,45.7528],[7.9173,45.7435],[7.929,45.7424],[7.9273,45.7347],[7.9366,45.7243],[7.9203,45.7019],[7.9115,45.7004],[7.9048,45.6847],[7.9111,45.6798],[7.9119,45.6707],[7.9216,45.6664],[7.9226,45.6581],[7.9395,45.6437],[7.9361,45.6357],[7.915,45.6327],[7.8975,45.6125],[7.8959,45.6007],[7.9008,45.5917],[7.8958,45.59],[7.8875,45.598],[7.8792,45.6002],[7.8623,45.597],[7.8489,45.6023],[7.8406,45.5973],[7.8278,45.5971],[7.7957,45.5864],[7.7968,45.5827],[7.7853,45.5748],[7.7572,45.5646],[7.7327,45.5503],[7.7189,45.5589],[7.7063,45.5555],[7.6883,45.5573],[7.6755,45.5523],[7.6571,45.5629],[7.634,45.5708],[7.6091,45.5629],[7.6064,45.5722],[7.5997,45.5781],[7.5821,45.5818],[7.5665,45.5916],[7.5474,45.588],[7.5318,45.5768],[7.4893,45.5831],[7.4635,45.5748],[7.448,45.5556],[7.4206,45.5466],[7.4107,45.5355],[7.3958,45.5309],[7.3945,45.5273],[7.3772,45.5169],[7.3705,45.5173],[7.367,45.5234],[7.3593,45.5259],[7.3353,45.5212],[7.3211,45.514],[7.3029,45.5169],[7.2695,45.5147],[7.2637,45.499],[7.2476,45.4941],[7.2227,45.4705],[7.2085,45.474],[7.1995,45.4811],[7.1603,45.4866],[7.1521,45.4844],[7.1475,45.4777],[7.1432,45.478],[7.1369,45.4909],[7.143,45.4985],[7.143,45.5059],[7.1375,45.5163],[7.1217,45.5062],[7.1149,45.4871],[7.1147,45.4775],[7.1043,45.467],[7.0786,45.4731],[7.0479,45.4725],[7.0446,45.48],[7.0542,45.4884],[7.0546,45.494],[7.0435,45.4977],[7.0196,45.4977],[6.9998,45.5051],[7.0038,45.52],[6.9904,45.5307],[6.9956,45.5448],[6.9898,45.5626],[6.9951,45.5694],[6.995,45.5761],[6.9802,45.5842],[6.9779,45.5889],[6.9851,45.6117],[6.9845,45.6236],[7.0001,45.635],[6.9968,45.6408],[6.9717,45.6492],[6.9686,45.6545],[6.9609,45.6551],[6.9327,45.6473],[6.9253,45.6492],[6.9164,45.6522],[6.9159,45.658],[6.906,45.6674],[6.9065,45.6752],[6.9019,45.6808],[6.8928,45.676],[6.8686,45.6812],[6.848,45.6902],[6.8133,45.7226],[6.8105,45.7288],[6.8173,45.7397],[6.8066,45.7469],[6.805,45.7544],[6.8057,45.7692],[6.8016,45.7817],[6.8047,45.7913],[6.8116,45.7984],[6.812,45.8059],[6.8054,45.817],[6.8178,45.8333],[6.8431,45.8423],[6.8649,45.8332],[6.872,45.8398],[6.8739,45.8461],[6.8802,45.8499],[6.8974,45.8426],[6.9421,45.8487],[6.9551,45.8608],[6.9692,45.8659],[6.9904,45.8681],[6.9993,45.8742],[7.0057,45.8886],[7.0038,45.8992],[7.018,45.9138],[7.0329,45.9214],[7.0447,45.9227],[7.0573,45.9143],[7.0769,45.8898],[7.0942,45.8763],[7.0937,45.8715],[7.1016,45.859],[7.1183,45.8595],[7.1351,45.8727],[7.1565,45.8793],[7.1645,45.8769],[7.1614,45.8716],[7.1717,45.865],[7.1903,45.8586],[7.2003,45.8631],[7.1977,45.8696],[7.2,45.8753],[7.2207,45.8896],[7.2402,45.8897],[7.2499,45.893],[7.2529,45.8887],[7.2575,45.8887],[7.2942,45.9217],[7.3242,45.9104],[7.3442,45.9151],[7.3859,45.8973],[7.403,45.9106],[7.4119,45.9092],[7.4272,45.9157],[7.4421,45.9298],[7.4577,45.9349],[7.4742,45.9356],[7.4714,45.9473],[7.4781,45.9526],[7.5023,45.9607],[7.541,45.9564],[7.546,45.9621],[7.5416,45.9766],[7.5462,45.9845],[7.5701,45.9878],[7.5781,45.9863],[7.5816,45.9755],[7.5886,45.9708],[7.6392,45.9703],[7.6579,45.9766],[7.6637,45.9756],[7.6765,45.9652],[7.6813,45.9572],[7.7019,45.9536],[7.7099,45.9483],[7.709,45.9335],[7.7182,45.9246],[7.7346,45.9237]]]}},{"type":"Feature","properties":{"s":"AP","n":"Ascoli Piceno","r":"Marche","b":[13.1875,42.6872,13.9162,43.0798]},"geometry":{"type":"Polygon","coordinates":[[[13.5052,42.7756],[13.5023,42.771],[13.504,42.7505],[13.4934,42.7366],[13.4824,42.7321],[13.4625,42.7346],[13.4476,42.7318],[13.438,42.7175],[13.4404,42.7021],[13.4376,42.6992],[13.4274,42.7064],[13.3926,42.6874],[13.3578,42.6941],[13.3419,42.7015],[13.3185,42.7234],[13.2946,42.7306],[13.2841,42.7398],[13.2645,42.7402],[13.2542,42.7215],[13.1875,42.7339],[13.1992,42.7487],[13.1988,42.7543],[13.1933,42.7588],[13.1951,42.7619],[13.2088,42.7639],[13.2211,42.7727],[13.2368,42.7693],[13.2386,42.7609],[13.2456,42.7678],[13.2508,42.7887],[13.2642,42.8098],[13.2627,42.8159],[13.2553,42.8226],[13.2426,42.8597],[13.233,42.8705],[13.2345,42.8769],[13.2418,42.892],[13.2585,42.8997],[13.2601,42.9081],[13.2812,42.9116],[13.2915,42.9253],[13.3567,42.9149],[13.3753,42.8902],[13.384,42.8943],[13.3814,42.9059],[13.3993,42.9127],[13.4096,42.9251],[13.4092,42.9303],[13.392,42.9398],[13.3943,42.947],[13.3905,42.9534],[13.3967,42.9552],[13.4013,42.961],[13.3918,42.9655],[13.3981,42.9718],[13.403,42.9731],[13.4072,42.9696],[13.4155,42.9739],[13.4156,42.9776],[13.4211,42.9772],[13.4548,42.9659],[13.4789,42.9843],[13.4935,42.9887],[13.5028,42.9873],[13.5247,42.9927],[13.5576,42.9892],[13.5752,42.9991],[13.5758,43.0044],[13.5833,43.0111],[13.5984,43.0091],[13.6222,43.0233],[13.6311,43.0328],[13.6432,43.0378],[13.6572,43.0293],[13.6569,43.0421],[13.6816,43.0425],[13.7277,43.0625],[13.7852,43.0798],[13.7865,43.0714],[13.7968,43.0621],[13.8497,43.0667],[13.8815,42.9641],[13.9162,42.8946],[13.8805,42.8918],[13.8566,42.8846],[13.8221,42.8797],[13.804,42.8687],[13.778,42.8604],[13.7266,42.8556],[13.7066,42.8493],[13.7063,42.8456],[13.7109,42.8434],[13.6993,42.8226],[13.6765,42.8151],[13.6636,42.8071],[13.6355,42.8033],[13.6288,42.8069],[13.6284,42.815],[13.6244,42.8165],[13.6132,42.8103],[13.6001,42.8063],[13.5888,42.8072],[13.5747,42.8008],[13.555,42.8044],[13.5456,42.8159],[13.535,42.8168],[13.5297,42.796],[13.5169,42.7895],[13.5052,42.7756]]]}},{"type":"Feature","properties":{"s":"AQ","n":"L'Aquila","r":"Abruzzo","b":[13.019,41.6821,14.2297,42.5913]},"geometry":{"type":"Polygon","coordinates":[[[13.941,41.688],[13.9329,41.693],[13.9193,41.7179],[13.9045,41.7182],[13.8976,41.7321],[13.8917,41.7352],[13.8792,41.7287],[13.8564,41.7312],[13.8448,41.7382],[13.8235,41.7409],[13.8121,41.7542],[13.7901,41.743],[13.7672,41.7489],[13.7494,41.7612],[13.7491,41.7728],[13.7312,41.7871],[13.7296,41.7989],[13.7171,41.7977],[13.7056,41.7875],[13.6927,41.7915],[13.6811,41.8043],[13.6742,41.8072],[13.6609,41.8113],[13.6489,41.8109],[13.6379,41.8037],[13.6428,41.7922],[13.6313,41.7826],[13.6134,41.778],[13.6018,41.7694],[13.5861,41.7664],[13.5762,41.755],[13.5718,41.7543],[13.5614,41.7615],[13.5453,41.7624],[13.5204,41.773],[13.5216,41.7798],[13.5112,41.7886],[13.5051,41.8016],[13.4697,41.8066],[13.4538,41.8219],[13.4169,41.8347],[13.4066,41.8375],[13.3963,41.834],[13.3915,41.8198],[13.3805,41.8171],[13.3668,41.8331],[13.3673,41.8633],[13.359,41.8693],[13.3827,41.9008],[13.3784,41.9118],[13.3644,41.9248],[13.3566,41.9257],[13.3512,41.9212],[13.3455,41.9222],[13.3387,41.9255],[13.3239,41.9435],[13.3084,41.9531],[13.2983,41.9543],[13.2963,41.9486],[13.2872,41.9499],[13.2654,41.9668],[13.2417,41.9718],[13.2267,41.9835],[13.2142,41.9873],[13.1991,41.9865],[13.1697,41.9978],[13.147,42.012],[13.105,42.026],[13.0985,42.0262],[13.0966,42.0219],[13.101,42.008],[13.0778,42.0094],[13.0545,42.0164],[13.0492,42.0235],[13.0465,42.0353],[13.0266,42.05],[13.026,42.0631],[13.0217,42.0672],[13.0193,42.0791],[13.026,42.0984],[13.0319,42.1058],[13.0308,42.1221],[13.039,42.1174],[13.0573,42.1229],[13.0731,42.1319],[13.0768,42.139],[13.0859,42.1439],[13.0935,42.1607],[13.0935,42.1665],[13.0868,42.1732],[13.0871,42.1779],[13.1199,42.1767],[13.1697,42.1507],[13.1781,42.1534],[13.1833,42.1589],[13.1954,42.1578],[13.2057,42.1484],[13.2233,42.1433],[13.2372,42.1291],[13.2488,42.1274],[13.2695,42.1375],[13.2849,42.1343],[13.3053,42.1383],[13.3175,42.1537],[13.3283,42.1547],[13.3227,42.161],[13.3273,42.1639],[13.3546,42.1674],[13.3424,42.1768],[13.3799,42.1804],[13.3743,42.187],[13.352,42.1914],[13.3415,42.1984],[13.3319,42.2082],[13.3387,42.2155],[13.3356,42.2224],[13.3271,42.2238],[13.3199,42.2296],[13.2972,42.2311],[13.2828,42.2369],[13.2745,42.2436],[13.2698,42.2551],[13.2567,42.2648],[13.2426,42.2689],[13.2289,42.2872],[13.2265,42.3193],[13.1914,42.3323],[13.1716,42.3487],[13.1533,42.357],[13.1894,42.3811],[13.1942,42.3892],[13.1892,42.4002],[13.1552,42.4142],[13.1387,42.4313],[13.1162,42.4439],[13.14,42.4627],[13.1541,42.4623],[13.1784,42.4793],[13.1714,42.4851],[13.1778,42.5126],[13.1669,42.5155],[13.1578,42.5284],[13.1558,42.5401],[13.1666,42.5404],[13.1735,42.5454],[13.1761,42.5529],[13.1743,42.5675],[13.1923,42.578],[13.1914,42.5875],[13.2191,42.5824],[13.2459,42.5727],[13.2533,42.5812],[13.2794,42.5833],[13.2845,42.5816],[13.2933,42.5695],[13.3217,42.5786],[13.3446,42.5758],[13.3818,42.581],[13.3845,42.586],[13.394,42.5913],[13.3966,42.5805],[13.4041,42.5723],[13.4023,42.5616],[13.4093,42.5389],[13.4261,42.519],[13.4484,42.5038],[13.4521,42.4966],[13.4756,42.4831],[13.5132,42.4723],[13.5257,42.4724],[13.5252,42.45],[13.5521,42.448],[13.5617,42.4584],[13.5658,42.4585],[13.576,42.4539],[13.6237,42.4504],[13.6653,42.4383],[13.699,42.4437],[13.723,42.4427],[13.7591,42.4284],[13.7631,42.4209],[13.7764,42.4139],[13.7868,42.3939],[13.8086,42.3787],[13.8128,42.3683],[13.7991,42.3658],[13.8072,42.3463],[13.8054,42.3382],[13.8245,42.3162],[13.8285,42.2936],[13.8383,42.2889],[13.8443,42.2812],[13.8406,42.2683],[13.8424,42.2565],[13.8383,42.2552],[13.833,42.2465],[13.8278,42.2469],[13.8207,42.2532],[13.8103,42.248],[13.8041,42.2378],[13.7992,42.2372],[13.8075,42.2261],[13.8035,42.2023],[13.8108,42.1967],[13.8092,42.192],[13.7983,42.1857],[13.7994,42.1682],[13.7892,42.1539],[13.8312,42.1435],[13.8353,42.1448],[13.8349,42.1484],[13.8455,42.1427],[13.8527,42.146],[13.8552,42.1559],[13.8591,42.1594],[13.8989,42.1656],[13.9077,42.1562],[13.9048,42.1484],[13.9115,42.1431],[13.933,42.1313],[13.962,42.1247],[13.9766,42.1025],[13.9932,42.0904],[14.0001,42.0775],[14.0061,42.0731],[14.0305,42.0829],[14.0829,42.0873],[14.0911,42.084],[14.1002,42.0747],[14.099,42.0639],[14.104,42.048],[14.0905,42.0408],[14.0906,42.0327],[14.0815,42.0183],[14.0802,42.0091],[14.081,42.0017],[14.0899,41.9975],[14.0979,41.9458],[14.0818,41.9394],[14.0949,41.9223],[14.1063,41.8934],[14.1383,41.8872],[14.1682,41.9011],[14.1832,41.9035],[14.2114,41.8906],[14.2297,41.8771],[14.2253,41.8736],[14.2187,41.8573],[14.1965,41.8486],[14.1973,41.8428],[14.1895,41.8416],[14.178,41.8454],[14.1662,41.8424],[14.1558,41.8371],[14.1472,41.8273],[14.1542,41.8162],[14.1584,41.8156],[14.1648,41.8073],[14.1715,41.7784],[14.1768,41.7737],[14.1949,41.7729],[14.2018,41.7649],[14.1947,41.7582],[14.1941,41.7493],[14.1902,41.7482],[14.1764,41.7513],[14.1756,41.7638],[14.1718,41.7658],[14.1636,41.7595],[14.1594,41.7478],[14.1207,41.7452],[14.1154,41.7354],[14.1209,41.7324],[14.1233,41.7261],[14.1168,41.7149],[14.1081,41.7075],[14.0944,41.7379],[14.0848,41.739],[14.0696,41.7372],[14.0531,41.719],[14.0532,41.7017],[14.0319,41.7021],[14.0242,41.6971],[14.0188,41.6821],[13.9949,41.6932],[13.9831,41.6948],[13.9555,41.6955],[13.941,41.688]]]}},{"type":"Feature","properties":{"s":"AR","n":"Arezzo","r":"Toscana","b":[11.3975,43.1571,12.3714,43.8775]},"geometry":{"type":"MultiPolygon","coordinates":[[[[12.1027,43.5299],[12.0911,43.512],[12.0919,43.5018],[12.1412,43.4819],[12.1448,43.4796],[12.1432,43.4703],[12.1046,43.4606],[12.0966,43.4456],[12.0814,43.434],[12.0569,43.4383],[12.0436,43.426],[12.0299,43.4215],[12.0252,43.4156],[12.0277,43.4087],[12.0337,43.4002],[12.0521,43.3983],[12.071,43.405],[12.0773,43.4021],[12.073,43.3876],[12.0737,43.3686],[12.0774,43.3656],[12.089,43.3662],[12.1026,43.3725],[12.1188,43.3644],[12.1248,43.358],[12.1354,43.3407],[12.1343,43.3162],[12.1268,43.3082],[12.1326,43.293],[12.177,43.2818],[12.1852,43.2944],[12.1832,43.3008],[12.1951,43.3142],[12.2234,43.295],[12.2086,43.282],[12.1747,43.2731],[12.1488,43.2548],[12.1211,43.255],[12.0924,43.2359],[12.0849,43.2366],[12.0496,43.2528],[12.044,43.251],[12.0338,43.246],[12.039,43.2288],[12.0261,43.1903],[12.0186,43.1841],[12.0049,43.1803],[11.9878,43.1808],[11.9622,43.167],[11.9355,43.1749],[11.926,43.173],[11.9195,43.1678],[11.9034,43.1745],[11.8928,43.16],[11.8874,43.1571],[11.8576,43.1779],[11.8481,43.1883],[11.8384,43.2054],[11.8337,43.2245],[11.813,43.2207],[11.7963,43.2219],[11.7749,43.2381],[11.7501,43.2352],[11.7197,43.2546],[11.7225,43.2586],[11.7089,43.2801],[11.7004,43.2858],[11.6781,43.2855],[11.6732,43.2961],[11.659,43.313],[11.658,43.3217],[11.6423,43.3295],[11.626,43.3427],[11.5692,43.3631],[11.5573,43.3759],[11.548,43.3777],[11.5301,43.3951],[11.5354,43.4111],[11.5456,43.4213],[11.542,43.4426],[11.5506,43.4596],[11.5285,43.4569],[11.5186,43.4674],[11.5133,43.4687],[11.5007,43.4617],[11.4893,43.4769],[11.479,43.4794],[11.4651,43.4935],[11.4601,43.4999],[11.4598,43.5105],[11.4359,43.5116],[11.4252,43.5297],[11.4144,43.5351],[11.4031,43.5483],[11.3975,43.5482],[11.4046,43.5533],[11.408,43.5607],[11.4392,43.5636],[11.4479,43.5688],[11.4515,43.5772],[11.47,43.5856],[11.5117,43.5775],[11.5215,43.5811],[11.5132,43.5905],[11.516,43.5967],[11.5021,43.6093],[11.4951,43.6224],[11.4839,43.6261],[11.508,43.6406],[11.547,43.6463],[11.5413,43.6523],[11.5392,43.6616],[11.5965,43.686],[11.6042,43.6842],[11.6097,43.6863],[11.6111,43.6944],[11.5938,43.716],[11.5839,43.7177],[11.5771,43.7236],[11.572,43.7343],[11.589,43.7486],[11.5819,43.766],[11.5953,43.7729],[11.5952,43.7776],[11.6028,43.785],[11.6048,43.8102],[11.6225,43.8147],[11.6285,43.8212],[11.6295,43.8249],[11.6233,43.8317],[11.6291,43.8451],[11.6469,43.8457],[11.6527,43.8418],[11.6544,43.847],[11.6501,43.8587],[11.6624,43.8725],[11.6704,43.8768],[11.692,43.8727],[11.7098,43.8775],[11.7219,43.8744],[11.7325,43.8632],[11.7842,43.8476],[11.8209,43.816],[11.8417,43.808],[11.8561,43.8159],[11.8667,43.8166],[11.887,43.8087],[11.8976,43.8082],[11.9104,43.8134],[11.9144,43.8083],[11.9131,43.7989],[11.924,43.794],[11.9483,43.7904],[11.9534,43.7761],[11.9865,43.7619],[12.0096,43.7647],[12.0444,43.7552],[12.0463,43.7585],[12.0529,43.757],[12.0614,43.753],[12.0646,43.7429],[12.0703,43.7408],[12.0771,43.7407],[12.1074,43.7538],[12.1236,43.7492],[12.1398,43.7525],[12.16,43.7617],[12.1648,43.7611],[12.1717,43.7498],[12.1946,43.7319],[12.1999,43.7417],[12.1977,43.7448],[12.2093,43.7551],[12.229,43.7596],[12.2413,43.7542],[12.2414,43.7514],[12.2482,43.7515],[12.2547,43.7533],[12.258,43.7604],[12.2838,43.7649],[12.3014,43.756],[12.3191,43.7546],[12.3271,43.751],[12.3377,43.7369],[12.371,43.7117],[12.3695,43.7066],[12.3573,43.702],[12.3457,43.709],[12.3305,43.708],[12.3297,43.6986],[12.3362,43.6781],[12.3308,43.6736],[12.3157,43.6779],[12.3204,43.6879],[12.3187,43.6959],[12.314,43.7008],[12.3137,43.7209],[12.3083,43.7302],[12.3056,43.7285],[12.3011,43.7195],[12.3053,43.713],[12.3033,43.7005],[12.3058,43.6979],[12.2934,43.6846],[12.2744,43.6766],[12.2451,43.6815],[12.251,43.6737],[12.2495,43.6689],[12.2333,43.6565],[12.2201,43.6507],[12.1976,43.648],[12.1855,43.6418],[12.1897,43.6329],[12.2096,43.6213],[12.2138,43.6109],[12.1998,43.6032],[12.1898,43.5866],[12.1627,43.5614],[12.1532,43.5287],[12.1431,43.5341],[12.1027,43.5299]]],[[[12.2243,43.8099],[12.2325,43.8071],[12.2371,43.8012],[12.2395,43.7865],[12.2124,43.7817],[12.2003,43.7745],[12.1993,43.7704],[12.1847,43.7767],[12.1698,43.8046],[12.1772,43.8117],[12.1889,43.8047],[12.2,43.8061],[12.218,43.8028],[12.2243,43.8099]]]]}},{"type":"Feature","properties":{"s":"AT","n":"Asti","r":"Piemonte","b":[7.8834,44.5194,8.5134,45.1319]},"geometry":{"type":"Polygon","coordinates":[[[7.9668,45.1167],[7.9897,45.1293],[8.0161,45.1256],[8.0307,45.13],[8.0468,45.1281],[8.0443,45.1188],[8.0478,45.1079],[8.0751,45.0974],[8.0907,45.1139],[8.0967,45.1319],[8.1,45.1288],[8.129,45.123],[8.1241,45.1088],[8.1128,45.107],[8.1094,45.0987],[8.1101,45.0945],[8.1203,45.0896],[8.1184,45.0717],[8.1337,45.0652],[8.1321,45.0561],[8.1352,45.0532],[8.1502,45.0535],[8.1495,45.0385],[8.159,45.0275],[8.1859,45.0405],[8.2084,45.0259],[8.2186,45.0145],[8.2163,45.0106],[8.2304,45.0261],[8.2346,45.0363],[8.2275,45.0476],[8.24,45.0625],[8.2763,45.0621],[8.3025,45.0771],[8.3115,45.0707],[8.305,45.0596],[8.3189,45.0532],[8.3307,45.0349],[8.3482,45.034],[8.3519,45.0283],[8.3585,45.026],[8.3599,45.0119],[8.3538,45.0061],[8.3516,44.9979],[8.3607,44.9868],[8.3805,44.9836],[8.3851,44.9729],[8.3852,44.9666],[8.3787,44.957],[8.3828,44.9502],[8.3761,44.9469],[8.3822,44.9376],[8.3805,44.9243],[8.3668,44.927],[8.3608,44.9222],[8.3617,44.9154],[8.3588,44.9129],[8.3642,44.9084],[8.3725,44.8894],[8.383,44.8772],[8.3908,44.8752],[8.3785,44.8653],[8.3762,44.8467],[8.3886,44.8468],[8.4029,44.8419],[8.4235,44.8495],[8.4232,44.8447],[8.4282,44.8382],[8.42,44.8264],[8.4257,44.8173],[8.4372,44.812],[8.4519,44.81],[8.4587,44.8021],[8.4631,44.806],[8.4786,44.8072],[8.49,44.7996],[8.4861,44.7959],[8.502,44.7858],[8.5119,44.7894],[8.5134,44.7872],[8.4957,44.7802],[8.4885,44.7725],[8.4925,44.7711],[8.4995,44.7751],[8.5013,44.7719],[8.4806,44.7521],[8.489,44.7532],[8.4879,44.7465],[8.4646,44.755],[8.459,44.7526],[8.4511,44.7388],[8.4468,44.7413],[8.4214,44.732],[8.4286,44.7204],[8.4285,44.7115],[8.4333,44.7111],[8.4087,44.7069],[8.4109,44.6984],[8.415,44.6943],[8.4203,44.6949],[8.4206,44.6923],[8.3931,44.686],[8.3659,44.6958],[8.347,44.6929],[8.3556,44.6758],[8.3511,44.6661],[8.3556,44.6544],[8.3554,44.6384],[8.3396,44.623],[8.3268,44.6209],[8.314,44.6019],[8.317,44.5956],[8.3288,44.5894],[8.3385,44.5881],[8.3385,44.5915],[8.3424,44.5923],[8.3515,44.5899],[8.3679,44.5746],[8.3377,44.5675],[8.332,44.5617],[8.3215,44.5586],[8.3024,44.5644],[8.2852,44.558],[8.2796,44.5427],[8.2808,44.5332],[8.2616,44.5194],[8.2528,44.5287],[8.246,44.5483],[8.2413,44.5494],[8.2401,44.5553],[8.2323,44.5617],[8.2413,44.5712],[8.2456,44.5697],[8.2424,44.5819],[8.2289,44.5936],[8.2343,44.5986],[8.2263,44.6024],[8.215,44.6171],[8.1968,44.6151],[8.1945,44.6286],[8.2044,44.6353],[8.2044,44.6392],[8.2237,44.6594],[8.2237,44.6765],[8.2273,44.6807],[8.2595,44.6966],[8.2662,44.7089],[8.2575,44.7212],[8.2568,44.7322],[8.2374,44.7233],[8.2292,44.7231],[8.2223,44.7292],[8.2158,44.7269],[8.2111,44.7297],[8.2066,44.7507],[8.1816,44.7512],[8.1785,44.7367],[8.1746,44.7334],[8.1633,44.7328],[8.1658,44.7218],[8.1605,44.7225],[8.1522,44.7132],[8.1363,44.7327],[8.1377,44.7382],[8.134,44.7457],[8.1176,44.7505],[8.1129,44.7484],[8.0951,44.7585],[8.1043,44.7626],[8.1044,44.7739],[8.1159,44.7713],[8.1301,44.7814],[8.1371,44.7821],[8.1288,44.7913],[8.1306,44.8101],[8.119,44.814],[8.107,44.81],[8.1005,44.8197],[8.0952,44.8222],[8.0711,44.8063],[8.0535,44.8096],[8.0454,44.7993],[8.0236,44.8172],[8.0094,44.8144],[7.9936,44.8199],[7.9895,44.8255],[7.9839,44.827],[7.9778,44.8499],[7.9647,44.8566],[7.9513,44.8476],[7.9434,44.8463],[7.9312,44.8553],[7.919,44.8826],[7.9096,44.8861],[7.9017,44.8803],[7.8859,44.8846],[7.885,44.8964],[7.9151,44.892],[7.9198,44.8928],[7.9262,44.9022],[7.9203,44.9088],[7.9201,44.9171],[7.8926,44.9151],[7.8834,44.9362],[7.8892,44.9356],[7.9003,44.9409],[7.9022,44.9658],[7.9287,44.9835],[7.931,44.9884],[7.9343,45.0005],[7.9159,45.0043],[7.921,45.0232],[7.9538,45.0297],[7.958,45.042],[7.9407,45.0572],[7.937,45.0421],[7.9316,45.0413],[7.9233,45.055],[7.8989,45.0621],[7.893,45.0599],[7.8959,45.095],[7.9061,45.0951],[7.9145,45.0786],[7.9201,45.0748],[7.9219,45.0815],[7.9422,45.0863],[7.9358,45.0991],[7.9285,45.1047],[7.9481,45.1143],[7.9668,45.1167]]]}},{"type":"Feature","properties":{"s":"AV","n":"Avellino","r":"Campania","b":[14.5595,40.7066,15.5703,41.2863]},"geometry":{"type":"Polygon","coordinates":[[[14.7603,41.0094],[14.776,41.0145],[14.7689,41.0221],[14.7765,41.0408],[14.7747,41.0546],[14.7915,41.0482],[14.7958,41.0503],[14.7941,41.0582],[14.7968,41.0603],[14.806,41.0588],[14.8063,41.0408],[14.8327,41.0347],[14.8478,41.0477],[14.8598,41.0462],[14.8698,41.0584],[14.9015,41.0678],[14.9192,41.0763],[14.927,41.084],[14.9338,41.0847],[14.9452,41.0802],[14.9469,41.086],[14.9512,41.0883],[14.9726,41.0926],[14.9882,41.1058],[15.0109,41.1181],[15.0031,41.1295],[14.996,41.1325],[14.9967,41.1461],[14.992,41.1498],[14.9817,41.1515],[14.9569,41.1474],[14.9637,41.1667],[14.9625,41.177],[14.9976,41.1986],[15.0049,41.2082],[14.9992,41.2219],[14.9879,41.2319],[14.9846,41.239],[14.981,41.2613],[14.9861,41.2711],[15.0091,41.271],[15.0203,41.2628],[15.0347,41.2642],[15.0469,41.262],[15.051,41.2582],[15.0665,41.2709],[15.0817,41.2528],[15.0981,41.2605],[15.1222,41.2562],[15.1381,41.2648],[15.1459,41.2725],[15.1508,41.283],[15.201,41.2863],[15.1997,41.2794],[15.2157,41.2759],[15.2204,41.2652],[15.2285,41.2664],[15.2357,41.2723],[15.2504,41.2705],[15.2741,41.2505],[15.2798,41.2408],[15.2462,41.2361],[15.2461,41.224],[15.2624,41.1976],[15.2235,41.1819],[15.2104,41.1645],[15.2086,41.1564],[15.2106,41.1489],[15.2164,41.1448],[15.2357,41.1401],[15.2638,41.1134],[15.2621,41.1076],[15.2826,41.0973],[15.2978,41.0944],[15.3144,41.1039],[15.3326,41.0964],[15.349,41.0951],[15.3664,41.0849],[15.3928,41.1008],[15.3964,41.1068],[15.4008,41.106],[15.4124,41.0966],[15.4262,41.0951],[15.4461,41.078],[15.4609,41.076],[15.4779,41.0786],[15.4896,41.07],[15.5429,41.0559],[15.5483,41.0526],[15.5532,41.0379],[15.5632,41.031],[15.5588,41.0216],[15.5663,41.0115],[15.5703,40.9935],[15.5666,40.9688],[15.5437,40.9477],[15.5349,40.9197],[15.5285,40.9138],[15.5272,40.9078],[15.4676,40.8896],[15.473,40.8743],[15.4608,40.8672],[15.4537,40.8682],[15.4443,40.877],[15.4287,40.8796],[15.4027,40.8816],[15.3881,40.8756],[15.3726,40.8857],[15.3542,40.8827],[15.3552,40.8709],[15.3665,40.8719],[15.378,40.8676],[15.3741,40.8601],[15.3773,40.836],[15.361,40.8392],[15.3307,40.8324],[15.3184,40.8386],[15.2955,40.8381],[15.2864,40.8222],[15.2807,40.7995],[15.2518,40.7865],[15.239,40.77],[15.2409,40.7349],[15.2442,40.7276],[15.2414,40.7245],[15.2471,40.7177],[15.2146,40.7175],[15.1977,40.7106],[15.169,40.7066],[15.1529,40.7198],[15.1512,40.7297],[15.1457,40.7328],[15.1397,40.7564],[15.1323,40.7611],[15.0528,40.7738],[15.0273,40.7818],[15.0092,40.7732],[15.0078,40.777],[14.9914,40.7824],[14.9881,40.7886],[14.9688,40.7858],[14.9384,40.7917],[14.9198,40.8013],[14.9164,40.809],[14.9005,40.8068],[14.8704,40.7963],[14.8457,40.8],[14.8352,40.7935],[14.8272,40.7941],[14.8116,40.8048],[14.7945,40.7984],[14.7744,40.8054],[14.7476,40.8033],[14.7302,40.8214],[14.7417,40.8285],[14.7342,40.8395],[14.7017,40.838],[14.6859,40.841],[14.6743,40.8298],[14.676,40.8215],[14.657,40.8252],[14.646,40.836],[14.6055,40.8476],[14.5871,40.8726],[14.5595,40.888],[14.5727,40.8962],[14.5762,40.9032],[14.5743,40.9091],[14.5922,40.9141],[14.5971,40.9143],[14.5965,40.9106],[14.6096,40.9093],[14.6189,40.9119],[14.6267,40.907],[14.6268,40.9104],[14.6362,40.9108],[14.6459,40.9087],[14.6511,40.9039],[14.6697,40.9049],[14.6645,40.9152],[14.6575,40.9125],[14.6391,40.9145],[14.6207,40.9117],[14.6146,40.9284],[14.5853,40.934],[14.5816,40.9586],[14.5767,40.963],[14.5811,40.9933],[14.5738,41.0019],[14.5685,41.0206],[14.5897,41.037],[14.5966,41.0588],[14.602,41.0573],[14.6045,41.051],[14.6108,41.0528],[14.6401,41.0425],[14.6596,41.0503],[14.6672,41.058],[14.6766,41.0548],[14.7014,41.0554],[14.709,41.0614],[14.7275,41.0461],[14.7303,41.0289],[14.7369,41.0207],[14.7363,41.0172],[14.7472,41.011],[14.7603,41.0094]],[[14.6936,40.9751],[14.7156,41.007],[14.6957,41.0339],[14.6925,41.0277],[14.6789,41.0195],[14.6863,41.0088],[14.6796,40.9982],[14.6798,40.9817],[14.6936,40.9751]]]}},{"type":"Feature","properties":{"s":"BA","n":"Bari","r":"Puglia","b":[16.2025,40.692,17.3998,41.2295]},"geometry":{"type":"MultiPolygon","coordinates":[[[[17.2977,40.8201],[17.2957,40.817],[17.3102,40.8109],[17.333,40.8068],[17.3649,40.7864],[17.3995,40.7853],[17.3977,40.7751],[17.3873,40.771],[17.3956,40.7569],[17.3937,40.7485],[17.3507,40.7489],[17.3356,40.7378],[17.323,40.7436],[17.3157,40.7409],[17.3068,40.7446],[17.283,40.7676],[17.2835,40.7737],[17.3011,40.7725],[17.2891,40.7821],[17.2888,40.787],[17.2959,40.7886],[17.2951,40.7849],[17.3017,40.7846],[17.3104,40.7904],[17.3017,40.8021],[17.2873,40.8011],[17.2862,40.7976],[17.2508,40.8002],[17.2435,40.7989],[17.2511,40.775],[17.248,40.7656],[17.2278,40.7573],[17.2146,40.7613],[17.2043,40.757],[17.2013,40.7617],[17.1599,40.7438],[17.156,40.7399],[17.1495,40.7108],[17.1454,40.7093],[17.1227,40.707],[17.1162,40.7082],[17.113,40.7135],[17.1017,40.7145],[17.0965,40.7088],[17.0869,40.7109],[17.0881,40.7171],[17.0857,40.7192],[17.063,40.7211],[17.0337,40.7121],[17.0226,40.7131],[17.0009,40.7314],[17.0189,40.75],[17.0155,40.7598],[16.9715,40.7413],[16.947,40.7432],[16.9287,40.7387],[16.9231,40.726],[16.9307,40.7129],[16.9041,40.7066],[16.8924,40.7151],[16.8751,40.7165],[16.8707,40.7115],[16.8639,40.7215],[16.8559,40.7236],[16.8421,40.7128],[16.818,40.7062],[16.8218,40.6939],[16.8086,40.692],[16.8001,40.695],[16.7868,40.7333],[16.7328,40.7108],[16.674,40.738],[16.6634,40.7489],[16.6615,40.7368],[16.6529,40.7363],[16.6494,40.738],[16.6517,40.7409],[16.6454,40.7454],[16.6403,40.7448],[16.6371,40.7482],[16.6391,40.7508],[16.6331,40.7534],[16.606,40.7555],[16.5944,40.7526],[16.5856,40.7626],[16.5746,40.7618],[16.5683,40.7579],[16.5674,40.7524],[16.578,40.742],[16.5724,40.7369],[16.5683,40.7372],[16.5545,40.7577],[16.5369,40.7529],[16.5313,40.7452],[16.5379,40.7421],[16.5369,40.7346],[16.544,40.7255],[16.5397,40.7252],[16.5235,40.7354],[16.5204,40.7401],[16.5238,40.7432],[16.5227,40.7461],[16.5084,40.7534],[16.5011,40.7623],[16.4817,40.7392],[16.462,40.7239],[16.43,40.704],[16.4138,40.7019],[16.4002,40.7074],[16.3804,40.7364],[16.3469,40.752],[16.3162,40.7831],[16.2844,40.7992],[16.252,40.8333],[16.243,40.8385],[16.231,40.8569],[16.2262,40.881],[16.214,40.905],[16.2025,40.9175],[16.2102,40.9301],[16.2261,40.946],[16.2519,40.9622],[16.2664,41.0053],[16.254,41.0148],[16.2666,41.0239],[16.2675,41.0288],[16.2632,41.0332],[16.266,41.0386],[16.2991,41.0741],[16.2987,41.0845],[16.313,41.0902],[16.3228,41.1068],[16.3473,41.1253],[16.3517,41.1347],[16.3404,41.143],[16.3377,41.1514],[16.3417,41.1564],[16.34,41.1665],[16.3587,41.1643],[16.3638,41.1712],[16.3828,41.1773],[16.3849,41.18],[16.3812,41.1817],[16.3859,41.1917],[16.3916,41.1961],[16.4027,41.188],[16.4197,41.1872],[16.4288,41.1903],[16.4363,41.1882],[16.4434,41.1798],[16.4599,41.1704],[16.4705,41.1489],[16.4827,41.1536],[16.5038,41.1513],[16.517,41.1725],[16.5109,41.183],[16.5377,41.2124],[16.5423,41.2295],[16.5597,41.2246],[16.5843,41.2119],[16.5845,41.2075],[16.6009,41.2048],[16.628,41.1941],[16.6604,41.1924],[16.6749,41.189],[16.6823,41.1822],[16.6996,41.1767],[16.7446,41.168],[16.7629,41.1605],[16.7761,41.1607],[16.7927,41.148],[16.8115,41.1401],[16.835,41.137],[16.8449,41.1399],[16.8516,41.1301],[16.8609,41.1294],[16.8709,41.1357],[16.8712,41.1398],[16.8538,41.1454],[16.8683,41.1431],[16.8724,41.1402],[16.8733,41.1256],[16.8778,41.1231],[16.9274,41.1116],[16.9602,41.0973],[17.0583,41.076],[17.0907,41.0633],[17.1463,41.0356],[17.1762,41.0285],[17.1991,41.0106],[17.2057,41.0015],[17.2379,40.9922],[17.258,40.9784],[17.2602,40.9798],[17.2637,40.9749],[17.273,40.9743],[17.2861,40.9642],[17.3018,40.9583],[17.3058,40.9506],[17.3284,40.9351],[17.3515,40.9051],[17.3892,40.8923],[17.3547,40.8768],[17.3216,40.8431],[17.3121,40.841],[17.3104,40.829],[17.2977,40.8201]],[[16.6338,40.7548],[16.6423,40.7516],[16.6465,40.7542],[16.6362,40.758],[16.6338,40.7548]]]]}},{"type":"Feature","properties":{"s":"BG","n":"Bergamo","r":"Lombardia","b":[9.4458,45.4228,10.2622,46.0913]},"geometry":{"type":"Polygon","coordinates":[[[9.5908,45.4761],[9.5788,45.4651],[9.5776,45.4602],[9.5508,45.4603],[9.5412,45.4791],[9.5451,45.4874],[9.531,45.4942],[9.5186,45.5051],[9.5196,45.5083],[9.5412,45.5015],[9.5515,45.519],[9.5503,45.5242],[9.5371,45.5257],[9.5374,45.5294],[9.5263,45.5442],[9.5279,45.5549],[9.5248,45.5617],[9.5346,45.5706],[9.5386,45.5823],[9.5189,45.6236],[9.4955,45.6325],[9.495,45.6486],[9.4879,45.6553],[9.4872,45.6646],[9.4707,45.6699],[9.451,45.6844],[9.4595,45.7025],[9.4497,45.7159],[9.4473,45.7314],[9.4571,45.747],[9.4458,45.7605],[9.4657,45.7644],[9.4706,45.7681],[9.4511,45.7816],[9.4503,45.7859],[9.4572,45.7882],[9.4688,45.7817],[9.4744,45.7827],[9.48,45.7857],[9.4775,45.7879],[9.481,45.793],[9.4951,45.793],[9.4964,45.7963],[9.4731,45.825],[9.4747,45.8405],[9.4669,45.8505],[9.4708,45.8592],[9.4849,45.8616],[9.4933,45.8586],[9.4933,45.8629],[9.4871,45.8645],[9.4924,45.8669],[9.524,45.8703],[9.5134,45.8812],[9.506,45.8842],[9.5178,45.8863],[9.5074,45.8933],[9.5053,45.8987],[9.528,45.9174],[9.5291,45.9265],[9.5409,45.9442],[9.5368,45.9572],[9.5216,45.9649],[9.508,45.967],[9.501,45.9722],[9.495,45.9982],[9.4861,46.003],[9.4902,46.0113],[9.5318,46.0114],[9.5343,46.0149],[9.5512,46.0141],[9.5592,46.0227],[9.5785,46.0211],[9.5954,46.029],[9.6041,46.0436],[9.6339,46.0469],[9.6435,46.06],[9.6696,46.0607],[9.6886,46.0549],[9.7044,46.0573],[9.7097,46.064],[9.7216,46.0637],[9.7376,46.0582],[9.7451,46.0629],[9.7664,46.0644],[9.7928,46.0536],[9.8074,46.0537],[9.8111,46.0497],[9.8315,46.0472],[9.8367,46.044],[9.8621,46.0463],[9.8723,46.0512],[9.8833,46.0459],[9.9081,46.0464],[9.9065,46.0541],[9.91,46.0577],[9.9467,46.0665],[9.9805,46.0653],[9.9915,46.0728],[10.0111,46.0726],[10.0121,46.0817],[10.0185,46.086],[10.0543,46.0852],[10.0604,46.0892],[10.0959,46.0913],[10.1032,46.0879],[10.104,46.083],[10.0927,46.0683],[10.0925,46.0624],[10.0958,46.0555],[10.1026,46.0508],[10.1217,46.0593],[10.1696,46.057],[10.1739,46.0523],[10.1927,46.0516],[10.202,46.0459],[10.2119,46.0507],[10.2281,46.0482],[10.2259,46.0414],[10.2334,46.0348],[10.2492,46.0358],[10.2549,46.0306],[10.2546,46.0255],[10.2622,46.0208],[10.2556,46.0135],[10.2062,46.0074],[10.1977,46.004],[10.1927,46.0008],[10.1888,45.9915],[10.1765,45.9827],[10.1781,45.9742],[10.1252,45.9585],[10.1159,45.948],[10.1145,45.9362],[10.097,45.929],[10.0932,45.9204],[10.098,45.9121],[10.0964,45.9074],[10.1073,45.8938],[10.109,45.8857],[10.1498,45.8631],[10.1458,45.8519],[10.1214,45.836],[10.1192,45.8282],[10.1081,45.8155],[10.1008,45.8093],[10.0716,45.7974],[10.0574,45.7762],[10.0552,45.7619],[10.0663,45.7407],[10.0591,45.7088],[10.0653,45.6913],[10.0632,45.6828],[10.0444,45.6749],[9.9998,45.6721],[9.9657,45.664],[9.9423,45.6653],[9.9312,45.6472],[9.917,45.6502],[9.9178,45.6433],[9.9039,45.6305],[9.8916,45.6044],[9.8874,45.6027],[9.876,45.6095],[9.8738,45.6069],[9.8652,45.6106],[9.8615,45.6049],[9.8506,45.6032],[9.8491,45.5988],[9.8539,45.5958],[9.855,45.5841],[9.845,45.5837],[9.8418,45.5794],[9.8436,45.5697],[9.8366,45.5492],[9.8533,45.54],[9.8528,45.5198],[9.8625,45.5102],[9.8634,45.4967],[9.8692,45.4953],[9.8724,45.4863],[9.8904,45.4674],[9.8923,45.4608],[9.8886,45.4499],[9.8896,45.4273],[9.8735,45.4332],[9.8632,45.4315],[9.8578,45.4342],[9.8465,45.4521],[9.8351,45.448],[9.8231,45.4565],[9.8142,45.453],[9.8241,45.4462],[9.811,45.4386],[9.8079,45.4228],[9.7846,45.4295],[9.7693,45.4302],[9.7703,45.4393],[9.7627,45.4557],[9.7533,45.4557],[9.7462,45.4682],[9.7359,45.4722],[9.7365,45.4755],[9.7219,45.4768],[9.7198,45.4821],[9.7139,45.4827],[9.7054,45.4788],[9.6988,45.4606],[9.6898,45.4584],[9.6854,45.4438],[9.6618,45.4372],[9.6503,45.454],[9.6396,45.4584],[9.62,45.4559],[9.6103,45.4639],[9.6086,45.4755],[9.5934,45.4737],[9.5908,45.4761]]]}},{"type":"Feature","properties":{"s":"BI","n":"Biella","r":"Piemonte","b":[7.8819,45.3761,8.3279,45.7577]},"geometry":{"type":"Polygon","coordinates":[[[8.2373,45.7016],[8.2894,45.6686],[8.2976,45.6578],[8.3279,45.6469],[8.3159,45.6407],[8.2959,45.6409],[8.2827,45.6345],[8.2613,45.6333],[8.2621,45.6195],[8.2759,45.6233],[8.2972,45.6363],[8.312,45.6346],[8.3114,45.621],[8.3077,45.6174],[8.2969,45.6215],[8.2778,45.6117],[8.2689,45.616],[8.2552,45.6087],[8.2591,45.6057],[8.2603,45.5936],[8.2676,45.5884],[8.2763,45.5636],[8.2965,45.5536],[8.2926,45.5417],[8.2774,45.5322],[8.279,45.5235],[8.2919,45.5177],[8.2676,45.5169],[8.2629,45.5011],[8.2443,45.4933],[8.2464,45.4901],[8.2306,45.4772],[8.2189,45.4758],[8.2167,45.4691],[8.2204,45.4563],[8.2178,45.4537],[8.2034,45.4467],[8.1942,45.4486],[8.1824,45.4463],[8.166,45.4342],[8.1614,45.4242],[8.1706,45.4195],[8.1687,45.4111],[8.1497,45.4092],[8.1302,45.3887],[8.1228,45.3761],[8.0691,45.3874],[8.0529,45.3979],[8.0417,45.397],[8.027,45.4031],[8.0221,45.422],[8.0384,45.4414],[8.0207,45.4496],[8.0265,45.45],[8.0196,45.4532],[7.9686,45.4749],[7.9663,45.482],[7.9222,45.5073],[7.9191,45.5116],[7.9234,45.5215],[7.8848,45.5308],[7.8819,45.5342],[7.9021,45.5599],[7.8952,45.57],[7.896,45.5803],[7.893,45.5855],[7.9008,45.5917],[7.8959,45.6007],[7.8967,45.6114],[7.915,45.6327],[7.9361,45.6357],[7.9394,45.6433],[7.9226,45.6581],[7.9216,45.6664],[7.9119,45.6707],[7.9111,45.6798],[7.9048,45.6847],[7.9115,45.7004],[7.9203,45.7019],[7.9366,45.7243],[7.9555,45.7186],[7.9841,45.7209],[7.9982,45.719],[8.0214,45.7377],[8.0359,45.7356],[8.0593,45.7406],[8.0636,45.7355],[8.0649,45.7235],[8.0769,45.7187],[8.0828,45.7372],[8.0958,45.7377],[8.1081,45.7489],[8.1285,45.7577],[8.1375,45.7524],[8.1566,45.7502],[8.1812,45.7522],[8.183,45.7409],[8.1802,45.7379],[8.1839,45.7295],[8.1887,45.7285],[8.1927,45.7228],[8.201,45.7253],[8.2226,45.7074],[8.2373,45.7016]]]}},{"type":"Feature","properties":{"s":"BL","n":"Belluno","r":"Veneto","b":[11.6662,45.8806,12.732,46.6798]},"geometry":{"type":"Polygon","coordinates":[[[11.6666,46.0171],[11.6819,46.0279],[11.673,46.0295],[11.6666,46.0353],[11.6672,46.0382],[11.6773,46.0443],[11.7055,46.0468],[11.6974,46.0596],[11.6865,46.067],[11.6823,46.0875],[11.6853,46.0936],[11.6951,46.0945],[11.7035,46.0905],[11.7169,46.103],[11.7508,46.1051],[11.7587,46.0956],[11.7732,46.1067],[11.7797,46.1028],[11.8066,46.1027],[11.815,46.1039],[11.8197,46.108],[11.8897,46.1196],[11.9055,46.1345],[11.9012,46.1366],[11.9195,46.1486],[11.9183,46.1553],[11.9294,46.171],[11.9286,46.1758],[11.9508,46.1701],[11.9558,46.1838],[11.9618,46.1875],[11.9624,46.1991],[11.9394,46.1988],[11.9278,46.209],[11.9242,46.2172],[11.9096,46.2244],[11.9181,46.2383],[11.9291,46.2488],[11.9216,46.2478],[11.9126,46.2527],[11.9004,46.2541],[11.8947,46.2509],[11.892,46.2526],[11.8849,46.2607],[11.8884,46.2725],[11.8852,46.2788],[11.8408,46.2701],[11.8263,46.285],[11.8414,46.3063],[11.8325,46.3124],[11.8319,46.3227],[11.8028,46.3343],[11.8,46.3442],[11.7796,46.3515],[11.7744,46.3582],[11.7909,46.3667],[11.8045,46.3651],[11.8135,46.3676],[11.8159,46.3746],[11.8202,46.3766],[11.8353,46.3659],[11.8323,46.3876],[11.8368,46.4013],[11.8437,46.4099],[11.8382,46.4152],[11.8503,46.4342],[11.8709,46.4332],[11.8881,46.4418],[11.8868,46.4646],[11.8786,46.4703],[11.8132,46.4782],[11.8104,46.4849],[11.8192,46.501],[11.8283,46.5089],[11.848,46.5167],[11.888,46.5228],[11.9119,46.533],[11.9339,46.5279],[11.9455,46.5294],[11.9495,46.5392],[11.9678,46.5446],[11.9876,46.5453],[11.9984,46.5329],[12.0279,46.5653],[12.0342,46.5768],[12.0467,46.5847],[12.0498,46.5938],[12.0466,46.6081],[12.0657,46.627],[12.0714,46.6416],[12.0671,46.654],[12.0683,46.6751],[12.0755,46.6744],[12.1464,46.6342],[12.1631,46.6362],[12.1713,46.6341],[12.1865,46.6208],[12.1944,46.6195],[12.1922,46.5946],[12.2045,46.6002],[12.2124,46.609],[12.2322,46.614],[12.2602,46.6287],[12.2727,46.6209],[12.2861,46.6179],[12.3055,46.6192],[12.3151,46.6238],[12.3159,46.63],[12.3414,46.63],[12.3594,46.6197],[12.3852,46.6228],[12.3898,46.6275],[12.3784,46.6367],[12.3798,46.6429],[12.404,46.643],[12.4375,46.6689],[12.4776,46.6798],[12.4825,46.6769],[12.5196,46.6768],[12.5286,46.6734],[12.5463,46.6593],[12.567,46.6508],[12.5781,46.6561],[12.604,46.6557],[12.619,46.6611],[12.6316,46.6604],[12.6341,46.6543],[12.6425,46.6519],[12.6622,46.6568],[12.686,46.656],[12.7167,46.6476],[12.732,46.6338],[12.7062,46.6208],[12.7078,46.602],[12.6875,46.5999],[12.6746,46.5852],[12.657,46.5728],[12.6436,46.5758],[12.6369,46.572],[12.6202,46.5438],[12.6215,46.5265],[12.6316,46.5089],[12.6301,46.5008],[12.6541,46.4844],[12.6624,46.468],[12.6549,46.4655],[12.6423,46.4723],[12.6208,46.4754],[12.6068,46.4643],[12.5929,46.4714],[12.5682,46.4757],[12.5417,46.4584],[12.5302,46.4645],[12.5248,46.4486],[12.5046,46.44],[12.4925,46.4243],[12.4987,46.4122],[12.4894,46.4087],[12.4691,46.39],[12.4642,46.3884],[12.455,46.3917],[12.4629,46.3693],[12.4287,46.3516],[12.4174,46.3549],[12.4212,46.3426],[12.4095,46.3306],[12.3745,46.3293],[12.3547,46.3197],[12.3556,46.3094],[12.3514,46.2938],[12.3393,46.2854],[12.329,46.2828],[12.3228,46.2731],[12.3209,46.2689],[12.324,46.2562],[12.33,46.2539],[12.341,46.2402],[12.3523,46.2363],[12.3555,46.2312],[12.3657,46.2293],[12.3764,46.2229],[12.4017,46.229],[12.4087,46.2223],[12.4003,46.2113],[12.4063,46.2073],[12.4465,46.2078],[12.4423,46.1987],[12.447,46.1803],[12.4569,46.1706],[12.4899,46.1572],[12.4954,46.1505],[12.4986,46.1385],[12.4972,46.1298],[12.4919,46.125],[12.4941,46.1209],[12.4853,46.1065],[12.4724,46.096],[12.4356,46.0831],[12.4172,46.0605],[12.4099,46.0591],[12.4051,46.0427],[12.4003,46.042],[12.4034,46.0457],[12.399,46.0624],[12.387,46.0635],[12.3915,46.0713],[12.3659,46.0753],[12.3619,46.0716],[12.3485,46.0792],[12.3285,46.0821],[12.314,46.0804],[12.3028,46.0763],[12.2746,46.0447],[12.2549,46.0365],[12.2541,46.0276],[12.248,46.0281],[12.2262,46.0131],[12.1916,46.0046],[12.1786,46.014],[12.1674,46.0137],[12.1682,46.0083],[12.1636,46.0046],[12.1394,45.9998],[12.111,46.0032],[12.1032,45.9976],[12.1054,45.9926],[12.1015,45.9871],[12.079,45.9768],[12.0783,45.9727],[12.0593,45.9621],[12.0528,45.9651],[12.0493,45.9612],[12.0311,45.9737],[12.0227,45.9702],[12.0189,45.9621],[12.0111,45.9671],[11.9996,45.9677],[11.9616,45.9547],[11.9515,45.9476],[11.9452,45.916],[11.9505,45.8958],[11.9003,45.8892],[11.8692,45.8807],[11.8496,45.8843],[11.8382,45.9015],[11.8253,45.9081],[11.8107,45.8887],[11.7996,45.8806],[11.7782,45.8878],[11.7762,45.8949],[11.7803,45.9065],[11.792,45.916],[11.7879,45.9236],[11.7693,45.9221],[11.763,45.9282],[11.7466,45.9352],[11.7385,45.932],[11.7289,45.9342],[11.7279,45.9481],[11.7105,45.959],[11.716,45.9704],[11.7056,45.9766],[11.6897,45.9779],[11.6843,45.9841],[11.6896,45.9885],[11.6869,45.9938],[11.6666,46.0171]]]}},{"type":"Feature","properties":{"s":"BN","n":"Benevento","r":"Campania","b":[14.352,40.9751,15.1492,41.4864]},"geometry":{"type":"MultiPolygon","coordinates":[[[[14.5966,41.0588],[14.5897,41.037],[14.5685,41.0206],[14.5719,41.0095],[14.5631,41.0167],[14.5406,41.0198],[14.5312,41.0133],[14.5165,41.0391],[14.5182,41.0488],[14.5077,41.0556],[14.496,41.0516],[14.4921,41.0472],[14.478,41.0513],[14.4784,41.0463],[14.4746,41.0434],[14.4558,41.0427],[14.4541,41.0485],[14.4494,41.0463],[14.4186,41.0544],[14.413,41.0572],[14.4398,41.0711],[14.4323,41.0796],[14.437,41.0962],[14.4342,41.1078],[14.3938,41.1158],[14.3972,41.1214],[14.3882,41.1343],[14.3632,41.1401],[14.352,41.1521],[14.3554,41.1566],[14.3784,41.1614],[14.3867,41.1529],[14.3992,41.1496],[14.4041,41.143],[14.421,41.1384],[14.4231,41.1353],[14.429,41.1373],[14.4307,41.1497],[14.436,41.1547],[14.4636,41.1569],[14.4586,41.1636],[14.4658,41.1688],[14.4682,41.1752],[14.4658,41.1772],[14.4594,41.1748],[14.4581,41.1829],[14.461,41.1864],[14.448,41.1967],[14.4423,41.2103],[14.4365,41.2127],[14.4352,41.2227],[14.4284,41.2235],[14.4232,41.2203],[14.4182,41.2223],[14.419,41.2415],[14.4239,41.25],[14.4199,41.2544],[14.4262,41.2624],[14.4326,41.2648],[14.4388,41.2823],[14.4537,41.2937],[14.4891,41.3006],[14.4895,41.3078],[14.4774,41.3209],[14.475,41.3382],[14.4685,41.3455],[14.4581,41.3418],[14.4525,41.3449],[14.4395,41.3443],[14.4561,41.3718],[14.4651,41.3757],[14.4735,41.3735],[14.4778,41.3798],[14.4949,41.3743],[14.5012,41.3828],[14.5096,41.3817],[14.5228,41.3853],[14.5513,41.3795],[14.5663,41.3921],[14.5754,41.3897],[14.5849,41.3815],[14.5916,41.3694],[14.603,41.364],[14.6146,41.3682],[14.6434,41.394],[14.6531,41.3977],[14.6617,41.3937],[14.6657,41.3977],[14.6661,41.4065],[14.6996,41.4108],[14.7166,41.4008],[14.7481,41.4084],[14.7647,41.4174],[14.7723,41.4335],[14.7713,41.4419],[14.7849,41.4521],[14.8059,41.4475],[14.8115,41.4414],[14.8431,41.4266],[14.8641,41.4263],[14.8855,41.4449],[14.9469,41.4561],[14.9644,41.4658],[14.9823,41.4691],[14.9897,41.4799],[15.0076,41.4864],[15.0233,41.4773],[15.0324,41.4527],[15.0378,41.4543],[15.0505,41.4434],[15.0627,41.4407],[15.0757,41.4329],[15.0991,41.4331],[15.103,41.4209],[15.0917,41.4179],[15.0865,41.4046],[15.0983,41.3906],[15.0799,41.3881],[15.0678,41.3762],[15.0585,41.3721],[15.0683,41.3506],[15.0722,41.3325],[15.0977,41.3284],[15.1118,41.3198],[15.1306,41.3172],[15.1268,41.303],[15.1374,41.2968],[15.1403,41.2919],[15.1377,41.2864],[15.1492,41.2804],[15.1381,41.2648],[15.1222,41.2562],[15.0981,41.2605],[15.0817,41.2528],[15.0665,41.2709],[15.051,41.2582],[15.0469,41.262],[15.0347,41.2642],[15.0203,41.2628],[15.0091,41.271],[14.9846,41.2696],[14.981,41.2613],[14.9846,41.239],[14.9879,41.2319],[14.9992,41.2219],[15.0049,41.2082],[14.9976,41.1986],[14.9625,41.177],[14.9637,41.1667],[14.9569,41.1474],[14.9817,41.1515],[14.992,41.1498],[14.9967,41.1461],[14.996,41.1325],[15.0031,41.1295],[15.0109,41.1181],[14.9882,41.1058],[14.9726,41.0926],[14.9512,41.0883],[14.9469,41.086],[14.9452,41.0802],[14.9338,41.0847],[14.927,41.084],[14.9192,41.0763],[14.9015,41.0678],[14.8698,41.0584],[14.8598,41.0462],[14.8478,41.0477],[14.8327,41.0347],[14.8063,41.0408],[14.806,41.0588],[14.7968,41.0603],[14.7941,41.0582],[14.7958,41.0503],[14.7915,41.0482],[14.7747,41.0546],[14.7765,41.0408],[14.7689,41.0221],[14.776,41.0145],[14.7638,41.0097],[14.7542,41.009],[14.7363,41.0172],[14.7369,41.0207],[14.7303,41.0289],[14.7275,41.0461],[14.709,41.0614],[14.7014,41.0554],[14.6766,41.0548],[14.6672,41.058],[14.6596,41.0503],[14.6401,41.0425],[14.6108,41.0528],[14.6045,41.051],[14.602,41.0573],[14.5966,41.0588]]],[[[14.7156,41.007],[14.6936,40.9751],[14.6798,40.9817],[14.6796,40.9982],[14.6863,41.0088],[14.6789,41.0195],[14.6925,41.0277],[14.6957,41.0339],[14.7156,41.007]]]]}},{"type":"Feature","properties":{"s":"BO","n":"Bologna","r":"Emilia-Romagna","b":[10.8045,44.0623,11.842,44.8047]},"geometry":{"type":"Polygon","coordinates":[[[11.1316,44.5674],[11.1275,44.5693],[11.1327,44.5759],[11.1523,44.5891],[11.1478,44.5925],[11.1424,44.605],[11.1183,44.6178],[11.1278,44.6314],[11.0781,44.647],[11.1168,44.7097],[11.1299,44.7829],[11.1349,44.7864],[11.1498,44.7862],[11.176,44.7919],[11.1782,44.7962],[11.2078,44.8043],[11.2933,44.8028],[11.2461,44.7584],[11.271,44.751],[11.2539,44.7175],[11.2754,44.7056],[11.2796,44.7111],[11.2898,44.7139],[11.3096,44.7366],[11.3411,44.7552],[11.3597,44.7742],[11.3734,44.78],[11.3833,44.7802],[11.3912,44.7771],[11.3992,44.7686],[11.4303,44.7608],[11.4528,44.7605],[11.583,44.7072],[11.5927,44.7117],[11.6745,44.6325],[11.6887,44.6293],[11.6953,44.6352],[11.7223,44.6359],[11.7265,44.6523],[11.7573,44.6491],[11.7719,44.6408],[11.7947,44.6355],[11.8064,44.6236],[11.7949,44.6184],[11.7881,44.609],[11.7896,44.5922],[11.7829,44.585],[11.7456,44.58],[11.753,44.5731],[11.7736,44.5637],[11.7807,44.5686],[11.7917,44.5635],[11.7806,44.5226],[11.7787,44.5035],[11.7631,44.5104],[11.7498,44.4976],[11.7953,44.4846],[11.7806,44.4676],[11.7989,44.4608],[11.7813,44.4363],[11.8273,44.4177],[11.8395,44.4236],[11.8419,44.4199],[11.8144,44.3935],[11.7988,44.367],[11.7876,44.3601],[11.789,44.3538],[11.7768,44.338],[11.7691,44.3331],[11.7587,44.3322],[11.7532,44.3234],[11.7352,44.308],[11.7132,44.2978],[11.7085,44.29],[11.6961,44.2887],[11.692,44.2894],[11.6912,44.2951],[11.6976,44.3093],[11.6728,44.3155],[11.6677,44.3119],[11.6715,44.2882],[11.6656,44.2828],[11.6654,44.2787],[11.6396,44.2712],[11.6322,44.2631],[11.6343,44.2578],[11.627,44.2478],[11.5838,44.2338],[11.5769,44.2285],[11.5778,44.2249],[11.5656,44.2183],[11.5552,44.2229],[11.5513,44.2191],[11.5528,44.2151],[11.5491,44.205],[11.5617,44.1892],[11.5617,44.1855],[11.5356,44.1904],[11.5354,44.1791],[11.5221,44.1555],[11.4862,44.1756],[11.4854,44.1791],[11.4895,44.1803],[11.4836,44.1845],[11.4677,44.1858],[11.4635,44.1913],[11.4546,44.1937],[11.4481,44.1998],[11.4479,44.2049],[11.455,44.2124],[11.4514,44.2206],[11.4211,44.2392],[11.3936,44.2171],[11.3874,44.2052],[11.3805,44.2],[11.3629,44.2041],[11.3405,44.2038],[11.3266,44.196],[11.3229,44.1817],[11.3095,44.1728],[11.2958,44.1724],[11.2981,44.1679],[11.2812,44.1563],[11.2393,44.1589],[11.214,44.1501],[11.1957,44.1514],[11.1936,44.1467],[11.1959,44.143],[11.2153,44.1319],[11.2519,44.1157],[11.2601,44.1158],[11.2637,44.1043],[11.2513,44.1023],[11.2473,44.0978],[11.2295,44.102],[11.2082,44.0992],[11.1549,44.1118],[11.1394,44.1078],[11.1276,44.1097],[11.0888,44.09],[11.0494,44.0902],[11.0471,44.0949],[11.024,44.0975],[11.0021,44.1124],[11.0062,44.1215],[11.0149,44.1252],[11.0143,44.1375],[11.0064,44.1388],[10.9962,44.1362],[10.9929,44.134],[10.994,44.1296],[10.9714,44.1163],[10.9643,44.102],[10.9441,44.0812],[10.9267,44.0749],[10.9177,44.0628],[10.9018,44.064],[10.8991,44.0665],[10.9052,44.0799],[10.9019,44.0863],[10.8763,44.0999],[10.8492,44.0981],[10.8428,44.1096],[10.8342,44.1143],[10.8292,44.1167],[10.8191,44.1125],[10.815,44.1156],[10.8099,44.1326],[10.8045,44.1399],[10.8078,44.1543],[10.8185,44.1674],[10.8198,44.1808],[10.8351,44.197],[10.8465,44.1999],[10.8552,44.2074],[10.8501,44.2275],[10.8603,44.2319],[10.8897,44.2245],[10.8933,44.213],[10.9011,44.2062],[10.9072,44.2054],[10.9403,44.2256],[10.957,44.2263],[10.967,44.2434],[10.9649,44.2547],[10.9686,44.2741],[10.9674,44.2787],[10.9601,44.2791],[10.9495,44.2869],[10.9499,44.2932],[10.9643,44.3013],[11.0022,44.306],[11.0046,44.2972],[11.0079,44.2969],[11.0263,44.3128],[11.0399,44.3325],[11.0367,44.3445],[11.0235,44.3554],[11.0224,44.3735],[11.0492,44.4082],[11.0482,44.4161],[11.0368,44.4266],[11.0177,44.4301],[10.9967,44.4295],[10.9902,44.4405],[11.0133,44.4472],[11.0263,44.4597],[11.0475,44.467],[11.051,44.4714],[11.0553,44.4875],[11.0634,44.4941],[11.0654,44.5003],[11.0584,44.5129],[11.0562,44.534],[11.069,44.5253],[11.0872,44.5301],[11.1081,44.5247],[11.1141,44.5362],[11.1047,44.5395],[11.1316,44.5674]]]}},{"type":"Feature","properties":{"s":"BR","n":"Brindisi","r":"Puglia","b":[17.2957,40.3796,18.0974,40.8923]},"geometry":{"type":"MultiPolygon","coordinates":[[[[17.8011,40.7083],[17.8435,40.6901],[17.9258,40.6795],[17.9339,40.681],[17.9357,40.6861],[17.942,40.682],[17.9473,40.6694],[17.9538,40.664],[17.9764,40.663],[17.9677,40.657],[17.9673,40.6626],[17.9623,40.6626],[17.9603,40.6551],[17.952,40.6474],[17.9308,40.6425],[17.9286,40.6393],[17.9443,40.6425],[17.9507,40.637],[17.9533,40.645],[17.9691,40.6495],[17.9841,40.6436],[17.9908,40.6499],[17.9986,40.649],[18.0169,40.6397],[18.0139,40.6336],[18.0169,40.6239],[18.0448,40.5976],[18.0417,40.584],[18.0348,40.5732],[18.0374,40.564],[18.055,40.5486],[18.0743,40.539],[18.0798,40.5263],[18.0974,40.5154],[18.0921,40.5125],[18.0798,40.4921],[18.0727,40.4868],[18.0802,40.4915],[18.0835,40.4885],[18.0743,40.4763],[18.0707,40.4879],[18.0589,40.4796],[18.0742,40.4759],[18.0721,40.4712],[18.0753,40.4645],[18.0691,40.4604],[18.0597,40.4668],[18.0614,40.47],[18.0566,40.4771],[18.0495,40.4741],[18.0401,40.4878],[18.0266,40.4774],[18.0266,40.4686],[18.0194,40.4638],[17.9963,40.4683],[17.9755,40.4546],[17.9533,40.4576],[17.9388,40.4388],[17.9347,40.4284],[17.8864,40.4227],[17.879,40.4164],[17.8648,40.4156],[17.8236,40.4038],[17.8197,40.3946],[17.8046,40.3851],[17.8043,40.3812],[17.7983,40.3796],[17.792,40.3905],[17.7776,40.3882],[17.7714,40.3931],[17.7715,40.397],[17.7286,40.3916],[17.7294,40.3946],[17.7187,40.4054],[17.6934,40.4123],[17.6838,40.4307],[17.6826,40.4408],[17.6768,40.4422],[17.6724,40.4395],[17.6521,40.4511],[17.6379,40.4533],[17.6351,40.4599],[17.6271,40.4619],[17.5838,40.4602],[17.5824,40.4564],[17.5902,40.4494],[17.5773,40.4385],[17.5654,40.443],[17.5643,40.4376],[17.561,40.4369],[17.554,40.4451],[17.5421,40.4453],[17.5468,40.4435],[17.5464,40.4384],[17.5239,40.4548],[17.5199,40.4606],[17.5192,40.4715],[17.5117,40.4781],[17.487,40.4822],[17.4796,40.5034],[17.4714,40.5107],[17.4609,40.5334],[17.4522,40.5426],[17.4483,40.5549],[17.4575,40.581],[17.4733,40.5958],[17.4734,40.6106],[17.4536,40.6209],[17.4374,40.6245],[17.4275,40.6327],[17.4188,40.6776],[17.4257,40.6825],[17.4261,40.6878],[17.422,40.689],[17.414,40.6843],[17.4045,40.6885],[17.3968,40.695],[17.3869,40.721],[17.3497,40.7332],[17.3502,40.7456],[17.3536,40.7486],[17.3937,40.7485],[17.3956,40.7569],[17.3873,40.771],[17.3977,40.7751],[17.3995,40.7853],[17.3649,40.7864],[17.333,40.8068],[17.3102,40.8109],[17.2957,40.8179],[17.3104,40.829],[17.3121,40.841],[17.3216,40.8431],[17.3547,40.8768],[17.3892,40.8923],[17.4219,40.8658],[17.4656,40.8439],[17.4704,40.84],[17.468,40.8382],[17.47,40.8344],[17.4783,40.8297],[17.5571,40.7988],[17.6769,40.7687],[17.7072,40.7582],[17.7747,40.7205],[17.7986,40.7147],[17.7971,40.7115],[17.8011,40.7083]]]]}},{"type":"Feature","properties":{"s":"BS","n":"Brescia","r":"Lombardia","b":[9.8366,45.2047,10.8402,46.3547]},"geometry":{"type":"Polygon","coordinates":[[[10.4284,45.3208],[10.4315,45.313],[10.4257,45.3049],[10.4251,45.2966],[10.4078,45.2927],[10.3971,45.2857],[10.3906,45.2555],[10.3973,45.2501],[10.3936,45.2456],[10.3835,45.2485],[10.3784,45.2409],[10.3723,45.2408],[10.362,45.2461],[10.3572,45.231],[10.3614,45.2154],[10.3436,45.2113],[10.3431,45.2075],[10.334,45.2053],[10.3177,45.2047],[10.3184,45.2151],[10.3055,45.2239],[10.2783,45.2321],[10.2635,45.2515],[10.2504,45.2508],[10.246,45.2429],[10.2208,45.2418],[10.2198,45.2247],[10.1662,45.2421],[10.1538,45.2396],[10.1259,45.2468],[10.1013,45.2473],[10.0996,45.2531],[10.0906,45.2544],[10.0871,45.2587],[10.0839,45.2696],[10.0721,45.2707],[10.0495,45.2804],[10.0293,45.2768],[10.0194,45.284],[9.9994,45.289],[9.9905,45.297],[9.9813,45.2999],[9.9673,45.313],[9.9448,45.3205],[9.9155,45.3363],[9.8987,45.338],[9.8948,45.3412],[9.8833,45.3576],[9.8887,45.3606],[9.8874,45.3787],[9.893,45.3946],[9.8886,45.4499],[9.8922,45.4613],[9.8871,45.4725],[9.8826,45.4736],[9.8724,45.4863],[9.8692,45.4953],[9.8634,45.4967],[9.8625,45.5102],[9.8528,45.5198],[9.8533,45.54],[9.8366,45.5492],[9.8368,45.5552],[9.8436,45.5697],[9.8433,45.5819],[9.855,45.5841],[9.8539,45.5958],[9.8491,45.5988],[9.8506,45.6032],[9.8615,45.6049],[9.8652,45.6106],[9.8738,45.6069],[9.876,45.6095],[9.8874,45.6027],[9.8916,45.6044],[9.9039,45.6305],[9.9178,45.6433],[9.917,45.6502],[9.9312,45.6472],[9.9423,45.6653],[9.9657,45.664],[9.9998,45.6721],[10.0444,45.6749],[10.0632,45.6828],[10.0653,45.6913],[10.0591,45.7088],[10.0663,45.7407],[10.0552,45.7619],[10.0574,45.7762],[10.0716,45.7974],[10.1008,45.8093],[10.1081,45.8155],[10.1192,45.8282],[10.1214,45.836],[10.1458,45.8519],[10.1498,45.8631],[10.109,45.8857],[10.1073,45.8938],[10.0964,45.9074],[10.098,45.9121],[10.0932,45.9204],[10.097,45.929],[10.1145,45.9362],[10.1159,45.948],[10.1252,45.9585],[10.1781,45.9742],[10.1765,45.9827],[10.1888,45.9915],[10.1927,46.0008],[10.1977,46.004],[10.2062,46.0074],[10.2501,46.0111],[10.2614,46.0178],[10.2622,46.0208],[10.2546,46.0255],[10.2551,46.0304],[10.2492,46.0358],[10.2334,46.0348],[10.2298,46.0374],[10.2259,46.0414],[10.2281,46.0482],[10.2119,46.0507],[10.2029,46.0458],[10.1927,46.0516],[10.1758,46.0516],[10.1703,46.0546],[10.1754,46.0708],[10.185,46.081],[10.1786,46.0864],[10.1793,46.0906],[10.1748,46.0932],[10.1713,46.103],[10.1649,46.1071],[10.1718,46.1362],[10.1594,46.1595],[10.1746,46.1652],[10.1803,46.1783],[10.2257,46.1868],[10.229,46.1993],[10.2534,46.2033],[10.2819,46.2134],[10.2801,46.2171],[10.2947,46.2237],[10.2968,46.2412],[10.3009,46.2496],[10.3143,46.2599],[10.3154,46.2765],[10.3211,46.282],[10.3285,46.2871],[10.3391,46.2863],[10.3469,46.2905],[10.3714,46.2936],[10.4197,46.3337],[10.471,46.3547],[10.4868,46.3466],[10.4981,46.3348],[10.5118,46.3347],[10.5157,46.3432],[10.521,46.3435],[10.563,46.3273],[10.5649,46.313],[10.5756,46.3056],[10.5796,46.2988],[10.5605,46.2845],[10.5763,46.2727],[10.5851,46.2487],[10.5815,46.2403],[10.5746,46.237],[10.5689,46.2293],[10.5704,46.2221],[10.5494,46.2046],[10.5414,46.1886],[10.5546,46.1803],[10.5654,46.1668],[10.5583,46.1606],[10.5543,46.1488],[10.5466,46.1443],[10.5506,46.126],[10.5479,46.1156],[10.5357,46.0977],[10.5092,46.0752],[10.4894,46.0651],[10.483,46.0572],[10.4844,46.024],[10.4815,46.0211],[10.4708,46.0211],[10.4625,46.0149],[10.4573,46.0091],[10.4534,45.9911],[10.4534,45.9766],[10.4762,45.9705],[10.4866,45.9712],[10.4894,45.9638],[10.4833,45.9505],[10.4847,45.9451],[10.4914,45.942],[10.4914,45.933],[10.5086,45.9236],[10.5108,45.9156],[10.5062,45.9033],[10.4959,45.8997],[10.4901,45.8871],[10.4911,45.8823],[10.5037,45.8736],[10.5016,45.8609],[10.5066,45.8424],[10.5025,45.8302],[10.5081,45.8239],[10.5284,45.8266],[10.5433,45.8184],[10.5373,45.8108],[10.5261,45.8056],[10.5337,45.8006],[10.533,45.788],[10.5537,45.7839],[10.5747,45.787],[10.5891,45.7979],[10.6114,45.8052],[10.6351,45.8067],[10.6414,45.8019],[10.6507,45.8122],[10.6561,45.8323],[10.6771,45.8309],[10.6956,45.8399],[10.711,45.8361],[10.7356,45.8427],[10.7485,45.8379],[10.7564,45.83],[10.7631,45.84],[10.7772,45.843],[10.7912,45.8335],[10.8254,45.8377],[10.8402,45.8328],[10.8325,45.8156],[10.8096,45.7984],[10.772,45.7508],[10.7056,45.6764],[10.631,45.6095],[10.6285,45.6021],[10.6408,45.4792],[10.643,45.4576],[10.6477,45.4485],[10.6443,45.4449],[10.6236,45.4436],[10.6273,45.4383],[10.6403,45.4435],[10.6468,45.441],[10.6474,45.4238],[10.6436,45.418],[10.6546,45.4158],[10.6551,45.4106],[10.6465,45.4072],[10.6426,45.3904],[10.6333,45.385],[10.6137,45.3827],[10.5979,45.3873],[10.58,45.3811],[10.5658,45.3873],[10.5481,45.3858],[10.5114,45.4123],[10.4562,45.4155],[10.4512,45.4186],[10.467,45.4066],[10.4503,45.3831],[10.4596,45.3786],[10.464,45.3707],[10.4685,45.3594],[10.468,45.3429],[10.4713,45.3323],[10.4639,45.3336],[10.4659,45.3252],[10.4472,45.3271],[10.4464,45.3207],[10.4284,45.3208]]]}},{"type":"Feature","properties":{"s":"BT","n":"Barletta-Andria-Trani","r":"Puglia","b":[15.8703,40.8977,16.5423,41.4412]},"geometry":{"type":"Polygon","coordinates":[[[16.34,41.1665],[16.3417,41.1564],[16.3377,41.1514],[16.3404,41.143],[16.3517,41.1347],[16.3473,41.1253],[16.3228,41.1068],[16.313,41.0902],[16.2987,41.0845],[16.2991,41.0741],[16.266,41.0386],[16.2632,41.0332],[16.2675,41.0288],[16.2666,41.0239],[16.254,41.0148],[16.2664,41.0053],[16.2519,40.9622],[16.2261,40.946],[16.2102,40.9301],[16.2025,40.9175],[16.163,40.9286],[16.1556,40.9227],[16.1487,40.9235],[16.1381,40.9184],[16.1343,40.9066],[16.1232,40.9016],[16.1211,40.8977],[16.0919,40.921],[16.0618,40.9285],[16.038,40.9397],[15.9773,40.9579],[15.9718,40.9721],[15.9837,40.97],[16.0084,40.9721],[16.027,40.9912],[16.0316,41.0007],[16.0276,41.0116],[16.0279,41.0241],[16.0405,41.0284],[16.0399,41.0341],[16.0269,41.0479],[16.0094,41.0572],[15.9987,41.0548],[15.9823,41.0774],[15.9802,41.0816],[15.983,41.0887],[15.9777,41.0933],[15.9541,41.0931],[15.96,41.1001],[15.9541,41.1094],[15.9375,41.1136],[15.9318,41.109],[15.9214,41.1115],[15.9008,41.1264],[15.8944,41.1233],[15.8777,41.1377],[15.8703,41.1399],[15.9105,41.1661],[15.9271,41.1808],[15.9505,41.1834],[15.9816,41.1949],[15.9916,41.1954],[15.9965,41.1994],[15.9954,41.206],[16.008,41.2089],[16.0204,41.2205],[16.0198,41.2294],[16.0166,41.2302],[16.0176,41.2394],[16.027,41.2483],[16.0402,41.2699],[16.0224,41.264],[16.0125,41.2643],[15.9876,41.3046],[15.9834,41.3047],[15.9819,41.3608],[15.9921,41.361],[16.0311,41.3739],[16.0373,41.3834],[15.9836,41.4055],[15.9764,41.4139],[15.937,41.4258],[15.9522,41.4412],[15.9792,41.4383],[16.0248,41.4214],[16.0248,41.4258],[16.0501,41.4181],[16.1263,41.3876],[16.1351,41.3876],[16.1713,41.3686],[16.2126,41.357],[16.2597,41.3296],[16.3587,41.3047],[16.4009,41.2851],[16.4194,41.2825],[16.4521,41.2606],[16.5015,41.2482],[16.5054,41.2435],[16.5252,41.2413],[16.5423,41.2295],[16.5377,41.2124],[16.5109,41.183],[16.517,41.1725],[16.5038,41.1513],[16.4827,41.1536],[16.4705,41.1489],[16.4599,41.1704],[16.4434,41.1798],[16.4363,41.1882],[16.4288,41.1903],[16.4197,41.1872],[16.4027,41.188],[16.3916,41.1961],[16.3859,41.1917],[16.3812,41.1817],[16.3849,41.18],[16.3828,41.1773],[16.3638,41.1712],[16.3587,41.1643],[16.34,41.1665]]]}},{"type":"Feature","properties":{"s":"BZ","n":"Bolzano/Bozen","r":"Trentino-Alto Adige/Südtirol","b":[10.3858,46.2198,12.4777,47.0916]},"geometry":{"type":"Polygon","coordinates":[[[11.4769,46.3639],[11.4796,46.3561],[11.4621,46.35],[11.4545,46.3347],[11.4191,46.3254],[11.4043,46.325],[11.3963,46.3097],[11.3853,46.3027],[11.3595,46.2996],[11.3589,46.2961],[11.3736,46.293],[11.385,46.2859],[11.3868,46.2801],[11.3947,46.2738],[11.3976,46.2648],[11.3773,46.262],[11.3588,46.2657],[11.3562,46.2764],[11.3419,46.2818],[11.3363,46.2896],[11.3403,46.2979],[11.3381,46.2987],[11.3232,46.2926],[11.3109,46.2813],[11.3159,46.2733],[11.3056,46.2588],[11.2943,46.2609],[11.2851,46.258],[11.2396,46.2284],[11.2138,46.2216],[11.2064,46.2198],[11.1827,46.2264],[11.1746,46.2327],[11.1746,46.2392],[11.1807,46.2432],[11.1845,46.2519],[11.1963,46.2498],[11.2024,46.2556],[11.1715,46.2605],[11.1598,46.2681],[11.15,46.2798],[11.1388,46.2833],[11.1437,46.2884],[11.1628,46.2914],[11.1785,46.3068],[11.1905,46.3275],[11.1974,46.3321],[11.2036,46.3424],[11.1916,46.3599],[11.1937,46.365],[11.2056,46.3672],[11.2009,46.3734],[11.2147,46.4032],[11.2073,46.4166],[11.2118,46.4209],[11.2056,46.426],[11.2147,46.4343],[11.2178,46.4419],[11.2124,46.4554],[11.2182,46.4562],[11.2204,46.4603],[11.2177,46.4731],[11.2122,46.4774],[11.2108,46.4911],[11.2062,46.497],[11.187,46.5088],[11.1786,46.4988],[11.1491,46.4856],[11.1291,46.4825],[11.1138,46.4954],[11.0894,46.5018],[11.0824,46.5314],[11.0549,46.5163],[11.0346,46.5138],[11.049,46.507],[11.0619,46.4867],[11.0759,46.4474],[11.0728,46.4415],[11.0546,46.4495],[11.0421,46.4467],[11.0311,46.4596],[11.0059,46.4768],[10.9886,46.4835],[10.9763,46.484],[10.9638,46.4802],[10.9566,46.4704],[10.9372,46.4671],[10.9322,46.4536],[10.9156,46.4453],[10.8922,46.4447],[10.8849,46.4501],[10.8613,46.4361],[10.8004,46.443],[10.765,46.486],[10.76,46.4864],[10.7433,46.4842],[10.7169,46.463],[10.6955,46.458],[10.6833,46.4504],[10.6648,46.4515],[10.6381,46.4455],[10.6218,46.448],[10.6005,46.4687],[10.5761,46.4743],[10.555,46.489],[10.497,46.4974],[10.4761,46.4955],[10.4579,46.5106],[10.4532,46.532],[10.4621,46.5412],[10.4725,46.5437],[10.4743,46.5642],[10.4841,46.5783],[10.486,46.6016],[10.4923,46.6151],[10.4872,46.6156],[10.4463,46.641],[10.4096,46.635],[10.4,46.6385],[10.4,46.6458],[10.3931,46.655],[10.3922,46.6704],[10.3858,46.6809],[10.3876,46.6874],[10.4025,46.7042],[10.4149,46.7082],[10.4176,46.716],[10.402,46.7344],[10.4348,46.7522],[10.442,46.7527],[10.442,46.7699],[10.4251,46.7889],[10.4295,46.7958],[10.4488,46.8023],[10.4559,46.8135],[10.4697,46.8546],[10.4789,46.8589],[10.5,46.8476],[10.5255,46.8463],[10.5526,46.8498],[10.5563,46.8469],[10.5502,46.84],[10.5536,46.8396],[10.5705,46.8424],[10.6006,46.8578],[10.6237,46.864],[10.6454,46.8654],[10.6681,46.8756],[10.6756,46.87],[10.6889,46.8676],[10.6969,46.8627],[10.6945,46.8522],[10.7111,46.8469],[10.726,46.8375],[10.7563,46.8314],[10.7634,46.8233],[10.7458,46.8044],[10.7261,46.7977],[10.7305,46.7879],[10.7594,46.7858],[10.7864,46.7964],[10.8159,46.7753],[10.8257,46.7739],[10.8321,46.7805],[10.8403,46.7816],[10.852,46.7744],[10.8659,46.7726],[10.8717,46.7655],[10.8832,46.7631],[10.9223,46.7749],[10.9531,46.7747],[10.9936,46.7671],[11.0136,46.7721],[11.0221,46.7652],[11.0424,46.7996],[11.0419,46.8034],[11.0835,46.8222],[11.0721,46.8404],[11.0725,46.8496],[11.0747,46.8577],[11.0884,46.8778],[11.1003,46.8901],[11.0959,46.9119],[11.1078,46.916],[11.11,46.9249],[11.12,46.9305],[11.1406,46.9283],[11.1652,46.9407],[11.1683,46.9447],[11.1632,46.9511],[11.1653,46.9653],[11.1761,46.9625],[11.1904,46.97],[11.2025,46.9684],[11.2047,46.965],[11.2414,46.9696],[11.2585,46.9776],[11.3114,46.9871],[11.3193,46.9924],[11.3352,46.9866],[11.3583,46.9904],[11.3842,46.9704],[11.4058,46.9652],[11.4367,46.9744],[11.4529,46.9921],[11.4671,46.9944],[11.4711,47.0037],[11.4793,47.0109],[11.4987,47.0096],[11.5096,47.0048],[11.532,46.992],[11.5381,46.9841],[11.5753,46.9949],[11.5811,46.9974],[11.5808,47.0015],[11.5889,47.0047],[11.6244,47.0122],[11.6352,47.0036],[11.6633,46.993],[11.7106,46.993],[11.7296,46.972],[11.7472,46.9689],[11.7659,46.9752],[11.7813,46.9915],[11.8136,46.9898],[11.8315,46.9924],[11.8669,47.0112],[11.8875,47.0162],[11.9321,47.0376],[11.9444,47.035],[11.9589,47.0424],[11.9708,47.0437],[11.9789,47.0498],[12.0211,47.047],[12.03,47.05],[12.0353,47.0579],[12.0425,47.061],[12.0729,47.0598],[12.0937,47.0766],[12.1037,47.078],[12.1201,47.0738],[12.1355,47.0797],[12.161,47.0816],[12.1872,47.0916],[12.224,47.0832],[12.2402,47.0679],[12.2168,47.0578],[12.2158,47.0445],[12.2049,47.0272],[12.1673,47.0207],[12.1472,47.0243],[12.121,47.0067],[12.1379,46.98],[12.1315,46.9629],[12.1408,46.956],[12.1574,46.9507],[12.1682,46.9379],[12.1674,46.9328],[12.1441,46.914],[12.16,46.9084],[12.1889,46.9063],[12.1975,46.8986],[12.2004,46.8885],[12.2162,46.8739],[12.2219,46.8799],[12.2317,46.8804],[12.2362,46.8885],[12.2406,46.8904],[12.2745,46.8832],[12.2773,46.8803],[12.2756,46.8729],[12.2904,46.8617],[12.291,46.8523],[12.2956,46.8459],[12.3067,46.8404],[12.3048,46.8329],[12.2832,46.8146],[12.2919,46.8035],[12.2882,46.796],[12.2805,46.7914],[12.2838,46.7829],[12.311,46.7845],[12.3574,46.7747],[12.3684,46.743],[12.3837,46.7166],[12.4428,46.6882],[12.4736,46.6869],[12.4774,46.683],[12.4752,46.6789],[12.4375,46.6689],[12.404,46.643],[12.3798,46.6429],[12.3784,46.6367],[12.3898,46.6275],[12.3852,46.6228],[12.3594,46.6197],[12.3414,46.63],[12.3159,46.63],[12.3151,46.6238],[12.3055,46.6192],[12.2861,46.6179],[12.2727,46.6209],[12.2602,46.6287],[12.2322,46.614],[12.2124,46.609],[12.2045,46.6002],[12.1922,46.5946],[12.1944,46.6195],[12.1865,46.6208],[12.1713,46.6341],[12.1631,46.6362],[12.1464,46.6342],[12.0755,46.6744],[12.0683,46.6751],[12.0671,46.654],[12.0714,46.6416],[12.0657,46.627],[12.0466,46.6081],[12.0498,46.5938],[12.0467,46.5847],[12.0342,46.5768],[12.0279,46.5653],[11.9984,46.5329],[11.9876,46.5453],[11.9678,46.5446],[11.9495,46.5392],[11.9455,46.5294],[11.9339,46.5279],[11.9119,46.533],[11.888,46.5228],[11.8514,46.5178],[11.8283,46.5089],[11.8253,46.5128],[11.8255,46.5218],[11.8112,46.5328],[11.8008,46.5277],[11.793,46.5213],[11.7906,46.515],[11.7816,46.5107],[11.7436,46.505],[11.7198,46.5102],[11.7158,46.5138],[11.7023,46.5073],[11.6648,46.4975],[11.6469,46.4984],[11.6391,46.5018],[11.6328,46.4993],[11.6334,46.4953],[11.6503,46.4831],[11.6446,46.4728],[11.6408,46.4752],[11.6269,46.472],[11.626,46.4609],[11.6178,46.4441],[11.6198,46.4294],[11.6017,46.3994],[11.6017,46.3898],[11.5926,46.3836],[11.5637,46.3809],[11.5587,46.3676],[11.5572,46.3509],[11.5525,46.3472],[11.5435,46.3478],[11.5239,46.3561],[11.4769,46.3639]]]}},{"type":"Feature","properties":{"s":"CA","n":"Cagliari","r":"Sardegna","b":[8.6993,38.8758,9.6598,39.8514]},"geometry":{"type":"MultiPolygon","coordinates":[[[[8.8487,39.0992],[8.8374,39.1104],[8.8222,39.1186],[8.8202,39.1301],[8.8263,39.1487],[8.8212,39.1555],[8.8115,39.1653],[8.7708,39.1794],[8.766,39.1861],[8.7483,39.2319],[8.7398,39.28],[8.7222,39.2834],[8.7164,39.3104],[8.7006,39.3223],[8.7103,39.3628],[8.7051,39.372],[8.6993,39.375],[8.7343,39.3957],[8.7573,39.405],[8.8213,39.4074],[8.8274,39.4148],[8.8848,39.3983],[8.9292,39.3995],[8.9618,39.412],[8.9782,39.4221],[8.9693,39.4499],[8.957,39.4657],[8.9593,39.4625],[8.965,39.4627],[8.9881,39.4681],[9.0109,39.4804],[9.0148,39.4864],[9.0094,39.5077],[9.0116,39.5172],[9.0075,39.5277],[8.9866,39.5306],[8.9828,39.5342],[8.9997,39.5537],[9.0062,39.5772],[9.0126,39.5841],[9.0115,39.5867],[9.0143,39.5877],[9.0261,39.6184],[9.0465,39.6409],[9.0491,39.663],[9.0476,39.6895],[9.0513,39.6964],[9.0561,39.697],[9.0588,39.7057],[9.0565,39.7113],[9.0615,39.7215],[9.0551,39.7312],[9.0717,39.7429],[9.0736,39.7503],[9.053,39.7583],[8.998,39.7611],[8.9964,39.7682],[8.9786,39.7797],[8.953,39.778],[8.9387,39.7828],[8.9358,39.7795],[8.9416,39.7663],[8.9414,39.7585],[8.9352,39.7549],[8.9207,39.7591],[8.904,39.7721],[8.893,39.773],[8.8866,39.7875],[8.8864,39.7924],[8.8895,39.7946],[8.9036,39.7957],[8.9362,39.7912],[8.9406,39.7849],[8.9525,39.7785],[8.9746,39.8026],[8.9866,39.8257],[9.0097,39.8278],[9.0313,39.8153],[9.0294,39.8108],[9.0418,39.803],[9.0543,39.801],[9.0616,39.8105],[9.0759,39.8169],[9.0832,39.8262],[9.1,39.8308],[9.1065,39.8416],[9.1063,39.847],[9.1135,39.8497],[9.1275,39.8395],[9.1478,39.8446],[9.1638,39.8326],[9.1753,39.8285],[9.2002,39.8263],[9.2092,39.8225],[9.2266,39.8414],[9.2729,39.8508],[9.2922,39.8281],[9.2924,39.8135],[9.2854,39.8037],[9.298,39.808],[9.3069,39.8004],[9.3395,39.7866],[9.3537,39.7753],[9.3598,39.7541],[9.3975,39.7363],[9.3862,39.7251],[9.3862,39.7148],[9.3491,39.7022],[9.3534,39.6882],[9.3628,39.6883],[9.3825,39.6955],[9.4018,39.6862],[9.4017,39.6738],[9.3974,39.6679],[9.3981,39.6534],[9.4055,39.6403],[9.4182,39.628],[9.4167,39.6172],[9.4301,39.6255],[9.4409,39.6413],[9.4576,39.6414],[9.4705,39.6348],[9.4863,39.6169],[9.5032,39.6206],[9.5083,39.6281],[9.5102,39.6097],[9.514,39.6054],[9.5261,39.6027],[9.5238,39.5894],[9.5464,39.5829],[9.5456,39.5796],[9.5544,39.5736],[9.5939,39.5738],[9.6037,39.571],[9.6514,39.5492],[9.6399,39.5419],[9.6324,39.512],[9.6329,39.4978],[9.6416,39.4933],[9.644,39.4861],[9.6424,39.4776],[9.6455,39.4611],[9.6404,39.4519],[9.641,39.4444],[9.6394,39.4391],[9.6312,39.4335],[9.6078,39.388],[9.5977,39.3493],[9.5993,39.3318],[9.6039,39.3205],[9.6117,39.3132],[9.6314,39.3043],[9.6339,39.299],[9.6312,39.2956],[9.6227,39.298],[9.6068,39.2941],[9.582,39.2648],[9.5707,39.2411],[9.5687,39.2138],[9.563,39.1985],[9.565,39.1891],[9.5779,39.1844],[9.5789,39.1756],[9.5704,39.1674],[9.5684,39.1533],[9.5616,39.1385],[9.5561,39.1334],[9.5324,39.1291],[9.5209,39.1176],[9.5188,39.1133],[9.5238,39.0947],[9.5025,39.1098],[9.5095,39.1217],[9.5029,39.1312],[9.4838,39.1354],[9.4712,39.1318],[9.466,39.1268],[9.4505,39.1291],[9.4377,39.122],[9.4339,39.1301],[9.4172,39.1361],[9.4085,39.1432],[9.4035,39.1446],[9.4015,39.1412],[9.3923,39.1446],[9.3904,39.1575],[9.3711,39.1738],[9.3497,39.1788],[9.3387,39.1934],[9.3283,39.1973],[9.3208,39.2044],[9.3047,39.205],[9.2965,39.2132],[9.2467,39.2168],[9.2309,39.2278],[9.2098,39.2268],[9.1852,39.2182],[9.1653,39.2042],[9.1599,39.1937],[9.1695,39.1888],[9.1587,39.1813],[9.1399,39.189],[9.1255,39.1999],[9.1269,39.2022],[9.1238,39.2057],[9.1109,39.2136],[9.0924,39.2094],[9.0679,39.1976],[9.0393,39.1734],[9.0192,39.1492],[9.0139,39.1304],[9.0089,39.1231],[9.0164,39.1049],[9.0166,39.0866],[9.0244,39.0824],[9.0374,39.088],[9.0489,39.0888],[9.0539,39.0852],[9.0382,39.0864],[9.0252,39.0811],[9.028,39.074],[9.0457,39.056],[9.0391,39.0404],[9.0244,39.0202],[9.0263,38.9998],[9.0176,38.9962],[9.0137,38.9857],[9.0004,38.9862],[8.9941,38.9757],[8.9403,38.9359],[8.9214,38.9255],[8.9027,38.9053],[8.8608,38.8824],[8.8552,38.8758],[8.841,38.8775],[8.8388,38.8804],[8.8347,38.8973],[8.8358,38.9143],[8.8212,38.9488],[8.8273,38.9552],[8.8146,39.005],[8.8156,39.018],[8.8239,39.0369],[8.8531,39.0842],[8.8487,39.0992]]],[[[8.7835,38.8982],[8.7786,38.9037],[8.7818,38.9116],[8.7748,38.9154],[8.7706,38.9307],[8.7738,38.9358],[8.7943,38.9372],[8.7968,38.9348],[8.7969,38.9198],[8.7945,38.9136],[8.7861,38.9065],[8.7835,38.8982]]],[[[9.5301,39.09],[9.5351,39.0883],[9.5337,39.0823],[9.5269,39.0846],[9.5301,39.09]]],[[[9.6069,39.1443],[9.6079,39.1379],[9.6048,39.1337],[9.6039,39.1402],[9.6069,39.1443]]]]}},{"type":"Feature","properties":{"s":"CB","n":"Campobasso","r":"Molise","b":[14.3777,41.364,15.1616,42.0702]},"geometry":{"type":"Polygon","coordinates":[[[14.4193,41.4351],[14.4125,41.4412],[14.4009,41.4372],[14.3825,41.4433],[14.3786,41.4489],[14.3873,41.4796],[14.39,41.5051],[14.4058,41.5099],[14.4281,41.5247],[14.4467,41.5183],[14.4522,41.5195],[14.4501,41.5236],[14.4575,41.5461],[14.4696,41.5397],[14.4679,41.5515],[14.4701,41.5564],[14.4934,41.5724],[14.4922,41.5903],[14.5062,41.597],[14.5119,41.5964],[14.5125,41.6004],[14.5097,41.6089],[14.498,41.6165],[14.4815,41.6163],[14.4795,41.6317],[14.4631,41.6359],[14.4519,41.6425],[14.4273,41.6373],[14.4245,41.6443],[14.4319,41.6575],[14.4301,41.6693],[14.435,41.6719],[14.4544,41.6647],[14.4691,41.678],[14.4836,41.6801],[14.4935,41.6714],[14.5024,41.6791],[14.5012,41.6857],[14.521,41.6992],[14.5221,41.7146],[14.5188,41.7268],[14.4762,41.7458],[14.4839,41.7581],[14.4947,41.7653],[14.4987,41.7723],[14.53,41.7883],[14.5337,41.7923],[14.531,41.8007],[14.539,41.8023],[14.5497,41.8153],[14.561,41.8194],[14.568,41.8181],[14.577,41.8276],[14.5847,41.8421],[14.5977,41.851],[14.599,41.863],[14.6113,41.8802],[14.6142,41.8892],[14.6416,41.9004],[14.6638,41.9163],[14.6671,41.9326],[14.6655,41.9411],[14.6686,41.9466],[14.7006,41.9742],[14.7272,42.0032],[14.7472,42.009],[14.7662,42.0184],[14.7802,42.0297],[14.7822,42.0351],[14.7623,42.0446],[14.7792,42.0702],[14.7944,42.0657],[14.8279,42.0468],[14.8923,42.0235],[14.9546,42.0105],[14.9942,42.0051],[15.0048,42.0065],[15.0088,42.0028],[14.9992,42.0053],[15.0035,41.9919],[15.0272,41.9811],[15.0275,41.9783],[15.0536,41.9638],[15.0796,41.9423],[15.1013,41.9344],[15.1375,41.9281],[15.1317,41.9034],[15.1406,41.8791],[15.1297,41.8737],[15.1188,41.854],[15.1059,41.8495],[15.101,41.8375],[15.1005,41.8336],[15.1164,41.8145],[15.1137,41.8082],[15.117,41.7992],[15.1147,41.7892],[15.1024,41.7824],[15.0986,41.7652],[15.1166,41.749],[15.1033,41.749],[15.1019,41.7428],[15.1209,41.7208],[15.1457,41.7115],[15.1615,41.7094],[15.1171,41.6938],[15.1061,41.6856],[15.1025,41.6721],[15.0947,41.6742],[15.0899,41.6818],[15.0858,41.6751],[15.09,41.672],[15.0693,41.6607],[15.0502,41.6573],[15.0452,41.6369],[15.0342,41.638],[15.026,41.6346],[15.0235,41.6283],[15.026,41.6226],[15.0081,41.6224],[14.9895,41.6333],[14.9887,41.6378],[14.964,41.6434],[14.9555,41.6423],[14.9496,41.6329],[14.9341,41.6194],[14.9464,41.6099],[14.9495,41.5918],[14.9455,41.5633],[14.9359,41.5424],[14.9372,41.5275],[14.9451,41.5218],[14.9664,41.519],[14.9793,41.5057],[15.0076,41.4864],[14.9897,41.4799],[14.9823,41.4691],[14.9644,41.4658],[14.9469,41.4561],[14.8855,41.4449],[14.8641,41.4263],[14.8431,41.4266],[14.8115,41.4414],[14.8059,41.4475],[14.7849,41.4521],[14.7713,41.4419],[14.7723,41.4335],[14.7647,41.4174],[14.7481,41.4084],[14.7166,41.4008],[14.6996,41.4108],[14.6661,41.4065],[14.6657,41.3977],[14.6617,41.3937],[14.6531,41.3977],[14.6434,41.394],[14.6146,41.3682],[14.603,41.364],[14.5916,41.3694],[14.5849,41.3815],[14.5754,41.3897],[14.5663,41.3921],[14.5513,41.3795],[14.5235,41.3853],[14.5051,41.3825],[14.5004,41.3876],[14.4886,41.3907],[14.478,41.4102],[14.4824,41.414],[14.4773,41.419],[14.4553,41.4278],[14.4307,41.4287],[14.4193,41.4351]]]}},{"type":"Feature","properties":{"s":"CE","n":"Caserta","r":"Campania","b":[13.7621,40.8988,14.5344,41.5074]},"geometry":{"type":"Polygon","coordinates":[[[14.5182,41.0488],[14.5165,41.0391],[14.5312,41.0133],[14.5344,40.9977],[14.5224,40.9892],[14.492,40.9942],[14.4834,40.9924],[14.4771,40.9815],[14.4333,40.9848],[14.4247,40.9809],[14.4048,40.9861],[14.4148,40.9964],[14.4062,41.0014],[14.3266,41.0001],[14.2976,41.0047],[14.2913,40.9935],[14.293,40.9697],[14.2845,40.9603],[14.2635,40.9616],[14.2584,40.9582],[14.2641,40.9519],[14.2522,40.9461],[14.2328,40.9588],[14.2319,40.9535],[14.2252,40.9509],[14.2143,40.9493],[14.1972,40.9539],[14.1722,40.954],[14.1731,40.9496],[14.1683,40.9455],[14.1666,40.9526],[14.1565,40.9511],[14.1444,40.9436],[14.1383,40.9447],[14.1297,40.9499],[14.1469,40.9594],[14.1403,40.9791],[14.1122,40.979],[14.0988,40.9623],[14.093,40.9602],[14.0474,40.9592],[14.043,40.9577],[14.0456,40.9537],[14.037,40.9496],[14.0277,40.9483],[14.0232,40.9512],[14.018,40.9479],[14.0288,40.9249],[14.0271,40.9171],[14.0354,40.9003],[14.0319,40.8988],[14.0157,40.9287],[13.9938,40.9583],[13.922,41.0263],[13.9152,41.0483],[13.8938,41.0902],[13.8317,41.1674],[13.7972,41.1978],[13.7621,41.2226],[13.772,41.2421],[13.7882,41.242],[13.8049,41.2469],[13.815,41.2445],[13.8336,41.255],[13.84,41.2624],[13.8307,41.2664],[13.8284,41.281],[13.8511,41.2896],[13.8823,41.2909],[13.8897,41.2975],[13.8948,41.3116],[13.8737,41.3356],[13.8779,41.3413],[13.8708,41.3647],[13.8745,41.3761],[13.8841,41.3832],[13.8756,41.3961],[13.8854,41.3998],[13.8637,41.409],[13.8612,41.4166],[13.8633,41.4188],[13.8766,41.4262],[13.9039,41.4256],[13.9136,41.4332],[13.9312,41.4402],[13.9612,41.4639],[13.975,41.4634],[14.007,41.4519],[14.008,41.4396],[14.0007,41.4309],[14.0057,41.4246],[14.0266,41.4167],[14.03,41.4119],[14.0287,41.4084],[14.0424,41.3928],[14.0848,41.4],[14.1114,41.3864],[14.1126,41.3918],[14.1039,41.4056],[14.1057,41.4224],[14.0784,41.4471],[14.0868,41.4597],[14.0824,41.4655],[14.0948,41.4726],[14.1034,41.4837],[14.1119,41.4889],[14.1195,41.5065],[14.1253,41.5074],[14.1516,41.4827],[14.165,41.4788],[14.1673,41.4944],[14.1724,41.4992],[14.1908,41.4965],[14.2049,41.4999],[14.216,41.4968],[14.2407,41.4972],[14.2494,41.4846],[14.2791,41.4864],[14.2921,41.4763],[14.2843,41.4721],[14.3047,41.4664],[14.3272,41.4534],[14.3422,41.4541],[14.4009,41.4372],[14.4125,41.4412],[14.4307,41.4287],[14.4553,41.4278],[14.4773,41.419],[14.4824,41.414],[14.478,41.4102],[14.4886,41.3907],[14.5035,41.385],[14.5049,41.3826],[14.5012,41.3828],[14.4949,41.3743],[14.4778,41.3798],[14.4735,41.3735],[14.4651,41.3757],[14.4561,41.3718],[14.4472,41.36],[14.4395,41.3443],[14.4525,41.3449],[14.4581,41.3418],[14.4685,41.3455],[14.475,41.3382],[14.4774,41.3209],[14.4895,41.3078],[14.4891,41.3006],[14.4736,41.2995],[14.4484,41.2905],[14.4388,41.2823],[14.4326,41.2648],[14.4262,41.2624],[14.4199,41.2544],[14.4239,41.25],[14.419,41.2415],[14.4182,41.2223],[14.4232,41.2203],[14.4284,41.2235],[14.4352,41.2227],[14.4365,41.2127],[14.4423,41.2103],[14.448,41.1967],[14.461,41.1864],[14.4581,41.1829],[14.4594,41.1748],[14.4658,41.1772],[14.4682,41.1752],[14.4658,41.1688],[14.4586,41.1636],[14.4636,41.1569],[14.436,41.1547],[14.4307,41.1497],[14.429,41.1373],[14.4231,41.1353],[14.421,41.1384],[14.4041,41.143],[14.3992,41.1496],[14.3867,41.1529],[14.3784,41.1614],[14.3554,41.1566],[14.352,41.1521],[14.3632,41.1401],[14.3882,41.1343],[14.3972,41.1214],[14.3938,41.1158],[14.4342,41.1078],[14.437,41.0962],[14.4323,41.0796],[14.4398,41.0711],[14.413,41.0572],[14.4494,41.0463],[14.4541,41.0485],[14.4558,41.0427],[14.4746,41.0434],[14.4784,41.0463],[14.478,41.0513],[14.4921,41.0472],[14.5072,41.0557],[14.5182,41.0488]]]}},{"type":"Feature","properties":{"s":"CH","n":"Chieti","r":"Abruzzo","b":[14.0757,41.7597,14.783,42.4449]},"geometry":{"type":"Polygon","coordinates":[[[14.3237,41.8964],[14.304,41.8934],[14.2842,41.9108],[14.2777,41.9083],[14.2657,41.8959],[14.2553,41.8922],[14.2448,41.8819],[14.2297,41.8771],[14.2114,41.8906],[14.1832,41.9035],[14.1682,41.9011],[14.1383,41.8872],[14.1063,41.8934],[14.0949,41.9223],[14.0818,41.9394],[14.097,41.9451],[14.0979,41.9523],[14.0899,41.9975],[14.081,42.0017],[14.0815,42.0183],[14.0906,42.0327],[14.0906,42.041],[14.104,42.048],[14.099,42.0639],[14.1002,42.0747],[14.0832,42.0901],[14.0902,42.0987],[14.1068,42.0989],[14.1149,42.1072],[14.1156,42.1201],[14.1099,42.1428],[14.1156,42.1504],[14.1292,42.1588],[14.1066,42.177],[14.0963,42.1813],[14.0961,42.1859],[14.1008,42.1892],[14.1066,42.1886],[14.0936,42.2034],[14.0954,42.2067],[14.1116,42.2115],[14.1216,42.2245],[14.1331,42.2243],[14.1086,42.2445],[14.1057,42.2574],[14.1147,42.2631],[14.1137,42.2744],[14.0852,42.2784],[14.104,42.2861],[14.1113,42.2914],[14.1115,42.2956],[14.0952,42.3032],[14.0846,42.3167],[14.0782,42.318],[14.0757,42.3251],[14.083,42.3318],[14.0936,42.3348],[14.1113,42.3317],[14.1197,42.3349],[14.1175,42.3397],[14.127,42.3487],[14.1274,42.3525],[14.1255,42.3577],[14.1199,42.3583],[14.1176,42.3623],[14.1277,42.3685],[14.1329,42.3863],[14.1576,42.3942],[14.1553,42.4081],[14.1596,42.4171],[14.1569,42.4168],[14.1687,42.426],[14.1645,42.4321],[14.1715,42.4366],[14.1843,42.4274],[14.1922,42.4338],[14.2085,42.4254],[14.2236,42.4275],[14.2213,42.4195],[14.2287,42.4155],[14.2413,42.4268],[14.2458,42.4274],[14.2441,42.4368],[14.2543,42.4449],[14.3156,42.4077],[14.373,42.3786],[14.391,42.3726],[14.4027,42.3615],[14.4206,42.3556],[14.4235,42.3512],[14.4116,42.357],[14.4101,42.3479],[14.4141,42.3459],[14.426,42.3259],[14.4412,42.3123],[14.4995,42.2737],[14.5025,42.268],[14.5012,42.2605],[14.5096,42.2515],[14.563,42.2238],[14.6208,42.1993],[14.6958,42.1756],[14.7089,42.1739],[14.7128,42.1769],[14.7172,42.1702],[14.7188,42.1359],[14.7224,42.1302],[14.7187,42.105],[14.7441,42.0846],[14.7792,42.0702],[14.7623,42.0446],[14.7822,42.0351],[14.7804,42.0299],[14.7662,42.0184],[14.7241,42.0005],[14.7006,41.9742],[14.6686,41.9466],[14.6655,41.9411],[14.6671,41.9326],[14.6638,41.9163],[14.6416,41.9004],[14.6142,41.8892],[14.6113,41.8802],[14.599,41.863],[14.5977,41.851],[14.5847,41.8421],[14.577,41.8276],[14.568,41.8181],[14.561,41.8194],[14.5497,41.8153],[14.539,41.8023],[14.531,41.8007],[14.5337,41.7923],[14.53,41.7883],[14.4987,41.7723],[14.4888,41.7607],[14.4548,41.7634],[14.4644,41.777],[14.4547,41.7958],[14.4505,41.8214],[14.4423,41.8413],[14.4337,41.8415],[14.4207,41.8553],[14.3974,41.8697],[14.3789,41.8659],[14.3767,41.8799],[14.3614,41.8746],[14.3645,41.8688],[14.3586,41.8607],[14.343,41.8625],[14.3433,41.8686],[14.3277,41.8859],[14.3237,41.8964]]]}},{"type":"Feature","properties":{"s":"CL","n":"Caltanissetta","r":"Sicilia","b":[13.6506,37.0016,14.4756,37.7451]},"geometry":{"type":"MultiPolygon","coordinates":[[[[13.677,37.5676],[13.6684,37.5742],[13.6806,37.5868],[13.7081,37.583],[13.7433,37.5922],[13.754,37.5917],[13.7647,37.5969],[13.7623,37.6068],[13.7668,37.6098],[13.7769,37.6069],[13.7805,37.6155],[13.7886,37.6235],[13.8232,37.6152],[13.8309,37.6186],[13.8296,37.6289],[13.8111,37.6416],[13.8231,37.6604],[13.8226,37.6758],[13.8094,37.676],[13.7996,37.6883],[13.7893,37.6882],[13.7847,37.6838],[13.7611,37.6792],[13.7325,37.6829],[13.7422,37.6927],[13.7437,37.7066],[13.7663,37.6995],[13.7766,37.7017],[13.7763,37.7211],[13.8081,37.7451],[13.8185,37.7269],[13.8192,37.7149],[13.816,37.7082],[13.82,37.7033],[13.8351,37.6952],[13.8771,37.6818],[13.8819,37.6717],[13.8868,37.6698],[13.8934,37.6592],[13.9045,37.6575],[13.8992,37.6476],[13.9047,37.6285],[13.8984,37.6224],[13.8993,37.6181],[13.9304,37.6069],[13.9233,37.5965],[13.9599,37.5857],[13.9919,37.5956],[14.0216,37.5995],[14.0276,37.6023],[14.0202,37.6201],[14.0254,37.6316],[14.036,37.6368],[14.0434,37.6446],[14.0568,37.648],[14.0781,37.6442],[14.0868,37.6349],[14.0929,37.6346],[14.1032,37.6264],[14.1094,37.6266],[14.1147,37.631],[14.1203,37.6291],[14.1241,37.6117],[14.1319,37.6116],[14.135,37.6167],[14.164,37.6121],[14.1594,37.6051],[14.1593,37.5857],[14.1385,37.5808],[14.1355,37.5683],[14.1399,37.5528],[14.1326,37.5329],[14.1251,37.5304],[14.1249,37.5278],[14.1273,37.5214],[14.143,37.5079],[14.1402,37.5033],[14.1422,37.4984],[14.1594,37.481],[14.1418,37.4771],[14.1319,37.4714],[14.0786,37.4283],[14.0708,37.4213],[14.0718,37.4058],[14.064,37.4038],[14.06,37.4097],[14.056,37.4069],[14.0774,37.38],[14.072,37.3745],[14.0822,37.3687],[14.083,37.3513],[14.0902,37.3495],[14.0892,37.3437],[14.0851,37.3407],[14.0908,37.3366],[14.115,37.3341],[14.1269,37.3388],[14.1288,37.3454],[14.133,37.3351],[14.1421,37.3355],[14.1502,37.3289],[14.1672,37.324],[14.2159,37.3362],[14.2299,37.3473],[14.2561,37.3448],[14.2651,37.3422],[14.2672,37.3336],[14.2751,37.3304],[14.2832,37.3317],[14.3163,37.3257],[14.3158,37.303],[14.3527,37.3061],[14.3528,37.2781],[14.3694,37.2792],[14.3825,37.2855],[14.3928,37.2619],[14.3834,37.2569],[14.3827,37.2397],[14.3737,37.2047],[14.3832,37.2021],[14.3815,37.1922],[14.3926,37.1873],[14.3984,37.1791],[14.4172,37.1784],[14.4319,37.1898],[14.4324,37.185],[14.4514,37.1691],[14.4756,37.1317],[14.4566,37.1085],[14.4528,37.098],[14.433,37.0985],[14.4283,37.0939],[14.4436,37.0648],[14.441,37.0568],[14.4441,37.0529],[14.4131,37.0296],[14.39,37.0247],[14.3654,37.005],[14.3379,37.0016],[14.2968,37.0368],[14.2706,37.0504],[14.2631,37.0456],[14.2684,37.0519],[14.2586,37.0583],[14.234,37.0666],[14.2274,37.0658],[14.209,37.0766],[14.1706,37.0911],[14.0783,37.11],[14.0644,37.1107],[14.0363,37.1061],[14.0367,37.1277],[14.03,37.1546],[14.024,37.159],[14.0112,37.16],[14.0003,37.1777],[13.9823,37.1931],[14.0043,37.1936],[13.9946,37.2038],[13.9925,37.2205],[14.0156,37.2275],[14.0082,37.2338],[14.0067,37.2414],[14.0178,37.2581],[14.0096,37.2625],[14.0281,37.2749],[14.0315,37.2922],[14.0252,37.2933],[14.0222,37.2865],[14.0181,37.2856],[14.0062,37.2924],[13.9967,37.2931],[13.9918,37.2998],[13.9919,37.3078],[13.9779,37.3142],[13.9643,37.3289],[13.9271,37.3313],[13.9152,37.3414],[13.8822,37.359],[13.8878,37.3676],[13.8866,37.375],[13.901,37.3803],[13.9094,37.3871],[13.9047,37.3959],[13.896,37.403],[13.8622,37.4033],[13.8459,37.4288],[13.849,37.4371],[13.8413,37.4384],[13.8375,37.4339],[13.8345,37.4362],[13.8266,37.4324],[13.8123,37.4314],[13.8054,37.4356],[13.8002,37.4337],[13.7741,37.4406],[13.7594,37.4368],[13.7582,37.4321],[13.7481,37.4284],[13.7298,37.4375],[13.7054,37.4402],[13.6869,37.4584],[13.6516,37.46],[13.6564,37.4763],[13.6644,37.4763],[13.6643,37.4801],[13.6758,37.4907],[13.6859,37.4923],[13.6904,37.5008],[13.6934,37.5231],[13.6874,37.5346],[13.6939,37.5367],[13.6853,37.56],[13.677,37.5676]],[[14.1,37.5534],[14.0897,37.5574],[14.0867,37.5544],[14.0894,37.5457],[14.0997,37.5371],[14.1064,37.5397],[14.1,37.5534]]],[[[14.0878,37.6798],[14.081,37.6759],[14.0605,37.6743],[14.0335,37.6555],[14.018,37.6574],[14.0069,37.6731],[14.0106,37.6893],[14.0415,37.6894],[14.0415,37.6978],[14.0293,37.7044],[14.0359,37.7204],[14.0435,37.7259],[14.066,37.7212],[14.0686,37.7123],[14.0798,37.7129],[14.0892,37.7076],[14.0907,37.6976],[14.0796,37.6945],[14.0776,37.6904],[14.0878,37.6798]]]]}},{"type":"Feature","properties":{"s":"CN","n":"Cuneo","r":"Piemonte","b":[6.8538,44.0606,8.2662,44.8566]},"geometry":{"type":"MultiPolygon","coordinates":[[[[6.9454,44.4279],[6.9484,44.4298],[6.912,44.4528],[6.9069,44.4656],[6.8762,44.4815],[6.8728,44.4905],[6.8597,44.5059],[6.8538,44.5287],[6.8555,44.5326],[6.8648,44.5373],[6.8815,44.554],[6.9136,44.5587],[6.9164,44.5617],[6.9125,44.5685],[6.9326,44.5729],[6.9334,44.5917],[6.9377,44.6031],[6.9501,44.6138],[6.9523,44.6205],[6.9685,44.6203],[6.9685,44.6263],[6.9527,44.6378],[6.9476,44.6526],[6.9621,44.6769],[6.9747,44.6803],[6.9889,44.6902],[7.0292,44.6916],[7.0489,44.6831],[7.0719,44.6801],[7.0756,44.6849],[7.0752,44.6902],[7.066,44.7075],[7.0676,44.7165],[7.0737,44.7183],[7.087,44.7151],[7.0959,44.7209],[7.12,44.7256],[7.1279,44.7379],[7.1356,44.737],[7.1494,44.7433],[7.159,44.7605],[7.1932,44.7603],[7.2917,44.7811],[7.3209,44.7796],[7.3447,44.7828],[7.3494,44.7641],[7.3486,44.755],[7.345,44.7518],[7.3666,44.752],[7.366,44.7572],[7.3688,44.7596],[7.414,44.7663],[7.4376,44.7644],[7.4408,44.7769],[7.4589,44.7785],[7.4647,44.7736],[7.4462,44.7739],[7.45,44.7628],[7.4557,44.7607],[7.4552,44.7635],[7.4584,44.7641],[7.4604,44.7592],[7.4717,44.757],[7.4993,44.7681],[7.5026,44.7668],[7.508,44.7708],[7.508,44.777],[7.5142,44.783],[7.5307,44.7818],[7.5344,44.7939],[7.5647,44.799],[7.5669,44.8026],[7.5597,44.8108],[7.5695,44.8129],[7.5755,44.8196],[7.579,44.8143],[7.5776,44.8112],[7.5967,44.8099],[7.5936,44.8343],[7.6043,44.8384],[7.6131,44.83],[7.6193,44.8289],[7.6194,44.8475],[7.621,44.8393],[7.6274,44.8323],[7.6391,44.8358],[7.637,44.8385],[7.644,44.8428],[7.6533,44.8314],[7.6514,44.8189],[7.6571,44.8164],[7.6676,44.8206],[7.6848,44.8102],[7.7031,44.8141],[7.7063,44.8174],[7.7215,44.8129],[7.7662,44.8155],[7.7645,44.8219],[7.7787,44.8414],[7.7882,44.8445],[7.8119,44.8434],[7.8091,44.8549],[7.835,44.8392],[7.8493,44.8335],[7.8589,44.8342],[7.8642,44.8239],[7.866,44.83],[7.8754,44.8352],[7.8798,44.8346],[7.8818,44.8289],[7.8892,44.8243],[7.9026,44.8215],[7.9647,44.8566],[7.9778,44.8499],[7.9839,44.827],[7.9895,44.8255],[7.9936,44.8199],[8.0094,44.8144],[8.0236,44.8172],[8.0454,44.7993],[8.0535,44.8096],[8.0711,44.8063],[8.0952,44.8222],[8.1005,44.8197],[8.107,44.81],[8.119,44.814],[8.1306,44.8101],[8.1288,44.7913],[8.1371,44.7821],[8.1301,44.7814],[8.1159,44.7713],[8.1044,44.7739],[8.1043,44.7626],[8.0951,44.7585],[8.1129,44.7484],[8.1176,44.7505],[8.134,44.7457],[8.1377,44.7382],[8.1363,44.7327],[8.1522,44.7132],[8.1605,44.7225],[8.1658,44.7218],[8.1633,44.7328],[8.1746,44.7334],[8.1785,44.7367],[8.1816,44.7512],[8.1845,44.7514],[8.2066,44.7507],[8.2111,44.7297],[8.2158,44.7269],[8.2223,44.7292],[8.2292,44.7231],[8.2374,44.7233],[8.2568,44.7322],[8.2575,44.7212],[8.2659,44.7126],[8.2595,44.6966],[8.2273,44.6807],[8.2237,44.6765],[8.2237,44.6594],[8.2044,44.6392],[8.2044,44.6353],[8.1945,44.6286],[8.1968,44.6151],[8.215,44.6171],[8.2263,44.6024],[8.2343,44.5986],[8.2289,44.5936],[8.2424,44.5819],[8.2456,44.5697],[8.2413,44.5712],[8.2323,44.5617],[8.2401,44.5553],[8.2413,44.5494],[8.246,44.5483],[8.2528,44.5287],[8.2242,44.5142],[8.2162,44.4973],[8.2233,44.4857],[8.2019,44.4783],[8.1958,44.465],[8.2103,44.4555],[8.2071,44.4481],[8.2217,44.4327],[8.2201,44.4274],[8.2099,44.419],[8.2064,44.4043],[8.1865,44.3953],[8.18,44.3981],[8.1707,44.3948],[8.1619,44.3858],[8.1495,44.3848],[8.1504,44.3753],[8.1408,44.3712],[8.1486,44.3548],[8.145,44.3466],[8.1392,44.3426],[8.1343,44.3321],[8.1064,44.3324],[8.1051,44.3266],[8.1091,44.3151],[8.102,44.3009],[8.0845,44.3066],[8.076,44.314],[8.0608,44.2999],[8.0636,44.2883],[8.076,44.2875],[8.0829,44.2778],[8.0907,44.2748],[8.0818,44.2625],[8.0631,44.2531],[8.0809,44.2412],[8.0781,44.2341],[8.0671,44.225],[8.0654,44.2169],[8.0752,44.2057],[8.088,44.2032],[8.0948,44.1973],[8.0917,44.1883],[8.0924,44.1752],[8.0798,44.1634],[8.0743,44.1506],[8.0682,44.145],[8.0429,44.1428],[8.0291,44.1538],[8.0118,44.1559],[7.9796,44.1385],[7.9789,44.1335],[7.9888,44.1332],[7.9917,44.1274],[8.0033,44.1264],[8.0105,44.1221],[8.0124,44.1195],[8.0028,44.1165],[8.0156,44.1107],[8.0069,44.1026],[7.9715,44.1131],[7.9647,44.1109],[7.958,44.1037],[7.9424,44.1001],[7.9354,44.101],[7.926,44.1103],[7.8839,44.1047],[7.8769,44.114],[7.8685,44.1169],[7.816,44.1231],[7.7764,44.1386],[7.7638,44.1407],[7.7254,44.1255],[7.718,44.1036],[7.7329,44.0836],[7.7594,44.0843],[7.7379,44.0764],[7.7232,44.0606],[7.7143,44.0616],[7.7134,44.0735],[7.7182,44.082],[7.6965,44.0997],[7.6904,44.1085],[7.6713,44.1218],[7.6674,44.1298],[7.6787,44.1466],[7.6707,44.153],[7.6723,44.1596],[7.6815,44.1672],[7.6846,44.1739],[7.6734,44.1773],[7.645,44.1781],[7.636,44.1771],[7.6326,44.1736],[7.6275,44.1595],[7.6192,44.1494],[7.566,44.1551],[7.5563,44.1478],[7.5426,44.1455],[7.535,44.1474],[7.5218,44.138],[7.5151,44.1384],[7.5077,44.1445],[7.458,44.1266],[7.4282,44.1304],[7.4259,44.1142],[7.4234,44.1133],[7.3927,44.1256],[7.3659,44.1171],[7.3553,44.118],[7.3419,44.146],[7.3195,44.1434],[7.3105,44.1475],[7.2783,44.1417],[7.2484,44.158],[7.2432,44.1716],[7.2372,44.1742],[7.2292,44.1688],[7.2189,44.1686],[7.206,44.1821],[7.1933,44.1879],[7.1873,44.2011],[7.1766,44.1984],[7.1607,44.2071],[7.1428,44.2005],[7.1184,44.2151],[7.0938,44.2208],[7.0864,44.2293],[7.0696,44.2336],[7.035,44.224],[7.0273,44.2315],[7.0085,44.2356],[6.9967,44.2501],[6.9957,44.2801],[6.9583,44.2955],[6.9563,44.2982],[6.9597,44.3066],[6.9568,44.3141],[6.9529,44.3192],[6.9268,44.3332],[6.9188,44.3528],[6.8868,44.363],[6.8966,44.3762],[6.8972,44.4041],[6.8928,44.4202],[6.9223,44.4237],[6.9374,44.4294],[6.9454,44.4279]]],[[[7.4667,44.7727],[7.4751,44.7681],[7.472,44.7627],[7.467,44.7669],[7.4667,44.7727]]]]}},{"type":"Feature","properties":{"s":"CO","n":"Como","r":"Lombardia","b":[8.8947,45.6425,9.4408,46.2396]},"geometry":{"type":"MultiPolygon","coordinates":[[[[8.9506,45.7207],[8.9477,45.7331],[8.9395,45.7372],[8.9427,45.745],[8.93,45.7475],[8.9293,45.7543],[8.9217,45.7551],[8.9221,45.7605],[8.9138,45.7694],[8.9061,45.7684],[8.9075,45.7765],[8.9004,45.7848],[8.9087,45.7933],[8.9028,45.7969],[8.897,45.8129],[8.907,45.8154],[8.9095,45.8296],[8.9189,45.8336],[8.9294,45.8333],[8.9344,45.8391],[8.9495,45.8435],[8.9557,45.8425],[8.9703,45.8325],[8.9859,45.8379],[8.9954,45.8343],[8.9938,45.8239],[9.0048,45.8202],[9.0306,45.8208],[9.0338,45.8226],[9.0312,45.8252],[9.0358,45.8412],[9.0493,45.8522],[9.0485,45.8625],[9.0543,45.8723],[9.0666,45.8762],[9.0778,45.8856],[9.0888,45.9007],[9.078,45.8998],[9.0699,45.912],[9.043,45.9267],[9.0194,45.9286],[9.0218,45.9376],[9.0129,45.9423],[9.0141,45.9602],[8.994,45.9666],[8.9881,45.9724],[9.014,45.9885],[9.0283,45.9937],[9.0223,46.0165],[9.0078,46.0304],[9.0158,46.0464],[9.0238,46.0526],[9.0478,46.0617],[9.0767,46.0645],[9.0788,46.0756],[9.0894,46.085],[9.0892,46.0901],[9.0716,46.1195],[9.1124,46.1342],[9.1208,46.1346],[9.1336,46.1511],[9.1544,46.1616],[9.1596,46.1705],[9.1835,46.1716],[9.1935,46.1799],[9.1962,46.1879],[9.1939,46.194],[9.2,46.2063],[9.2182,46.2147],[9.2213,46.2299],[9.2348,46.2338],[9.2565,46.2324],[9.2752,46.2396],[9.303,46.2356],[9.3097,46.2373],[9.3334,46.2348],[9.3479,46.23],[9.3548,46.2212],[9.3738,46.2131],[9.4002,46.2119],[9.4244,46.2217],[9.4408,46.2145],[9.4249,46.1899],[9.4242,46.1551],[9.4141,46.1369],[9.4102,46.1499],[9.3786,46.1521],[9.3619,46.1574],[9.3572,46.1504],[9.3005,46.1259],[9.2923,46.1158],[9.2987,46.1045],[9.2893,46.0727],[9.2896,46.0593],[9.2648,46.0301],[9.2609,46.0145],[9.2646,46.0008],[9.2727,45.999],[9.2774,45.9927],[9.2846,45.9671],[9.2624,45.964],[9.2565,45.949],[9.2698,45.9485],[9.2765,45.9432],[9.2777,45.9368],[9.2683,45.9255],[9.2802,45.9127],[9.2854,45.9025],[9.2841,45.8988],[9.2894,45.8932],[9.3027,45.8936],[9.3043,45.8994],[9.3124,45.9054],[9.3241,45.8958],[9.3154,45.8882],[9.3209,45.8796],[9.3319,45.8728],[9.3326,45.8657],[9.3185,45.8503],[9.3204,45.8436],[9.3033,45.839],[9.2944,45.8282],[9.2856,45.823],[9.2879,45.815],[9.2935,45.8151],[9.2937,45.8126],[9.2742,45.8041],[9.2583,45.7925],[9.2626,45.7879],[9.2619,45.7808],[9.2503,45.7791],[9.2442,45.7673],[9.2567,45.751],[9.2471,45.7426],[9.2425,45.7293],[9.2352,45.727],[9.2316,45.7175],[9.2141,45.715],[9.2042,45.7092],[9.1953,45.6983],[9.1961,45.6871],[9.1918,45.6784],[9.1944,45.6677],[9.1797,45.6635],[9.1638,45.673],[9.1538,45.6866],[9.1399,45.6948],[9.1218,45.6885],[9.1095,45.6917],[9.1032,45.6969],[9.0913,45.6863],[9.067,45.6851],[9.0609,45.6577],[9.0529,45.6574],[9.0557,45.6465],[9.0433,45.6431],[9.0282,45.6432],[9.027,45.6489],[9.0182,45.644],[8.9858,45.6491],[8.9812,45.6455],[8.9783,45.6482],[8.9842,45.6533],[8.9851,45.6705],[8.9839,45.6754],[8.9778,45.6798],[8.9663,45.6655],[8.9479,45.6609],[8.9319,45.6512],[8.9227,45.6626],[8.9219,45.6701],[8.9117,45.6708],[8.9077,45.6748],[8.8987,45.6767],[8.8947,45.6846],[8.9151,45.6887],[8.9319,45.6969],[8.9312,45.7065],[8.9402,45.7106],[8.9479,45.7066],[8.9515,45.7147],[8.9506,45.7207]]],[[[8.9738,45.9835],[8.9773,45.9815],[8.9761,45.9625],[8.9579,45.9647],[8.9668,45.984],[8.9738,45.9835]]]]}},{"type":"Feature","properties":{"s":"CR","n":"Cremona","r":"Lombardia","b":[9.4544,44.9372,10.5969,45.5045]},"geometry":{"type":"Polygon","coordinates":[[[9.5508,45.4603],[9.5776,45.4602],[9.5788,45.4651],[9.5908,45.4761],[9.5934,45.4737],[9.6086,45.4755],[9.6103,45.4639],[9.62,45.4559],[9.6435,45.4577],[9.6519,45.4523],[9.6618,45.4372],[9.6821,45.4412],[9.6898,45.4584],[9.6988,45.4606],[9.6983,45.4645],[9.7083,45.4823],[9.7198,45.4821],[9.7219,45.4768],[9.7339,45.4765],[9.7373,45.4749],[9.7359,45.4722],[9.7462,45.4682],[9.7533,45.4557],[9.7627,45.4557],[9.7703,45.4393],[9.7693,45.4302],[9.7846,45.4295],[9.8079,45.4228],[9.811,45.4386],[9.8241,45.4462],[9.8142,45.453],[9.8231,45.4565],[9.8351,45.448],[9.8465,45.4521],[9.8589,45.4334],[9.8645,45.4311],[9.8735,45.4332],[9.8896,45.4273],[9.893,45.3946],[9.8874,45.3787],[9.8887,45.3606],[9.8833,45.3576],[9.8948,45.3412],[9.8987,45.338],[9.9155,45.3363],[9.9448,45.3205],[9.9673,45.313],[9.9813,45.2999],[9.9905,45.297],[10.0011,45.2882],[10.0194,45.284],[10.0293,45.2768],[10.0495,45.2804],[10.0721,45.2707],[10.0839,45.2696],[10.0906,45.2544],[10.0996,45.2531],[10.1023,45.2469],[10.1259,45.2468],[10.1538,45.2396],[10.1662,45.2421],[10.2198,45.2247],[10.2208,45.2418],[10.246,45.2429],[10.2504,45.2508],[10.2663,45.2508],[10.2694,45.2417],[10.2783,45.2321],[10.3055,45.2239],[10.3184,45.2151],[10.3177,45.2047],[10.3094,45.1928],[10.3118,45.1887],[10.3277,45.1843],[10.338,45.1721],[10.3647,45.1617],[10.3676,45.1472],[10.3767,45.1415],[10.4036,45.1366],[10.4179,45.13],[10.4223,45.1328],[10.419,45.1396],[10.4213,45.1412],[10.4411,45.1352],[10.4497,45.1443],[10.4614,45.1465],[10.4799,45.144],[10.4925,45.1324],[10.4882,45.1268],[10.4665,45.1244],[10.4591,45.1199],[10.4566,45.1153],[10.4667,45.0955],[10.439,45.091],[10.4173,45.0919],[10.4132,45.0422],[10.4464,45.0469],[10.4669,45.0594],[10.4938,45.0563],[10.4951,45.068],[10.492,45.083],[10.4974,45.0759],[10.5019,45.0749],[10.5331,45.0745],[10.5396,45.0551],[10.5318,45.0516],[10.5343,45.0453],[10.5199,45.0408],[10.5212,45.0376],[10.5139,45.029],[10.5112,45.0183],[10.5014,45.0216],[10.4766,45.0143],[10.4644,45.0147],[10.4578,45.0052],[10.4586,44.9914],[10.4557,44.9824],[10.4844,44.9803],[10.5124,44.9838],[10.5336,44.992],[10.5415,45.0015],[10.5552,45.0069],[10.571,45.002],[10.5969,45.004],[10.5821,44.9976],[10.5642,44.9956],[10.554,44.9865],[10.5313,44.9809],[10.5234,44.9709],[10.5078,44.9724],[10.5013,44.9536],[10.4969,44.9495],[10.4717,44.9454],[10.464,44.9372],[10.434,44.9445],[10.4185,44.9751],[10.408,44.9838],[10.3917,44.983],[10.3653,44.9661],[10.3553,44.9662],[10.3328,44.9799],[10.3089,44.9874],[10.31,44.993],[10.3047,44.999],[10.2739,44.9985],[10.2651,45.0048],[10.2559,45.0178],[10.2111,45.034],[10.1873,45.0282],[10.1772,45.0319],[10.1688,45.0432],[10.1577,45.0441],[10.1467,45.035],[10.1062,45.0221],[10.0929,45.0238],[10.0891,45.0272],[10.0841,45.0329],[10.0823,45.0466],[10.0502,45.0413],[10.0529,45.0506],[10.0469,45.0593],[10.0435,45.0631],[10.0297,45.0668],[10.0216,45.0759],[10.0295,45.0872],[10.0285,45.0962],[10.0109,45.1096],[9.9911,45.131],[9.973,45.1332],[9.9358,45.1044],[9.9158,45.1001],[9.9144,45.1094],[9.9216,45.114],[9.9271,45.126],[9.9263,45.132],[9.9197,45.1376],[9.9137,45.1391],[9.8911,45.1309],[9.8725,45.1406],[9.8709,45.1591],[9.8618,45.153],[9.8482,45.1554],[9.839,45.15],[9.8277,45.1542],[9.8265,45.1634],[9.8076,45.1588],[9.7971,45.164],[9.7856,45.1649],[9.7744,45.1888],[9.7567,45.1812],[9.7506,45.1823],[9.7502,45.1853],[9.7554,45.1849],[9.7585,45.1881],[9.7769,45.2131],[9.7655,45.2175],[9.7638,45.2227],[9.7498,45.2182],[9.7422,45.2202],[9.7433,45.2247],[9.7404,45.227],[9.7322,45.225],[9.7168,45.2301],[9.7158,45.2339],[9.7251,45.2379],[9.7266,45.2415],[9.7121,45.2473],[9.7072,45.2541],[9.7119,45.2586],[9.7206,45.2565],[9.7225,45.2594],[9.719,45.263],[9.7084,45.2622],[9.6947,45.2558],[9.6917,45.2636],[9.6872,45.2649],[9.6811,45.2571],[9.6752,45.2569],[9.668,45.2623],[9.672,45.2681],[9.6621,45.2733],[9.6572,45.2759],[9.6489,45.2728],[9.6388,45.284],[9.6287,45.2815],[9.6255,45.2851],[9.6302,45.2915],[9.6222,45.2934],[9.602,45.3172],[9.6055,45.3229],[9.5984,45.3275],[9.5905,45.3544],[9.5788,45.3634],[9.5681,45.3669],[9.5633,45.3423],[9.5515,45.3392],[9.5354,45.3468],[9.5091,45.3488],[9.5106,45.3603],[9.5078,45.3668],[9.5002,45.3646],[9.4795,45.3769],[9.4665,45.3748],[9.4554,45.3851],[9.4616,45.4014],[9.4696,45.4093],[9.4676,45.4133],[9.4802,45.4199],[9.4805,45.4279],[9.4885,45.4376],[9.4816,45.4455],[9.4916,45.465],[9.4936,45.4785],[9.5142,45.5014],[9.5192,45.5045],[9.531,45.4942],[9.5451,45.4874],[9.5412,45.4791],[9.5508,45.4603]]]}},{"type":"Feature","properties":{"s":"CS","n":"Cosenza","r":"Calabria","b":[15.7559,39.0487,17.0237,40.1439]},"geometry":{"type":"MultiPolygon","coordinates":[[[[15.9742,39.4676],[15.9614,39.4756],[15.9491,39.4967],[15.9252,39.5265],[15.8857,39.5417],[15.8756,39.552],[15.8522,39.6168],[15.8443,39.6277],[15.8318,39.6678],[15.8163,39.6797],[15.8054,39.7145],[15.8089,39.7187],[15.8076,39.7304],[15.7855,39.8166],[15.7769,39.8208],[15.7773,39.8322],[15.7691,39.8356],[15.7795,39.8479],[15.7891,39.8495],[15.7922,39.8602],[15.779,39.8937],[15.7559,39.9236],[15.7659,39.9306],[15.7713,39.946],[15.772,39.9592],[15.7802,39.966],[15.7948,39.9714],[15.8019,39.9827],[15.8189,39.9969],[15.8201,40.0019],[15.8477,40.0059],[15.8684,39.988],[15.8786,39.9962],[15.8897,39.9946],[15.8978,39.9817],[15.928,40.0011],[15.9685,39.9917],[15.9782,39.9837],[16.0022,39.9882],[16.0086,39.9965],[16.0201,39.9962],[16.0302,39.9935],[16.0338,39.9828],[16.0273,39.9766],[16.021,39.9758],[16.0069,39.9569],[16.014,39.9406],[16.0219,39.9341],[16.0165,39.9258],[16.0415,39.9121],[16.049,39.8948],[16.0547,39.8985],[16.081,39.8963],[16.1014,39.9064],[16.1284,39.9062],[16.138,39.9014],[16.158,39.9197],[16.2147,39.896],[16.2194,39.9176],[16.2143,39.9266],[16.2203,39.928],[16.2336,39.9247],[16.2667,39.9349],[16.2833,39.9309],[16.3054,39.9335],[16.3162,39.9291],[16.3428,39.9029],[16.3506,39.8987],[16.3552,39.9018],[16.3597,39.9196],[16.3477,39.9249],[16.3398,39.9329],[16.3399,39.9373],[16.3469,39.9494],[16.3581,39.9541],[16.3621,39.9602],[16.3608,39.9664],[16.3763,39.9886],[16.3906,40.0027],[16.3984,40.0169],[16.3936,40.0451],[16.4064,40.0729],[16.4142,40.0807],[16.4121,40.0921],[16.4153,40.104],[16.4097,40.12],[16.4199,40.1285],[16.4211,40.1439],[16.4313,40.1325],[16.4396,40.1302],[16.4525,40.1346],[16.4703,40.1341],[16.4945,40.1247],[16.5031,40.1299],[16.5177,40.1287],[16.53,40.1181],[16.5562,40.1285],[16.5765,40.1289],[16.5873,40.1335],[16.6097,40.129],[16.6229,40.1314],[16.6439,40.119],[16.6057,40.08],[16.6026,40.0675],[16.604,40.0552],[16.599,40.0426],[16.6096,40.0149],[16.6135,39.9873],[16.6182,39.9776],[16.6296,39.9659],[16.6275,39.9588],[16.5989,39.9262],[16.5383,39.8708],[16.5023,39.8259],[16.4891,39.7964],[16.4873,39.7722],[16.4922,39.7515],[16.506,39.7361],[16.5294,39.7244],[16.5256,39.6801],[16.5179,39.6689],[16.525,39.6592],[16.5288,39.6608],[16.5292,39.6665],[16.5398,39.6563],[16.5666,39.6413],[16.5985,39.6277],[16.6223,39.6213],[16.6852,39.6211],[16.7329,39.6163],[16.7553,39.6245],[16.7704,39.6208],[16.813,39.5921],[16.8334,39.5614],[16.8666,39.5386],[16.9423,39.5068],[16.9399,39.5063],[16.9442,39.5016],[16.954,39.4979],[16.9759,39.4917],[17.0141,39.4869],[17.0237,39.4824],[16.9979,39.4599],[16.9783,39.4527],[16.9572,39.437],[16.9533,39.4287],[16.9563,39.4149],[16.9553,39.3961],[16.9416,39.3958],[16.9201,39.409],[16.9038,39.4131],[16.9007,39.4098],[16.9015,39.4051],[16.9149,39.396],[16.913,39.3831],[16.8904,39.3742],[16.8797,39.3734],[16.8681,39.3568],[16.8566,39.3588],[16.843,39.3534],[16.8397,39.3408],[16.834,39.3454],[16.7944,39.3525],[16.7895,39.351],[16.7903,39.3489],[16.7736,39.3479],[16.7625,39.3623],[16.7557,39.358],[16.7339,39.3616],[16.7306,39.3575],[16.7333,39.3544],[16.7293,39.3502],[16.7167,39.3551],[16.7049,39.3546],[16.7087,39.3351],[16.7063,39.3229],[16.7322,39.314],[16.761,39.2919],[16.7515,39.2839],[16.7587,39.2654],[16.7469,39.245],[16.7508,39.2358],[16.7662,39.2183],[16.7769,39.1954],[16.7632,39.1964],[16.7462,39.1899],[16.7278,39.1922],[16.7194,39.1974],[16.6982,39.1931],[16.6928,39.197],[16.6949,39.2019],[16.6803,39.2058],[16.6528,39.1983],[16.6308,39.2006],[16.5995,39.1921],[16.5891,39.1846],[16.5851,39.1697],[16.5645,39.1664],[16.5381,39.1467],[16.5254,39.1519],[16.5238,39.1615],[16.5166,39.1635],[16.5034,39.1604],[16.5012,39.1417],[16.4883,39.1392],[16.4799,39.1215],[16.4846,39.1153],[16.5094,39.1131],[16.5127,39.1098],[16.4982,39.1047],[16.4783,39.1082],[16.475,39.0916],[16.4816,39.0589],[16.4705,39.0513],[16.4596,39.058],[16.4498,39.0593],[16.4425,39.0696],[16.437,39.0622],[16.4257,39.0608],[16.3954,39.0913],[16.3937,39.104],[16.3834,39.1051],[16.3617,39.0951],[16.3409,39.1102],[16.3369,39.1078],[16.3264,39.1098],[16.2995,39.0992],[16.2988,39.1055],[16.2878,39.102],[16.2588,39.1126],[16.2504,39.0994],[16.2325,39.0922],[16.2252,39.0925],[16.223,39.0985],[16.213,39.1034],[16.2142,39.0829],[16.1956,39.08],[16.1822,39.0697],[16.1521,39.0589],[16.1437,39.0491],[16.1351,39.0488],[16.1298,39.0526],[16.1276,39.0591],[16.1114,39.0515],[16.0961,39.0489],[16.0663,39.1413],[16.0522,39.2948],[16.044,39.3134],[16.0386,39.3407],[16.001,39.4307],[15.993,39.4458],[15.9742,39.4676]]],[[[15.7744,39.8757],[15.7806,39.8733],[15.7686,39.8719],[15.7744,39.8757]]]]}},{"type":"Feature","properties":{"s":"CT","n":"Catania","r":"Sicilia","b":[14.3524,37.0501,15.2585,37.9609]},"geometry":{"type":"MultiPolygon","coordinates":[[[[15.1697,37.5744],[15.1588,37.56],[15.1488,37.5549],[15.1431,37.5436],[15.115,37.5307],[15.1175,37.5235],[15.1072,37.5145],[15.0986,37.5012],[15.0998,37.4839],[15.0973,37.5015],[15.0918,37.4972],[15.0926,37.4924],[15.0864,37.4828],[15.091,37.3586],[15.0334,37.3621],[15.0326,37.3713],[15.026,37.3785],[15.0227,37.3723],[15.0146,37.3692],[14.985,37.3736],[14.9564,37.3863],[14.9532,37.3931],[14.9358,37.4084],[14.9126,37.412],[14.8927,37.4103],[14.8875,37.4077],[14.8875,37.3978],[14.8809,37.3916],[14.8429,37.3789],[14.839,37.3701],[14.8413,37.3613],[14.8384,37.3578],[14.8092,37.3499],[14.7786,37.3305],[14.7794,37.3245],[14.7906,37.3247],[14.804,37.3158],[14.8159,37.3183],[14.8211,37.3162],[14.8416,37.3247],[14.8922,37.311],[14.8797,37.2957],[14.8828,37.2863],[14.8559,37.2797],[14.8582,37.277],[14.8565,37.2723],[14.8475,37.26],[14.809,37.2547],[14.8085,37.2518],[14.7906,37.2427],[14.7811,37.2298],[14.7745,37.2287],[14.773,37.2248],[14.783,37.21],[14.7943,37.2145],[14.8035,37.2139],[14.8208,37.2072],[14.8255,37.196],[14.8488,37.2008],[14.8635,37.2088],[14.8713,37.2048],[14.87,37.1858],[14.835,37.1632],[14.8465,37.1412],[14.8435,37.1301],[14.8368,37.1248],[14.8248,37.128],[14.8084,37.1261],[14.7754,37.1395],[14.7739,37.1319],[14.7845,37.1156],[14.7957,37.1064],[14.7925,37.1051],[14.7891,37.1084],[14.7709,37.1022],[14.7655,37.0993],[14.7651,37.0957],[14.7438,37.101],[14.7274,37.096],[14.725,37.102],[14.7288,37.1168],[14.7107,37.1256],[14.6836,37.1101],[14.6767,37.1012],[14.6603,37.1067],[14.6494,37.1013],[14.6416,37.0858],[14.6204,37.0793],[14.612,37.0914],[14.6076,37.0839],[14.5842,37.0694],[14.5684,37.0526],[14.5507,37.0562],[14.5441,37.053],[14.5329,37.0653],[14.534,37.0754],[14.471,37.0505],[14.4422,37.0543],[14.4436,37.0648],[14.4283,37.0939],[14.433,37.0985],[14.4528,37.098],[14.4566,37.1085],[14.4756,37.1317],[14.474,37.1374],[14.4514,37.1691],[14.4324,37.185],[14.4319,37.1898],[14.419,37.1792],[14.4107,37.1773],[14.3984,37.1791],[14.3926,37.1873],[14.3815,37.1922],[14.3832,37.2021],[14.3737,37.2047],[14.3827,37.2397],[14.3834,37.2569],[14.3928,37.2619],[14.3817,37.2861],[14.3735,37.2804],[14.3528,37.2781],[14.3527,37.3061],[14.3834,37.2964],[14.4004,37.2989],[14.4122,37.2942],[14.433,37.2922],[14.4369,37.3005],[14.4422,37.3034],[14.4529,37.3024],[14.4556,37.3092],[14.4488,37.3184],[14.4344,37.3248],[14.4221,37.3386],[14.4373,37.3395],[14.4463,37.3486],[14.4513,37.3401],[14.4866,37.3136],[14.5001,37.3087],[14.5063,37.3105],[14.5194,37.3251],[14.5123,37.3349],[14.4958,37.3423],[14.4894,37.35],[14.5143,37.3513],[14.5401,37.364],[14.5692,37.3604],[14.5814,37.3642],[14.5843,37.371],[14.5901,37.3741],[14.5908,37.3825],[14.586,37.3877],[14.5784,37.3896],[14.5828,37.4037],[14.5874,37.4083],[14.6003,37.4125],[14.6111,37.4113],[14.6221,37.4146],[14.6327,37.4246],[14.6332,37.4288],[14.6243,37.4352],[14.6129,37.434],[14.6085,37.4404],[14.5998,37.4421],[14.588,37.4501],[14.5548,37.4449],[14.5439,37.4493],[14.5421,37.4544],[14.5374,37.453],[14.5262,37.4615],[14.5169,37.478],[14.5227,37.4928],[14.5278,37.4969],[14.4954,37.5051],[14.4878,37.5102],[14.5265,37.5184],[14.5411,37.5403],[14.5619,37.5407],[14.5613,37.5434],[14.5771,37.5447],[14.5811,37.5499],[14.5942,37.5364],[14.6328,37.5364],[14.6373,37.5431],[14.6797,37.5579],[14.6896,37.5542],[14.699,37.5552],[14.6995,37.5495],[14.7074,37.5495],[14.7148,37.5397],[14.7227,37.5394],[14.7332,37.5286],[14.7418,37.5271],[14.7639,37.5044],[14.767,37.5091],[14.7715,37.5093],[14.7775,37.502],[14.7845,37.5024],[14.7925,37.5102],[14.794,37.5187],[14.7912,37.528],[14.7991,37.5326],[14.8017,37.5539],[14.7911,37.5618],[14.8112,37.5818],[14.829,37.5889],[14.8265,37.5929],[14.8281,37.6082],[14.822,37.6188],[14.8255,37.6333],[14.8048,37.6462],[14.7973,37.646],[14.7924,37.6528],[14.7924,37.6756],[14.8025,37.6874],[14.7979,37.7127],[14.7611,37.6942],[14.752,37.6864],[14.7345,37.6909],[14.7334,37.6871],[14.7244,37.6814],[14.7149,37.7045],[14.7213,37.7173],[14.7201,37.7206],[14.7177,37.7251],[14.7058,37.7293],[14.7368,37.7536],[14.7164,37.7672],[14.7144,37.776],[14.723,37.7833],[14.7442,37.7896],[14.7383,37.8123],[14.7423,37.8181],[14.7639,37.8221],[14.775,37.8118],[14.7973,37.8033],[14.8009,37.8047],[14.8027,37.8104],[14.7889,37.8529],[14.7779,37.8624],[14.7586,37.8684],[14.7422,37.8474],[14.7381,37.8485],[14.7384,37.9022],[14.76,37.8998],[14.7669,37.8885],[14.7718,37.8906],[14.7725,37.8987],[14.7785,37.9041],[14.774,37.9095],[14.7565,37.916],[14.7615,37.9233],[14.7651,37.9405],[14.7808,37.9457],[14.7847,37.9512],[14.8009,37.9528],[14.8089,37.9441],[14.8285,37.9351],[14.8414,37.9589],[14.8513,37.9551],[14.8483,37.9421],[14.8549,37.931],[14.8625,37.9287],[14.8778,37.9325],[14.8958,37.9487],[14.9292,37.9609],[14.9323,37.9547],[14.9412,37.9508],[14.9414,37.9426],[14.9523,37.9243],[14.9557,37.9121],[14.9789,37.907],[14.979,37.8945],[14.9824,37.8921],[15.0117,37.8994],[15.0426,37.8937],[15.0715,37.904],[15.0971,37.9027],[15.1117,37.9061],[15.1306,37.894],[15.1536,37.895],[15.1739,37.8775],[15.1856,37.8752],[15.2211,37.8504],[15.2323,37.8302],[15.2466,37.8175],[15.2463,37.8128],[15.2585,37.807],[15.2429,37.7938],[15.2138,37.7565],[15.2053,37.741],[15.2057,37.7336],[15.2174,37.7166],[15.2183,37.7084],[15.1992,37.6767],[15.1962,37.6627],[15.1992,37.6543],[15.1747,37.6328],[15.1724,37.6101],[15.1772,37.5766],[15.1697,37.5744]]]]}},{"type":"Feature","properties":{"s":"CZ","n":"Catanzaro","r":"Calabria","b":[16.0961,38.4633,16.9206,39.1942]},"geometry":{"type":"Polygon","coordinates":[[[16.4283,38.5652],[16.4316,38.581],[16.4156,38.588],[16.418,38.5935],[16.4028,38.6013],[16.384,38.601],[16.3698,38.6107],[16.3766,38.621],[16.3573,38.6311],[16.3545,38.6292],[16.3388,38.633],[16.329,38.6414],[16.3456,38.6583],[16.3448,38.6681],[16.3263,38.6778],[16.3372,38.6855],[16.3391,38.7002],[16.3492,38.7073],[16.3479,38.7127],[16.3385,38.7206],[16.3498,38.7344],[16.3621,38.7362],[16.3704,38.7425],[16.3659,38.7594],[16.3559,38.7776],[16.3599,38.7918],[16.3504,38.7893],[16.3356,38.7973],[16.3235,38.7988],[16.3189,38.8058],[16.2984,38.8203],[16.2861,38.8238],[16.2572,38.8199],[16.2658,38.8198],[16.2742,38.8151],[16.2773,38.8038],[16.2757,38.7933],[16.2788,38.7917],[16.2662,38.7957],[16.2524,38.8075],[16.2278,38.8124],[16.213,38.8106],[16.2211,38.8563],[16.2206,38.9025],[16.217,38.9231],[16.2112,38.9308],[16.1897,38.935],[16.1711,38.9481],[16.1565,38.9515],[16.1355,38.991],[16.0992,39.0292],[16.0961,39.0489],[16.1114,39.0515],[16.1276,39.0591],[16.1298,39.0526],[16.1351,39.0488],[16.1437,39.0491],[16.1521,39.0589],[16.1822,39.0697],[16.1956,39.08],[16.2142,39.0829],[16.213,39.1034],[16.223,39.0985],[16.2252,39.0925],[16.2325,39.0922],[16.2504,39.0994],[16.2588,39.1126],[16.2878,39.102],[16.2988,39.1055],[16.2995,39.0992],[16.3264,39.1098],[16.3369,39.1078],[16.3409,39.1102],[16.3617,39.0951],[16.3834,39.1051],[16.3937,39.104],[16.3954,39.0913],[16.4257,39.0608],[16.437,39.0622],[16.4425,39.0696],[16.4498,39.0593],[16.4596,39.058],[16.4705,39.0513],[16.4816,39.0589],[16.475,39.0916],[16.4783,39.1082],[16.4982,39.1047],[16.5127,39.1098],[16.5094,39.1131],[16.4846,39.1153],[16.4799,39.1215],[16.4883,39.1392],[16.5012,39.1417],[16.5034,39.1604],[16.5166,39.1635],[16.5238,39.1615],[16.5254,39.1519],[16.5381,39.1467],[16.5645,39.1664],[16.5851,39.1697],[16.5891,39.1846],[16.5995,39.1921],[16.613,39.1942],[16.6286,39.1627],[16.6498,39.153],[16.6693,39.156],[16.6705,39.1415],[16.6793,39.1356],[16.6789,39.1315],[16.6692,39.1364],[16.6567,39.132],[16.6382,39.1317],[16.6516,39.1268],[16.6507,39.1235],[16.6587,39.1184],[16.6797,39.0932],[16.7009,39.0888],[16.7338,39.0589],[16.7399,39.06],[16.7451,39.0656],[16.7609,39.0666],[16.8065,39.0549],[16.8403,39.042],[16.8649,39.0184],[16.8728,39.0186],[16.8861,39.0048],[16.895,39.0028],[16.8914,38.9889],[16.8985,38.9866],[16.8912,38.9738],[16.9206,38.9526],[16.9073,38.9456],[16.9039,38.936],[16.8917,38.9339],[16.8906,38.928],[16.8224,38.9113],[16.7821,38.8979],[16.7273,38.8734],[16.6372,38.8265],[16.6243,38.8251],[16.6047,38.8106],[16.5681,38.7677],[16.5668,38.7651],[16.5719,38.76],[16.5703,38.7553],[16.5633,38.7518],[16.5585,38.7465],[16.5586,38.7412],[16.5426,38.727],[16.5348,38.71],[16.5367,38.7024],[16.5451,38.6942],[16.5547,38.6913],[16.5587,38.6813],[16.5564,38.655],[16.5614,38.6172],[16.571,38.589],[16.5719,38.535],[16.5756,38.5084],[16.5798,38.5017],[16.5819,38.4698],[16.5658,38.4712],[16.5604,38.4686],[16.5485,38.4723],[16.541,38.4633],[16.4802,38.4921],[16.4867,38.4969],[16.4862,38.4996],[16.4709,38.5034],[16.4556,38.5126],[16.4204,38.5103],[16.4094,38.5122],[16.4067,38.5148],[16.4079,38.5221],[16.4221,38.5203],[16.4233,38.5238],[16.4195,38.5274],[16.44,38.5384],[16.4198,38.554],[16.4229,38.5633],[16.4283,38.5652]]]}},{"type":"Feature","properties":{"s":"EN","n":"Enna","r":"Sicilia","b":[14.0559,37.2922,14.829,37.8796]},"geometry":{"type":"MultiPolygon","coordinates":[[[[14.674,37.558],[14.6648,37.5513],[14.6373,37.5431],[14.6328,37.5364],[14.5942,37.5364],[14.5811,37.5499],[14.5771,37.5447],[14.5613,37.5434],[14.5619,37.5407],[14.5411,37.5403],[14.5265,37.5184],[14.4878,37.5102],[14.4954,37.5051],[14.5278,37.4969],[14.5227,37.4928],[14.5169,37.478],[14.5262,37.4615],[14.5374,37.453],[14.5421,37.4544],[14.5439,37.4493],[14.5548,37.4449],[14.588,37.4501],[14.5998,37.4421],[14.6085,37.4404],[14.6129,37.434],[14.6243,37.4352],[14.6332,37.4288],[14.6327,37.4246],[14.6221,37.4146],[14.6111,37.4113],[14.6003,37.4125],[14.5874,37.4083],[14.5828,37.4037],[14.5784,37.3896],[14.586,37.3877],[14.5908,37.3825],[14.5901,37.3741],[14.5843,37.371],[14.5814,37.3642],[14.5692,37.3604],[14.5401,37.364],[14.5143,37.3513],[14.4894,37.35],[14.4958,37.3423],[14.5123,37.3349],[14.5194,37.3251],[14.5027,37.3091],[14.4814,37.3172],[14.4513,37.3401],[14.4463,37.3486],[14.4373,37.3395],[14.4221,37.3386],[14.4344,37.3248],[14.4488,37.3184],[14.4556,37.3092],[14.4529,37.3024],[14.4422,37.3034],[14.4369,37.3005],[14.433,37.2922],[14.4122,37.2942],[14.4004,37.2989],[14.3834,37.2964],[14.3484,37.3071],[14.3397,37.3031],[14.3158,37.303],[14.3163,37.3257],[14.2832,37.3317],[14.2751,37.3304],[14.2672,37.3336],[14.2641,37.343],[14.2414,37.347],[14.2299,37.3473],[14.2159,37.3362],[14.1672,37.324],[14.1502,37.3289],[14.1421,37.3355],[14.133,37.3351],[14.1288,37.3454],[14.1269,37.3388],[14.115,37.3341],[14.0908,37.3366],[14.0851,37.3407],[14.0892,37.3437],[14.0902,37.3495],[14.083,37.3513],[14.0822,37.3687],[14.072,37.3745],[14.0774,37.38],[14.0559,37.4058],[14.06,37.4097],[14.064,37.4038],[14.0718,37.4058],[14.0708,37.4213],[14.0786,37.4283],[14.1319,37.4714],[14.1418,37.4771],[14.1594,37.481],[14.1422,37.4984],[14.1402,37.5033],[14.143,37.5079],[14.1273,37.5214],[14.1249,37.5278],[14.1251,37.5304],[14.1326,37.5329],[14.1399,37.5528],[14.1355,37.5683],[14.1385,37.5808],[14.1593,37.5857],[14.1594,37.6051],[14.164,37.6121],[14.135,37.6167],[14.1479,37.6212],[14.164,37.6422],[14.1631,37.6577],[14.159,37.6615],[14.1589,37.6674],[14.1757,37.6767],[14.1843,37.6699],[14.2024,37.6788],[14.2165,37.6777],[14.2251,37.6857],[14.2389,37.6908],[14.2411,37.6957],[14.249,37.6945],[14.2616,37.6989],[14.2693,37.7074],[14.2728,37.7213],[14.2818,37.7267],[14.2943,37.7448],[14.2873,37.7654],[14.2697,37.7753],[14.2702,37.7899],[14.2618,37.792],[14.2655,37.7999],[14.2722,37.8006],[14.2667,37.8165],[14.2627,37.8197],[14.2637,37.8282],[14.2799,37.8401],[14.3013,37.8363],[14.3161,37.8403],[14.3267,37.8376],[14.3583,37.8492],[14.382,37.8515],[14.3961,37.8483],[14.4063,37.8664],[14.4182,37.8617],[14.4292,37.8527],[14.4614,37.8433],[14.4648,37.8401],[14.454,37.8169],[14.4768,37.811],[14.4822,37.8128],[14.4928,37.8249],[14.5071,37.852],[14.527,37.8618],[14.5338,37.8605],[14.5511,37.8762],[14.5702,37.8796],[14.5731,37.8589],[14.5576,37.8512],[14.5527,37.8393],[14.5696,37.8326],[14.5917,37.8148],[14.6044,37.8089],[14.645,37.8069],[14.6805,37.7953],[14.7043,37.812],[14.7201,37.8172],[14.7423,37.8181],[14.7383,37.8123],[14.7442,37.7896],[14.723,37.7833],[14.7144,37.776],[14.7164,37.7672],[14.7368,37.7536],[14.73,37.7459],[14.7063,37.7315],[14.7065,37.7286],[14.7177,37.7251],[14.7213,37.7173],[14.7154,37.7019],[14.7249,37.6813],[14.7345,37.6909],[14.752,37.6864],[14.7611,37.6942],[14.7979,37.7127],[14.8025,37.6874],[14.7924,37.6756],[14.7924,37.6528],[14.7973,37.646],[14.8048,37.6462],[14.8255,37.6333],[14.822,37.6188],[14.8281,37.6082],[14.8265,37.5929],[14.829,37.5889],[14.8112,37.5818],[14.7911,37.5618],[14.8017,37.5539],[14.7991,37.5326],[14.7912,37.528],[14.794,37.5187],[14.7925,37.5102],[14.7845,37.5024],[14.7775,37.502],[14.7715,37.5093],[14.767,37.5091],[14.7639,37.5044],[14.7418,37.5271],[14.7332,37.5286],[14.7227,37.5394],[14.7148,37.5397],[14.7074,37.5495],[14.6995,37.5495],[14.699,37.5552],[14.6896,37.5542],[14.674,37.558]]],[[[14.1064,37.5397],[14.0997,37.5371],[14.0959,37.5395],[14.0894,37.5457],[14.0874,37.5561],[14.0995,37.5538],[14.1064,37.5397]]]]}},{"type":"Feature","properties":{"s":"FC","n":"Forlì-Cesena","r":"Emilia-Romagna","b":[11.646,43.7407,12.4557,44.3308]},"geometry":{"type":"Polygon","coordinates":[[[11.9512,43.787],[11.9471,43.7909],[11.917,43.7961],[11.9125,43.7998],[11.9144,43.8083],[11.9104,43.8134],[11.8976,43.8082],[11.887,43.8087],[11.8667,43.8166],[11.8561,43.8159],[11.8417,43.808],[11.8209,43.816],[11.7842,43.8476],[11.732,43.8634],[11.7219,43.8744],[11.7102,43.8774],[11.7087,43.8882],[11.7155,43.9032],[11.717,43.9218],[11.6842,43.9351],[11.6822,43.9378],[11.6926,43.9532],[11.6913,43.956],[11.6503,43.9797],[11.646,43.9907],[11.6501,44.003],[11.6639,44.0056],[11.6577,44.0177],[11.6819,44.0212],[11.6958,44.0391],[11.7007,44.0556],[11.7127,44.0692],[11.7334,44.0847],[11.7496,44.1104],[11.7529,44.1205],[11.745,44.126],[11.7203,44.1207],[11.7159,44.1225],[11.7211,44.1376],[11.7202,44.1587],[11.7525,44.193],[11.7714,44.1989],[11.776,44.1821],[11.7808,44.1805],[11.8067,44.1994],[11.8322,44.1974],[11.8886,44.1707],[11.8988,44.1895],[11.906,44.1942],[11.9135,44.2079],[11.9283,44.2156],[11.9262,44.241],[11.9434,44.2358],[11.9558,44.2405],[11.9789,44.2598],[12.0055,44.2996],[12.0223,44.3155],[12.0274,44.3267],[12.0356,44.3308],[12.0421,44.3284],[12.0483,44.3205],[12.0499,44.3115],[12.0611,44.3031],[12.0762,44.2987],[12.0869,44.3005],[12.108,44.2884],[12.1032,44.272],[12.1756,44.2425],[12.1854,44.2518],[12.2088,44.2556],[12.21,44.238],[12.2008,44.2301],[12.2075,44.2203],[12.2159,44.2206],[12.2159,44.217],[12.2264,44.2136],[12.2283,44.2169],[12.2376,44.2175],[12.2471,44.2308],[12.2802,44.2332],[12.3493,44.1907],[12.3839,44.2246],[12.3934,44.212],[12.4079,44.2024],[12.4248,44.1833],[12.4506,44.1622],[12.4411,44.1596],[12.4287,44.1473],[12.4412,44.1384],[12.4394,44.1276],[12.4535,44.1147],[12.4557,44.0924],[12.4491,44.0865],[12.4253,44.0885],[12.408,44.0768],[12.4005,44.0663],[12.3888,44.0638],[12.3705,44.066],[12.3591,44.0542],[12.3642,44.0468],[12.3953,44.0302],[12.3872,44.0209],[12.3844,44.0085],[12.3735,43.9995],[12.3691,43.9895],[12.3518,43.9855],[12.3478,43.9772],[12.3256,43.9645],[12.3125,43.9402],[12.3009,43.9354],[12.2948,43.9282],[12.2673,43.9275],[12.2556,43.9203],[12.2534,43.9103],[12.2348,43.917],[12.2232,43.9154],[12.2224,43.9089],[12.2191,43.9081],[12.2036,43.9129],[12.2032,43.9165],[12.176,43.9204],[12.1725,43.9222],[12.1723,43.9265],[12.1595,43.9217],[12.1596,43.9048],[12.1672,43.8958],[12.1527,43.869],[12.1421,43.861],[12.1431,43.8531],[12.1383,43.8476],[12.1477,43.8403],[12.1495,43.8333],[12.1457,43.829],[12.1324,43.8269],[12.1206,43.8135],[12.1169,43.8064],[12.1187,43.8028],[12.114,43.7961],[12.1029,43.7923],[12.1034,43.7817],[12.0962,43.7653],[12.1074,43.7538],[12.0771,43.7407],[12.0703,43.7408],[12.0646,43.7429],[12.0614,43.753],[12.0529,43.757],[12.0463,43.7585],[12.0444,43.7552],[12.0096,43.7647],[11.9865,43.7619],[11.9527,43.7766],[11.9512,43.787]]]}},{"type":"Feature","properties":{"s":"FE","n":"Ferrara","r":"Emilia-Romagna","b":[11.2347,44.5457,12.3981,44.9868]},"geometry":{"type":"Polygon","coordinates":[[[11.6325,44.6729],[11.5927,44.7117],[11.583,44.7072],[11.4528,44.7605],[11.4303,44.7608],[11.3992,44.7686],[11.3912,44.7771],[11.3833,44.7802],[11.3734,44.78],[11.3597,44.7742],[11.3411,44.7552],[11.3096,44.7366],[11.2898,44.7139],[11.2796,44.7111],[11.2754,44.7056],[11.2586,44.7141],[11.2539,44.7175],[11.271,44.751],[11.2461,44.7584],[11.2984,44.8063],[11.3092,44.8248],[11.3234,44.8326],[11.3401,44.8308],[11.3543,44.8364],[11.3664,44.8373],[11.3685,44.8408],[11.3563,44.8615],[11.3429,44.8725],[11.3283,44.8749],[11.2644,44.8976],[11.2503,44.9005],[11.2454,44.8983],[11.2353,44.9052],[11.2381,44.9126],[11.2549,44.9245],[11.2604,44.9331],[11.2462,44.9514],[11.2723,44.9383],[11.2854,44.9568],[11.3228,44.9612],[11.3572,44.9501],[11.3628,44.9555],[11.3767,44.9581],[11.3902,44.9558],[11.4057,44.9487],[11.4262,44.9521],[11.424,44.9366],[11.4294,44.929],[11.4696,44.9364],[11.532,44.9368],[11.5428,44.9329],[11.5601,44.9205],[11.5833,44.9142],[11.5935,44.8909],[11.6196,44.8881],[11.6713,44.9148],[11.7155,44.9263],[11.7341,44.9271],[11.7448,44.935],[11.7399,44.9486],[11.7456,44.9573],[11.7838,44.9642],[11.8047,44.977],[11.8379,44.9728],[11.8898,44.977],[11.9246,44.9747],[11.9627,44.9868],[12.0155,44.9766],[12.0475,44.977],[12.0611,44.9696],[12.0723,44.972],[12.0916,44.9702],[12.0998,44.9661],[12.1012,44.9618],[12.1131,44.9604],[12.1276,44.9355],[12.1444,44.9283],[12.1707,44.942],[12.1877,44.9264],[12.225,44.923],[12.2354,44.9314],[12.2467,44.9356],[12.2722,44.9433],[12.2819,44.9413],[12.2947,44.9274],[12.2819,44.91],[12.286,44.8724],[12.2941,44.8604],[12.3019,44.8557],[12.3405,44.8501],[12.347,44.8282],[12.3552,44.8151],[12.3981,44.7928],[12.3929,44.7873],[12.3752,44.7835],[12.3209,44.7891],[12.3232,44.7916],[12.3421,44.7886],[12.326,44.7953],[12.3282,44.7963],[12.3747,44.7856],[12.3813,44.7855],[12.3853,44.7899],[12.3727,44.7922],[12.3728,44.7964],[12.3524,44.8119],[12.3504,44.8173],[12.3355,44.8239],[12.3169,44.8413],[12.2897,44.8416],[12.2578,44.8152],[12.2677,44.8147],[12.2708,44.8118],[12.2663,44.8044],[12.2821,44.8183],[12.2852,44.8181],[12.2521,44.7694],[12.2441,44.7403],[12.241,44.7116],[12.2415,44.6858],[12.2468,44.6763],[12.2524,44.6756],[12.2506,44.662],[12.2678,44.6284],[12.2609,44.6237],[12.237,44.6205],[12.1538,44.5485],[12.1162,44.5469],[12.0913,44.5591],[12.076,44.5613],[12.0677,44.5586],[12.0661,44.5494],[12.0595,44.5485],[12.0283,44.5604],[12.031,44.5693],[12.027,44.5768],[12.006,44.5845],[12.0072,44.5969],[12.0022,44.6002],[11.8705,44.5776],[11.8636,44.5699],[11.8603,44.5598],[11.8496,44.5561],[11.8319,44.5616],[11.7892,44.5543],[11.7917,44.5635],[11.7896,44.5658],[11.7806,44.5686],[11.7736,44.5637],[11.753,44.5731],[11.7456,44.58],[11.7829,44.585],[11.7896,44.5922],[11.7881,44.609],[11.7949,44.6184],[11.8064,44.6236],[11.7947,44.6355],[11.7719,44.6408],[11.7573,44.6491],[11.7265,44.6523],[11.7223,44.6359],[11.6953,44.6352],[11.6887,44.6293],[11.6745,44.6325],[11.6325,44.6729]]]}},{"type":"Feature","properties":{"s":"FG","n":"Foggia","r":"Puglia","b":[14.9341,41.0559,16.2015,42.2265]},"geometry":{"type":"MultiPolygon","coordinates":[[[[15.0983,41.3906],[15.0865,41.4046],[15.0917,41.4179],[15.103,41.4209],[15.0983,41.434],[15.0757,41.4329],[15.0627,41.4407],[15.0505,41.4434],[15.0378,41.4543],[15.0324,41.4527],[15.0233,41.4773],[14.9793,41.5057],[14.9664,41.519],[14.9386,41.5252],[14.9359,41.5424],[14.9455,41.5633],[14.9495,41.5918],[14.9464,41.6099],[14.9341,41.6194],[14.9496,41.6329],[14.9555,41.6423],[14.964,41.6434],[14.9887,41.6378],[14.9895,41.6333],[15.0081,41.6224],[15.026,41.6226],[15.0235,41.6283],[15.026,41.6346],[15.0342,41.638],[15.0452,41.6369],[15.0502,41.6573],[15.0693,41.6607],[15.09,41.672],[15.0858,41.6751],[15.0899,41.6818],[15.0947,41.6742],[15.1025,41.6721],[15.1061,41.6856],[15.1171,41.6938],[15.1615,41.7094],[15.1457,41.7115],[15.1209,41.7208],[15.1019,41.7428],[15.1033,41.749],[15.1166,41.749],[15.0986,41.7652],[15.1024,41.7824],[15.1147,41.7892],[15.117,41.7992],[15.1137,41.8082],[15.1164,41.8145],[15.1005,41.8336],[15.101,41.8375],[15.1059,41.8495],[15.1188,41.854],[15.1297,41.8737],[15.1406,41.8791],[15.1317,41.9034],[15.138,41.9266],[15.2047,41.9194],[15.2933,41.9203],[15.3407,41.9172],[15.3532,41.9067],[15.3634,41.9032],[15.4123,41.9008],[15.502,41.9087],[15.6112,41.9251],[15.6198,41.9287],[15.6661,41.9211],[15.6719,41.9161],[15.6834,41.9144],[15.7794,41.9187],[15.927,41.9335],[15.9819,41.9424],[15.9935,41.9475],[16.0038,41.9457],[16.0147,41.9501],[16.024,41.9459],[16.0593,41.9477],[16.0861,41.9405],[16.0937,41.9328],[16.1061,41.9287],[16.1181,41.9166],[16.1311,41.9124],[16.1409,41.9144],[16.1517,41.9072],[16.1611,41.8919],[16.1852,41.8835],[16.1777,41.8799],[16.1758,41.8596],[16.1804,41.8467],[16.1967,41.8223],[16.1954,41.7961],[16.1868,41.7726],[16.1797,41.7682],[16.1676,41.7664],[16.1622,41.7543],[16.1501,41.7504],[16.1435,41.7424],[16.1214,41.7389],[16.1179,41.7336],[16.1041,41.7292],[16.0877,41.7144],[16.0734,41.7106],[16.0654,41.6957],[16.0383,41.6798],[15.9457,41.6432],[15.9368,41.6357],[15.947,41.6194],[15.9495,41.62],[15.9469,41.6193],[15.9357,41.6365],[15.9128,41.6247],[15.9141,41.622],[15.9069,41.6205],[15.8975,41.6043],[15.8942,41.5756],[15.8989,41.5499],[15.9037,41.5346],[15.924,41.4964],[15.9453,41.4713],[15.9622,41.4578],[15.9898,41.4407],[16.0248,41.4258],[16.0248,41.4214],[15.9792,41.4383],[15.9522,41.4412],[15.937,41.4258],[15.9764,41.4139],[15.9836,41.4055],[16.0373,41.3834],[16.0311,41.3739],[15.9921,41.361],[15.9819,41.3608],[15.9834,41.3047],[15.9876,41.3046],[16.0125,41.2643],[16.0224,41.264],[16.0402,41.2699],[16.027,41.2483],[16.0176,41.2394],[16.0166,41.2302],[16.0198,41.2294],[16.0204,41.2205],[16.008,41.2089],[15.9954,41.206],[15.9965,41.1994],[15.9916,41.1954],[15.9816,41.1949],[15.9505,41.1834],[15.9271,41.1808],[15.9105,41.1661],[15.8733,41.1437],[15.865,41.131],[15.8546,41.1331],[15.8426,41.1238],[15.8391,41.1245],[15.8386,41.1301],[15.8317,41.1291],[15.8251,41.1184],[15.8167,41.1181],[15.8036,41.1109],[15.8016,41.0984],[15.7962,41.0902],[15.7888,41.0878],[15.7867,41.0907],[15.7684,41.0832],[15.7526,41.0973],[15.7417,41.0993],[15.7322,41.0989],[15.7203,41.0901],[15.6841,41.0867],[15.6561,41.0912],[15.6473,41.0896],[15.6225,41.0981],[15.5857,41.0983],[15.5597,41.0882],[15.5499,41.0746],[15.5402,41.0722],[15.5429,41.0559],[15.4896,41.07],[15.4779,41.0786],[15.4609,41.076],[15.4461,41.078],[15.4262,41.0951],[15.4124,41.0966],[15.3964,41.1068],[15.3928,41.1008],[15.3664,41.0849],[15.349,41.0951],[15.3326,41.0964],[15.3144,41.1039],[15.2978,41.0944],[15.2826,41.0973],[15.2621,41.1076],[15.2638,41.1134],[15.2357,41.1401],[15.2164,41.1448],[15.2106,41.1489],[15.2085,41.1557],[15.2104,41.1645],[15.2235,41.1819],[15.2624,41.1976],[15.2461,41.224],[15.2462,41.2361],[15.2798,41.2408],[15.2791,41.2428],[15.2741,41.2505],[15.2504,41.2705],[15.2357,41.2723],[15.2285,41.2664],[15.2204,41.2652],[15.2157,41.2759],[15.1997,41.2794],[15.201,41.2863],[15.1534,41.2834],[15.1492,41.2804],[15.1377,41.2864],[15.1403,41.2919],[15.1374,41.2968],[15.1268,41.303],[15.1306,41.3172],[15.1118,41.3198],[15.0977,41.3284],[15.0722,41.3325],[15.0683,41.3506],[15.0585,41.3721],[15.0678,41.3762],[15.0799,41.3881],[15.0983,41.3906]]],[[[15.4931,42.123],[15.4968,42.1198],[15.4919,42.1101],[15.4822,42.1038],[15.4773,42.1057],[15.4763,42.1116],[15.4879,42.1236],[15.4916,42.1252],[15.4931,42.123]]],[[[15.5098,42.1218],[15.505,42.1195],[15.5137,42.1286],[15.518,42.1276],[15.5098,42.1218]]],[[[15.5158,42.14],[15.5163,42.1361],[15.5082,42.1293],[15.51,42.1378],[15.5158,42.14]]],[[[15.7442,42.2265],[15.7517,42.2257],[15.7481,42.2232],[15.7442,42.2265]]]]}},{"type":"Feature","properties":{"s":"FI","n":"Firenze","r":"Toscana","b":[10.7111,43.4514,11.7529,44.2392]},"geometry":{"type":"Polygon","coordinates":[[[11.2024,44.1007],[11.2295,44.102],[11.2439,44.0971],[11.2569,44.1044],[11.2637,44.1043],[11.2601,44.1158],[11.2519,44.1157],[11.2153,44.1319],[11.1959,44.143],[11.1936,44.1467],[11.1957,44.1514],[11.214,44.1501],[11.2393,44.1589],[11.2812,44.1563],[11.2981,44.1679],[11.2958,44.1724],[11.3095,44.1728],[11.3229,44.1817],[11.3266,44.196],[11.3405,44.2038],[11.3629,44.2041],[11.3805,44.2],[11.3874,44.2052],[11.3936,44.2171],[11.4211,44.2392],[11.4514,44.2206],[11.455,44.2124],[11.4479,44.2049],[11.4481,44.1998],[11.4546,44.1937],[11.4635,44.1913],[11.4677,44.1858],[11.4836,44.1845],[11.4895,44.1803],[11.4854,44.1791],[11.4862,44.1756],[11.4997,44.1661],[11.5104,44.164],[11.5164,44.1575],[11.5221,44.1555],[11.5296,44.1579],[11.5448,44.1526],[11.5527,44.1593],[11.5525,44.1653],[11.5641,44.1675],[11.5775,44.1614],[11.6154,44.1583],[11.6167,44.1434],[11.6036,44.1372],[11.5997,44.1252],[11.5878,44.1237],[11.5846,44.1122],[11.6008,44.1186],[11.6141,44.1192],[11.6387,44.1115],[11.6526,44.1009],[11.6732,44.1134],[11.6817,44.1227],[11.7203,44.1207],[11.7353,44.1251],[11.7478,44.1249],[11.7529,44.1205],[11.7496,44.1104],[11.7334,44.0847],[11.7127,44.0692],[11.7007,44.0556],[11.6958,44.0391],[11.6819,44.0212],[11.6577,44.0177],[11.6639,44.0056],[11.6501,44.003],[11.646,43.9907],[11.654,43.9753],[11.6603,43.9746],[11.6913,43.956],[11.6926,43.9532],[11.6822,43.9378],[11.6842,43.9351],[11.717,43.9218],[11.7155,43.9032],[11.7087,43.8882],[11.7102,43.8774],[11.692,43.8727],[11.6704,43.8768],[11.6624,43.8725],[11.6501,43.8587],[11.6544,43.847],[11.6527,43.8418],[11.6469,43.8457],[11.6291,43.8451],[11.6233,43.8317],[11.6295,43.8249],[11.6285,43.8212],[11.6225,43.8147],[11.6048,43.8102],[11.6028,43.785],[11.5952,43.7776],[11.5953,43.7729],[11.5819,43.766],[11.589,43.7486],[11.572,43.7343],[11.5771,43.7236],[11.5839,43.7177],[11.5938,43.716],[11.6111,43.6944],[11.6097,43.6863],[11.6042,43.6842],[11.5965,43.686],[11.5392,43.6616],[11.5413,43.6523],[11.547,43.6463],[11.508,43.6406],[11.4839,43.6261],[11.4942,43.6232],[11.5021,43.6093],[11.516,43.5967],[11.5132,43.5905],[11.5215,43.5811],[11.5198,43.5799],[11.5117,43.5775],[11.5047,43.5803],[11.4888,43.5801],[11.47,43.5856],[11.4515,43.5772],[11.4479,43.5688],[11.4392,43.5636],[11.408,43.5607],[11.4046,43.5533],[11.3975,43.5482],[11.3859,43.5472],[11.3804,43.5325],[11.3672,43.5275],[11.3313,43.5264],[11.3072,43.5182],[11.2981,43.5193],[11.2905,43.5329],[11.2784,43.5397],[11.2755,43.5448],[11.2696,43.5458],[11.2724,43.5305],[11.2535,43.5093],[11.2469,43.5074],[11.2481,43.5007],[11.2081,43.4804],[11.19,43.49],[11.1745,43.4898],[11.1944,43.515],[11.1936,43.5178],[11.183,43.5221],[11.1596,43.5072],[11.1477,43.485],[11.1361,43.4772],[11.1247,43.4756],[11.1207,43.478],[11.1199,43.4855],[11.1104,43.4988],[11.0812,43.5146],[11.0706,43.5269],[11.0613,43.5274],[11.0384,43.5362],[11.034,43.5467],[11.0117,43.5362],[10.9998,43.5269],[10.9644,43.5116],[10.9541,43.4948],[10.9556,43.4871],[10.9612,43.4821],[10.9515,43.4514],[10.9194,43.4571],[10.9108,43.4663],[10.8889,43.4596],[10.874,43.4601],[10.8698,43.4632],[10.8655,43.4748],[10.8513,43.4778],[10.8607,43.4872],[10.8567,43.4934],[10.8472,43.4974],[10.8382,43.4963],[10.8465,43.5083],[10.8391,43.521],[10.8311,43.5274],[10.8253,43.5407],[10.834,43.5555],[10.8485,43.5627],[10.8439,43.567],[10.8306,43.5699],[10.8403,43.5798],[10.8404,43.586],[10.8343,43.5944],[10.8334,43.6063],[10.8224,43.6139],[10.8262,43.6206],[10.8373,43.62],[10.8501,43.6266],[10.8743,43.6143],[10.8749,43.6217],[10.878,43.6262],[10.8831,43.6264],[10.8883,43.6396],[10.903,43.6347],[10.934,43.6577],[10.9163,43.6624],[10.909,43.6804],[10.9019,43.682],[10.8913,43.6929],[10.8871,43.707],[10.8788,43.7114],[10.8772,43.7192],[10.8526,43.7189],[10.8245,43.7128],[10.8269,43.7084],[10.8236,43.7036],[10.798,43.7047],[10.7932,43.7183],[10.7795,43.7362],[10.766,43.7387],[10.7385,43.7538],[10.7161,43.7758],[10.7111,43.7864],[10.7278,43.8142],[10.7675,43.8006],[10.7865,43.7987],[10.8157,43.8087],[10.8179,43.7992],[10.8127,43.7888],[10.8456,43.8023],[10.8776,43.7944],[10.9158,43.8006],[10.942,43.8234],[10.956,43.8196],[10.9641,43.8125],[10.9792,43.795],[10.9778,43.7854],[11.0099,43.7753],[11.0281,43.7796],[11.0348,43.7669],[11.0567,43.7588],[11.0649,43.7761],[11.0562,43.7824],[11.0625,43.7896],[11.0693,43.7887],[11.0781,43.7926],[11.0657,43.8003],[11.0623,43.8171],[11.0696,43.8251],[11.0857,43.8183],[11.0949,43.8196],[11.1238,43.852],[11.1442,43.8586],[11.1485,43.8655],[11.1344,43.8842],[11.1476,43.9023],[11.1416,43.9069],[11.1582,43.9156],[11.1671,43.9153],[11.1693,43.9186],[11.1608,43.9353],[11.1731,43.9456],[11.1751,43.9517],[11.1698,43.962],[11.1739,43.9745],[11.1711,43.9804],[11.1791,43.9944],[11.174,44.01],[11.1856,44.0164],[11.1916,44.0298],[11.1794,44.0423],[11.1793,44.0458],[11.1862,44.0563],[11.1857,44.0712],[11.1887,44.0766],[11.1982,44.0828],[11.2128,44.086],[11.1992,44.0963],[11.2024,44.1007]]]}},{"type":"Feature","properties":{"s":"FM","n":"Fermo","r":"Marche","b":[13.2161,42.8902,13.8497,43.2948]},"geometry":{"type":"Polygon","coordinates":[[[13.8292,43.1269],[13.8439,43.1011],[13.8497,43.0667],[13.7968,43.0621],[13.7865,43.0714],[13.7852,43.0798],[13.7277,43.0625],[13.6816,43.0425],[13.6569,43.0421],[13.6572,43.0293],[13.6432,43.0378],[13.6311,43.0328],[13.6222,43.0233],[13.5984,43.0091],[13.5833,43.0111],[13.5758,43.0044],[13.5752,42.9991],[13.5576,42.9892],[13.5247,42.9927],[13.5028,42.9873],[13.4935,42.9887],[13.4789,42.9843],[13.4548,42.9659],[13.4211,42.9772],[13.4156,42.9776],[13.4155,42.9739],[13.4072,42.9696],[13.403,42.9731],[13.3981,42.9718],[13.3918,42.9655],[13.4013,42.961],[13.3967,42.9552],[13.3905,42.9534],[13.3943,42.947],[13.392,42.9398],[13.4092,42.9303],[13.4096,42.9251],[13.3993,42.9127],[13.3814,42.9059],[13.3841,42.8946],[13.3777,42.8908],[13.374,42.8911],[13.3567,42.9149],[13.2923,42.9255],[13.2812,42.9116],[13.2601,42.9081],[13.2585,42.8997],[13.2418,42.892],[13.2351,42.9026],[13.2304,42.923],[13.2257,42.9276],[13.2227,42.9267],[13.2177,42.9361],[13.2189,42.9457],[13.2161,42.9511],[13.2193,42.9545],[13.2429,42.9673],[13.2509,42.9651],[13.2503,42.9693],[13.2618,42.9706],[13.2914,42.9883],[13.3057,43.0017],[13.3194,43.0027],[13.3316,43.0239],[13.36,43.0342],[13.3709,43.0421],[13.3812,43.0405],[13.3818,43.0336],[13.3847,43.0326],[13.3822,43.0282],[13.384,43.0213],[13.3966,43.0098],[13.4113,43.0084],[13.4306,43.0224],[13.4517,43.0177],[13.4597,43.0204],[13.4669,43.0444],[13.462,43.058],[13.4628,43.0642],[13.4838,43.0803],[13.4776,43.0824],[13.4658,43.0806],[13.4496,43.0733],[13.4338,43.0852],[13.4302,43.1103],[13.441,43.1241],[13.4337,43.1374],[13.4621,43.1636],[13.4924,43.1641],[13.4967,43.1705],[13.5183,43.1738],[13.5185,43.1841],[13.5259,43.1981],[13.5211,43.2092],[13.566,43.2167],[13.5929,43.2092],[13.6078,43.2369],[13.6073,43.2493],[13.601,43.2678],[13.6083,43.2716],[13.638,43.2692],[13.6538,43.2748],[13.6814,43.2773],[13.7432,43.2948],[13.7627,43.258],[13.779,43.2348],[13.7907,43.199],[13.805,43.1705],[13.8104,43.1635],[13.8137,43.1689],[13.8112,43.1633],[13.8146,43.1525],[13.8292,43.1269]]]}},{"type":"Feature","properties":{"s":"FR","n":"Frosinone","r":"Lazio","b":[12.9919,41.3014,14.0276,41.9544]},"geometry":{"type":"Polygon","coordinates":[[[14.0017,41.5697],[14.0238,41.5607],[14.026,41.5553],[14.0207,41.5424],[14.0053,41.5388],[14.0276,41.5236],[14.0193,41.5219],[14.0105,41.5148],[13.9947,41.5129],[13.9729,41.494],[13.9928,41.4821],[13.9779,41.4625],[13.9612,41.4639],[13.9312,41.4402],[13.9136,41.4332],[13.9109,41.4287],[13.9039,41.4256],[13.8766,41.4262],[13.8612,41.4166],[13.863,41.4099],[13.8693,41.405],[13.8854,41.3998],[13.8756,41.3961],[13.8841,41.3832],[13.8745,41.3761],[13.8708,41.3647],[13.8774,41.3391],[13.8438,41.3307],[13.8206,41.338],[13.8176,41.3253],[13.8198,41.3215],[13.7965,41.318],[13.7915,41.3101],[13.763,41.3014],[13.7617,41.3073],[13.733,41.3295],[13.7147,41.337],[13.7116,41.356],[13.7042,41.3586],[13.6824,41.3395],[13.6682,41.3431],[13.6577,41.3378],[13.6518,41.3283],[13.6545,41.3204],[13.6513,41.318],[13.6238,41.3168],[13.6161,41.3211],[13.5918,41.3526],[13.5738,41.3641],[13.5605,41.368],[13.5664,41.3753],[13.579,41.3803],[13.5482,41.4196],[13.5393,41.4239],[13.5115,41.4236],[13.5125,41.4322],[13.4556,41.4494],[13.4525,41.4585],[13.4453,41.465],[13.432,41.4585],[13.4294,41.449],[13.4388,41.4268],[13.4273,41.3973],[13.4089,41.3978],[13.3865,41.4045],[13.3755,41.4037],[13.3661,41.3973],[13.3365,41.4066],[13.3065,41.4026],[13.293,41.4192],[13.2547,41.4326],[13.2656,41.452],[13.2974,41.4693],[13.2944,41.4817],[13.2793,41.4998],[13.2791,41.5083],[13.2709,41.5239],[13.2527,41.5367],[13.2217,41.5388],[13.2124,41.5434],[13.2021,41.5549],[13.2014,41.5751],[13.1963,41.5876],[13.1868,41.5881],[13.1844,41.5845],[13.1751,41.5836],[13.1558,41.5869],[13.1499,41.5962],[13.1509,41.603],[13.162,41.6168],[13.1551,41.6208],[13.1584,41.6359],[13.1499,41.6589],[13.1234,41.664],[13.1038,41.6793],[13.0991,41.6788],[13.0976,41.6861],[13.0912,41.6874],[13.0958,41.7037],[13.0869,41.719],[13.0701,41.724],[13.0643,41.7309],[13.0583,41.7273],[13.0551,41.7297],[13.0556,41.7402],[13.0344,41.7433],[13.0255,41.7485],[13.0052,41.7701],[12.9924,41.7686],[12.992,41.772],[13.006,41.8055],[13.0111,41.8091],[13.0098,41.8255],[13.0165,41.827],[13.0257,41.8237],[13.0398,41.8323],[13.0654,41.8314],[13.0716,41.8542],[13.0979,41.861],[13.1219,41.8474],[13.1365,41.8437],[13.1545,41.8437],[13.164,41.8503],[13.1842,41.846],[13.1913,41.851],[13.1897,41.8596],[13.1957,41.8688],[13.2132,41.8754],[13.2438,41.8967],[13.2454,41.9002],[13.2405,41.904],[13.2434,41.9155],[13.2638,41.9158],[13.2715,41.9257],[13.2758,41.926],[13.277,41.9306],[13.2923,41.9418],[13.2983,41.9543],[13.3026,41.9544],[13.3214,41.9457],[13.3387,41.9255],[13.35,41.921],[13.3566,41.9257],[13.3644,41.9248],[13.3805,41.9081],[13.3827,41.9008],[13.3778,41.8912],[13.359,41.8693],[13.3673,41.8633],[13.3668,41.8331],[13.3795,41.8175],[13.391,41.8193],[13.3963,41.834],[13.4066,41.8375],[13.4169,41.8347],[13.4538,41.8219],[13.4697,41.8066],[13.5051,41.8016],[13.5112,41.7886],[13.5216,41.7798],[13.5204,41.773],[13.5453,41.7624],[13.5614,41.7615],[13.5718,41.7543],[13.5762,41.755],[13.5861,41.7664],[13.6018,41.7694],[13.6134,41.778],[13.6313,41.7826],[13.6428,41.7922],[13.6385,41.8043],[13.6489,41.8109],[13.6609,41.8113],[13.6811,41.8043],[13.6927,41.7915],[13.7056,41.7875],[13.7171,41.7977],[13.7296,41.7989],[13.7312,41.7871],[13.7491,41.7728],[13.7494,41.7612],[13.7672,41.7489],[13.7901,41.743],[13.8121,41.7542],[13.8235,41.7409],[13.8448,41.7382],[13.8564,41.7312],[13.8792,41.7287],[13.8917,41.7352],[13.8976,41.7321],[13.9045,41.7182],[13.9193,41.7179],[13.9329,41.693],[13.9491,41.6813],[13.9679,41.6732],[13.9877,41.6554],[13.9874,41.6479],[13.9936,41.6397],[13.9967,41.6241],[14.0111,41.6078],[14.0102,41.5926],[13.9977,41.579],[13.9991,41.5742],[14.0042,41.5716],[14.0017,41.5697]]]}},{"type":"Feature","properties":{"s":"GE","n":"Genova","r":"Liguria","b":[8.5728,44.2167,9.5736,44.6763]},"geometry":{"type":"MultiPolygon","coordinates":[[[[8.6292,44.438],[8.6514,44.4417],[8.667,44.4509],[8.6683,44.4595],[8.6645,44.464],[8.6618,44.487],[8.6559,44.5014],[8.6327,44.5053],[8.6195,44.5],[8.6105,44.5067],[8.6021,44.5047],[8.5991,44.5],[8.6021,44.496],[8.5943,44.4946],[8.5863,44.4979],[8.5777,44.5073],[8.5728,44.5214],[8.5782,44.5255],[8.5867,44.5242],[8.5928,44.5352],[8.6007,44.5389],[8.6071,44.5375],[8.6124,44.5438],[8.6135,44.5466],[8.5989,44.5587],[8.6012,44.5682],[8.611,44.5705],[8.6202,44.5842],[8.6239,44.5864],[8.6402,44.5791],[8.6459,44.5816],[8.6625,44.5798],[8.6668,44.5825],[8.6822,44.5755],[8.69,44.582],[8.721,44.5799],[8.7329,44.57],[8.7398,44.5554],[8.7382,44.5518],[8.7505,44.545],[8.7567,44.5361],[8.7558,44.5306],[8.7498,44.5268],[8.7539,44.5244],[8.7605,44.5302],[8.7676,44.525],[8.7715,44.5078],[8.7669,44.492],[8.7697,44.4894],[8.7877,44.4893],[8.7886,44.4964],[8.7977,44.5002],[8.7949,44.5225],[8.7991,44.5301],[8.8081,44.5353],[8.8237,44.5382],[8.8288,44.5431],[8.8222,44.5502],[8.8268,44.5618],[8.8629,44.5606],[8.865,44.5659],[8.8686,44.5662],[8.8843,44.5523],[8.8913,44.5506],[8.8944,44.5554],[8.9175,44.5611],[8.9217,44.5671],[8.9119,44.58],[8.9059,44.6029],[8.9077,44.6139],[8.9034,44.6219],[8.8927,44.6257],[8.8826,44.6387],[8.9088,44.6476],[8.9264,44.6743],[8.9311,44.6761],[8.9595,44.676],[8.9736,44.6632],[8.9917,44.6623],[9.0073,44.6682],[9.0147,44.6661],[9.0211,44.6609],[9.0251,44.6505],[9.0333,44.6474],[9.0315,44.6424],[9.0388,44.6409],[9.047,44.6147],[9.058,44.6218],[9.0733,44.6243],[9.0846,44.6165],[9.1035,44.6094],[9.1024,44.5929],[9.1107,44.582],[9.1394,44.5736],[9.1526,44.5742],[9.1832,44.5913],[9.199,44.5928],[9.2052,44.5995],[9.203,44.6135],[9.2315,44.6187],[9.2455,44.6196],[9.2562,44.6115],[9.2462,44.5993],[9.2802,44.5962],[9.2851,44.599],[9.2875,44.6076],[9.3004,44.6078],[9.3363,44.582],[9.3467,44.5795],[9.3554,44.5844],[9.3642,44.5847],[9.3811,44.5767],[9.3894,44.5902],[9.3976,44.5876],[9.4026,44.5908],[9.4056,44.6008],[9.4213,44.5926],[9.4189,44.5854],[9.4231,44.5746],[9.4303,44.5741],[9.4407,44.5667],[9.4503,44.5718],[9.4534,44.5621],[9.4696,44.5659],[9.4861,44.5613],[9.4933,44.5559],[9.4882,44.5456],[9.4995,44.5389],[9.5046,44.53],[9.501,44.5117],[9.4946,44.5004],[9.4968,44.4827],[9.4823,44.4793],[9.4689,44.4819],[9.4706,44.472],[9.4523,44.4404],[9.4458,44.4384],[9.4396,44.4301],[9.4384,44.4185],[9.4428,44.4166],[9.4613,44.4229],[9.4723,44.4219],[9.4738,44.4128],[9.479,44.4093],[9.4657,44.4016],[9.4723,44.3946],[9.4722,44.3863],[9.4823,44.3808],[9.4894,44.3831],[9.4944,44.3779],[9.4961,44.3668],[9.5182,44.3552],[9.5051,44.3416],[9.4993,44.3269],[9.5196,44.3154],[9.5239,44.3077],[9.5433,44.2967],[9.5553,44.2874],[9.5617,44.2779],[9.5733,44.2708],[9.5735,44.2568],[9.5715,44.2534],[9.5592,44.2573],[9.5339,44.253],[9.5275,44.2431],[9.5233,44.2276],[9.5143,44.2262],[9.5158,44.2223],[9.5113,44.2167],[9.5035,44.2218],[9.495,44.2351],[9.4863,44.2396],[9.48,44.2406],[9.4725,44.2337],[9.452,44.2404],[9.4433,44.2386],[9.4326,44.2535],[9.4185,44.2596],[9.4034,44.2519],[9.3956,44.2675],[9.3863,44.27],[9.3924,44.2721],[9.3927,44.2778],[9.3771,44.2904],[9.3342,44.3099],[9.3345,44.307],[9.3431,44.3035],[9.3338,44.3069],[9.3332,44.3113],[9.3153,44.3123],[9.324,44.3125],[9.3002,44.3234],[9.2464,44.3409],[9.2353,44.3479],[9.2296,44.3479],[9.2308,44.3441],[9.2252,44.3351],[9.2137,44.3336],[9.2159,44.3269],[9.2141,44.3129],[9.209,44.3106],[9.2175,44.2985],[9.1523,44.3171],[9.1488,44.3246],[9.1544,44.3334],[9.1551,44.3476],[9.1399,44.3604],[9.058,44.3801],[8.9991,44.3864],[8.9842,44.392],[8.9731,44.3895],[8.9313,44.3956],[8.9243,44.4062],[8.9276,44.41],[8.919,44.4135],[8.9134,44.413],[8.911,44.4079],[8.9186,44.4039],[8.9178,44.3982],[8.8852,44.4065],[8.8714,44.4052],[8.8219,44.415],[8.823,44.4178],[8.8397,44.4151],[8.85,44.4187],[8.8377,44.4228],[8.7769,44.4263],[8.7977,44.4222],[8.7967,44.4172],[8.7608,44.4262],[8.7438,44.427],[8.7241,44.4167],[8.6929,44.4083],[8.6865,44.4033],[8.6876,44.398],[8.6797,44.3933],[8.6493,44.3899],[8.6332,44.3798],[8.5984,44.3988],[8.5939,44.4035],[8.5887,44.4264],[8.5851,44.4286],[8.6054,44.4291],[8.6082,44.4312],[8.6075,44.4362],[8.6292,44.438]]],[[[8.8715,44.4028],[8.8803,44.3998],[8.8169,44.4135],[8.8715,44.4028]]],[[[8.8005,44.4165],[8.7951,44.412],[8.7697,44.4158],[8.795,44.4122],[8.8105,44.4222],[8.8005,44.4165]]]]}},{"type":"Feature","properties":{"s":"GO","n":"Gorizia","r":"Friuli-Venezia Giulia","b":[13.2399,45.6748,13.642,46.0514]},"geometry":{"type":"Polygon","coordinates":[[[13.4208,45.9305],[13.4202,45.9415],[13.4282,45.9474],[13.4282,45.9533],[13.4428,45.9579],[13.437,45.9727],[13.4522,45.983],[13.4649,45.9848],[13.4661,45.9983],[13.4607,46.0014],[13.4603,46.0054],[13.4711,46.0125],[13.4833,46.0436],[13.497,46.0514],[13.4981,46.0476],[13.51,46.0462],[13.5067,46.0323],[13.497,46.0177],[13.4799,46.0115],[13.4762,46.0063],[13.5003,45.9818],[13.5159,45.9778],[13.5261,45.972],[13.5278,45.9671],[13.5427,45.9647],[13.5563,45.9693],[13.5687,45.9692],[13.5764,45.9801],[13.5905,45.9898],[13.6204,45.9838],[13.6334,45.9895],[13.642,45.9836],[13.6346,45.9539],[13.6363,45.934],[13.6089,45.8992],[13.595,45.8915],[13.5968,45.8872],[13.5903,45.8883],[13.591,45.8732],[13.5772,45.8533],[13.5773,45.8579],[13.5736,45.8492],[13.5745,45.8431],[13.5893,45.8313],[13.5961,45.8127],[13.5963,45.8079],[13.5834,45.8011],[13.5848,45.7976],[13.5771,45.793],[13.5799,45.777],[13.5619,45.7784],[13.5418,45.8004],[13.5329,45.8041],[13.5393,45.8014],[13.5446,45.7933],[13.5386,45.7882],[13.53,45.7881],[13.5372,45.7832],[13.5457,45.7869],[13.5479,45.7828],[13.5409,45.7824],[13.5252,45.7697],[13.5207,45.762],[13.5232,45.7507],[13.5172,45.7436],[13.5265,45.7366],[13.5536,45.7294],[13.5532,45.7246],[13.5306,45.7233],[13.4868,45.7046],[13.4649,45.7071],[13.4679,45.7027],[13.4569,45.6914],[13.4242,45.6767],[13.3857,45.6748],[13.3677,45.6828],[13.3484,45.6794],[13.3232,45.6874],[13.2906,45.7045],[13.2555,45.7084],[13.2432,45.7224],[13.2416,45.7569],[13.2501,45.7564],[13.2554,45.7504],[13.2707,45.753],[13.2763,45.7476],[13.2911,45.7502],[13.3158,45.7443],[13.3272,45.7369],[13.3719,45.7374],[13.3724,45.7351],[13.3658,45.7327],[13.3895,45.7242],[13.4065,45.7257],[13.4082,45.7325],[13.4037,45.7388],[13.4611,45.7497],[13.4608,45.7525],[13.4487,45.7483],[13.4334,45.76],[13.4261,45.7552],[13.4197,45.7575],[13.4403,45.7857],[13.4263,45.8132],[13.4261,45.834],[13.4289,45.8391],[13.4211,45.8404],[13.4107,45.8569],[13.4132,45.8636],[13.4259,45.8681],[13.4187,45.874],[13.4118,45.8894],[13.3997,45.8956],[13.3967,45.9086],[13.3867,45.913],[13.4051,45.9171],[13.4208,45.9305]]]}},{"type":"Feature","properties":{"s":"GR","n":"Grosseto","r":"Toscana","b":[10.7063,42.2382,11.8196,43.1876]},"geometry":{"type":"MultiPolygon","coordinates":[[[[11.5217,42.4341],[11.4889,42.4394],[11.4819,42.4345],[11.4801,42.418],[11.4508,42.395],[11.4537,42.3853],[11.4499,42.3775],[11.3619,42.3991],[11.2982,42.4082],[11.283,42.4068],[11.2796,42.4095],[11.2788,42.4167],[11.2621,42.4197],[11.2379,42.4175],[11.2112,42.4094],[11.2055,42.4013],[11.2119,42.4019],[11.2072,42.3949],[11.2129,42.3912],[11.2128,42.3876],[11.192,42.3794],[11.1883,42.3733],[11.1899,42.3647],[11.1867,42.3637],[11.1815,42.3634],[11.1761,42.3683],[11.1657,42.368],[11.1529,42.3612],[11.1509,42.3709],[11.1273,42.3857],[11.0981,42.3933],[11.0905,42.4089],[11.0886,42.4273],[11.0974,42.4354],[11.1035,42.4466],[11.1124,42.4466],[11.1226,42.4346],[11.1321,42.439],[11.1376,42.4358],[11.1494,42.4369],[11.1577,42.434],[11.1665,42.4379],[11.1762,42.449],[11.1848,42.4655],[11.191,42.4887],[11.1915,42.5131],[11.187,42.5244],[11.1782,42.5393],[11.1582,42.5621],[11.1508,42.5637],[11.139,42.5607],[11.1342,42.5514],[11.1227,42.5585],[11.1095,42.5786],[11.1048,42.5968],[11.0994,42.6045],[11.0906,42.6067],[11.0823,42.6137],[11.0826,42.6167],[11.0884,42.6181],[11.0853,42.6268],[11.0626,42.639],[11.0136,42.657],[10.9814,42.7142],[10.9619,42.7307],[10.9347,42.7449],[10.8983,42.757],[10.8243,42.7727],[10.7942,42.7765],[10.7909,42.7738],[10.785,42.7748],[10.7429,42.7982],[10.7308,42.8019],[10.7354,42.8091],[10.7367,42.8059],[10.7539,42.807],[10.7648,42.8158],[10.776,42.8437],[10.7707,42.8675],[10.7866,42.8887],[10.7777,42.9042],[10.7678,42.9129],[10.7445,42.9266],[10.7063,42.9419],[10.7144,42.9591],[10.7314,42.9686],[10.7372,42.9772],[10.7505,42.9855],[10.7513,42.9898],[10.7379,43.0014],[10.7409,43.0122],[10.749,43.0145],[10.7657,43.0121],[10.7802,43.0042],[10.7838,43.0108],[10.7962,43.0177],[10.7768,43.0234],[10.7731,43.0438],[10.7838,43.0577],[10.7804,43.0634],[10.7538,43.0749],[10.7274,43.0667],[10.7131,43.0722],[10.725,43.084],[10.7252,43.0983],[10.7175,43.1088],[10.7303,43.1136],[10.7354,43.1201],[10.7488,43.1241],[10.7499,43.137],[10.7554,43.1501],[10.7638,43.1527],[10.7633,43.147],[10.7681,43.1431],[10.8,43.1625],[10.8108,43.1603],[10.818,43.1513],[10.8402,43.1583],[10.8395,43.1639],[10.8448,43.1649],[10.8554,43.1588],[10.8661,43.1571],[10.8953,43.1612],[10.9087,43.1598],[10.9154,43.1635],[10.9445,43.1615],[10.9841,43.1777],[11.0124,43.1773],[11.0181,43.1858],[11.025,43.1876],[11.0461,43.1805],[11.0591,43.1839],[11.0569,43.1757],[11.0603,43.1548],[11.0533,43.1498],[11.0551,43.1434],[11.0625,43.1396],[11.0579,43.1355],[11.0597,43.1307],[11.0711,43.1235],[11.0659,43.1181],[11.0648,43.1108],[11.0719,43.1019],[11.0772,43.0878],[11.0824,43.084],[11.1212,43.0915],[11.1254,43.0911],[11.129,43.0848],[11.1689,43.0785],[11.1739,43.0861],[11.183,43.0901],[11.1997,43.0909],[11.2166,43.0871],[11.2242,43.0902],[11.2972,43.0771],[11.3094,43.0891],[11.3115,43.0859],[11.3204,43.0849],[11.3324,43.0916],[11.349,43.0824],[11.3626,43.0825],[11.3651,43.0542],[11.3559,43.0391],[11.3612,43.0347],[11.3551,43.0294],[11.3634,43.0212],[11.3619,43.007],[11.3672,43.0065],[11.3805,42.9961],[11.3743,42.9927],[11.3652,42.9946],[11.3686,42.9876],[11.3772,42.9854],[11.3757,42.9792],[11.3617,42.9784],[11.3504,42.972],[11.3529,42.9693],[11.4152,42.9599],[11.4396,42.959],[11.4474,42.9615],[11.454,42.9584],[11.487,42.9641],[11.4973,42.9756],[11.5177,42.9812],[11.5281,42.9749],[11.5262,42.9678],[11.5308,42.9653],[11.5384,42.9636],[11.5713,42.9703],[11.5841,42.9629],[11.5959,42.9509],[11.6099,42.9514],[11.623,42.9296],[11.6229,42.9201],[11.6265,42.9136],[11.6248,42.8881],[11.6197,42.8814],[11.6246,42.8652],[11.6362,42.8585],[11.6373,42.8528],[11.6322,42.8272],[11.6352,42.8198],[11.6321,42.8083],[11.6236,42.8041],[11.6256,42.7979],[11.6413,42.7997],[11.6649,42.7883],[11.6822,42.79],[11.6995,42.799],[11.7122,42.7975],[11.7633,42.7797],[11.7769,42.767],[11.7803,42.7623],[11.7794,42.758],[11.8086,42.7532],[11.8134,42.7459],[11.8195,42.7454],[11.8088,42.7313],[11.8016,42.7072],[11.78,42.7053],[11.7854,42.6875],[11.7852,42.6722],[11.7999,42.6685],[11.8084,42.6598],[11.8094,42.6534],[11.8048,42.644],[11.7964,42.6435],[11.7809,42.6347],[11.7498,42.6396],[11.7518,42.6256],[11.7385,42.6133],[11.736,42.6067],[11.7274,42.6064],[11.726,42.6109],[11.7103,42.61],[11.7004,42.6014],[11.6799,42.5952],[11.6858,42.5848],[11.6817,42.5818],[11.6682,42.5761],[11.6584,42.577],[11.6438,42.5667],[11.6371,42.5652],[11.6255,42.5693],[11.614,42.5572],[11.6038,42.5683],[11.5892,42.5714],[11.5787,42.5672],[11.5858,42.5418],[11.5701,42.5345],[11.5609,42.517],[11.5661,42.5118],[11.5844,42.5067],[11.5871,42.504],[11.5856,42.5009],[11.5928,42.4954],[11.6088,42.4928],[11.6163,42.4885],[11.62,42.4747],[11.616,42.4667],[11.6181,42.4368],[11.5545,42.4388],[11.5443,42.4422],[11.5217,42.4341]]],[[[11.1099,42.2634],[11.1175,42.2538],[11.1087,42.2554],[11.1032,42.251],[11.1025,42.2461],[11.112,42.2431],[11.1094,42.2382],[11.0983,42.2417],[11.0927,42.2523],[11.1099,42.2634]]],[[[10.8869,42.3894],[10.9069,42.3804],[10.9218,42.3597],[10.9229,42.3438],[10.9316,42.3387],[10.9293,42.3255],[10.9209,42.3181],[10.9049,42.3259],[10.8829,42.3509],[10.8668,42.3543],[10.8657,42.3644],[10.8684,42.3677],[10.8772,42.3653],[10.8816,42.3676],[10.8835,42.3765],[10.8802,42.3888],[10.8869,42.3894]]]]}},{"type":"Feature","properties":{"s":"IM","n":"Imperia","r":"Liguria","b":[7.4953,43.7762,8.1354,44.1407]},"geometry":{"type":"Polygon","coordinates":[[[7.5517,43.8943],[7.5626,43.9007],[7.5603,43.9152],[7.5719,43.9354],[7.567,43.9441],[7.5769,43.9498],[7.5818,43.9483],[7.5878,43.9554],[7.6128,43.9566],[7.6495,43.9737],[7.6703,43.9982],[7.6625,44.0183],[7.6633,44.029],[7.694,44.04],[7.7029,44.0452],[7.7035,44.0516],[7.7117,44.0604],[7.7232,44.0606],[7.7379,44.0764],[7.7591,44.0839],[7.7329,44.0836],[7.718,44.1036],[7.7254,44.1255],[7.7638,44.1407],[7.7764,44.1386],[7.816,44.1231],[7.8685,44.1169],[7.8769,44.114],[7.8839,44.1047],[7.926,44.1103],[7.9354,44.101],[7.9424,44.1001],[7.958,44.1037],[7.9647,44.1109],[7.9715,44.1131],[8.0046,44.1023],[8.011,44.1042],[8.0181,44.1125],[8.0218,44.1073],[8.0216,44.0973],[8.0305,44.0955],[8.0355,44.0851],[8.0384,44.0642],[8.0362,44.0575],[8.0321,44.057],[8.0298,44.0511],[8.0175,44.0467],[8.0134,44.0391],[8.0058,44.0346],[7.9879,44.033],[7.9777,44.0209],[7.9795,44.0139],[8.0014,44.0012],[8.0061,43.9886],[8.0169,43.9793],[8.0789,43.9838],[8.1055,43.9736],[8.1233,43.955],[8.1238,43.939],[8.1354,43.939],[8.1283,43.9267],[8.1127,43.9237],[8.0882,43.9127],[8.078,43.9039],[8.0806,43.8978],[8.073,43.8914],[8.034,43.8845],[8.0234,43.8801],[8.015,43.872],[7.9701,43.8604],[7.9661,43.8521],[7.9409,43.8454],[7.9178,43.8436],[7.9081,43.8362],[7.8835,43.8372],[7.8471,43.8288],[7.833,43.8164],[7.8056,43.8233],[7.787,43.8196],[7.7523,43.8052],[7.7388,43.7954],[7.7138,43.8008],[7.7013,43.799],[7.6728,43.7762],[7.5754,43.7929],[7.5587,43.787],[7.5561,43.7802],[7.5307,43.7842],[7.5182,43.8046],[7.5081,43.8417],[7.4969,43.8499],[7.4953,43.8622],[7.5027,43.875],[7.5152,43.8838],[7.5381,43.8934],[7.5517,43.8943]]]}},{"type":"Feature","properties":{"s":"IS","n":"Isernia","r":"Molise","b":[13.941,41.3864,14.5221,41.9108]},"geometry":{"type":"Polygon","coordinates":[[[14.3767,41.8799],[14.3789,41.8659],[14.3974,41.8697],[14.4207,41.8553],[14.4337,41.8415],[14.4423,41.8413],[14.4457,41.8378],[14.4547,41.7958],[14.4644,41.777],[14.4548,41.7634],[14.4853,41.7597],[14.4762,41.7458],[14.5139,41.7307],[14.52,41.7248],[14.5212,41.6995],[14.5012,41.6857],[14.5008,41.6769],[14.4935,41.6714],[14.4836,41.6801],[14.4691,41.678],[14.4544,41.6647],[14.4334,41.6713],[14.4301,41.6693],[14.4319,41.6575],[14.4242,41.6408],[14.429,41.6373],[14.4519,41.6425],[14.4631,41.6359],[14.48,41.6315],[14.4815,41.6163],[14.498,41.6165],[14.5097,41.6089],[14.5119,41.5964],[14.5062,41.597],[14.4922,41.5903],[14.4934,41.5724],[14.4701,41.5564],[14.4679,41.5515],[14.4696,41.5397],[14.4575,41.5461],[14.4501,41.5236],[14.4522,41.5195],[14.4467,41.5183],[14.4281,41.5247],[14.4058,41.5099],[14.3918,41.5072],[14.3873,41.4796],[14.3777,41.4525],[14.3825,41.4433],[14.3422,41.4541],[14.3272,41.4534],[14.3047,41.4664],[14.2843,41.4721],[14.2921,41.4763],[14.2791,41.4864],[14.2494,41.4846],[14.2407,41.4972],[14.216,41.4968],[14.2049,41.4999],[14.1908,41.4965],[14.1724,41.4992],[14.1673,41.4944],[14.165,41.4788],[14.1516,41.4827],[14.1226,41.5073],[14.1186,41.5051],[14.1119,41.4889],[14.1034,41.4837],[14.0948,41.4726],[14.0824,41.4655],[14.0868,41.4597],[14.0784,41.4471],[14.1052,41.4233],[14.107,41.4175],[14.1039,41.4056],[14.1137,41.3887],[14.1114,41.3864],[14.1006,41.3904],[14.0835,41.4001],[14.0424,41.3928],[14.0287,41.4084],[14.03,41.4119],[14.0266,41.4167],[14.0057,41.4246],[14.0007,41.4309],[14.008,41.4396],[14.007,41.4519],[13.9779,41.4625],[13.9928,41.4821],[13.9727,41.4934],[13.9947,41.5129],[14.0105,41.5148],[14.0193,41.5219],[14.0275,41.5232],[14.0053,41.5388],[14.0207,41.5424],[14.026,41.5553],[14.0238,41.5607],[14.0041,41.5666],[14.0016,41.5695],[14.0041,41.5718],[13.9988,41.5749],[13.9978,41.5794],[14.0102,41.5926],[14.0111,41.6078],[13.9967,41.6241],[13.9868,41.6564],[13.9679,41.6732],[13.941,41.688],[13.9555,41.6955],[13.9831,41.6948],[13.9949,41.6932],[14.0187,41.6821],[14.0242,41.6971],[14.0319,41.7021],[14.0532,41.7017],[14.0531,41.719],[14.0696,41.7372],[14.0944,41.7379],[14.1072,41.7074],[14.1168,41.7149],[14.1233,41.7261],[14.1209,41.7324],[14.1154,41.7354],[14.1207,41.7452],[14.1594,41.7478],[14.1636,41.7595],[14.1718,41.7658],[14.1755,41.7641],[14.1754,41.7536],[14.1787,41.7492],[14.1941,41.7493],[14.1945,41.7578],[14.2012,41.7638],[14.2012,41.7675],[14.1935,41.7735],[14.1768,41.7737],[14.1715,41.7784],[14.1648,41.8073],[14.1584,41.8156],[14.1542,41.8162],[14.1472,41.8273],[14.1558,41.8371],[14.1662,41.8424],[14.178,41.8454],[14.1895,41.8416],[14.1973,41.8428],[14.1965,41.8486],[14.2187,41.8573],[14.2266,41.8748],[14.2448,41.8819],[14.2553,41.8922],[14.2692,41.8987],[14.2793,41.9095],[14.2842,41.9108],[14.305,41.8931],[14.3239,41.8963],[14.3277,41.8859],[14.3433,41.8686],[14.343,41.8625],[14.3586,41.8607],[14.3645,41.8688],[14.3614,41.8746],[14.3767,41.8799]]]}},{"type":"Feature","properties":{"s":"KR","n":"Crotone","r":"Calabria","b":[16.613,38.8926,17.2065,39.4824]},"geometry":{"type":"Polygon","coordinates":[[[16.7737,39.1939],[16.7772,39.1967],[16.7688,39.2082],[16.7662,39.2183],[16.7508,39.2358],[16.7469,39.245],[16.7587,39.2654],[16.7515,39.2839],[16.761,39.2919],[16.7322,39.314],[16.7063,39.3229],[16.7087,39.3351],[16.7049,39.3546],[16.7167,39.3551],[16.7293,39.3502],[16.7333,39.3544],[16.7306,39.3575],[16.7339,39.3616],[16.7557,39.358],[16.7625,39.3623],[16.7736,39.3479],[16.7903,39.3489],[16.7895,39.351],[16.7944,39.3525],[16.834,39.3454],[16.8397,39.3408],[16.843,39.3534],[16.8566,39.3588],[16.8681,39.3568],[16.8797,39.3734],[16.8904,39.3742],[16.913,39.3831],[16.9149,39.396],[16.9015,39.4051],[16.9007,39.4098],[16.9038,39.4131],[16.9201,39.409],[16.9416,39.3958],[16.9553,39.3961],[16.9563,39.4149],[16.9533,39.4287],[16.9572,39.437],[16.9783,39.4527],[16.9979,39.4599],[17.0237,39.4824],[17.0463,39.4443],[17.0805,39.422],[17.1186,39.4056],[17.1572,39.401],[17.1362,39.3754],[17.1329,39.3595],[17.1129,39.3203],[17.1098,39.3086],[17.1115,39.2891],[17.1046,39.2653],[17.1074,39.2509],[17.1284,39.2232],[17.1479,39.2059],[17.116,39.1414],[17.1083,39.107],[17.115,39.091],[17.1359,39.0835],[17.1272,39.0955],[17.1352,39.087],[17.1382,39.08],[17.1306,39.0752],[17.1321,39.0654],[17.1464,39.0473],[17.1747,39.0325],[17.1933,39.0283],[17.2052,39.0295],[17.2056,39.0246],[17.2011,39.021],[17.1882,39.0197],[17.1662,38.9969],[17.1598,38.9794],[17.1604,38.9713],[17.1703,38.9576],[17.1689,38.9549],[17.1485,38.9435],[17.1108,38.9099],[17.1013,38.9049],[17.0942,38.8926],[17.0896,38.8961],[17.0934,38.9056],[17.0851,38.9122],[17.0421,38.9189],[17.0309,38.9159],[17.0221,38.906],[17.0103,38.9117],[16.9961,38.9307],[16.9828,38.9377],[16.959,38.9386],[16.8906,38.928],[16.8917,38.9339],[16.9039,38.936],[16.9073,38.9456],[16.9206,38.9526],[16.8912,38.9738],[16.8985,38.9866],[16.8914,38.9889],[16.895,39.0028],[16.8861,39.0048],[16.8728,39.0186],[16.8649,39.0184],[16.8403,39.042],[16.8065,39.0549],[16.7609,39.0666],[16.7451,39.0656],[16.7399,39.06],[16.7338,39.0589],[16.7009,39.0888],[16.6797,39.0932],[16.6587,39.1184],[16.6507,39.1235],[16.6516,39.1268],[16.6382,39.1317],[16.6567,39.132],[16.6692,39.1364],[16.6789,39.1315],[16.6793,39.1356],[16.6705,39.1415],[16.6693,39.156],[16.6498,39.153],[16.6286,39.1627],[16.613,39.1942],[16.6298,39.2004],[16.6528,39.1983],[16.6803,39.2058],[16.6949,39.2019],[16.6928,39.197],[16.6982,39.1931],[16.7194,39.1974],[16.7382,39.1903],[16.7462,39.1899],[16.7657,39.1968],[16.7704,39.1973],[16.7737,39.1939]]]}},{"type":"Feature","properties":{"s":"LC","n":"Lecco","r":"Lombardia","b":[9.2442,45.6497,9.541,46.1574]},"geometry":{"type":"Polygon","coordinates":[[[9.3241,45.8958],[9.3124,45.9054],[9.3043,45.8994],[9.3027,45.8936],[9.2894,45.8932],[9.2841,45.8988],[9.2854,45.9025],[9.2802,45.9127],[9.2683,45.9255],[9.2777,45.9368],[9.2765,45.9432],[9.2698,45.9485],[9.2565,45.949],[9.2624,45.964],[9.2846,45.9671],[9.2774,45.9927],[9.2727,45.999],[9.2646,46.0008],[9.2609,46.0145],[9.2648,46.0301],[9.2896,46.0593],[9.2893,46.0727],[9.2987,46.1045],[9.2923,46.1158],[9.3005,46.1259],[9.3572,46.1504],[9.3619,46.1574],[9.3786,46.1521],[9.4102,46.1499],[9.4141,46.1369],[9.415,46.0948],[9.4305,46.0861],[9.4753,46.0721],[9.4929,46.0708],[9.5098,46.0625],[9.5018,46.0457],[9.5222,46.0312],[9.5269,46.0115],[9.4914,46.0117],[9.4861,46.003],[9.495,45.9982],[9.501,45.9722],[9.508,45.967],[9.5216,45.9649],[9.5368,45.9572],[9.541,45.9451],[9.5291,45.9265],[9.528,45.9174],[9.5053,45.8987],[9.5074,45.8933],[9.5178,45.8863],[9.506,45.8842],[9.5134,45.8812],[9.524,45.8703],[9.4924,45.8669],[9.4871,45.8645],[9.4933,45.8629],[9.4933,45.8586],[9.4849,45.8616],[9.4708,45.8592],[9.4669,45.8505],[9.4747,45.8405],[9.4731,45.825],[9.4964,45.7963],[9.4951,45.793],[9.481,45.793],[9.4775,45.7879],[9.48,45.7857],[9.4744,45.7827],[9.4688,45.7817],[9.4572,45.7882],[9.4501,45.7854],[9.4511,45.7816],[9.4706,45.7681],[9.4657,45.7644],[9.4458,45.7605],[9.4571,45.747],[9.4473,45.7314],[9.4497,45.7159],[9.4595,45.7025],[9.4511,45.684],[9.4619,45.6787],[9.4707,45.6699],[9.4766,45.6693],[9.4653,45.6649],[9.4468,45.6497],[9.4226,45.6565],[9.4144,45.6765],[9.3959,45.6701],[9.3723,45.6551],[9.3691,45.6611],[9.3602,45.6664],[9.3413,45.6697],[9.3213,45.6609],[9.3141,45.6607],[9.3057,45.6819],[9.2995,45.6834],[9.2948,45.6897],[9.2958,45.6991],[9.3002,45.7027],[9.2867,45.7306],[9.2794,45.7332],[9.2814,45.7371],[9.2742,45.7422],[9.2607,45.7397],[9.2471,45.7426],[9.2567,45.7522],[9.2442,45.7673],[9.2503,45.7791],[9.2619,45.7808],[9.2626,45.7879],[9.2583,45.7925],[9.2742,45.8041],[9.2937,45.8126],[9.2935,45.8151],[9.2879,45.815],[9.2856,45.823],[9.2944,45.8282],[9.3033,45.839],[9.3204,45.8436],[9.3185,45.8503],[9.3323,45.8646],[9.3319,45.8728],[9.3209,45.8796],[9.3154,45.8882],[9.3241,45.8958]]]}},{"type":"Feature","properties":{"s":"LE","n":"Lecce","r":"Puglia","b":[17.7629,39.7912,18.5204,40.5154]},"geometry":{"type":"MultiPolygon","coordinates":[[[[18.3931,39.8683],[18.3946,39.8644],[18.3895,39.8465],[18.3846,39.841],[18.3909,39.8173],[18.369,39.7938],[18.3603,39.7972],[18.3462,39.7912],[18.3327,39.7968],[18.3255,39.8075],[18.3184,39.81],[18.315,39.8082],[18.3014,39.8194],[18.2691,39.8347],[18.2088,39.8377],[18.1899,39.847],[18.1733,39.8509],[18.1644,39.858],[18.148,39.863],[18.12,39.8845],[18.0859,39.9007],[18.0661,39.9194],[18.0504,39.9277],[18.0296,39.9495],[18.0296,39.9567],[18.0257,39.9627],[18.013,39.9694],[17.9932,40.0001],[18.0063,39.9957],[18.0154,40.0037],[18.0206,40.0166],[18.0161,40.0341],[18.0038,40.0475],[17.9807,40.0558],[17.9731,40.0533],[17.9752,40.0588],[17.9833,40.0615],[17.9762,40.0585],[17.9793,40.0565],[17.9889,40.0586],[18.0039,40.0709],[18.0114,40.0859],[18.0099,40.1091],[17.9861,40.1398],[17.9801,40.1395],[17.9746,40.1458],[17.9613,40.152],[17.9458,40.1686],[17.9384,40.1706],[17.9193,40.1924],[17.9179,40.2006],[17.921,40.2126],[17.9264,40.2195],[17.9228,40.2257],[17.9113,40.2338],[17.9117,40.239],[17.9046,40.2405],[17.896,40.2486],[17.8952,40.2506],[17.9106,40.2416],[17.9063,40.254],[17.9009,40.2586],[17.891,40.2598],[17.8803,40.2711],[17.8712,40.2725],[17.8657,40.2809],[17.8569,40.2852],[17.8468,40.2859],[17.8388,40.2817],[17.8175,40.2891],[17.7962,40.2895],[17.7928,40.2924],[17.7732,40.2948],[17.7629,40.2935],[17.768,40.3116],[17.7853,40.3107],[17.7811,40.3243],[17.7927,40.336],[17.7992,40.3535],[17.7983,40.3796],[17.8043,40.3812],[17.8046,40.3851],[17.8197,40.3946],[17.8236,40.4038],[17.8648,40.4156],[17.879,40.4164],[17.8864,40.4227],[17.9347,40.4284],[17.9388,40.4388],[17.9533,40.4576],[17.9755,40.4546],[17.9963,40.4683],[18.0194,40.4638],[18.0266,40.4686],[18.0266,40.4774],[18.0401,40.4878],[18.0495,40.4741],[18.0566,40.4771],[18.0614,40.47],[18.0597,40.4668],[18.0691,40.4604],[18.0753,40.4645],[18.0721,40.4712],[18.0742,40.4759],[18.0589,40.4796],[18.0707,40.4879],[18.0743,40.4763],[18.0835,40.4885],[18.0802,40.4915],[18.0727,40.4868],[18.0798,40.4921],[18.0921,40.5125],[18.0974,40.5154],[18.1161,40.5046],[18.1268,40.4929],[18.1664,40.4807],[18.1858,40.4693],[18.2027,40.4673],[18.2223,40.453],[18.2346,40.4483],[18.279,40.4073],[18.301,40.3945],[18.3065,40.3889],[18.3055,40.3834],[18.3149,40.3745],[18.3591,40.3452],[18.3848,40.3158],[18.4248,40.2915],[18.4295,40.2865],[18.43,40.2732],[18.4349,40.269],[18.4411,40.2688],[18.4452,40.2546],[18.4645,40.2251],[18.4579,40.21],[18.4605,40.199],[18.4777,40.1799],[18.48,40.17],[18.4867,40.1612],[18.4897,40.147],[18.5062,40.1444],[18.5136,40.1384],[18.514,40.1328],[18.5083,40.1303],[18.5068,40.1248],[18.5204,40.1071],[18.4831,40.0772],[18.4849,40.0756],[18.4744,40.0437],[18.4357,40.0247],[18.4309,40.0095],[18.4317,40.0006],[18.4235,40.0005],[18.4167,39.9941],[18.4072,39.9755],[18.3902,39.9074],[18.3981,39.8927],[18.3976,39.8715],[18.3931,39.8683]]],[[[17.9503,40.0524],[17.9551,40.0499],[17.9513,40.0459],[17.9449,40.0462],[17.9503,40.0524]]],[[[17.884,40.26],[17.8883,40.2546],[17.8839,40.2562],[17.8814,40.2621],[17.884,40.26]]]]}},{"type":"Feature","properties":{"s":"LI","n":"Livorno","r":"Toscana","b":[9.7932,42.3146,10.7962,43.6346]},"geometry":{"type":"MultiPolygon","coordinates":[[[[10.672,43.2469],[10.6662,43.2437],[10.6702,43.235],[10.6625,43.2278],[10.6706,43.222],[10.6903,43.2242],[10.6877,43.2194],[10.6904,43.2084],[10.6813,43.1967],[10.6749,43.1936],[10.6621,43.1955],[10.6438,43.1918],[10.6485,43.1727],[10.6632,43.1726],[10.665,43.1579],[10.6608,43.1498],[10.6634,43.1455],[10.689,43.1427],[10.6947,43.1298],[10.7035,43.1239],[10.717,43.1246],[10.7196,43.1217],[10.7149,43.1141],[10.7252,43.0983],[10.725,43.084],[10.7131,43.0722],[10.7274,43.0667],[10.7538,43.0749],[10.7804,43.0634],[10.7838,43.0577],[10.7731,43.0438],[10.7768,43.0234],[10.7959,43.0169],[10.7838,43.0108],[10.7802,43.0042],[10.7657,43.0121],[10.749,43.0145],[10.7409,43.0122],[10.7379,43.0014],[10.7513,42.9898],[10.7505,42.9855],[10.7372,42.9772],[10.7314,42.9686],[10.7144,42.9591],[10.7063,42.9419],[10.6606,42.9518],[10.5918,42.9542],[10.5538,42.9483],[10.5539,42.9453],[10.5598,42.9474],[10.5626,42.9427],[10.5593,42.937],[10.5607,42.9412],[10.5551,42.9425],[10.5428,42.9347],[10.5442,42.9303],[10.5513,42.9304],[10.5431,42.9208],[10.5254,42.9204],[10.5103,42.9328],[10.4975,42.9319],[10.4959,42.9343],[10.4986,42.9364],[10.4845,42.966],[10.4832,42.9881],[10.4943,42.9946],[10.5071,42.9907],[10.5161,42.9991],[10.5106,43.0059],[10.5109,43.0115],[10.522,43.0205],[10.5317,43.0529],[10.5366,43.0839],[10.5387,43.1665],[10.526,43.2398],[10.5019,43.2902],[10.463,43.3182],[10.4572,43.3254],[10.4548,43.3446],[10.4486,43.3544],[10.4442,43.3542],[10.4407,43.3708],[10.4255,43.3991],[10.4174,43.4035],[10.4093,43.4015],[10.405,43.4052],[10.3999,43.4224],[10.3877,43.434],[10.3791,43.4489],[10.3535,43.4638],[10.3416,43.465],[10.3304,43.4738],[10.3314,43.484],[10.3219,43.4957],[10.3185,43.5099],[10.2925,43.547],[10.3038,43.5488],[10.2959,43.5537],[10.3165,43.5745],[10.3199,43.5843],[10.3113,43.5715],[10.304,43.5759],[10.3051,43.5665],[10.2944,43.5607],[10.299,43.5815],[10.3062,43.5862],[10.3657,43.6038],[10.4092,43.6206],[10.4114,43.6176],[10.4342,43.6335],[10.4704,43.6344],[10.5089,43.6292],[10.4999,43.6251],[10.4967,43.6166],[10.498,43.6099],[10.4903,43.6045],[10.4901,43.5916],[10.4857,43.5864],[10.4752,43.584],[10.4751,43.571],[10.4794,43.5575],[10.4643,43.5398],[10.4711,43.5216],[10.479,43.5181],[10.4744,43.5132],[10.4738,43.5048],[10.491,43.4701],[10.4927,43.4558],[10.4998,43.4499],[10.4998,43.4464],[10.4819,43.436],[10.4836,43.4304],[10.4877,43.4359],[10.4933,43.437],[10.504,43.4366],[10.507,43.4322],[10.5014,43.4149],[10.4902,43.4033],[10.5006,43.3921],[10.5028,43.3771],[10.5098,43.3624],[10.54,43.3678],[10.5337,43.3564],[10.5359,43.3489],[10.5328,43.3366],[10.5226,43.3249],[10.5319,43.3236],[10.5405,43.3131],[10.5618,43.3083],[10.5663,43.2973],[10.615,43.2828],[10.6518,43.2835],[10.6571,43.2923],[10.669,43.2915],[10.6844,43.3008],[10.6954,43.2956],[10.6982,43.2923],[10.6964,43.2807],[10.6802,43.2744],[10.667,43.2651],[10.6673,43.2553],[10.672,43.2469]]],[[[10.0797,42.6194],[10.0896,42.6149],[10.0853,42.6113],[10.0869,42.6014],[10.0983,42.5885],[10.0999,42.5747],[10.0876,42.5682],[10.0496,42.5752],[10.0462,42.5858],[10.0535,42.589],[10.0637,42.5869],[10.0712,42.5894],[10.0815,42.6014],[10.0797,42.6194]]],[[[10.2654,42.7447],[10.2574,42.7439],[10.2445,42.7502],[10.238,42.7482],[10.2359,42.7392],[10.2408,42.7328],[10.2405,42.7277],[10.2368,42.726],[10.2001,42.7355],[10.1522,42.73],[10.1407,42.7323],[10.1222,42.742],[10.1037,42.768],[10.1032,42.7836],[10.1094,42.7937],[10.1366,42.8074],[10.1711,42.8064],[10.1852,42.8114],[10.206,42.8071],[10.222,42.7927],[10.2419,42.7874],[10.2489,42.7912],[10.2463,42.7947],[10.2482,42.7995],[10.2652,42.7996],[10.2685,42.8132],[10.2752,42.8175],[10.2697,42.8244],[10.263,42.8248],[10.2611,42.8278],[10.2638,42.8298],[10.2696,42.8255],[10.2936,42.8194],[10.3288,42.818],[10.3296,42.812],[10.3141,42.8097],[10.3145,42.8071],[10.3397,42.7968],[10.3498,42.7974],[10.3611,42.8028],[10.3604,42.8093],[10.3629,42.8105],[10.3594,42.8128],[10.3623,42.8178],[10.3795,42.8284],[10.3905,42.8513],[10.4114,42.873],[10.421,42.8673],[10.4216,42.8595],[10.4348,42.8546],[10.4422,42.8482],[10.4286,42.8161],[10.4297,42.8079],[10.4343,42.8029],[10.4341,42.7755],[10.3857,42.7593],[10.4097,42.7539],[10.4066,42.7472],[10.4233,42.742],[10.4309,42.7358],[10.4347,42.7216],[10.4316,42.7125],[10.4201,42.7077],[10.4112,42.7164],[10.3982,42.7121],[10.3823,42.7154],[10.3771,42.7194],[10.3717,42.7324],[10.357,42.752],[10.3582,42.7583],[10.3446,42.7639],[10.3182,42.76],[10.3257,42.7449],[10.3195,42.736],[10.3149,42.7425],[10.3126,42.7576],[10.3088,42.7594],[10.2994,42.7593],[10.291,42.7531],[10.29,42.7388],[10.287,42.7356],[10.2699,42.7379],[10.2654,42.7447]]],[[[9.8257,43.0727],[9.8371,43.0621],[9.8367,43.0507],[9.8447,43.0511],[9.847,43.0458],[9.8387,43.0267],[9.823,43.0165],[9.8117,43.003],[9.7999,43.0113],[9.7932,43.0206],[9.7992,43.0353],[9.8009,43.0529],[9.8257,43.0727]]],[[[9.9018,43.4393],[9.9089,43.4335],[9.9057,43.4243],[9.9011,43.4198],[9.8897,43.4231],[9.8925,43.4363],[9.9014,43.4357],[9.9018,43.4393]]],[[[10.3135,42.351],[10.3256,42.344],[10.3299,42.322],[10.3168,42.315],[10.294,42.3173],[10.2889,42.3262],[10.2938,42.3451],[10.3004,42.3508],[10.3135,42.351]]],[[[10.4766,42.8667],[10.4732,42.8638],[10.4724,42.8658],[10.4766,42.8667]]]]}},{"type":"Feature","properties":{"s":"LO","n":"Lodi","r":"Lombardia","b":[9.3104,45.0526,9.9011,45.4693]},"geometry":{"type":"Polygon","coordinates":[[[9.6055,45.3229],[9.602,45.3172],[9.6085,45.3118],[9.6125,45.3028],[9.6222,45.2934],[9.6302,45.2915],[9.6255,45.2851],[9.6287,45.2815],[9.6388,45.284],[9.6489,45.2728],[9.6572,45.2759],[9.6621,45.2733],[9.672,45.2681],[9.668,45.2623],[9.6752,45.2569],[9.6811,45.2571],[9.6872,45.2649],[9.6917,45.2636],[9.6947,45.2558],[9.7084,45.2622],[9.719,45.263],[9.7225,45.2594],[9.7206,45.2565],[9.7119,45.2586],[9.7072,45.2541],[9.7121,45.2473],[9.7266,45.2415],[9.7251,45.2379],[9.7158,45.2339],[9.7168,45.2301],[9.7322,45.225],[9.7404,45.227],[9.7433,45.2247],[9.7422,45.2202],[9.7498,45.2182],[9.7638,45.2227],[9.7655,45.2175],[9.7769,45.2131],[9.7585,45.1881],[9.7554,45.1849],[9.7502,45.1853],[9.7516,45.1817],[9.7567,45.1812],[9.7744,45.1888],[9.7856,45.1649],[9.7971,45.164],[9.8076,45.1588],[9.8265,45.1634],[9.8277,45.1542],[9.839,45.15],[9.8482,45.1554],[9.8618,45.153],[9.8709,45.1591],[9.8725,45.1406],[9.8911,45.1309],[9.88,45.1264],[9.8752,45.1196],[9.8786,45.1126],[9.9006,45.0954],[9.901,45.0881],[9.8968,45.0805],[9.8807,45.0748],[9.8615,45.0936],[9.8384,45.0956],[9.8322,45.0894],[9.8352,45.069],[9.8332,45.0604],[9.8271,45.0536],[9.8188,45.0534],[9.8133,45.0781],[9.7882,45.0845],[9.7773,45.0913],[9.7667,45.1073],[9.7575,45.1125],[9.7486,45.1133],[9.7448,45.1097],[9.7531,45.0866],[9.7504,45.079],[9.7378,45.0732],[9.7277,45.0621],[9.7137,45.0584],[9.6837,45.0703],[9.6769,45.0776],[9.6423,45.0807],[9.6323,45.0863],[9.6409,45.1166],[9.6374,45.1255],[9.6278,45.1327],[9.6184,45.133],[9.6127,45.1123],[9.6019,45.1041],[9.5874,45.0996],[9.586,45.105],[9.5686,45.1073],[9.5566,45.1275],[9.5429,45.1374],[9.5442,45.1532],[9.5311,45.1619],[9.5314,45.1669],[9.5266,45.1695],[9.5264,45.1788],[9.5186,45.181],[9.5157,45.1871],[9.5017,45.1861],[9.4855,45.1918],[9.4707,45.2013],[9.4301,45.1843],[9.4277,45.1882],[9.4331,45.1936],[9.4302,45.1987],[9.4211,45.1948],[9.4211,45.2027],[9.4172,45.2059],[9.4093,45.2049],[9.406,45.2008],[9.4022,45.2019],[9.3976,45.2185],[9.3923,45.2186],[9.3873,45.224],[9.3919,45.227],[9.3909,45.2317],[9.3811,45.2302],[9.3713,45.244],[9.3543,45.2498],[9.3514,45.2476],[9.3593,45.2456],[9.358,45.2387],[9.3279,45.2497],[9.3224,45.2441],[9.3104,45.249],[9.3155,45.2601],[9.325,45.2688],[9.3415,45.2713],[9.3338,45.2761],[9.3294,45.2883],[9.3229,45.2927],[9.3301,45.2982],[9.343,45.2912],[9.3576,45.2926],[9.3544,45.3015],[9.3346,45.3051],[9.3362,45.3115],[9.3547,45.3208],[9.3567,45.3152],[9.3598,45.3163],[9.3663,45.3118],[9.369,45.3032],[9.376,45.3025],[9.3859,45.3068],[9.3766,45.3116],[9.3922,45.315],[9.3874,45.3199],[9.3806,45.3188],[9.3563,45.3435],[9.3624,45.3462],[9.3593,45.3588],[9.353,45.3677],[9.3639,45.3657],[9.3782,45.3689],[9.3729,45.3861],[9.3816,45.3885],[9.3831,45.3964],[9.3867,45.3994],[9.4,45.3974],[9.4015,45.392],[9.4049,45.3911],[9.4111,45.4068],[9.4171,45.4108],[9.4229,45.4218],[9.426,45.422],[9.4206,45.4302],[9.4109,45.4351],[9.4171,45.4385],[9.4175,45.4515],[9.4316,45.4604],[9.436,45.4693],[9.4584,45.467],[9.4561,45.4627],[9.4619,45.4546],[9.4716,45.4482],[9.4839,45.4487],[9.4816,45.4455],[9.4887,45.4391],[9.4805,45.4279],[9.4802,45.4199],[9.4676,45.4133],[9.4696,45.4093],[9.4616,45.4014],[9.4544,45.3867],[9.4634,45.3771],[9.471,45.374],[9.4795,45.3769],[9.5002,45.3646],[9.5078,45.3668],[9.5106,45.3603],[9.5091,45.3488],[9.5354,45.3468],[9.5515,45.3392],[9.5633,45.3423],[9.5681,45.3669],[9.5788,45.3634],[9.5905,45.3544],[9.5984,45.3275],[9.6055,45.3229]]]}},{"type":"Feature","properties":{"s":"LT","n":"Latina","r":"Lazio","b":[12.5302,40.7848,13.8948,41.7148]},"geometry":{"type":"MultiPolygon","coordinates":[[[[12.6183,41.5403],[12.6168,41.5446],[12.5879,41.5422],[12.5842,41.5543],[12.5703,41.5776],[12.5589,41.5828],[12.5434,41.5955],[12.5302,41.5983],[12.5513,41.6055],[12.5549,41.6116],[12.5505,41.6155],[12.5522,41.62],[12.6339,41.6719],[12.6455,41.6668],[12.6433,41.6576],[12.6529,41.6622],[12.6578,41.647],[12.652,41.609],[12.6618,41.5982],[12.6975,41.61],[12.7032,41.5953],[12.7137,41.5935],[12.7203,41.5939],[12.7344,41.6042],[12.7393,41.6039],[12.7403,41.5931],[12.7324,41.5814],[12.7523,41.5778],[12.7559,41.5727],[12.7671,41.5841],[12.7698,41.594],[12.7783,41.6017],[12.7858,41.6185],[12.7961,41.6225],[12.808,41.6204],[12.8101,41.6226],[12.8093,41.6354],[12.8252,41.6415],[12.8187,41.6502],[12.8238,41.656],[12.8302,41.6588],[12.835,41.6523],[12.8404,41.6582],[12.8398,41.6648],[12.8513,41.6664],[12.8495,41.6768],[12.8539,41.6976],[12.8511,41.7012],[12.8465,41.6987],[12.8404,41.7012],[12.8366,41.7039],[12.8385,41.7061],[12.8509,41.7148],[12.8803,41.7018],[12.8791,41.7082],[12.8927,41.7113],[12.9083,41.7072],[12.9378,41.7129],[12.9521,41.6949],[12.943,41.6865],[12.9431,41.6742],[12.963,41.6575],[12.986,41.6455],[13.0046,41.6199],[13.0215,41.6095],[13.0253,41.5999],[13.0161,41.5933],[13.0083,41.581],[13.0216,41.5735],[13.0348,41.5717],[13.054,41.5776],[13.0956,41.5542],[13.1037,41.545],[13.1112,41.5537],[13.1254,41.5498],[13.1244,41.5572],[13.1565,41.5721],[13.1684,41.5745],[13.1751,41.5836],[13.1844,41.5845],[13.1868,41.5881],[13.1973,41.5871],[13.2014,41.5751],[13.2021,41.5549],[13.2124,41.5434],[13.2217,41.5388],[13.2527,41.5367],[13.2724,41.5219],[13.2791,41.5083],[13.2793,41.4998],[13.2944,41.4817],[13.2974,41.4693],[13.2656,41.452],[13.2547,41.4326],[13.293,41.4192],[13.3065,41.4026],[13.3365,41.4066],[13.3661,41.3973],[13.3755,41.4037],[13.3865,41.4045],[13.4089,41.3978],[13.4273,41.3973],[13.4388,41.4268],[13.4294,41.449],[13.432,41.4585],[13.4453,41.465],[13.4525,41.4585],[13.4556,41.4494],[13.5125,41.4322],[13.5115,41.4236],[13.5393,41.4239],[13.5482,41.4196],[13.579,41.3803],[13.5664,41.3753],[13.5605,41.368],[13.5738,41.3641],[13.5918,41.3526],[13.6161,41.3211],[13.6238,41.3168],[13.6513,41.318],[13.6545,41.3204],[13.6518,41.3283],[13.6577,41.3378],[13.6682,41.3431],[13.6824,41.3395],[13.7042,41.3586],[13.7116,41.356],[13.7147,41.337],[13.733,41.3295],[13.7617,41.3073],[13.763,41.3014],[13.7915,41.3101],[13.7965,41.318],[13.8198,41.3215],[13.8183,41.3308],[13.8231,41.3387],[13.8438,41.3307],[13.8737,41.3383],[13.8947,41.3105],[13.8897,41.2975],[13.8823,41.2909],[13.8511,41.2896],[13.8284,41.281],[13.8307,41.2664],[13.84,41.2624],[13.8336,41.255],[13.815,41.2445],[13.8049,41.2469],[13.7882,41.242],[13.772,41.2421],[13.7621,41.2226],[13.706,41.2537],[13.6837,41.2445],[13.6513,41.2571],[13.6202,41.2602],[13.5858,41.2477],[13.574,41.2404],[13.5701,41.2326],[13.5712,41.2178],[13.5895,41.2099],[13.5701,41.2041],[13.5707,41.2072],[13.5597,41.2106],[13.5456,41.2094],[13.5183,41.2247],[13.5033,41.2213],[13.5043,41.2246],[13.4849,41.2381],[13.4716,41.2373],[13.4635,41.2404],[13.4442,41.253],[13.3745,41.2813],[13.3221,41.2938],[13.2813,41.2972],[13.2661,41.2945],[13.2576,41.283],[13.2158,41.2841],[13.1731,41.2756],[13.1157,41.2479],[13.1067,41.242],[13.0936,41.2253],[13.0729,41.2225],[13.0573,41.2242],[13.0439,41.2278],[13.0336,41.241],[13.0359,41.2475],[13.0285,41.2651],[12.9986,41.3137],[12.9703,41.3455],[12.9476,41.3636],[12.9009,41.3917],[12.8545,41.4115],[12.8363,41.4149],[12.8069,41.4139],[12.7891,41.4179],[12.7732,41.4163],[12.7749,41.4235],[12.7672,41.4355],[12.7542,41.4457],[12.7466,41.4442],[12.7387,41.4472],[12.7379,41.4565],[12.7465,41.4637],[12.7479,41.4733],[12.7436,41.479],[12.7269,41.4836],[12.7201,41.4995],[12.7232,41.5024],[12.7218,41.5048],[12.6809,41.508],[12.6799,41.517],[12.6737,41.523],[12.6456,41.5364],[12.6183,41.5403]]],[[[12.9688,40.9222],[12.9603,40.8981],[12.9692,40.8939],[12.954,40.8776],[12.9477,40.887],[12.9541,40.8949],[12.9429,40.8972],[12.9483,40.9186],[12.9665,40.9234],[12.9687,40.9263],[12.9663,40.9283],[12.9842,40.9356],[12.995,40.934],[12.9923,40.93],[12.9688,40.9222]]],[[[13.0003,40.9327],[12.9969,40.934],[13.0035,40.9375],[13.0003,40.9327]]],[[[12.8598,40.945],[12.8615,40.9292],[12.851,40.9266],[12.8563,40.9425],[12.8542,40.9496],[12.8598,40.945]]],[[[13.057,40.9645],[13.0484,40.9651],[13.0453,40.9684],[13.0578,40.9734],[13.063,40.9678],[13.057,40.9645]]],[[[13.4565,40.7918],[13.4581,40.7884],[13.4511,40.7876],[13.4513,40.7916],[13.4565,40.7918]]],[[[13.4318,40.8031],[13.4354,40.7971],[13.4283,40.7904],[13.4145,40.785],[13.4076,40.7855],[13.4318,40.8031]]]]}},{"type":"Feature","properties":{"s":"LU","n":"Lucca","r":"Toscana","b":[10.1431,43.7497,10.7378,44.2853]},"geometry":{"type":"Polygon","coordinates":[[[10.7054,43.8427],[10.7201,43.8326],[10.7279,43.8133],[10.7111,43.7864],[10.6925,43.8009],[10.6671,43.8049],[10.6536,43.8014],[10.6459,43.7959],[10.6363,43.7742],[10.6227,43.7567],[10.6089,43.7555],[10.5964,43.7609],[10.554,43.7497],[10.5261,43.7616],[10.5009,43.7533],[10.4951,43.7582],[10.4706,43.7651],[10.452,43.767],[10.4412,43.7782],[10.439,43.7875],[10.4508,43.7943],[10.452,43.8045],[10.4354,43.8127],[10.4252,43.835],[10.4138,43.8223],[10.411,43.8269],[10.4065,43.8265],[10.38,43.8125],[10.3481,43.8166],[10.337,43.8229],[10.3203,43.8226],[10.3071,43.8294],[10.2579,43.8157],[10.2383,43.8556],[10.2426,43.8611],[10.2359,43.8764],[10.1903,43.933],[10.1431,43.9756],[10.1668,43.9823],[10.1736,43.9874],[10.1734,43.9984],[10.1823,44.0041],[10.1854,44.0126],[10.2056,44.0241],[10.2064,44.0293],[10.202,44.035],[10.2239,44.0516],[10.2226,44.0588],[10.2286,44.0669],[10.2391,44.0716],[10.2412,44.0777],[10.2406,44.0895],[10.233,44.1075],[10.2145,44.1175],[10.1957,44.1198],[10.1867,44.1246],[10.183,44.1398],[10.1976,44.1582],[10.1947,44.1639],[10.1979,44.1706],[10.1867,44.2062],[10.2046,44.2156],[10.211,44.216],[10.23,44.2279],[10.2471,44.2535],[10.2552,44.2556],[10.2539,44.2686],[10.2964,44.2852],[10.3071,44.2843],[10.3141,44.2788],[10.3371,44.2715],[10.3606,44.2715],[10.377,44.2671],[10.4074,44.2493],[10.414,44.2358],[10.4308,44.2266],[10.4664,44.2297],[10.475,44.2238],[10.4884,44.2209],[10.4918,44.2176],[10.4869,44.2025],[10.5229,44.1748],[10.5197,44.1672],[10.5249,44.157],[10.5688,44.1365],[10.5814,44.1268],[10.5855,44.1186],[10.6051,44.1147],[10.6098,44.1186],[10.6241,44.1204],[10.6419,44.1086],[10.6631,44.1094],[10.6815,44.105],[10.6883,44.0984],[10.7223,44.083],[10.7251,44.0638],[10.7187,44.0519],[10.719,44.0443],[10.7307,44.0387],[10.7378,44.0249],[10.7275,44.0185],[10.711,44.0176],[10.7055,44.0146],[10.69,43.996],[10.6737,43.9836],[10.6711,43.951],[10.6579,43.9161],[10.6509,43.9138],[10.6477,43.9093],[10.6583,43.8913],[10.6501,43.8809],[10.6506,43.8696],[10.6708,43.8666],[10.6762,43.8679],[10.671,43.8733],[10.6784,43.8755],[10.6868,43.8654],[10.6877,43.8542],[10.695,43.8539],[10.7054,43.8427]]]}},{"type":"Feature","properties":{"s":"MB","n":"Monza e della Brianza","r":"Lombardia","b":[9.0518,45.5367,9.4959,45.7426]},"geometry":{"type":"Polygon","coordinates":[[[9.4031,45.5732],[9.3931,45.5673],[9.3952,45.5622],[9.388,45.5588],[9.3676,45.5577],[9.3614,45.5542],[9.3517,45.5587],[9.327,45.5619],[9.3212,45.5477],[9.3255,45.54],[9.3052,45.5367],[9.2733,45.5485],[9.2687,45.5513],[9.2718,45.5566],[9.2502,45.5532],[9.2557,45.5571],[9.2426,45.5634],[9.227,45.566],[9.227,45.5712],[9.2202,45.5704],[9.2234,45.5758],[9.2178,45.5793],[9.2031,45.576],[9.1934,45.5788],[9.1771,45.5855],[9.1739,45.5902],[9.1769,45.5918],[9.1507,45.5889],[9.1449,45.5837],[9.0956,45.5879],[9.094,45.591],[9.1006,45.5936],[9.1008,45.5967],[9.0944,45.6065],[9.1046,45.61],[9.1094,45.6208],[9.0529,45.6232],[9.0518,45.6334],[9.0617,45.6368],[9.0625,45.6411],[9.0548,45.6451],[9.0529,45.6574],[9.0609,45.6577],[9.067,45.6851],[9.0913,45.6863],[9.1032,45.6969],[9.1095,45.6917],[9.1218,45.6885],[9.1399,45.6948],[9.1538,45.6866],[9.1638,45.673],[9.1797,45.6635],[9.1944,45.6677],[9.1918,45.6784],[9.1961,45.6871],[9.1953,45.6983],[9.2042,45.7092],[9.2141,45.715],[9.2316,45.7175],[9.2352,45.727],[9.2429,45.7299],[9.2471,45.7426],[9.2607,45.7397],[9.2742,45.7422],[9.2814,45.7371],[9.2794,45.7332],[9.2867,45.7306],[9.2988,45.7086],[9.3002,45.7027],[9.2958,45.6991],[9.2948,45.6897],[9.2995,45.6834],[9.3057,45.6819],[9.3141,45.6607],[9.3213,45.6609],[9.3413,45.6697],[9.3602,45.6664],[9.3691,45.6611],[9.3723,45.6551],[9.3959,45.6701],[9.4144,45.6765],[9.4226,45.6565],[9.4468,45.6497],[9.4653,45.6649],[9.4766,45.6693],[9.4872,45.6646],[9.4879,45.6553],[9.495,45.6486],[9.4959,45.6397],[9.4903,45.6347],[9.4954,45.629],[9.4812,45.6196],[9.4836,45.6116],[9.4823,45.6058],[9.4779,45.6048],[9.4817,45.5968],[9.4446,45.5919],[9.4426,45.5856],[9.4031,45.5732]]]}},{"type":"Feature","properties":{"s":"MC","n":"Macerata","r":"Marche","b":[12.8331,42.8324,13.7432,43.4742]},"geometry":{"type":"Polygon","coordinates":[[[13.0918,43.4359],[13.1256,43.4277],[13.1347,43.4179],[13.1502,43.4136],[13.1697,43.4191],[13.2072,43.4164],[13.2254,43.4325],[13.2266,43.4394],[13.2444,43.4594],[13.2808,43.4612],[13.2715,43.4554],[13.2832,43.4428],[13.2887,43.4232],[13.3019,43.4144],[13.315,43.399],[13.3351,43.3957],[13.3359,43.3915],[13.351,43.395],[13.3598,43.4059],[13.3688,43.411],[13.4012,43.4233],[13.4123,43.4351],[13.4351,43.4339],[13.4345,43.4374],[13.448,43.4458],[13.4602,43.4383],[13.4809,43.4364],[13.5109,43.4435],[13.5301,43.4401],[13.5611,43.4408],[13.5855,43.4431],[13.5944,43.4472],[13.5897,43.438],[13.5817,43.4332],[13.58,43.4288],[13.588,43.4196],[13.6272,43.4188],[13.6574,43.4319],[13.6556,43.4473],[13.6345,43.445],[13.6272,43.452],[13.6035,43.4561],[13.6015,43.4591],[13.6423,43.4742],[13.67,43.4255],[13.7096,43.3372],[13.7218,43.3199],[13.7359,43.3078],[13.7432,43.2948],[13.6814,43.2773],[13.6538,43.2748],[13.638,43.2692],[13.6077,43.2714],[13.601,43.2678],[13.6073,43.2493],[13.6078,43.2369],[13.5929,43.2092],[13.566,43.2167],[13.5506,43.2125],[13.5266,43.2114],[13.5211,43.2092],[13.5259,43.1981],[13.5185,43.1841],[13.5183,43.1738],[13.4967,43.1705],[13.4924,43.1641],[13.4621,43.1636],[13.446,43.1507],[13.4337,43.1374],[13.441,43.1241],[13.4302,43.1103],[13.4338,43.0852],[13.4496,43.0733],[13.4658,43.0806],[13.4776,43.0824],[13.4838,43.0803],[13.4628,43.0642],[13.462,43.058],[13.4669,43.0444],[13.4597,43.0204],[13.4517,43.0177],[13.4306,43.0224],[13.4113,43.0084],[13.3966,43.0098],[13.384,43.0213],[13.3822,43.0282],[13.3847,43.0326],[13.3818,43.0336],[13.3812,43.0405],[13.3709,43.0421],[13.36,43.0342],[13.3316,43.0239],[13.3194,43.0027],[13.3057,43.0017],[13.2914,42.9883],[13.2618,42.9706],[13.2503,42.9693],[13.2509,42.9651],[13.2429,42.9673],[13.2193,42.9545],[13.2161,42.9511],[13.2189,42.9457],[13.2177,42.9361],[13.2227,42.9267],[13.2257,42.9276],[13.2304,42.923],[13.2351,42.9026],[13.2418,42.892],[13.2345,42.8769],[13.2322,42.8562],[13.2133,42.8429],[13.1881,42.8347],[13.1815,42.8371],[13.1633,42.8324],[13.1543,42.8354],[13.1404,42.8551],[13.1217,42.8739],[13.1122,42.8893],[13.0812,42.8997],[13.0677,42.9071],[13.0547,42.9194],[13.0249,42.9026],[13.012,42.9028],[13.001,42.9093],[12.997,42.9033],[13.0001,42.8908],[12.9904,42.8721],[12.9858,42.869],[12.9762,42.8698],[12.9734,42.8772],[12.9751,42.8866],[12.971,42.892],[12.9691,42.9037],[12.9767,42.9261],[12.9493,42.93],[12.9481,42.9415],[12.9366,42.9449],[12.9272,42.9541],[12.9135,42.9556],[12.8958,42.9646],[12.8986,42.9736],[12.9082,42.9853],[12.888,43.0098],[12.8976,43.0247],[12.9036,43.0247],[12.9066,43.0355],[12.8931,43.0463],[12.8899,43.0589],[12.8973,43.0935],[12.8911,43.0936],[12.8853,43.0992],[12.8808,43.1215],[12.8585,43.1252],[12.843,43.1223],[12.8331,43.139],[12.8337,43.1477],[12.8519,43.1539],[12.8626,43.1674],[12.8682,43.1951],[12.8614,43.213],[12.8976,43.229],[12.884,43.2534],[12.882,43.267],[12.897,43.2731],[12.9025,43.2801],[12.9118,43.2702],[12.9695,43.2825],[12.9855,43.2928],[12.9883,43.3018],[13.0069,43.3053],[13.0148,43.3102],[13.0269,43.3279],[13.0405,43.3361],[13.0356,43.3398],[13.0439,43.3426],[13.0486,43.3584],[13.0622,43.3668],[13.0622,43.3812],[13.0709,43.3866],[13.0718,43.3909],[13.0799,43.389],[13.0861,43.395],[13.0801,43.4054],[13.0713,43.4114],[13.0718,43.4165],[13.0852,43.4233],[13.0918,43.4359]]]}},{"type":"Feature","properties":{"s":"ME","n":"Messina","r":"Sicilia","b":[14.1835,37.7953,15.6533,38.8177]},"geometry":{"type":"MultiPolygon","coordinates":[[[[15.443,38.0258],[15.4411,38.0203],[15.3494,37.9234],[15.3452,37.9154],[15.3484,37.9128],[15.3336,37.9033],[15.306,37.8779],[15.2966,37.8624],[15.3019,37.8528],[15.2924,37.8473],[15.2862,37.8476],[15.2731,37.8358],[15.2689,37.8282],[15.2755,37.8247],[15.2754,37.8215],[15.2585,37.807],[15.2463,37.8128],[15.2466,37.8175],[15.2323,37.8302],[15.2211,37.8504],[15.2104,37.8565],[15.2096,37.8601],[15.1856,37.8752],[15.1739,37.8775],[15.1526,37.8955],[15.1306,37.894],[15.1109,37.9062],[15.0971,37.9027],[15.0715,37.904],[15.0426,37.8937],[15.0117,37.8994],[14.987,37.8917],[14.9799,37.8931],[14.9789,37.907],[14.9557,37.9121],[14.9523,37.9243],[14.9414,37.9426],[14.9412,37.9508],[14.9323,37.9547],[14.9292,37.9609],[14.8958,37.9487],[14.8778,37.9325],[14.8625,37.9287],[14.8549,37.931],[14.8483,37.9421],[14.8513,37.9551],[14.8414,37.9589],[14.8285,37.9351],[14.8089,37.9441],[14.8009,37.9528],[14.7847,37.9512],[14.7808,37.9457],[14.7651,37.9405],[14.7615,37.9233],[14.7565,37.916],[14.774,37.9095],[14.7785,37.9041],[14.7725,37.8987],[14.7718,37.8906],[14.7669,37.8885],[14.76,37.8998],[14.7384,37.9022],[14.7381,37.8485],[14.7422,37.8474],[14.7586,37.8684],[14.7779,37.8624],[14.7894,37.8516],[14.7919,37.8388],[14.8024,37.8165],[14.8009,37.8047],[14.7973,37.8033],[14.775,37.8118],[14.7683,37.8206],[14.7603,37.8223],[14.7448,37.8171],[14.7201,37.8172],[14.7043,37.812],[14.6805,37.7953],[14.645,37.8069],[14.6044,37.8089],[14.5917,37.8148],[14.5696,37.8326],[14.5542,37.837],[14.5576,37.8512],[14.5731,37.8589],[14.5702,37.8796],[14.5511,37.8762],[14.5338,37.8605],[14.527,37.8618],[14.5071,37.852],[14.4928,37.8249],[14.4822,37.8128],[14.4768,37.811],[14.454,37.8169],[14.4648,37.8401],[14.4614,37.8433],[14.4292,37.8527],[14.4182,37.8617],[14.4063,37.8664],[14.3961,37.8483],[14.382,37.8515],[14.3583,37.8492],[14.3267,37.8376],[14.3161,37.8403],[14.3013,37.8363],[14.2799,37.8401],[14.2733,37.847],[14.274,37.8625],[14.2687,37.8765],[14.2747,37.8894],[14.2747,37.9035],[14.2852,37.91],[14.2919,37.9186],[14.2529,37.917],[14.2534,37.9347],[14.2391,37.9468],[14.2264,37.9508],[14.2287,37.9583],[14.2131,37.9722],[14.2046,37.9904],[14.193,38.0028],[14.1835,38.0194],[14.253,38.0087],[14.2702,38.0127],[14.2856,38.0073],[14.309,38.0079],[14.3416,38.0192],[14.3624,38.0145],[14.3756,38.0166],[14.3991,38.0246],[14.4269,38.0406],[14.4405,38.0402],[14.4478,38.0341],[14.4704,38.033],[14.525,38.0422],[14.5564,38.0601],[14.5852,38.059],[14.6174,38.0732],[14.6306,38.0709],[14.6414,38.076],[14.6783,38.0995],[14.7486,38.1658],[14.7601,38.1574],[14.7871,38.1515],[14.8612,38.1686],[14.8754,38.1683],[14.8906,38.1725],[14.9147,38.1919],[14.9404,38.1798],[14.9731,38.1518],[15.0472,38.1492],[15.0564,38.1418],[15.0562,38.1315],[15.0803,38.1209],[15.0994,38.1217],[15.1738,38.1534],[15.2113,38.1856],[15.2253,38.2048],[15.2412,38.2436],[15.2364,38.248],[15.2359,38.266],[15.2246,38.2703],[15.2381,38.2698],[15.2518,38.2519],[15.2535,38.246],[15.2414,38.2169],[15.2592,38.2083],[15.2928,38.2064],[15.3536,38.2178],[15.4291,38.2424],[15.4495,38.2513],[15.5168,38.2957],[15.5414,38.3014],[15.5509,38.2999],[15.5892,38.2801],[15.6522,38.2692],[15.652,38.2647],[15.6114,38.2567],[15.5822,38.2454],[15.5675,38.2245],[15.5582,38.1971],[15.5586,38.1889],[15.5669,38.1906],[15.5696,38.1958],[15.5624,38.1965],[15.5677,38.1978],[15.5748,38.1937],[15.5724,38.1897],[15.5631,38.1834],[15.5329,38.1461],[15.4936,38.0746],[15.4814,38.0633],[15.4753,38.0528],[15.443,38.0258]]],[[[14.8467,38.5379],[14.8284,38.5472],[14.8066,38.5533],[14.7965,38.561],[14.8002,38.5727],[14.8078,38.5824],[14.8347,38.5824],[14.8457,38.5794],[14.8661,38.5832],[14.8722,38.5806],[14.8741,38.5616],[14.8684,38.5515],[14.8708,38.5388],[14.8553,38.5346],[14.8467,38.5379]]],[[[14.96,38.4323],[14.9686,38.4251],[14.9624,38.4198],[14.9636,38.4121],[14.9806,38.4097],[14.997,38.3963],[15.0053,38.376],[15.0025,38.3712],[14.9921,38.3667],[14.9828,38.3671],[14.9488,38.388],[14.9395,38.4022],[14.9395,38.4113],[14.9455,38.4171],[14.9559,38.4189],[14.9541,38.4288],[14.96,38.4323]]],[[[14.9605,38.5234],[14.9626,38.4909],[14.9681,38.4859],[14.9807,38.4832],[14.9795,38.4792],[14.9617,38.4784],[14.9553,38.4744],[14.9568,38.4597],[14.9622,38.4512],[14.9583,38.4419],[14.9532,38.4392],[14.9423,38.4426],[14.9415,38.4494],[14.9346,38.4595],[14.9132,38.465],[14.8996,38.4782],[14.8999,38.4916],[14.9047,38.5112],[14.9125,38.5184],[14.9262,38.523],[14.9456,38.5196],[14.9605,38.5234]]],[[[14.3619,38.5543],[14.3665,38.5496],[14.3598,38.5321],[14.349,38.5308],[14.3426,38.5332],[14.3396,38.5396],[14.3403,38.5482],[14.3478,38.5537],[14.3619,38.5543]]],[[[14.5532,38.5858],[14.5762,38.5809],[14.5814,38.5726],[14.5804,38.5624],[14.586,38.5589],[14.5927,38.5592],[14.5933,38.5558],[14.5871,38.5536],[14.5537,38.5604],[14.5411,38.572],[14.5394,38.5775],[14.5441,38.5854],[14.5532,38.5858]]],[[[15.1143,38.6404],[15.1156,38.6388],[15.1124,38.6393],[15.1143,38.6404]]],[[[15.0729,38.6467],[15.0774,38.6413],[15.0752,38.6313],[15.0632,38.6255],[15.0559,38.6254],[15.0546,38.6291],[15.0601,38.6437],[15.0729,38.6467]]],[[[15.1143,38.666],[15.118,38.6611],[15.1103,38.6621],[15.1143,38.666]]],[[[15.2214,38.812],[15.2432,38.8034],[15.2308,38.7886],[15.2269,38.7772],[15.2172,38.7724],[15.1896,38.7858],[15.1875,38.7907],[15.1896,38.796],[15.1987,38.7988],[15.2132,38.8105],[15.2214,38.812]]]]}},{"type":"Feature","properties":{"s":"MI","n":"Milano","r":"Lombardia","b":[8.7061,45.1615,9.5516,45.6426]},"geometry":{"type":"MultiPolygon","coordinates":[[[[8.8429,45.3938],[8.8422,45.3989],[8.8245,45.4195],[8.8258,45.4339],[8.8081,45.4333],[8.8078,45.4477],[8.7884,45.4625],[8.7912,45.4702],[8.7875,45.4862],[8.7735,45.4847],[8.7603,45.4969],[8.7385,45.4985],[8.7279,45.5024],[8.7123,45.522],[8.7194,45.5311],[8.7091,45.5439],[8.7069,45.5583],[8.7143,45.5622],[8.7189,45.5693],[8.7235,45.5692],[8.7302,45.561],[8.7392,45.5602],[8.7495,45.5668],[8.7477,45.5723],[8.7646,45.5764],[8.7685,45.5829],[8.7764,45.5872],[8.7823,45.5865],[8.7862,45.6024],[8.8064,45.6017],[8.8199,45.5832],[8.8283,45.5824],[8.8347,45.5779],[8.837,45.5685],[8.866,45.5759],[8.8736,45.5806],[8.8678,45.592],[8.8997,45.6054],[8.9155,45.6074],[8.9259,45.6195],[8.9367,45.6235],[8.9324,45.6265],[8.9296,45.6346],[8.9399,45.6426],[8.9565,45.6335],[8.9546,45.6255],[8.9672,45.6282],[8.9782,45.6146],[8.9673,45.6083],[8.9707,45.6044],[8.9703,45.5929],[8.9747,45.5867],[8.9835,45.5911],[9.0021,45.5742],[9.0257,45.5885],[9.0495,45.5775],[9.0508,45.5806],[9.063,45.5804],[9.066,45.5958],[9.0604,45.6002],[9.0613,45.6077],[9.0532,45.6152],[9.0529,45.6232],[9.1078,45.6227],[9.1094,45.6208],[9.1046,45.61],[9.0944,45.6065],[9.1008,45.5967],[9.1006,45.5936],[9.094,45.591],[9.0956,45.5879],[9.1449,45.5837],[9.1507,45.5889],[9.1769,45.5918],[9.1739,45.5902],[9.1771,45.5855],[9.1934,45.5788],[9.2031,45.576],[9.2178,45.5793],[9.2234,45.5758],[9.2202,45.5704],[9.227,45.5712],[9.227,45.566],[9.2426,45.5634],[9.2557,45.5571],[9.2502,45.5532],[9.2718,45.5566],[9.2687,45.5513],[9.2733,45.5485],[9.3052,45.5367],[9.3129,45.5369],[9.3255,45.54],[9.3212,45.5477],[9.327,45.5619],[9.3517,45.5587],[9.3614,45.5542],[9.3676,45.5577],[9.3834,45.5577],[9.3952,45.5622],[9.3923,45.5653],[9.3983,45.5715],[9.4426,45.5856],[9.4446,45.5919],[9.4817,45.5968],[9.4779,45.6048],[9.4823,45.6058],[9.4836,45.6116],[9.4812,45.6196],[9.4954,45.629],[9.4903,45.6347],[9.4959,45.6397],[9.4955,45.6325],[9.5189,45.6236],[9.5386,45.5823],[9.5346,45.5706],[9.5247,45.5598],[9.5279,45.5549],[9.5272,45.5414],[9.5374,45.5294],[9.5371,45.5257],[9.5503,45.5242],[9.5516,45.5213],[9.5416,45.5018],[9.518,45.5082],[9.5192,45.5045],[9.5036,45.4926],[9.4936,45.4785],[9.4916,45.465],[9.4839,45.4487],[9.4679,45.4501],[9.4561,45.4627],[9.4584,45.467],[9.4342,45.4688],[9.4316,45.4604],[9.4175,45.4515],[9.4171,45.4385],[9.4109,45.4351],[9.4206,45.4302],[9.426,45.422],[9.4229,45.4218],[9.4171,45.4108],[9.4111,45.4068],[9.4049,45.3911],[9.4015,45.392],[9.4,45.3974],[9.3867,45.3994],[9.3831,45.3964],[9.3816,45.3885],[9.3729,45.3861],[9.3782,45.3689],[9.3639,45.3657],[9.353,45.3677],[9.3593,45.3588],[9.3624,45.3462],[9.3563,45.3435],[9.3806,45.3188],[9.3874,45.3199],[9.3927,45.3165],[9.3882,45.313],[9.381,45.3141],[9.3763,45.3113],[9.3859,45.3068],[9.3797,45.303],[9.369,45.3032],[9.3663,45.3118],[9.3598,45.3163],[9.3567,45.3152],[9.3547,45.3208],[9.3316,45.3122],[9.3218,45.3222],[9.3091,45.3279],[9.2872,45.3304],[9.2735,45.3246],[9.246,45.3245],[9.2315,45.3336],[9.2259,45.3265],[9.2192,45.3259],[9.2017,45.3348],[9.1966,45.317],[9.1821,45.3107],[9.1937,45.295],[9.2008,45.2911],[9.1876,45.2922],[9.178,45.2994],[9.1513,45.2988],[9.1411,45.3096],[9.1347,45.3078],[9.1294,45.3111],[9.0799,45.3035],[9.0736,45.308],[9.0808,45.3158],[9.0699,45.3145],[9.0719,45.3064],[9.0364,45.3013],[9.0301,45.2965],[9.025,45.305],[9.0287,45.307],[9.0363,45.3036],[9.0317,45.3145],[9.0202,45.326],[9.0013,45.3199],[8.9883,45.3216],[8.9987,45.3026],[8.9923,45.301],[8.9949,45.2957],[9.0152,45.2911],[9.0187,45.2806],[9.0151,45.2759],[9.007,45.2781],[8.9829,45.265],[8.9741,45.2736],[8.9446,45.2915],[8.942,45.316],[8.9313,45.3199],[8.9235,45.3169],[8.9063,45.3264],[8.9104,45.3326],[8.8659,45.3443],[8.864,45.3512],[8.8679,45.3574],[8.8498,45.3678],[8.8476,45.3903],[8.8429,45.3938]]],[[[9.5157,45.1871],[9.5186,45.181],[9.5264,45.1788],[9.5266,45.1695],[9.5316,45.1654],[9.4783,45.1615],[9.4775,45.1657],[9.469,45.1686],[9.4568,45.1833],[9.4385,45.1876],[9.4707,45.2013],[9.4855,45.1918],[9.5017,45.1861],[9.5157,45.1871]]]]}},{"type":"Feature","properties":{"s":"MN","n":"Mantova","r":"Lombardia","b":[10.3093,44.9083,11.4277,45.4277]},"geometry":{"type":"Polygon","coordinates":[[[10.4925,45.1324],[10.4745,45.1459],[10.4497,45.1443],[10.4411,45.1352],[10.4213,45.1412],[10.419,45.1396],[10.4223,45.1328],[10.4179,45.13],[10.4036,45.1366],[10.3836,45.1393],[10.3676,45.1472],[10.3647,45.1617],[10.338,45.1721],[10.3277,45.1843],[10.3136,45.187],[10.3115,45.1931],[10.3093,45.1919],[10.3177,45.2047],[10.3431,45.2075],[10.3436,45.2113],[10.3614,45.2154],[10.3572,45.231],[10.362,45.2461],[10.3723,45.2408],[10.3784,45.2409],[10.3835,45.2485],[10.3936,45.2456],[10.3973,45.2501],[10.3906,45.2555],[10.3971,45.2857],[10.4078,45.2927],[10.4251,45.2966],[10.4257,45.3049],[10.4315,45.313],[10.4286,45.3216],[10.4464,45.3207],[10.4472,45.3271],[10.4659,45.3252],[10.4639,45.3336],[10.4713,45.3323],[10.468,45.3429],[10.4685,45.3594],[10.464,45.3707],[10.4596,45.3786],[10.4503,45.3831],[10.467,45.4066],[10.4512,45.4186],[10.4562,45.4155],[10.5114,45.4123],[10.5481,45.3858],[10.5658,45.3873],[10.58,45.3811],[10.5979,45.3873],[10.6137,45.3827],[10.6333,45.385],[10.6426,45.3904],[10.6465,45.4072],[10.6551,45.4106],[10.6546,45.4158],[10.6652,45.4277],[10.7023,45.4214],[10.7145,45.4176],[10.7192,45.4003],[10.7079,45.3858],[10.6983,45.379],[10.7064,45.37],[10.7146,45.3679],[10.7045,45.3594],[10.6855,45.3537],[10.6869,45.3426],[10.7058,45.3394],[10.715,45.3339],[10.7132,45.3237],[10.7064,45.3163],[10.722,45.3188],[10.7312,45.3152],[10.7331,45.3054],[10.7283,45.2913],[10.7374,45.2872],[10.7828,45.3154],[10.812,45.2967],[10.8169,45.2893],[10.84,45.2729],[10.8408,45.2654],[10.8466,45.2566],[10.8763,45.2527],[10.8792,45.2472],[10.8968,45.2471],[10.9021,45.2375],[10.9368,45.2329],[10.9308,45.2255],[10.9315,45.2176],[10.9448,45.2112],[10.947,45.2057],[10.966,45.2056],[10.9907,45.1957],[10.9968,45.1874],[10.9932,45.1841],[10.9988,45.1647],[10.9937,45.1515],[11.0102,45.1487],[11.0284,45.1592],[11.0356,45.1501],[11.0466,45.1531],[11.0505,45.1496],[11.0423,45.1439],[11.0438,45.1343],[11.0284,45.1267],[11.0287,45.123],[11.039,45.114],[11.0729,45.0987],[11.0976,45.0952],[11.0941,45.0997],[11.0949,45.1061],[11.1006,45.1127],[11.1056,45.1082],[11.1274,45.1032],[11.1348,45.1099],[11.1377,45.1233],[11.1459,45.126],[11.1876,45.1099],[11.2034,45.1117],[11.2055,45.1095],[11.1775,45.0973],[11.1768,45.0885],[11.1884,45.0841],[11.1755,45.0749],[11.1753,45.0601],[11.2122,45.0575],[11.2404,45.043],[11.2476,45.0445],[11.2595,45.0554],[11.2659,45.0562],[11.2705,45.0445],[11.2631,45.0329],[11.2713,45.0271],[11.2755,45.0173],[11.3087,45.0124],[11.3335,44.9914],[11.4127,44.9682],[11.4255,44.9608],[11.4275,44.9528],[11.4267,44.9501],[11.4262,44.9521],[11.4057,44.9487],[11.3902,44.9558],[11.3767,44.9581],[11.3628,44.9555],[11.3572,44.9501],[11.3228,44.9612],[11.3087,44.9605],[11.2854,44.9568],[11.2723,44.9383],[11.2462,44.9514],[11.2434,44.9479],[11.2318,44.9448],[11.2021,44.9395],[11.1585,44.9381],[11.1524,44.9332],[11.118,44.9545],[11.0721,44.9617],[11.0595,44.9489],[10.9975,44.9551],[10.9672,44.9348],[10.9506,44.9333],[10.9514,44.9279],[10.9414,44.9219],[10.9171,44.9241],[10.8903,44.9124],[10.8888,44.9165],[10.898,44.9218],[10.8766,44.9171],[10.874,44.9218],[10.866,44.9236],[10.8654,44.9296],[10.8477,44.9257],[10.8401,44.9319],[10.8192,44.9368],[10.8088,44.9361],[10.7446,44.9489],[10.7428,44.9539],[10.7482,44.9627],[10.7411,44.9809],[10.7316,44.9914],[10.7274,44.992],[10.7122,44.9853],[10.7108,44.9731],[10.6947,44.9619],[10.688,44.9656],[10.696,44.9745],[10.6867,44.9866],[10.6789,44.9764],[10.6647,44.9689],[10.6503,44.9481],[10.6394,44.9394],[10.6279,44.9242],[10.6202,44.9246],[10.5988,44.9147],[10.5698,44.9083],[10.5199,44.9127],[10.5011,44.9238],[10.464,44.9372],[10.4717,44.9454],[10.4969,44.9495],[10.5013,44.9536],[10.5078,44.9724],[10.5234,44.9709],[10.5313,44.9809],[10.554,44.9865],[10.5642,44.9956],[10.5821,44.9976],[10.5969,45.004],[10.571,45.002],[10.5552,45.0069],[10.5415,45.0015],[10.5336,44.992],[10.5124,44.9838],[10.4844,44.9803],[10.4557,44.9824],[10.4586,44.9914],[10.4578,45.0052],[10.4644,45.0147],[10.4766,45.0143],[10.5014,45.0216],[10.5112,45.0183],[10.5139,45.029],[10.5212,45.0376],[10.5199,45.0408],[10.5343,45.0453],[10.5318,45.0516],[10.5396,45.0551],[10.5331,45.0745],[10.5019,45.0749],[10.4974,45.0759],[10.492,45.083],[10.4951,45.068],[10.4938,45.0563],[10.4669,45.0594],[10.4388,45.0448],[10.4163,45.0413],[10.4121,45.0444],[10.4173,45.0919],[10.439,45.091],[10.4667,45.0955],[10.4566,45.1153],[10.4591,45.1199],[10.4665,45.1244],[10.4882,45.1268],[10.4925,45.1324]]]}},{"type":"Feature","properties":{"s":"MO","n":"Modena","r":"Emilia-Romagna","b":[10.4701,44.1147,11.3685,44.9617]},"geometry":{"type":"MultiPolygon","coordinates":[[[[10.8154,44.7416],[10.8162,44.7574],[10.8275,44.7658],[10.8382,44.7828],[10.8398,44.7932],[10.8368,44.7978],[10.815,44.8072],[10.8374,44.8443],[10.8363,44.8484],[10.844,44.8546],[10.8501,44.8665],[10.8729,44.8658],[10.8808,44.8706],[10.881,44.8894],[10.8774,44.8932],[10.8771,44.9019],[10.8879,44.9143],[10.8903,44.9124],[10.9171,44.9241],[10.9414,44.9219],[10.9514,44.9279],[10.9506,44.9333],[10.9672,44.9348],[10.9975,44.9551],[11.0595,44.9489],[11.0721,44.9617],[11.0762,44.9616],[11.118,44.9545],[11.1524,44.9332],[11.1585,44.9381],[11.2021,44.9395],[11.2318,44.9448],[11.2434,44.9479],[11.2462,44.9514],[11.2604,44.9331],[11.2549,44.9245],[11.2381,44.9126],[11.2353,44.9052],[11.2454,44.8983],[11.2503,44.9005],[11.2644,44.8976],[11.3283,44.8749],[11.3429,44.8725],[11.3563,44.8615],[11.3684,44.8424],[11.3664,44.8373],[11.3543,44.8364],[11.3401,44.8308],[11.3234,44.8326],[11.3117,44.8264],[11.3014,44.8099],[11.2933,44.8028],[11.2078,44.8043],[11.1782,44.7962],[11.176,44.7919],[11.1498,44.7862],[11.1349,44.7864],[11.1299,44.7829],[11.1168,44.7097],[11.0781,44.647],[11.1278,44.6314],[11.1183,44.6178],[11.1424,44.605],[11.1478,44.5925],[11.1523,44.5891],[11.1327,44.5759],[11.1275,44.5693],[11.1316,44.5674],[11.1047,44.5395],[11.1141,44.5362],[11.1083,44.5248],[11.0872,44.5301],[11.069,44.5253],[11.0562,44.534],[11.0584,44.5129],[11.0654,44.5003],[11.0634,44.4941],[11.0553,44.4875],[11.051,44.4714],[11.0475,44.467],[11.0263,44.4597],[11.0133,44.4472],[10.9902,44.4405],[10.9967,44.4295],[11.0177,44.4301],[11.0368,44.4266],[11.0482,44.4161],[11.0492,44.4082],[11.0224,44.3735],[11.0235,44.3554],[11.0367,44.3445],[11.0399,44.3325],[11.0263,44.3128],[11.0079,44.2969],[11.0046,44.2972],[11.0022,44.306],[10.9643,44.3013],[10.9499,44.2932],[10.9495,44.2869],[10.9601,44.2791],[10.9674,44.2787],[10.9686,44.2741],[10.9649,44.2547],[10.967,44.2434],[10.957,44.2263],[10.9403,44.2256],[10.9072,44.2054],[10.9011,44.2062],[10.8933,44.213],[10.8897,44.2245],[10.8613,44.2322],[10.8503,44.2278],[10.8552,44.2074],[10.8465,44.1999],[10.8351,44.197],[10.8198,44.1808],[10.8185,44.1674],[10.8078,44.1543],[10.8045,44.1399],[10.8099,44.1326],[10.8148,44.1162],[10.8033,44.1191],[10.7981,44.1263],[10.7733,44.1347],[10.7543,44.1541],[10.6892,44.1572],[10.6616,44.154],[10.644,44.1601],[10.6361,44.1541],[10.6332,44.1462],[10.6226,44.1412],[10.6241,44.1204],[10.6098,44.1186],[10.6051,44.1147],[10.5925,44.1156],[10.5841,44.1195],[10.5814,44.1268],[10.5688,44.1365],[10.5249,44.157],[10.5197,44.1672],[10.5229,44.1748],[10.4869,44.2025],[10.4918,44.2176],[10.4846,44.2228],[10.4701,44.2261],[10.4848,44.2357],[10.487,44.263],[10.5071,44.2713],[10.516,44.2822],[10.5116,44.3026],[10.5253,44.328],[10.5277,44.35],[10.5512,44.3598],[10.5947,44.363],[10.6142,44.3748],[10.624,44.3908],[10.6215,44.4059],[10.6315,44.4208],[10.6507,44.433],[10.6556,44.4395],[10.6535,44.4483],[10.6576,44.4584],[10.6682,44.4678],[10.6872,44.4736],[10.7026,44.488],[10.7297,44.5009],[10.7667,44.5427],[10.7868,44.606],[10.7862,44.6216],[10.7825,44.63],[10.7932,44.6387],[10.7964,44.6525],[10.8153,44.6565],[10.8129,44.6612],[10.8173,44.6918],[10.8062,44.6975],[10.8198,44.7297],[10.8154,44.7416]]]]}},{"type":"Feature","properties":{"s":"MS","n":"Massa-Carrara","r":"Toscana","b":[9.6867,43.9756,10.2556,44.4727]},"geometry":{"type":"Polygon","coordinates":[[[9.8979,44.1636],[9.8924,44.168],[9.9205,44.1888],[9.9224,44.1951],[9.934,44.1966],[9.9145,44.1996],[9.9085,44.2098],[9.8912,44.2078],[9.8914,44.2054],[9.8733,44.1952],[9.865,44.1807],[9.8576,44.1935],[9.8754,44.2239],[9.8635,44.2282],[9.857,44.234],[9.86,44.2395],[9.8602,44.2524],[9.8527,44.2702],[9.8148,44.2862],[9.8064,44.2828],[9.7827,44.2975],[9.7695,44.3022],[9.7531,44.3227],[9.7295,44.3283],[9.7111,44.3636],[9.7063,44.3662],[9.6867,44.3659],[9.7169,44.3832],[9.7321,44.3794],[9.7405,44.3806],[9.7442,44.3823],[9.7448,44.3895],[9.7605,44.39],[9.7553,44.3925],[9.7533,44.3977],[9.7555,44.4049],[9.7728,44.4168],[9.7982,44.4431],[9.8167,44.4521],[9.8158,44.4618],[9.8218,44.4668],[9.9,44.4727],[9.9092,44.468],[9.9331,44.4711],[9.9707,44.4644],[9.9696,44.4582],[9.9729,44.4506],[9.9811,44.4451],[9.9963,44.4469],[10.0047,44.4365],[10.0055,44.4285],[9.9893,44.4043],[10.0022,44.3943],[10.0422,44.3743],[10.0564,44.3718],[10.0983,44.3463],[10.1183,44.3529],[10.1445,44.3533],[10.1599,44.3447],[10.1685,44.3294],[10.1849,44.3215],[10.1877,44.317],[10.2017,44.3124],[10.2069,44.3051],[10.2124,44.3028],[10.2181,44.3047],[10.2263,44.3],[10.237,44.2816],[10.2539,44.2686],[10.2552,44.2556],[10.2471,44.2535],[10.23,44.2279],[10.211,44.216],[10.2046,44.2156],[10.1867,44.2062],[10.1979,44.1706],[10.1947,44.1639],[10.1976,44.1582],[10.183,44.1398],[10.1867,44.1246],[10.1957,44.1198],[10.2145,44.1175],[10.233,44.1075],[10.242,44.0841],[10.2391,44.0716],[10.2286,44.0669],[10.2226,44.0588],[10.2239,44.0516],[10.202,44.035],[10.2064,44.0293],[10.2056,44.0241],[10.1842,44.0116],[10.1823,44.0041],[10.1734,43.9984],[10.1736,43.9874],[10.1668,43.9823],[10.1431,43.9756],[10.0688,44.0254],[10.0353,44.0347],[10.0188,44.0445],[10.029,44.0597],[10.06,44.0794],[10.0704,44.0924],[10.0688,44.0983],[10.0474,44.1151],[10.0215,44.1195],[10.0038,44.1095],[9.9933,44.0927],[9.9867,44.0969],[9.9891,44.1029],[9.9941,44.1058],[9.9951,44.1157],[9.9931,44.1204],[9.983,44.126],[9.9773,44.1401],[9.9804,44.1451],[9.9764,44.1518],[9.9785,44.1613],[9.9733,44.1671],[9.9662,44.1692],[9.9547,44.1649],[9.9218,44.17],[9.8979,44.1636]]]}},{"type":"Feature","properties":{"s":"MT","n":"Matera","r":"Basilicata","b":[15.9414,40.0557,16.8672,40.838]},"geometry":{"type":"MultiPolygon","coordinates":[[[[16.0757,40.5446],[16.1052,40.56],[16.121,40.5836],[16.1148,40.5831],[16.098,40.5964],[16.0819,40.6006],[16.0708,40.6206],[16.0525,40.6289],[16.0482,40.6356],[16.0561,40.6564],[16.0616,40.6609],[16.0742,40.6607],[16.0853,40.6683],[16.1014,40.6731],[16.1283,40.6947],[16.1459,40.6957],[16.1489,40.7032],[16.1474,40.7152],[16.1512,40.7192],[16.1491,40.731],[16.1347,40.742],[16.121,40.7631],[16.1149,40.7676],[16.1213,40.776],[16.1214,40.7961],[16.134,40.8016],[16.1688,40.8057],[16.2032,40.8211],[16.2124,40.8284],[16.2441,40.838],[16.252,40.8333],[16.2747,40.8069],[16.3162,40.7831],[16.3469,40.752],[16.3804,40.7364],[16.4002,40.7074],[16.4138,40.7019],[16.43,40.704],[16.462,40.7239],[16.4817,40.7392],[16.5011,40.7623],[16.5084,40.7534],[16.5227,40.7461],[16.5238,40.7432],[16.5204,40.7401],[16.5235,40.7354],[16.5384,40.7254],[16.544,40.7255],[16.5369,40.7346],[16.5379,40.7421],[16.5313,40.7452],[16.5369,40.7529],[16.5545,40.7577],[16.5683,40.7372],[16.5724,40.7369],[16.578,40.742],[16.5674,40.7524],[16.5683,40.7579],[16.5746,40.7618],[16.5856,40.7626],[16.5944,40.7526],[16.606,40.7555],[16.6331,40.7534],[16.6391,40.7508],[16.6371,40.7482],[16.6403,40.7448],[16.6454,40.7454],[16.6517,40.7409],[16.6494,40.738],[16.6529,40.7363],[16.6615,40.7368],[16.6634,40.7489],[16.6732,40.7385],[16.7249,40.7138],[16.7087,40.7054],[16.7045,40.7112],[16.6965,40.7026],[16.7091,40.693],[16.7272,40.6884],[16.7101,40.6302],[16.7142,40.6143],[16.724,40.6024],[16.7283,40.6014],[16.7118,40.5928],[16.7158,40.5872],[16.7057,40.5544],[16.7065,40.5493],[16.7216,40.5372],[16.7225,40.5335],[16.7167,40.5236],[16.7243,40.5146],[16.7363,40.5108],[16.737,40.5037],[16.7202,40.4798],[16.7437,40.4647],[16.7495,40.4652],[16.7541,40.4701],[16.7567,40.4676],[16.7552,40.464],[16.7583,40.463],[16.7855,40.4629],[16.8028,40.4574],[16.8083,40.4479],[16.8102,40.433],[16.8337,40.4124],[16.8589,40.4038],[16.8672,40.3979],[16.8315,40.3519],[16.782,40.2959],[16.7521,40.2492],[16.7325,40.2028],[16.6854,40.1472],[16.6453,40.1181],[16.6229,40.1314],[16.6097,40.129],[16.5873,40.1335],[16.5765,40.1289],[16.5562,40.1285],[16.53,40.1181],[16.5177,40.1287],[16.5031,40.1299],[16.4945,40.1247],[16.4703,40.1341],[16.4525,40.1346],[16.4396,40.1302],[16.4313,40.1325],[16.4211,40.1439],[16.4199,40.1285],[16.4097,40.12],[16.4153,40.104],[16.4121,40.0921],[16.4142,40.0807],[16.4064,40.0729],[16.3986,40.0557],[16.3838,40.0627],[16.3804,40.0737],[16.3831,40.0813],[16.3625,40.0727],[16.3739,40.092],[16.3663,40.0944],[16.361,40.0881],[16.3553,40.0909],[16.3756,40.109],[16.3536,40.117],[16.3594,40.1192],[16.3505,40.1233],[16.3618,40.1383],[16.3691,40.1402],[16.3835,40.1516],[16.3965,40.1538],[16.3933,40.1623],[16.3973,40.167],[16.3703,40.1837],[16.3594,40.1862],[16.3491,40.2047],[16.349,40.2155],[16.3587,40.2245],[16.3621,40.2437],[16.3698,40.2498],[16.3677,40.2624],[16.3727,40.2706],[16.3714,40.2779],[16.364,40.2879],[16.3748,40.2964],[16.3756,40.3104],[16.3522,40.3098],[16.3334,40.3045],[16.3189,40.2797],[16.3055,40.272],[16.2822,40.269],[16.2575,40.2742],[16.2417,40.2665],[16.1955,40.2654],[16.188,40.2901],[16.1728,40.2997],[16.1707,40.3092],[16.1631,40.3115],[16.171,40.3181],[16.1884,40.3169],[16.1891,40.3205],[16.1832,40.3277],[16.1753,40.3308],[16.1749,40.3384],[16.1634,40.3385],[16.166,40.3475],[16.1555,40.3635],[16.1539,40.3745],[16.1186,40.3979],[16.1131,40.3989],[16.1131,40.4031],[16.1059,40.4106],[16.1051,40.42],[16.1095,40.4263],[16.1147,40.4295],[16.1279,40.4303],[16.1341,40.4448],[16.1415,40.4525],[16.1163,40.4591],[16.0968,40.4824],[16.0961,40.4857],[16.1114,40.4923],[16.1163,40.5007],[16.0757,40.5446]]],[[[16.6338,40.7548],[16.6362,40.758],[16.6465,40.7542],[16.6423,40.7516],[16.6338,40.7548]]],[[[15.9812,40.6488],[15.9807,40.6225],[15.984,40.6058],[15.976,40.6048],[15.9548,40.6108],[15.9517,40.615],[15.9516,40.6268],[15.9414,40.6379],[15.9536,40.6484],[15.9733,40.6459],[15.9812,40.6488]]]]}},{"type":"Feature","properties":{"s":"NA","n":"Napoli","r":"Campania","b":[13.8525,40.5361,14.6697,41.0198]},"geometry":{"type":"MultiPolygon","coordinates":[[[[14.3557,41.0018],[14.4117,40.9998],[14.4146,40.9955],[14.4048,40.9861],[14.4196,40.9813],[14.4262,40.9809],[14.4333,40.9848],[14.4771,40.9815],[14.4834,40.9924],[14.4961,40.994],[14.5224,40.9892],[14.5332,40.996],[14.5312,41.0133],[14.5348,41.0177],[14.5406,41.0198],[14.5631,41.0167],[14.5719,41.0095],[14.5738,41.0019],[14.5811,40.9933],[14.5767,40.963],[14.5816,40.9586],[14.5853,40.934],[14.6146,40.9284],[14.6207,40.9117],[14.6391,40.9145],[14.6575,40.9125],[14.6645,40.9152],[14.6697,40.9049],[14.6511,40.9039],[14.6459,40.9087],[14.6362,40.9108],[14.6268,40.9104],[14.6267,40.907],[14.6189,40.9119],[14.6103,40.9093],[14.5965,40.9106],[14.5971,40.9143],[14.5743,40.9091],[14.5762,40.9032],[14.5727,40.8962],[14.5595,40.888],[14.5871,40.8726],[14.6055,40.8476],[14.5711,40.8472],[14.5646,40.8352],[14.5887,40.8202],[14.5892,40.8073],[14.5742,40.8003],[14.5759,40.7869],[14.5527,40.7927],[14.5449,40.7781],[14.5221,40.7778],[14.507,40.773],[14.514,40.7462],[14.5062,40.7427],[14.5066,40.7392],[14.5261,40.7347],[14.5431,40.7401],[14.5539,40.7295],[14.5604,40.7316],[14.5754,40.7104],[14.5799,40.7096],[14.577,40.7014],[14.5906,40.694],[14.5903,40.6903],[14.5805,40.6856],[14.5723,40.6701],[14.5552,40.6679],[14.563,40.6555],[14.5725,40.6484],[14.5716,40.64],[14.5804,40.6368],[14.5774,40.6279],[14.5701,40.6235],[14.5565,40.6285],[14.5445,40.6214],[14.5376,40.6242],[14.5179,40.6219],[14.513,40.6279],[14.5106,40.6454],[14.5019,40.6482],[14.4821,40.6475],[14.4811,40.6404],[14.4646,40.6327],[14.4623,40.626],[14.4684,40.6197],[14.4529,40.6192],[14.4189,40.6103],[14.4069,40.5993],[14.3473,40.5795],[14.3457,40.5719],[14.3376,40.57],[14.341,40.5761],[14.3376,40.5768],[14.3245,40.569],[14.3234,40.5902],[14.328,40.5954],[14.3299,40.6073],[14.3362,40.6101],[14.3415,40.6183],[14.3387,40.6258],[14.3468,40.627],[14.3492,40.6322],[14.3537,40.6333],[14.3651,40.6277],[14.3778,40.629],[14.3997,40.638],[14.4056,40.6436],[14.408,40.6516],[14.4036,40.6563],[14.4307,40.6662],[14.4386,40.6814],[14.4484,40.6875],[14.4636,40.6925],[14.4734,40.6915],[14.4783,40.6953],[14.482,40.7032],[14.4728,40.7218],[14.4732,40.7155],[14.4705,40.7288],[14.4611,40.7425],[14.4486,40.7529],[14.4182,40.752],[14.4003,40.7576],[14.357,40.7915],[14.3518,40.7926],[14.3352,40.8063],[14.3321,40.8137],[14.3159,40.8254],[14.2698,40.8433],[14.2601,40.8419],[14.2559,40.838],[14.2611,40.8342],[14.2524,40.8347],[14.2471,40.8289],[14.2336,40.8319],[14.2232,40.8292],[14.2078,40.8125],[14.2073,40.8024],[14.1903,40.7939],[14.175,40.7989],[14.1614,40.7928],[14.1598,40.7976],[14.1681,40.7972],[14.1733,40.8024],[14.1622,40.8153],[14.1246,40.8203],[14.1177,40.8224],[14.1197,40.8241],[14.1165,40.828],[14.1053,40.8314],[14.0858,40.8297],[14.0775,40.8255],[14.0721,40.8178],[14.082,40.8118],[14.0819,40.8014],[14.0876,40.7942],[14.078,40.7902],[14.0886,40.7872],[14.0891,40.7779],[14.0838,40.7851],[14.078,40.7873],[14.0479,40.7895],[14.041,40.7942],[14.0392,40.7921],[14.0462,40.8154],[14.047,40.8494],[14.0319,40.8988],[14.0354,40.9003],[14.0271,40.9171],[14.0288,40.9249],[14.0184,40.9431],[14.0199,40.9492],[14.037,40.9496],[14.0456,40.9537],[14.043,40.9577],[14.0474,40.9592],[14.093,40.9602],[14.0988,40.9623],[14.1122,40.979],[14.1403,40.9791],[14.1469,40.9594],[14.1297,40.9499],[14.1383,40.9447],[14.1444,40.9436],[14.1565,40.9511],[14.1666,40.9526],[14.1683,40.9455],[14.1731,40.9496],[14.1722,40.954],[14.1972,40.9539],[14.2143,40.9493],[14.2252,40.9509],[14.2319,40.9535],[14.2328,40.9588],[14.2522,40.9461],[14.2641,40.9519],[14.2584,40.9582],[14.2635,40.9616],[14.2845,40.9603],[14.293,40.9697],[14.2913,40.9935],[14.2976,41.0047],[14.3266,41.0001],[14.3557,41.0018]]],[[[14.2311,40.5417],[14.197,40.5361],[14.1982,40.5594],[14.2131,40.562],[14.2417,40.5558],[14.253,40.557],[14.2602,40.5615],[14.2664,40.5566],[14.2534,40.5432],[14.2444,40.5467],[14.2342,40.5451],[14.2311,40.5417]]],[[[13.9542,40.7073],[13.9541,40.7007],[13.9403,40.7067],[13.9237,40.6976],[13.9052,40.7015],[13.8986,40.7011],[13.8942,40.6964],[13.8872,40.7003],[13.8728,40.6981],[13.8525,40.7099],[13.8613,40.7177],[13.8547,40.7374],[13.8633,40.7408],[13.8685,40.7515],[13.8619,40.7574],[13.8707,40.7611],[13.877,40.757],[13.8841,40.7592],[13.892,40.7526],[13.9084,40.749],[13.9239,40.7508],[13.9302,40.7463],[13.9409,40.7468],[13.9551,40.7405],[13.9652,40.7171],[13.9631,40.7106],[13.9584,40.711],[13.9542,40.7073]]],[[[14.019,40.7675],[14.0335,40.7663],[14.0363,40.7621],[14.0324,40.7583],[14.0313,40.7616],[14.0227,40.7589],[14.0195,40.7512],[14.0131,40.7486],[14.0176,40.7394],[14.0102,40.7421],[14.0072,40.7484],[13.9968,40.7433],[13.9977,40.7401],[13.9902,40.7431],[13.9947,40.7492],[14.0022,40.7478],[14.0095,40.7592],[14.0098,40.7688],[14.0163,40.7704],[14.019,40.7675]]]]}},{"type":"Feature","properties":{"s":"NO","n":"Novara","r":"Piemonte","b":[8.3106,45.2919,8.8429,45.8766]},"geometry":{"type":"Polygon","coordinates":[[[8.4208,45.8298],[8.4212,45.8364],[8.4492,45.8558],[8.4574,45.8766],[8.4732,45.8638],[8.4752,45.8562],[8.4982,45.8473],[8.495,45.8346],[8.498,45.8331],[8.5199,45.836],[8.5286,45.8402],[8.5411,45.8385],[8.5451,45.8472],[8.5512,45.8516],[8.5603,45.8518],[8.5634,45.8457],[8.5618,45.8376],[8.5938,45.8282],[8.5816,45.8137],[8.5635,45.8072],[8.5556,45.8],[8.5523,45.7881],[8.5557,45.775],[8.5829,45.7487],[8.5946,45.7298],[8.6021,45.7263],[8.6429,45.7232],[8.6534,45.714],[8.6544,45.7079],[8.6404,45.6847],[8.6408,45.6768],[8.6574,45.6745],[8.6812,45.6764],[8.682,45.6694],[8.6724,45.6663],[8.6698,45.6614],[8.6847,45.6469],[8.6882,45.637],[8.6786,45.6336],[8.6657,45.6429],[8.6604,45.6419],[8.6589,45.6377],[8.6659,45.6303],[8.6631,45.622],[8.6821,45.6203],[8.6939,45.6096],[8.6888,45.6082],[8.6919,45.6041],[8.6993,45.6017],[8.7001,45.604],[8.7031,45.6001],[8.7044,45.5883],[8.6933,45.5778],[8.7055,45.5692],[8.7078,45.5475],[8.7194,45.5311],[8.7144,45.5279],[8.7131,45.5201],[8.7279,45.5024],[8.7385,45.4985],[8.7603,45.4969],[8.7735,45.4847],[8.7875,45.4862],[8.7912,45.4702],[8.7884,45.4625],[8.8078,45.4477],[8.8081,45.4333],[8.8258,45.4339],[8.8245,45.4195],[8.8422,45.3989],[8.8429,45.3938],[8.8112,45.3891],[8.8119,45.3833],[8.8015,45.3792],[8.7934,45.379],[8.765,45.3876],[8.7624,45.3821],[8.764,45.3773],[8.7609,45.3765],[8.7281,45.3754],[8.7191,45.3781],[8.7211,45.3704],[8.7464,45.3552],[8.7607,45.3557],[8.7583,45.3546],[8.7604,45.3519],[8.7556,45.3445],[8.7429,45.3369],[8.7421,45.3321],[8.7248,45.3357],[8.7264,45.3323],[8.7161,45.3029],[8.6906,45.2925],[8.6649,45.2928],[8.6589,45.3037],[8.6593,45.3147],[8.6557,45.3257],[8.6317,45.3384],[8.6323,45.3464],[8.6288,45.3498],[8.6135,45.3545],[8.5991,45.3486],[8.5869,45.3519],[8.5779,45.3478],[8.5572,45.3533],[8.5531,45.3615],[8.542,45.3478],[8.5264,45.3422],[8.5379,45.3172],[8.534,45.3185],[8.5198,45.3118],[8.5147,45.3117],[8.5128,45.3165],[8.5069,45.3194],[8.4929,45.3121],[8.4831,45.3207],[8.4761,45.322],[8.4749,45.3198],[8.4629,45.3272],[8.4673,45.3391],[8.4717,45.3423],[8.4995,45.3478],[8.4961,45.3742],[8.4853,45.3757],[8.4869,45.3804],[8.4714,45.3792],[8.4703,45.3842],[8.4589,45.3819],[8.4553,45.3782],[8.4555,45.3825],[8.441,45.397],[8.4333,45.4121],[8.4107,45.4047],[8.4084,45.3972],[8.4006,45.3962],[8.4061,45.4191],[8.405,45.4424],[8.4084,45.4482],[8.4024,45.4595],[8.4024,45.4699],[8.4117,45.4714],[8.4129,45.4778],[8.4007,45.4915],[8.4032,45.5312],[8.3978,45.5408],[8.4,45.541],[8.3993,45.5609],[8.3913,45.5764],[8.3937,45.5833],[8.3908,45.6166],[8.3714,45.6358],[8.3548,45.6378],[8.3529,45.6426],[8.347,45.6451],[8.3551,45.6511],[8.3373,45.6641],[8.3329,45.6741],[8.3106,45.6972],[8.3202,45.7038],[8.3647,45.7074],[8.3692,45.7063],[8.3741,45.6985],[8.3888,45.699],[8.392,45.7035],[8.3813,45.7107],[8.3869,45.7204],[8.3829,45.7209],[8.3796,45.7266],[8.3779,45.7386],[8.3692,45.7383],[8.3717,45.7445],[8.3534,45.7577],[8.3572,45.7676],[8.3499,45.7724],[8.3606,45.7768],[8.3679,45.7839],[8.3748,45.7842],[8.377,45.7971],[8.3732,45.8021],[8.3821,45.8126],[8.3754,45.8285],[8.3774,45.8385],[8.3928,45.8395],[8.3993,45.8543],[8.4055,45.8475],[8.4099,45.8305],[8.4208,45.8298]]]}},{"type":"Feature","properties":{"s":"NU","n":"Nuoro","r":"Sardegna","b":[8.6114,39.5492,9.8284,40.7061]},"geometry":{"type":"MultiPolygon","coordinates":[[[[9.2784,39.9457],[9.2887,39.9269],[9.279,39.9206],[9.282,39.9173],[9.2738,39.904],[9.2755,39.891],[9.2831,39.8764],[9.2764,39.8551],[9.2729,39.8508],[9.2619,39.85],[9.2504,39.8445],[9.2266,39.8414],[9.2092,39.8225],[9.1656,39.8326],[9.1722,39.8504],[9.1598,39.8562],[9.1288,39.8885],[9.1216,39.8886],[9.1092,39.8821],[9.1073,39.8759],[9.1096,39.8713],[9.1054,39.8687],[9.0882,39.8846],[9.0462,39.9044],[9.0377,39.9124],[8.997,39.9177],[8.9881,39.9148],[8.9855,39.9193],[8.9925,39.9389],[8.9889,39.944],[8.9966,39.9485],[8.9944,39.9566],[9.0172,39.9824],[9.007,39.9922],[8.9891,39.9875],[8.9562,39.9932],[8.9456,40.0132],[8.9476,40.0239],[8.972,40.0474],[8.9882,40.0572],[9.0053,40.055],[9.0135,40.0457],[9.0266,40.0377],[9.044,40.0584],[9.0363,40.0643],[9.0353,40.0958],[9.0171,40.1199],[9.0168,40.1263],[9.0024,40.1344],[9.0114,40.1382],[9.0186,40.1463],[9.0166,40.1645],[8.9981,40.1798],[8.9995,40.1834],[9.0173,40.1938],[9.0135,40.1979],[8.9905,40.2091],[8.9916,40.2143],[8.9825,40.2183],[8.9572,40.2121],[8.9102,40.2081],[8.8569,40.2107],[8.782,40.1898],[8.7653,40.1967],[8.7412,40.1806],[8.7453,40.1934],[8.7431,40.2008],[8.7181,40.2054],[8.7096,40.2142],[8.6899,40.2104],[8.682,40.2031],[8.6727,40.2044],[8.6676,40.2287],[8.6677,40.2497],[8.6266,40.2642],[8.6255,40.2689],[8.6164,40.2732],[8.623,40.2833],[8.6175,40.2854],[8.614,40.2911],[8.6178,40.3029],[8.6114,40.3086],[8.6152,40.3174],[8.6202,40.319],[8.6362,40.311],[8.6404,40.3049],[8.6397,40.2996],[8.6439,40.297],[8.6502,40.2999],[8.6587,40.3104],[8.6767,40.3127],[8.6918,40.3308],[8.7069,40.3326],[8.7106,40.3415],[8.7278,40.3433],[8.7373,40.3533],[8.7476,40.3548],[8.7551,40.3493],[8.7632,40.3527],[8.7822,40.3498],[8.7875,40.3576],[8.8134,40.3655],[8.8159,40.4023],[8.8193,40.4085],[8.8274,40.4127],[8.846,40.407],[8.8537,40.4077],[8.8567,40.4026],[8.8556,40.3925],[8.8649,40.3897],[8.8743,40.3919],[8.898,40.4058],[8.9005,40.4012],[8.8971,40.3944],[8.9008,40.3885],[8.9118,40.3814],[8.9484,40.3685],[8.9667,40.3478],[8.9813,40.3376],[8.9869,40.3272],[9.028,40.2966],[9.0388,40.3091],[9.0423,40.3266],[9.0615,40.3368],[9.077,40.3386],[9.1154,40.3565],[9.1694,40.3723],[9.1832,40.3713],[9.1871,40.3886],[9.2068,40.4048],[9.2254,40.4106],[9.2272,40.4281],[9.2481,40.4561],[9.2476,40.4619],[9.2512,40.4664],[9.2716,40.4694],[9.2845,40.4766],[9.2777,40.4982],[9.2788,40.5108],[9.264,40.5116],[9.2466,40.5047],[9.2229,40.5026],[9.1821,40.5087],[9.1909,40.5215],[9.1887,40.5366],[9.2158,40.54],[9.241,40.5382],[9.2864,40.5259],[9.2975,40.5372],[9.313,40.5468],[9.335,40.5521],[9.3502,40.5643],[9.3722,40.5714],[9.3753,40.5816],[9.3935,40.5921],[9.3893,40.6021],[9.3791,40.6108],[9.3787,40.6153],[9.395,40.6183],[9.3974,40.6237],[9.4115,40.6332],[9.4166,40.6396],[9.4175,40.6541],[9.4206,40.6586],[9.4361,40.6582],[9.4472,40.6539],[9.4643,40.6536],[9.465,40.6558],[9.4874,40.645],[9.5058,40.6532],[9.5128,40.6488],[9.5624,40.6791],[9.5831,40.7061],[9.6032,40.6969],[9.6237,40.6991],[9.6531,40.6911],[9.6748,40.6649],[9.6918,40.6791],[9.7002,40.6798],[9.7324,40.6721],[9.7399,40.6619],[9.7492,40.658],[9.7436,40.6479],[9.7422,40.6313],[9.7441,40.624],[9.7526,40.6159],[9.7507,40.6046],[9.7546,40.5964],[9.7689,40.5834],[9.7816,40.5805],[9.7908,40.5698],[9.7944,40.5548],[9.7921,40.5497],[9.7958,40.5447],[9.8284,40.5284],[9.8254,40.5098],[9.8168,40.4878],[9.7926,40.4431],[9.7821,40.437],[9.774,40.4268],[9.7729,40.411],[9.7644,40.3909],[9.7543,40.3812],[9.7427,40.3814],[9.7303,40.3753],[9.6883,40.3426],[9.6364,40.2828],[9.6239,40.2523],[9.6234,40.2401],[9.6274,40.2247],[9.5952,40.214],[9.5765,40.1951],[9.5765,40.1913],[9.5536,40.1991],[9.5259,40.2187],[9.5199,40.2133],[9.5156,40.1899],[9.4917,40.1813],[9.4778,40.1644],[9.476,40.1486],[9.4545,40.142],[9.4443,40.1266],[9.4402,40.1116],[9.4329,40.1043],[9.4082,40.0946],[9.3915,40.0925],[9.3847,40.0875],[9.3828,40.0799],[9.371,40.0736],[9.3369,40.0724],[9.326,40.0586],[9.3189,40.0393],[9.2983,40.0365],[9.2936,40.0312],[9.3009,40.0178],[9.319,40.0082],[9.3192,39.9991],[9.3229,39.9954],[9.3139,39.9898],[9.2919,39.9835],[9.2883,39.9648],[9.2784,39.9457]]]]}},{"type":"Feature","properties":{"s":"NU","n":"Ogliastra","r":"Sardegna","b":[8.6114,39.5492,9.8284,40.7061]},"geometry":{"type":"MultiPolygon","coordinates":[[[[9.6514,39.5492],[9.6037,39.571],[9.5939,39.5738],[9.5544,39.5736],[9.5456,39.5796],[9.5464,39.5829],[9.5238,39.5894],[9.5261,39.6027],[9.514,39.6054],[9.5102,39.6097],[9.5083,39.6281],[9.5032,39.6206],[9.4863,39.6169],[9.4705,39.6348],[9.4576,39.6414],[9.4409,39.6413],[9.4301,39.6255],[9.4167,39.6172],[9.4182,39.628],[9.4055,39.6403],[9.3981,39.6534],[9.3974,39.6679],[9.4017,39.6738],[9.4018,39.6862],[9.3825,39.6955],[9.3628,39.6883],[9.3534,39.6882],[9.3491,39.7022],[9.3862,39.7148],[9.3862,39.7251],[9.3975,39.7363],[9.3598,39.7541],[9.3537,39.7753],[9.3395,39.7866],[9.3069,39.8004],[9.298,39.808],[9.2854,39.8037],[9.2924,39.8135],[9.2922,39.8281],[9.2729,39.8508],[9.2831,39.8764],[9.2755,39.891],[9.2738,39.904],[9.282,39.9173],[9.279,39.9206],[9.2887,39.9269],[9.2784,39.9457],[9.2883,39.9648],[9.2919,39.9835],[9.3139,39.9898],[9.3229,39.9954],[9.3192,39.9991],[9.319,40.0082],[9.3009,40.0178],[9.2941,40.032],[9.2983,40.0365],[9.3189,40.0393],[9.326,40.0586],[9.3369,40.0724],[9.371,40.0736],[9.3828,40.0799],[9.3847,40.0875],[9.3915,40.0925],[9.4082,40.0946],[9.4329,40.1043],[9.4402,40.1116],[9.4443,40.1266],[9.4545,40.142],[9.476,40.1486],[9.4778,40.1644],[9.4917,40.1813],[9.5156,40.1899],[9.5199,40.2133],[9.5259,40.2187],[9.5536,40.1991],[9.5765,40.1913],[9.5765,40.1951],[9.5952,40.214],[9.6284,40.2249],[9.6261,40.2072],[9.6307,40.1872],[9.6347,40.1791],[9.6464,40.1683],[9.6566,40.1423],[9.678,40.1225],[9.6861,40.1107],[9.7282,40.0911],[9.733,40.0871],[9.7356,40.0788],[9.7215,40.052],[9.7061,40.0343],[9.6992,40.0022],[9.6871,39.984],[9.6851,39.9595],[9.6872,39.9479],[9.6997,39.9359],[9.7057,39.9367],[9.706,39.9416],[9.7114,39.9393],[9.7159,39.9298],[9.713,39.9219],[9.6963,39.9207],[9.6914,39.9173],[9.6821,39.9005],[9.6826,39.87],[9.6967,39.8534],[9.6841,39.8398],[9.6701,39.7857],[9.6692,39.7688],[9.6746,39.7511],[9.6765,39.7109],[9.66,39.6974],[9.663,39.6843],[9.6614,39.6782],[9.657,39.6671],[9.651,39.6636],[9.6472,39.6517],[9.6573,39.5942],[9.6576,39.5802],[9.6514,39.5492]]]]}},{"type":"Feature","properties":{"s":"OR","n":"Oristano","r":"Sardegna","b":[8.275,39.6271,9.1722,40.4262]},"geometry":{"type":"MultiPolygon","coordinates":[[[[8.782,40.1898],[8.8546,40.2105],[8.9102,40.2081],[8.9572,40.2121],[8.9821,40.2183],[8.9916,40.2143],[8.9905,40.2091],[9.0125,40.1988],[9.0173,40.1938],[8.9995,40.1834],[8.9981,40.1798],[9.0166,40.1645],[9.0186,40.1463],[9.0114,40.1382],[9.0024,40.1344],[9.0168,40.1263],[9.0171,40.1199],[9.0353,40.0958],[9.0363,40.0643],[9.044,40.0584],[9.0266,40.0377],[9.0135,40.0457],[9.0053,40.055],[8.9882,40.0572],[8.972,40.0474],[8.9476,40.0239],[8.9456,40.0132],[8.9562,39.9932],[8.9891,39.9875],[9.007,39.9922],[9.0172,39.9824],[8.9944,39.9566],[8.9966,39.9485],[8.9889,39.944],[8.9925,39.9389],[8.9863,39.9167],[9.0377,39.9124],[9.0462,39.9044],[9.0882,39.8846],[9.1054,39.8687],[9.1096,39.8713],[9.1073,39.8759],[9.1092,39.8821],[9.1216,39.8886],[9.1288,39.8885],[9.1598,39.8562],[9.1722,39.8504],[9.1656,39.8326],[9.1478,39.8446],[9.1275,39.8395],[9.1135,39.8497],[9.1065,39.8472],[9.1004,39.8311],[9.0832,39.8262],[9.0759,39.8169],[9.0616,39.8105],[9.0543,39.801],[9.0418,39.803],[9.0294,39.8108],[9.0313,39.8153],[9.0097,39.8278],[8.9866,39.8257],[8.9746,39.8026],[8.9531,39.7786],[8.9406,39.7849],[8.9362,39.7912],[8.9036,39.7957],[8.8895,39.7946],[8.8864,39.7924],[8.8866,39.7875],[8.893,39.773],[8.904,39.7721],[8.9243,39.7584],[8.9017,39.733],[8.9129,39.7237],[8.9115,39.7206],[8.8798,39.7006],[8.8785,39.6942],[8.865,39.6826],[8.8615,39.668],[8.8429,39.6641],[8.8355,39.6659],[8.7841,39.6539],[8.7709,39.6392],[8.7499,39.6329],[8.7431,39.6271],[8.7298,39.6389],[8.7046,39.6387],[8.6965,39.6454],[8.6713,39.6312],[8.6603,39.642],[8.6278,39.6551],[8.6238,39.6667],[8.608,39.6899],[8.5902,39.6916],[8.5791,39.6875],[8.5667,39.6872],[8.5493,39.6961],[8.5213,39.6929],[8.5126,39.7043],[8.5014,39.7107],[8.5076,39.7219],[8.506,39.7303],[8.5211,39.746],[8.5119,39.7531],[8.5324,39.7718],[8.5454,39.7952],[8.5555,39.8486],[8.5527,39.8609],[8.5458,39.8603],[8.5561,39.8623],[8.5655,39.8601],[8.5695,39.8637],[8.5442,39.866],[8.5398,39.8692],[8.5445,39.8749],[8.5395,39.8884],[8.5297,39.8989],[8.5057,39.9079],[8.4911,39.9054],[8.4897,39.9021],[8.4941,39.9086],[8.4919,39.9096],[8.4823,39.9042],[8.4665,39.9036],[8.4691,39.9015],[8.4419,39.88],[8.4393,39.864],[8.4355,39.858],[8.4318,39.8622],[8.4383,39.8676],[8.4386,39.8753],[8.4321,39.887],[8.4118,39.9],[8.402,39.8986],[8.3988,39.9037],[8.4014,39.957],[8.3976,39.9703],[8.3934,39.9729],[8.3939,39.9799],[8.4105,39.999],[8.4105,40.0092],[8.4141,40.017],[8.4019,40.0325],[8.3809,40.0296],[8.3772,40.0357],[8.384,40.0421],[8.3966,40.044],[8.3991,40.0513],[8.4026,40.0518],[8.407,40.0435],[8.4124,40.0412],[8.4263,40.0446],[8.4379,40.0523],[8.4436,40.0477],[8.4537,40.0508],[8.4885,40.0791],[8.4928,40.0866],[8.4878,40.094],[8.4891,40.1007],[8.4849,40.1178],[8.4715,40.131],[8.4583,40.1541],[8.4614,40.1723],[8.4562,40.177],[8.4674,40.2],[8.4621,40.214],[8.4791,40.2679],[8.4833,40.272],[8.4831,40.2835],[8.4714,40.2909],[8.4669,40.2978],[8.4637,40.3154],[8.4539,40.32],[8.4422,40.319],[8.4328,40.3331],[8.3951,40.3399],[8.3895,40.3374],[8.3826,40.339],[8.3839,40.3503],[8.3793,40.36],[8.3894,40.3711],[8.3998,40.4076],[8.4112,40.3979],[8.4225,40.3937],[8.4348,40.3978],[8.4436,40.3956],[8.4536,40.4001],[8.4589,40.4072],[8.4828,40.4106],[8.488,40.4207],[8.4944,40.4256],[8.5141,40.4217],[8.5242,40.4087],[8.5256,40.4018],[8.5381,40.4024],[8.5505,40.3962],[8.554,40.3904],[8.5489,40.386],[8.5622,40.3814],[8.5651,40.3707],[8.5758,40.3576],[8.5865,40.354],[8.5918,40.3342],[8.6193,40.3227],[8.6202,40.319],[8.6152,40.3174],[8.6114,40.3086],[8.6178,40.3029],[8.614,40.2911],[8.6175,40.2854],[8.623,40.2833],[8.6164,40.2732],[8.6255,40.2689],[8.6266,40.2642],[8.6677,40.2497],[8.6676,40.2287],[8.6727,40.2044],[8.682,40.2031],[8.6899,40.2104],[8.7091,40.2143],[8.7181,40.2054],[8.7431,40.2008],[8.7453,40.1934],[8.7412,40.1806],[8.7653,40.1967],[8.782,40.1898]]],[[[8.3118,39.9967],[8.3121,39.9902],[8.2998,39.985],[8.3003,39.9921],[8.3118,39.9967]]]]}},{"type":"Feature","properties":{"s":"PA","n":"Palermo","r":"Sicilia","b":[12.9311,37.5393,14.295,38.7207]},"geometry":{"type":"MultiPolygon","coordinates":[[[[14.154,37.6278],[14.1464,37.6202],[14.135,37.6167],[14.1319,37.6116],[14.1241,37.6117],[14.1203,37.6291],[14.1147,37.631],[14.1094,37.6266],[14.1032,37.6264],[14.0929,37.6346],[14.0868,37.6349],[14.0781,37.6442],[14.0568,37.648],[14.0434,37.6446],[14.036,37.6368],[14.0254,37.6316],[14.0202,37.6201],[14.0276,37.6023],[14.0216,37.5995],[13.9919,37.5956],[13.9599,37.5857],[13.9233,37.5965],[13.9304,37.6069],[13.8993,37.6181],[13.8984,37.6224],[13.9047,37.6285],[13.8992,37.6476],[13.9045,37.6575],[13.8934,37.6592],[13.8868,37.6698],[13.8819,37.6717],[13.8771,37.6818],[13.8351,37.6952],[13.82,37.7033],[13.816,37.7082],[13.8192,37.7149],[13.8185,37.7269],[13.8081,37.7451],[13.7763,37.7211],[13.7756,37.7011],[13.7663,37.6995],[13.7437,37.7066],[13.7422,37.6927],[13.7325,37.6829],[13.7105,37.6871],[13.6955,37.6949],[13.6788,37.6922],[13.6721,37.6888],[13.6742,37.6821],[13.6693,37.6698],[13.6512,37.6584],[13.6015,37.6559],[13.5876,37.6505],[13.579,37.6403],[13.5691,37.6359],[13.525,37.6386],[13.5113,37.6466],[13.5079,37.6588],[13.4637,37.6466],[13.4603,37.6571],[13.4536,37.6605],[13.4469,37.6589],[13.4263,37.6432],[13.4091,37.6587],[13.3958,37.6595],[13.3834,37.6514],[13.3881,37.6339],[13.4009,37.6178],[13.3919,37.6167],[13.3871,37.6124],[13.3812,37.5995],[13.3827,37.5903],[13.3922,37.5728],[13.404,37.5706],[13.4005,37.5585],[13.3673,37.5463],[13.3564,37.5393],[13.3445,37.5465],[13.3397,37.554],[13.338,37.5595],[13.3427,37.5739],[13.3406,37.577],[13.3207,37.5881],[13.3315,37.5993],[13.3339,37.6087],[13.3279,37.6209],[13.3199,37.6257],[13.3477,37.6446],[13.3507,37.6487],[13.3484,37.6563],[13.3278,37.6624],[13.3216,37.6498],[13.3024,37.6399],[13.292,37.6406],[13.2771,37.647],[13.2655,37.6372],[13.2523,37.6118],[13.246,37.6212],[13.226,37.6305],[13.212,37.6414],[13.2091,37.6465],[13.2139,37.674],[13.193,37.6833],[13.1878,37.6916],[13.1483,37.6873],[13.1236,37.7015],[13.1002,37.694],[13.0828,37.6937],[13.0794,37.6902],[13.0467,37.712],[13.034,37.7337],[13.0266,37.7395],[13.0121,37.7426],[13.0143,37.7485],[13.0203,37.7512],[13.0425,37.7545],[13.0516,37.7647],[13.0623,37.757],[13.0814,37.7672],[13.1001,37.771],[13.0906,37.781],[13.0823,37.7819],[13.075,37.7886],[13.081,37.8031],[13.0939,37.8081],[13.0982,37.8144],[13.0915,37.8174],[13.0849,37.8149],[13.0796,37.8186],[13.0557,37.8107],[13.0513,37.8146],[13.0215,37.8193],[12.9707,37.8238],[12.9635,37.8359],[12.9453,37.8396],[12.9429,37.8449],[12.9473,37.8538],[12.9586,37.8648],[12.9523,37.8686],[12.948,37.8816],[12.9311,37.8853],[12.9366,37.8922],[12.9344,37.8977],[12.9411,37.9059],[12.9554,37.8974],[12.9592,37.9006],[12.9857,37.9007],[12.9928,37.8974],[12.9976,37.9009],[12.9951,37.9117],[13.0004,37.9059],[13.0162,37.9011],[13.0469,37.9174],[13.0405,37.923],[13.0458,37.9385],[13.0421,37.9478],[13.0445,37.9552],[13.0536,37.9586],[13.0464,37.9613],[13.0371,37.9705],[13.0272,37.9664],[13.0268,37.9775],[13.0038,37.9919],[13.0047,38.0029],[13.0014,38.0098],[12.985,38.0196],[12.9835,38.0358],[12.9771,38.0403],[13.0289,38.0629],[13.0387,38.0718],[13.0529,38.0726],[13.0778,38.0877],[13.0683,38.1197],[13.053,38.1371],[13.0659,38.1433],[13.0723,38.1417],[13.0703,38.1484],[13.0848,38.1614],[13.0788,38.1738],[13.1053,38.1905],[13.1189,38.1916],[13.138,38.1838],[13.1602,38.1857],[13.164,38.1707],[13.1937,38.1698],[13.2208,38.1775],[13.238,38.1866],[13.244,38.1932],[13.2418,38.2003],[13.2723,38.1988],[13.3012,38.2203],[13.3176,38.2244],[13.3277,38.2117],[13.3256,38.2056],[13.3289,38.1998],[13.3466,38.1912],[13.3559,38.1914],[13.3657,38.1823],[13.367,38.1696],[13.3762,38.1522],[13.3697,38.1442],[13.3749,38.1285],[13.3689,38.1355],[13.3627,38.134],[13.3627,38.1298],[13.3836,38.109],[13.4053,38.0999],[13.4427,38.0948],[13.4722,38.0979],[13.5044,38.1077],[13.5074,38.1194],[13.5295,38.111],[13.5379,38.1126],[13.539,38.109],[13.5338,38.1021],[13.5406,38.094],[13.538,38.0841],[13.5422,38.0778],[13.5362,38.0686],[13.5413,38.0575],[13.5652,38.0399],[13.6038,38.0238],[13.6183,38.0124],[13.6351,38.0082],[13.6511,37.9985],[13.6642,37.9943],[13.7065,37.9918],[13.7235,37.9855],[13.7036,37.9899],[13.707,37.9798],[13.7112,37.9775],[13.7355,37.9748],[13.745,37.9701],[13.7974,37.9751],[13.823,37.9828],[13.8352,37.9829],[13.8705,37.9942],[13.9456,38.0286],[13.9635,38.0298],[13.9716,38.0338],[13.9818,38.0293],[14.0061,38.0324],[14.0228,38.0413],[14.0323,38.0401],[14.0391,38.0325],[14.0651,38.0185],[14.0831,38.0192],[14.1104,38.0149],[14.1315,38.0185],[14.1461,38.0267],[14.1723,38.0187],[14.1835,38.0194],[14.193,38.0028],[14.2046,37.9904],[14.2131,37.9722],[14.2287,37.9583],[14.2264,37.9508],[14.2391,37.9468],[14.2534,37.9347],[14.2529,37.917],[14.2921,37.9183],[14.2747,37.9035],[14.2747,37.8894],[14.2687,37.8765],[14.274,37.8625],[14.2733,37.847],[14.2799,37.8401],[14.2637,37.8282],[14.2627,37.8197],[14.2667,37.8165],[14.2722,37.8006],[14.2655,37.7999],[14.2618,37.7942],[14.2702,37.7899],[14.2697,37.7753],[14.2873,37.7654],[14.2906,37.7507],[14.295,37.7463],[14.2818,37.7267],[14.2728,37.7213],[14.2693,37.7074],[14.2616,37.6989],[14.249,37.6945],[14.2411,37.6957],[14.2389,37.6908],[14.2251,37.6857],[14.2165,37.6777],[14.2024,37.6788],[14.1843,37.6699],[14.1757,37.6767],[14.1587,37.6672],[14.159,37.6615],[14.1631,37.6577],[14.164,37.6422],[14.154,37.6278]],[[14.0562,37.6718],[14.0861,37.6776],[14.0878,37.681],[14.0776,37.6904],[14.0796,37.6945],[14.0907,37.6976],[14.0912,37.7043],[14.0798,37.7129],[14.0686,37.7123],[14.066,37.7212],[14.0435,37.7259],[14.0359,37.7204],[14.0293,37.7044],[14.0415,37.6978],[14.0415,37.6894],[14.0106,37.6893],[14.0069,37.6731],[14.018,37.6574],[14.0314,37.6554],[14.0562,37.6718]]],[[[13.1455,37.6259],[13.1444,37.6431],[13.1685,37.6458],[13.1826,37.634],[13.1567,37.6255],[13.1455,37.6259]]],[[[13.2365,38.2124],[13.2375,38.2076],[13.2338,38.2103],[13.2365,38.2124]]],[[[13.1807,38.7207],[13.1973,38.714],[13.2007,38.7098],[13.1739,38.6918],[13.1536,38.6937],[13.1527,38.699],[13.1632,38.7134],[13.1807,38.7207]]]]}},{"type":"Feature","properties":{"s":"PC","n":"Piacenza","r":"Emilia-Romagna","b":[9.198,44.5559,10.0835,45.1391]},"geometry":{"type":"MultiPolygon","coordinates":[[[[9.9874,44.9359],[9.9991,44.9292],[9.9926,44.9143],[9.9939,44.9077],[10.0042,44.9018],[10.0123,44.8879],[10.0105,44.8751],[9.9992,44.8707],[9.9851,44.8585],[9.9867,44.8456],[9.9689,44.839],[9.9542,44.8404],[9.9354,44.8344],[9.9052,44.8105],[9.8821,44.8028],[9.8744,44.7854],[9.8802,44.7685],[9.865,44.7621],[9.8493,44.7656],[9.8365,44.7582],[9.8195,44.7612],[9.8145,44.7576],[9.8201,44.7509],[9.8163,44.7392],[9.7982,44.731],[9.7852,44.7165],[9.7656,44.7097],[9.7622,44.7054],[9.7652,44.6813],[9.7194,44.6771],[9.6985,44.6715],[9.6867,44.6751],[9.6752,44.6876],[9.6618,44.6804],[9.6536,44.6717],[9.6282,44.6626],[9.6241,44.6585],[9.6318,44.6406],[9.585,44.6228],[9.5766,44.6102],[9.5633,44.6075],[9.5538,44.5996],[9.5524,44.5895],[9.533,44.586],[9.5112,44.5621],[9.4933,44.5559],[9.4861,44.5613],[9.4696,44.5659],[9.4534,44.5621],[9.4503,44.5718],[9.4402,44.5668],[9.4303,44.5741],[9.4231,44.5746],[9.4189,44.5854],[9.4213,44.5926],[9.4056,44.6008],[9.4026,44.5908],[9.3976,44.5876],[9.3894,44.5902],[9.3811,44.5767],[9.3642,44.5847],[9.3554,44.5844],[9.3467,44.5795],[9.3363,44.582],[9.3004,44.6078],[9.2875,44.6076],[9.2851,44.599],[9.2802,44.5962],[9.2462,44.5993],[9.2565,44.6106],[9.2455,44.6196],[9.203,44.6135],[9.2004,44.6153],[9.198,44.6498],[9.2064,44.6602],[9.1995,44.685],[9.2238,44.6834],[9.2421,44.6875],[9.2323,44.7033],[9.2351,44.7164],[9.2543,44.6921],[9.2595,44.6799],[9.266,44.684],[9.2786,44.6856],[9.2858,44.6845],[9.2876,44.6802],[9.2985,44.681],[9.3056,44.6883],[9.3257,44.6921],[9.3154,44.6974],[9.3085,44.7056],[9.3172,44.7195],[9.3259,44.7231],[9.3326,44.735],[9.3212,44.7434],[9.2882,44.7574],[9.2847,44.7671],[9.287,44.7725],[9.3179,44.7862],[9.3215,44.8],[9.3284,44.7995],[9.3458,44.8075],[9.3577,44.8146],[9.3631,44.8224],[9.3503,44.837],[9.3424,44.8673],[9.3265,44.8729],[9.3224,44.8797],[9.3087,44.8759],[9.2901,44.8822],[9.2928,44.8903],[9.2774,44.8956],[9.293,44.9205],[9.285,44.9318],[9.2868,44.9341],[9.3145,44.9368],[9.3215,44.944],[9.3246,44.956],[9.3375,44.9654],[9.3355,44.9747],[9.344,44.9929],[9.3532,45.001],[9.3614,45.0001],[9.3659,45.003],[9.3756,45.0199],[9.3694,45.0237],[9.3756,45.0404],[9.3708,45.0482],[9.3924,45.0662],[9.4064,45.0732],[9.4126,45.0789],[9.4122,45.0836],[9.4356,45.0818],[9.439,45.0934],[9.4714,45.0955],[9.4993,45.1039],[9.5089,45.0992],[9.5246,45.0808],[9.532,45.0784],[9.5449,45.0847],[9.5513,45.0921],[9.5374,45.1149],[9.5372,45.1261],[9.5487,45.1327],[9.553,45.1306],[9.5624,45.1203],[9.5686,45.1073],[9.586,45.105],[9.5874,45.0996],[9.6091,45.1084],[9.6131,45.1132],[9.6184,45.133],[9.6224,45.134],[9.6319,45.1304],[9.6396,45.1219],[9.6375,45.1017],[9.6314,45.0889],[9.639,45.0817],[9.6769,45.0776],[9.6897,45.0675],[9.7137,45.0584],[9.7202,45.0588],[9.7301,45.0636],[9.7378,45.0732],[9.7504,45.079],[9.7531,45.0866],[9.7448,45.1097],[9.7474,45.113],[9.7537,45.1134],[9.7667,45.1073],[9.779,45.0896],[9.8133,45.0781],[9.8168,45.0707],[9.8166,45.0545],[9.8238,45.0526],[9.8338,45.0617],[9.8352,45.069],[9.8314,45.084],[9.833,45.0918],[9.8384,45.0956],[9.8615,45.0936],[9.8807,45.0748],[9.8968,45.0805],[9.901,45.0881],[9.9006,45.0954],[9.8778,45.1135],[9.8754,45.1217],[9.881,45.127],[9.9137,45.1391],[9.9226,45.1359],[9.9271,45.126],[9.9135,45.1046],[9.9185,45.0996],[9.9358,45.1044],[9.9712,45.1323],[9.9855,45.1334],[10.0285,45.0962],[10.0295,45.0872],[10.0216,45.0759],[10.0297,45.0668],[10.0435,45.0631],[10.0469,45.0593],[10.0529,45.0506],[10.0502,45.0413],[10.0823,45.0466],[10.0835,45.044],[10.0576,45.0377],[10.0455,45.0292],[10.0343,45.0013],[10.0358,44.9905],[10.028,44.9806],[10.0044,44.9684],[9.9962,44.957],[9.9874,44.9359]]],[[[9.2992,44.6925],[9.3042,44.6966],[9.3041,44.6937],[9.2992,44.6925]]],[[[9.2897,44.7012],[9.2928,44.7059],[9.3017,44.7031],[9.2897,44.7012]]]]}},{"type":"Feature","properties":{"s":"PD","n":"Padova","r":"Veneto","b":[11.3907,45.0954,12.2062,45.6872]},"geometry":{"type":"Polygon","coordinates":[[[11.983,45.1628],[11.9834,45.1556],[11.9694,45.1494],[11.9619,45.1493],[11.9688,45.134],[11.9485,45.1354],[11.9359,45.1426],[11.9265,45.1433],[11.8972,45.1333],[11.8638,45.1331],[11.8418,45.1283],[11.8323,45.122],[11.8131,45.1231],[11.7757,45.0992],[11.7612,45.0956],[11.7088,45.1021],[11.6945,45.0986],[11.67,45.1057],[11.663,45.1039],[11.644,45.1086],[11.6106,45.1099],[11.6,45.1176],[11.5908,45.1177],[11.5741,45.1242],[11.5612,45.1205],[11.5222,45.1202],[11.507,45.1084],[11.493,45.1031],[11.468,45.1088],[11.4169,45.1293],[11.4288,45.1505],[11.4182,45.1564],[11.4217,45.1664],[11.4092,45.1749],[11.4047,45.1886],[11.4036,45.2158],[11.3997,45.2257],[11.4022,45.2351],[11.4065,45.2391],[11.4051,45.2466],[11.4011,45.2516],[11.3907,45.2536],[11.3926,45.2594],[11.4028,45.2649],[11.4262,45.2536],[11.4507,45.2613],[11.4662,45.2621],[11.4803,45.2585],[11.487,45.266],[11.5284,45.2585],[11.5651,45.2625],[11.59,45.2564],[11.6097,45.2557],[11.6177,45.2585],[11.5825,45.2726],[11.5803,45.2873],[11.5805,45.3012],[11.5883,45.313],[11.6041,45.3183],[11.6104,45.3146],[11.6145,45.3173],[11.6123,45.3254],[11.6198,45.3303],[11.6169,45.3365],[11.6251,45.3459],[11.6274,45.3564],[11.6156,45.3666],[11.6115,45.3743],[11.6157,45.388],[11.6532,45.4104],[11.6523,45.4166],[11.6645,45.4227],[11.6762,45.4231],[11.6832,45.4294],[11.69,45.4365],[11.693,45.4484],[11.6986,45.4559],[11.7096,45.4616],[11.7061,45.4733],[11.7454,45.4717],[11.7457,45.4784],[11.7353,45.4979],[11.734,45.5122],[11.7279,45.5205],[11.7413,45.5177],[11.759,45.5204],[11.7288,45.5607],[11.7203,45.5591],[11.7241,45.5526],[11.7217,45.5438],[11.7034,45.5429],[11.6945,45.5507],[11.6858,45.552],[11.6784,45.5496],[11.679,45.5418],[11.6755,45.5392],[11.6577,45.5402],[11.6585,45.5455],[11.6531,45.5506],[11.6655,45.5583],[11.6699,45.5651],[11.6659,45.5708],[11.6665,45.5764],[11.67,45.5825],[11.6745,45.5825],[11.6743,45.5919],[11.6665,45.595],[11.6498,45.5933],[11.6429,45.5981],[11.6461,45.6068],[11.6438,45.6113],[11.6491,45.6228],[11.6455,45.6274],[11.6466,45.6342],[11.6562,45.6404],[11.6767,45.6401],[11.6855,45.6479],[11.6858,45.6572],[11.7015,45.6607],[11.6971,45.6634],[11.7104,45.6683],[11.7081,45.6806],[11.7579,45.6779],[11.8217,45.6872],[11.841,45.6771],[11.8393,45.683],[11.8419,45.6833],[11.8676,45.6695],[11.8681,45.6666],[11.8836,45.6606],[11.8936,45.6332],[11.8894,45.6318],[11.8917,45.6226],[11.8981,45.6131],[11.9017,45.6176],[11.8979,45.6269],[11.9011,45.628],[11.9133,45.6192],[11.9227,45.6212],[11.9327,45.6155],[11.9652,45.6079],[11.966,45.6127],[11.9865,45.6232],[12.0053,45.6224],[12.0063,45.6408],[12.0159,45.6461],[12.0499,45.6453],[12.0665,45.6375],[12.0742,45.6417],[12.0788,45.6254],[12.0868,45.6235],[12.083,45.6184],[12.0869,45.6171],[12.0873,45.5997],[12.0925,45.5983],[12.0922,45.5944],[12.0836,45.582],[12.0724,45.5814],[12.0722,45.5777],[12.0614,45.5774],[12.0564,45.5724],[12.0383,45.5712],[12.0334,45.5627],[12.0331,45.5345],[12.0263,45.5202],[12.0184,45.5287],[12.008,45.532],[12.0019,45.5175],[11.9973,45.518],[11.9951,45.512],[12.0039,45.5101],[11.9901,45.4735],[11.9815,45.4749],[11.9787,45.4692],[11.9783,45.4565],[11.9829,45.4524],[12.0044,45.4474],[12.0178,45.4516],[12.027,45.4471],[12.0194,45.4296],[12.0135,45.4242],[11.996,45.4226],[11.9947,45.4151],[12.0028,45.4084],[11.9794,45.4076],[11.9753,45.3981],[11.9911,45.3942],[11.9941,45.3798],[12.0121,45.3704],[12.0265,45.3673],[12.0248,45.3635],[12.0347,45.3573],[12.0134,45.3431],[12.0207,45.323],[12.0348,45.3142],[12.0482,45.3129],[12.0554,45.3196],[12.0684,45.3215],[12.0791,45.3321],[12.0878,45.3316],[12.1011,45.3241],[12.1027,45.3223],[12.0977,45.3205],[12.1181,45.3031],[12.137,45.2995],[12.1854,45.3022],[12.19,45.2971],[12.1911,45.285],[12.1998,45.2808],[12.2062,45.2731],[12.1928,45.2433],[12.1955,45.2374],[12.1935,45.234],[12.1581,45.2259],[12.1548,45.2218],[12.1538,45.2082],[12.1647,45.2049],[12.1711,45.1988],[12.185,45.1969],[12.1839,45.1951],[12.1524,45.1942],[12.123,45.2104],[11.9778,45.1871],[11.9735,45.1801],[11.9766,45.1626],[11.983,45.1628]]]}},{"type":"Feature","properties":{"s":"PE","n":"Pescara","r":"Abruzzo","b":[13.7653,42.0731,14.2543,42.5445]},"geometry":{"type":"Polygon","coordinates":[[[13.8443,42.2811],[13.8383,42.2889],[13.8285,42.2936],[13.8245,42.3162],[13.8054,42.3382],[13.8072,42.3463],[13.7991,42.3658],[13.8128,42.3683],[13.8086,42.3787],[13.7898,42.3908],[13.7798,42.4038],[13.7764,42.4139],[13.7653,42.4201],[13.772,42.4379],[13.79,42.4517],[13.792,42.4622],[13.8059,42.4741],[13.8106,42.4929],[13.8331,42.4938],[13.8378,42.4979],[13.8598,42.4879],[13.8834,42.4893],[13.8811,42.504],[13.8846,42.5092],[13.893,42.5121],[13.9133,42.5063],[13.9271,42.5146],[13.9579,42.5054],[13.9589,42.5101],[13.9519,42.5293],[13.9557,42.5343],[13.9733,42.5328],[13.99,42.5419],[14.0573,42.5307],[14.0667,42.5445],[14.0739,42.5419],[14.0848,42.5435],[14.0987,42.533],[14.1295,42.5271],[14.1463,42.5306],[14.1888,42.4918],[14.2191,42.4705],[14.2293,42.4689],[14.238,42.4572],[14.2543,42.4449],[14.2441,42.4368],[14.2458,42.4274],[14.2413,42.4268],[14.2287,42.4155],[14.2213,42.4195],[14.223,42.4277],[14.2085,42.4254],[14.1922,42.4338],[14.1843,42.4274],[14.1715,42.4366],[14.1645,42.4321],[14.1687,42.426],[14.1569,42.4168],[14.1596,42.4171],[14.1553,42.4081],[14.1576,42.3942],[14.1329,42.3863],[14.1277,42.3685],[14.1176,42.3623],[14.1199,42.3583],[14.1255,42.3577],[14.1274,42.3525],[14.127,42.3487],[14.1175,42.3397],[14.1197,42.3349],[14.1113,42.3317],[14.0936,42.3348],[14.083,42.3318],[14.0757,42.3251],[14.0782,42.318],[14.0846,42.3167],[14.0952,42.3032],[14.1115,42.2956],[14.1113,42.2914],[14.104,42.2861],[14.0852,42.2784],[14.1137,42.2744],[14.1147,42.2631],[14.1057,42.2574],[14.1086,42.2445],[14.1331,42.2243],[14.1216,42.2245],[14.1116,42.2115],[14.094,42.2052],[14.0936,42.2009],[14.1066,42.1886],[14.1008,42.1892],[14.0961,42.1859],[14.0963,42.1813],[14.1066,42.177],[14.1292,42.1588],[14.1156,42.1504],[14.1099,42.1428],[14.1156,42.1201],[14.1149,42.1072],[14.1068,42.0989],[14.0902,42.0987],[14.0832,42.0901],[14.0852,42.0867],[14.0305,42.0829],[14.0061,42.0731],[14.0001,42.0775],[13.9932,42.0904],[13.9766,42.1025],[13.962,42.1247],[13.933,42.1313],[13.9115,42.1431],[13.9048,42.1484],[13.9077,42.1562],[13.8989,42.1656],[13.8591,42.1594],[13.8552,42.1559],[13.8527,42.146],[13.8455,42.1427],[13.8349,42.1484],[13.8353,42.1448],[13.8312,42.1435],[13.7892,42.1539],[13.7994,42.1682],[13.7983,42.1857],[13.8092,42.192],[13.8108,42.1967],[13.8035,42.2023],[13.8075,42.2261],[13.7992,42.2372],[13.8041,42.2378],[13.8103,42.248],[13.8207,42.2532],[13.8278,42.2469],[13.833,42.2465],[13.8383,42.2552],[13.8424,42.2565],[13.8406,42.2683],[13.8443,42.2811]]]}},{"type":"Feature","properties":{"s":"PG","n":"Perugia","r":"Umbria","b":[11.9133,42.5968,13.2642,43.6173]},"geometry":{"type":"MultiPolygon","coordinates":[[[[13.1585,42.6543],[13.1466,42.647],[13.1311,42.6581],[13.1182,42.6577],[13.109,42.6419],[13.062,42.6231],[13.0379,42.6274],[13.0307,42.6374],[13.0243,42.639],[13.0142,42.6297],[13.0151,42.6209],[13.0112,42.6171],[12.9989,42.6151],[12.9525,42.6189],[12.9375,42.6154],[12.9301,42.6029],[12.8868,42.6197],[12.8844,42.6261],[12.8923,42.6355],[12.8895,42.6409],[12.8692,42.6541],[12.8613,42.6651],[12.8281,42.671],[12.8081,42.6569],[12.7918,42.662],[12.7866,42.6583],[12.7855,42.647],[12.7751,42.636],[12.7518,42.6341],[12.7338,42.6241],[12.7362,42.6108],[12.7262,42.6041],[12.7261,42.5987],[12.7204,42.5969],[12.7145,42.6169],[12.698,42.6372],[12.6903,42.642],[12.6756,42.6439],[12.6594,42.6606],[12.6399,42.6691],[12.6391,42.6749],[12.6222,42.6735],[12.6164,42.6812],[12.6133,42.6944],[12.5839,42.6882],[12.5799,42.7055],[12.5922,42.7112],[12.6196,42.7084],[12.6236,42.7106],[12.6272,42.7197],[12.6126,42.7212],[12.6049,42.7304],[12.6031,42.7423],[12.591,42.7488],[12.5846,42.7491],[12.577,42.7399],[12.5805,42.7193],[12.5733,42.7138],[12.544,42.7157],[12.5321,42.7112],[12.5154,42.7188],[12.5152,42.7291],[12.5119,42.7325],[12.5058,42.7309],[12.4932,42.7347],[12.4893,42.7268],[12.4625,42.7047],[12.4501,42.7023],[12.4171,42.6804],[12.4147,42.7006],[12.4124,42.7013],[12.4016,42.6995],[12.3968,42.6772],[12.3866,42.6733],[12.3824,42.6796],[12.3687,42.6869],[12.3711,42.6918],[12.3691,42.701],[12.3753,42.7068],[12.3727,42.7129],[12.3598,42.7192],[12.3326,42.7509],[12.3246,42.7503],[12.3156,42.7408],[12.3109,42.7457],[12.2973,42.7489],[12.2912,42.7674],[12.2908,42.7812],[12.3009,42.782],[12.2999,42.7959],[12.3116,42.8283],[12.3145,42.8344],[12.3221,42.8387],[12.3273,42.8504],[12.3227,42.8629],[12.3294,42.8761],[12.3279,42.8863],[12.3306,42.8896],[12.32,42.8912],[12.3086,42.8876],[12.3042,42.8938],[12.3181,42.9063],[12.3195,42.9154],[12.2924,42.9154],[12.2879,42.9204],[12.2764,42.9196],[12.267,42.9249],[12.2585,42.9169],[12.2509,42.9219],[12.2332,42.9214],[12.2257,42.9286],[12.2126,42.924],[12.2049,42.9279],[12.2051,42.9339],[12.193,42.9382],[12.1725,42.9335],[12.1517,42.9385],[12.1426,42.9349],[12.1307,42.9409],[12.0912,42.9414],[12.0615,42.9342],[12.0508,42.9408],[12.0498,42.9359],[12.031,42.9274],[12.0154,42.9089],[12.01,42.9104],[12.0047,42.9073],[12.0139,42.8979],[12.0098,42.8924],[12.0301,42.8813],[12.0149,42.88],[11.9584,42.8635],[11.9356,42.8637],[11.9337,42.8697],[11.959,42.8706],[11.9586,42.8743],[11.9663,42.8834],[11.9747,42.8898],[11.9854,42.8926],[11.9984,42.9093],[11.9667,42.9121],[11.9581,42.9162],[11.9521,42.901],[11.9335,42.9054],[11.9391,42.9325],[11.9521,42.9497],[11.9529,42.9547],[11.9485,42.9626],[11.9495,42.9765],[11.9546,42.9795],[11.972,43.022],[11.9724,43.0353],[11.9824,43.0506],[11.9806,43.0568],[11.9731,43.0636],[11.9566,43.0687],[11.9504,43.0644],[11.9482,43.0557],[11.9401,43.0533],[11.9361,43.0559],[11.9325,43.0669],[11.9238,43.0752],[11.9231,43.08],[11.9309,43.0924],[11.9133,43.1277],[11.9204,43.1317],[11.925,43.1493],[11.9403,43.1591],[11.9711,43.1696],[11.9878,43.1808],[12.0064,43.1805],[12.0234,43.1873],[12.039,43.2288],[12.0338,43.246],[12.0433,43.2507],[12.0496,43.2528],[12.0849,43.2366],[12.0924,43.2359],[12.1211,43.255],[12.1483,43.2546],[12.1747,43.2731],[12.2086,43.282],[12.2239,43.2958],[12.2061,43.3048],[12.1951,43.3142],[12.1832,43.3008],[12.1852,43.2944],[12.177,43.2818],[12.1326,43.293],[12.1268,43.3082],[12.1343,43.3162],[12.1354,43.3407],[12.124,43.359],[12.1026,43.3725],[12.089,43.3662],[12.0774,43.3656],[12.0737,43.3686],[12.073,43.3876],[12.0773,43.4021],[12.0702,43.4049],[12.0521,43.3983],[12.0337,43.4002],[12.0306,43.4035],[12.0252,43.4156],[12.0321,43.4237],[12.0436,43.426],[12.0579,43.4385],[12.0814,43.434],[12.0966,43.4456],[12.1046,43.4606],[12.1432,43.4703],[12.1448,43.4796],[12.1412,43.4819],[12.0925,43.5011],[12.0909,43.5112],[12.0953,43.5218],[12.1027,43.5299],[12.1431,43.5341],[12.1532,43.5287],[12.1627,43.5614],[12.1898,43.5866],[12.1998,43.6032],[12.2138,43.6109],[12.227,43.5935],[12.2615,43.5889],[12.2721,43.5939],[12.2878,43.5946],[12.292,43.5935],[12.2924,43.5865],[12.2978,43.5858],[12.3062,43.5893],[12.3111,43.5992],[12.3267,43.6033],[12.3344,43.6099],[12.3513,43.6081],[12.3511,43.6132],[12.3561,43.6173],[12.3713,43.6112],[12.3617,43.5999],[12.3618,43.5952],[12.3708,43.5865],[12.3669,43.5772],[12.3408,43.5527],[12.3198,43.5532],[12.3128,43.5442],[12.3332,43.5236],[12.3497,43.5218],[12.3649,43.5326],[12.37,43.5316],[12.3864,43.5204],[12.3834,43.5167],[12.3862,43.5112],[12.3948,43.5088],[12.4002,43.5098],[12.399,43.5132],[12.4049,43.5223],[12.4165,43.5336],[12.4318,43.5371],[12.4379,43.5377],[12.4591,43.5161],[12.4736,43.5186],[12.4784,43.526],[12.484,43.5272],[12.5155,43.51],[12.5242,43.4962],[12.5755,43.4514],[12.6033,43.4388],[12.6171,43.429],[12.6228,43.423],[12.6194,43.4166],[12.6356,43.4297],[12.6632,43.4368],[12.6865,43.4287],[12.7088,43.4258],[12.7153,43.4461],[12.7346,43.4643],[12.7719,43.4571],[12.7764,43.4505],[12.7665,43.4456],[12.7683,43.4372],[12.7656,43.4271],[12.7808,43.4148],[12.7717,43.401],[12.7514,43.395],[12.7468,43.3905],[12.7496,43.3809],[12.7583,43.3725],[12.7593,43.3644],[12.7701,43.36],[12.7731,43.3503],[12.7941,43.334],[12.8024,43.3047],[12.7996,43.2908],[12.789,43.2832],[12.8037,43.2713],[12.8235,43.2668],[12.8287,43.2606],[12.8257,43.2485],[12.8372,43.2245],[12.8366,43.2175],[12.8506,43.2099],[12.8637,43.2093],[12.8681,43.1888],[12.8626,43.1674],[12.8519,43.1539],[12.8337,43.1477],[12.8331,43.139],[12.8432,43.1223],[12.8585,43.1252],[12.8813,43.1212],[12.885,43.0996],[12.8911,43.0936],[12.8973,43.0935],[12.8899,43.0589],[12.8931,43.0463],[12.9066,43.0355],[12.9036,43.0247],[12.8976,43.0247],[12.888,43.0098],[12.9082,42.9853],[12.8986,42.9736],[12.8958,42.9646],[12.9135,42.9556],[12.9272,42.9541],[12.9366,42.9449],[12.9481,42.9415],[12.9493,42.93],[12.9767,42.9261],[12.9691,42.9037],[12.971,42.892],[12.9751,42.8866],[12.9734,42.8772],[12.9762,42.8698],[12.9858,42.869],[12.9904,42.8721],[13.0001,42.8908],[12.997,42.9033],[13.001,42.9093],[13.012,42.9028],[13.0249,42.9026],[13.0547,42.9194],[13.0677,42.9071],[13.0812,42.8997],[13.1122,42.8893],[13.1217,42.8739],[13.1404,42.8551],[13.1543,42.8354],[13.1633,42.8324],[13.1815,42.8371],[13.1881,42.8347],[13.2108,42.8415],[13.2322,42.8562],[13.2353,42.8677],[13.2481,42.8489],[13.2553,42.8226],[13.2627,42.8159],[13.2642,42.8093],[13.2508,42.7887],[13.2456,42.7678],[13.2386,42.7609],[13.2368,42.7693],[13.2211,42.7727],[13.2088,42.7639],[13.1947,42.7614],[13.1933,42.7588],[13.1995,42.7507],[13.1877,42.7356],[13.1905,42.7099],[13.1733,42.6873],[13.1759,42.6831],[13.1795,42.6834],[13.1741,42.6661],[13.1585,42.6543]]],[[[12.4306,43.6064],[12.4342,43.6],[12.4312,43.5914],[12.4078,43.6021],[12.4235,43.6101],[12.4306,43.6064]]]]}},{"type":"Feature","properties":{"s":"PI","n":"Pisa","r":"Toscana","b":[10.2579,43.1088,11.0133,43.835]},"geometry":{"type":"Polygon","coordinates":[[[10.6455,43.795],[10.6536,43.8014],[10.6671,43.8049],[10.6925,43.8009],[10.7106,43.7869],[10.7161,43.7758],[10.7385,43.7538],[10.766,43.7387],[10.7795,43.7362],[10.7932,43.7183],[10.798,43.7047],[10.8236,43.7036],[10.8269,43.7084],[10.8245,43.7128],[10.8526,43.7189],[10.8772,43.7192],[10.8788,43.7114],[10.8871,43.707],[10.8913,43.6929],[10.9019,43.682],[10.909,43.6804],[10.9163,43.6624],[10.934,43.6577],[10.903,43.6347],[10.8883,43.6396],[10.8831,43.6264],[10.878,43.6262],[10.8749,43.6217],[10.8743,43.6143],[10.8501,43.6266],[10.8373,43.62],[10.8332,43.6222],[10.8251,43.6196],[10.8224,43.6139],[10.8334,43.6063],[10.8343,43.5944],[10.8404,43.586],[10.8403,43.5798],[10.8306,43.5699],[10.8439,43.567],[10.8485,43.5627],[10.834,43.5555],[10.8257,43.5367],[10.8458,43.5107],[10.8446,43.5039],[10.8384,43.496],[10.8472,43.4974],[10.8545,43.4949],[10.8605,43.488],[10.8515,43.4775],[10.8655,43.4748],[10.8698,43.4632],[10.874,43.4601],[10.8889,43.4596],[10.9108,43.4663],[10.9194,43.4571],[10.9515,43.4514],[10.9787,43.4196],[10.9792,43.4066],[10.9841,43.4023],[11.002,43.4013],[10.9997,43.3982],[11.0049,43.381],[11.0127,43.3766],[11.0119,43.3622],[10.9977,43.344],[10.9733,43.3444],[10.9702,43.3356],[10.9722,43.3216],[10.9698,43.3136],[10.954,43.3168],[10.9521,43.302],[10.9706,43.2968],[10.9843,43.2884],[10.984,43.2807],[10.9935,43.267],[10.9912,43.2456],[10.9961,43.239],[10.9931,43.2343],[10.9801,43.2323],[10.9585,43.2363],[10.943,43.2464],[10.9395,43.2452],[10.9272,43.2311],[10.9387,43.227],[10.9414,43.204],[10.9109,43.1804],[10.9083,43.1646],[10.9115,43.1626],[10.9087,43.1598],[10.8953,43.1612],[10.8661,43.1571],[10.8554,43.1588],[10.8448,43.1649],[10.8395,43.1639],[10.8402,43.1583],[10.818,43.1513],[10.8108,43.1603],[10.8005,43.1626],[10.7681,43.1431],[10.7633,43.147],[10.7638,43.1527],[10.7601,43.1529],[10.7554,43.1501],[10.7499,43.137],[10.7506,43.1272],[10.7475,43.1228],[10.7354,43.1201],[10.7303,43.1136],[10.7175,43.1088],[10.7149,43.1141],[10.72,43.1205],[10.7175,43.1244],[10.7035,43.1239],[10.6947,43.1298],[10.689,43.1427],[10.6631,43.1458],[10.6608,43.1498],[10.665,43.1579],[10.6632,43.1726],[10.6492,43.1716],[10.6432,43.1909],[10.6621,43.1955],[10.6749,43.1936],[10.6884,43.2043],[10.6904,43.2095],[10.6877,43.2194],[10.6906,43.2239],[10.6706,43.222],[10.6621,43.2295],[10.6696,43.2339],[10.6662,43.2437],[10.672,43.2469],[10.6673,43.2553],[10.667,43.2651],[10.6802,43.2744],[10.6964,43.2807],[10.697,43.2947],[10.6844,43.3008],[10.669,43.2915],[10.6571,43.2923],[10.6518,43.2835],[10.6163,43.2827],[10.5663,43.2973],[10.5618,43.3083],[10.5405,43.3131],[10.5319,43.3236],[10.5226,43.3249],[10.5328,43.3366],[10.5359,43.3489],[10.5337,43.3564],[10.54,43.3678],[10.5098,43.3624],[10.5028,43.3771],[10.5006,43.3921],[10.4902,43.4033],[10.5014,43.4149],[10.507,43.4322],[10.504,43.4366],[10.4933,43.437],[10.4877,43.4359],[10.4836,43.4304],[10.4819,43.436],[10.4998,43.4464],[10.4998,43.4499],[10.4927,43.4558],[10.491,43.4701],[10.4738,43.5048],[10.4744,43.5132],[10.479,43.5181],[10.4711,43.5216],[10.4643,43.5404],[10.4794,43.5575],[10.4751,43.571],[10.4752,43.584],[10.4857,43.5864],[10.4901,43.5916],[10.4903,43.6045],[10.498,43.6099],[10.4967,43.6166],[10.4999,43.6251],[10.5089,43.6292],[10.4704,43.6344],[10.4342,43.6335],[10.4114,43.6176],[10.4092,43.6206],[10.3657,43.6038],[10.3062,43.5862],[10.2982,43.5812],[10.2903,43.6025],[10.2853,43.6433],[10.2697,43.6769],[10.2802,43.6814],[10.2828,43.6909],[10.2769,43.7137],[10.2775,43.738],[10.2579,43.8157],[10.3071,43.8294],[10.3203,43.8226],[10.337,43.8229],[10.3481,43.8166],[10.38,43.8125],[10.4065,43.8265],[10.411,43.8269],[10.4138,43.8223],[10.4252,43.835],[10.4354,43.8127],[10.452,43.8045],[10.4508,43.7943],[10.439,43.7875],[10.4412,43.7782],[10.452,43.767],[10.4706,43.7651],[10.4951,43.7582],[10.5009,43.7533],[10.5261,43.7616],[10.554,43.7497],[10.5964,43.7609],[10.6089,43.7555],[10.6227,43.7567],[10.6363,43.7742],[10.6455,43.795]]]}},{"type":"Feature","properties":{"s":"PN","n":"Pordenone","r":"Friuli-Venezia Giulia","b":[12.3209,45.7908,12.9906,46.4122]},"geometry":{"type":"Polygon","coordinates":[[[12.4889,46.1144],[12.4941,46.1209],[12.4932,46.1275],[12.4972,46.1298],[12.4986,46.1385],[12.4954,46.1505],[12.4899,46.1572],[12.4569,46.1706],[12.447,46.1803],[12.4423,46.1987],[12.4465,46.2078],[12.4063,46.2073],[12.4003,46.2113],[12.4087,46.2223],[12.4017,46.229],[12.3764,46.2229],[12.3657,46.2293],[12.3555,46.2312],[12.3523,46.2363],[12.341,46.2402],[12.33,46.2539],[12.324,46.2562],[12.3209,46.2689],[12.329,46.2828],[12.3393,46.2854],[12.3514,46.2938],[12.3556,46.3094],[12.3547,46.3197],[12.3745,46.3293],[12.3992,46.3286],[12.4123,46.3323],[12.4212,46.3426],[12.4174,46.3549],[12.4287,46.3516],[12.4629,46.3693],[12.455,46.3917],[12.4642,46.3884],[12.4691,46.39],[12.494,46.4114],[12.4987,46.4122],[12.5082,46.403],[12.5195,46.3981],[12.5259,46.3733],[12.5415,46.3603],[12.5506,46.362],[12.557,46.3691],[12.5873,46.3662],[12.6048,46.3557],[12.5969,46.3484],[12.61,46.3435],[12.6262,46.3478],[12.643,46.338],[12.6558,46.3405],[12.6629,46.3463],[12.6801,46.3469],[12.693,46.3432],[12.6952,46.3369],[12.708,46.3253],[12.7198,46.3287],[12.7306,46.3367],[12.778,46.3459],[12.7815,46.3558],[12.8116,46.3591],[12.8217,46.3567],[12.835,46.3437],[12.8615,46.3454],[12.88,46.342],[12.8762,46.3324],[12.8815,46.3308],[12.9064,46.3348],[12.9151,46.3468],[12.9359,46.334],[12.9612,46.337],[12.963,46.3318],[12.9736,46.3282],[12.9756,46.3174],[12.9541,46.2999],[12.9651,46.2852],[12.9906,46.2732],[12.9764,46.267],[12.9725,46.2501],[12.9732,46.2335],[12.959,46.2266],[12.9542,46.2142],[12.9377,46.2119],[12.957,46.2036],[12.9652,46.1949],[12.9569,46.1864],[12.9479,46.1514],[12.9412,46.1436],[12.935,46.1287],[12.9271,46.0936],[12.9169,46.0741],[12.9121,46.0008],[12.9039,45.9633],[12.915,45.9147],[12.9207,45.9053],[12.931,45.8948],[12.9746,45.8734],[12.981,45.849],[12.9785,45.8411],[12.9843,45.834],[12.9769,45.8345],[12.9578,45.8474],[12.9514,45.8415],[12.9521,45.8222],[12.9295,45.8174],[12.9205,45.8313],[12.9153,45.8249],[12.9078,45.8291],[12.8931,45.8197],[12.8697,45.8338],[12.8772,45.8432],[12.876,45.8464],[12.8612,45.8506],[12.8369,45.845],[12.8376,45.8413],[12.8189,45.8337],[12.8188,45.825],[12.8086,45.8202],[12.8019,45.8229],[12.8003,45.8272],[12.7991,45.8332],[12.8033,45.845],[12.7798,45.8544],[12.7689,45.8498],[12.7429,45.8266],[12.73,45.8373],[12.695,45.8063],[12.6697,45.7908],[12.6617,45.7924],[12.6497,45.8019],[12.654,45.8095],[12.6473,45.82],[12.6376,45.8181],[12.6315,45.8248],[12.6113,45.8327],[12.6057,45.8382],[12.5944,45.8308],[12.5974,45.8221],[12.5922,45.8199],[12.5957,45.8168],[12.5938,45.8152],[12.5876,45.8153],[12.5824,45.8233],[12.5729,45.8244],[12.5653,45.8318],[12.5593,45.8259],[12.5499,45.8395],[12.5573,45.843],[12.5496,45.8607],[12.5311,45.8631],[12.5356,45.8701],[12.5326,45.8803],[12.5083,45.897],[12.5232,45.9031],[12.5158,45.9041],[12.5097,45.9094],[12.5057,45.916],[12.5079,45.9196],[12.506,45.9227],[12.4828,45.9257],[12.4669,45.932],[12.4529,45.9471],[12.4348,45.9453],[12.4258,45.9474],[12.4227,45.9558],[12.4268,45.9964],[12.4188,46.0086],[12.4153,46.0269],[12.399,46.0414],[12.4051,46.0427],[12.4099,46.0591],[12.4172,46.0605],[12.4356,46.0831],[12.4724,46.096],[12.4853,46.1065],[12.4889,46.1144]]]}},{"type":"Feature","properties":{"s":"PO","n":"Prato","r":"Toscana","b":[10.9641,43.7584,11.2128,44.1118]},"geometry":{"type":"Polygon","coordinates":[[[11.0494,44.0902],[11.0888,44.09],[11.1276,44.1097],[11.1394,44.1078],[11.1549,44.1118],[11.2024,44.1007],[11.1992,44.0963],[11.2128,44.086],[11.1982,44.0828],[11.1857,44.0712],[11.1865,44.0576],[11.1803,44.0502],[11.1794,44.0423],[11.1916,44.0298],[11.1856,44.0164],[11.174,44.01],[11.1791,43.9944],[11.1711,43.9804],[11.1739,43.9745],[11.1698,43.962],[11.1751,43.9517],[11.1731,43.9456],[11.1608,43.9353],[11.1693,43.9186],[11.1671,43.9153],[11.1582,43.9156],[11.1416,43.9069],[11.1476,43.9023],[11.1344,43.8842],[11.1474,43.8694],[11.1465,43.8609],[11.1238,43.852],[11.0949,43.8196],[11.0857,43.8183],[11.0765,43.8236],[11.0682,43.8238],[11.0613,43.8143],[11.0629,43.8052],[11.0686,43.7974],[11.0781,43.7926],[11.0693,43.7887],[11.0625,43.7896],[11.0562,43.7824],[11.0649,43.7761],[11.0551,43.7584],[11.0348,43.7669],[11.0281,43.7796],[11.0099,43.7753],[10.9778,43.7854],[10.9792,43.795],[10.9641,43.8125],[10.98,43.8189],[10.9842,43.8258],[11.0131,43.8337],[11.0214,43.841],[11.0328,43.8381],[11.0246,43.8509],[11.0254,43.8571],[11.0133,43.8695],[11.0155,43.881],[11.0256,43.8993],[11.0186,43.9103],[11.0205,43.9217],[11.0301,43.9432],[11.0468,43.96],[11.0609,43.9659],[11.0715,43.9829],[11.0628,43.9843],[11.035,43.9991],[11.0143,43.9957],[11.0117,44.0055],[11.021,44.009],[11.038,44.0289],[11.0402,44.045],[11.0542,44.0723],[11.0478,44.0865],[11.0494,44.0902]]]}},{"type":"Feature","properties":{"s":"PR","n":"Parma","r":"Emilia-Romagna","b":[9.4384,44.3461,10.5043,45.0444]},"geometry":{"type":"Polygon","coordinates":[[[9.6867,44.3659],[9.675,44.3647],[9.6733,44.367],[9.6638,44.3987],[9.6545,44.4117],[9.635,44.4151],[9.6119,44.4265],[9.6061,44.4353],[9.6015,44.4368],[9.5849,44.4284],[9.5741,44.435],[9.5548,44.438],[9.5507,44.428],[9.5474,44.4268],[9.529,44.4278],[9.4928,44.4233],[9.4819,44.4171],[9.479,44.4093],[9.4738,44.4128],[9.4723,44.4219],[9.4613,44.4229],[9.4428,44.4166],[9.4384,44.4185],[9.4396,44.4301],[9.4458,44.4384],[9.4523,44.4404],[9.4706,44.472],[9.4689,44.4819],[9.4823,44.4793],[9.4968,44.4827],[9.4946,44.5004],[9.501,44.5117],[9.5046,44.53],[9.4995,44.5389],[9.4882,44.5456],[9.4906,44.5528],[9.5112,44.5621],[9.533,44.586],[9.5524,44.5895],[9.5538,44.5996],[9.5633,44.6075],[9.5766,44.6102],[9.585,44.6228],[9.6318,44.6406],[9.6241,44.6585],[9.6282,44.6626],[9.6536,44.6717],[9.6618,44.6804],[9.6752,44.6876],[9.6867,44.6751],[9.6985,44.6715],[9.7194,44.6771],[9.7652,44.6813],[9.7622,44.7054],[9.7656,44.7097],[9.7852,44.7165],[9.7982,44.731],[9.8163,44.7392],[9.8201,44.7509],[9.8145,44.7576],[9.8195,44.7612],[9.8365,44.7582],[9.8493,44.7656],[9.865,44.7621],[9.8802,44.7685],[9.8744,44.7854],[9.8821,44.8028],[9.9052,44.8105],[9.9354,44.8344],[9.9542,44.8404],[9.9689,44.839],[9.9867,44.8456],[9.9851,44.8585],[9.9992,44.8707],[10.0105,44.8751],[10.0123,44.8879],[10.0042,44.9018],[9.9939,44.9077],[9.9926,44.9143],[9.9991,44.9292],[9.9874,44.9359],[9.9881,44.9385],[10.0044,44.9684],[10.028,44.9806],[10.0334,44.9867],[10.0358,44.9905],[10.0343,45.0013],[10.0446,45.0278],[10.0569,45.0373],[10.0835,45.044],[10.0841,45.0329],[10.0904,45.0259],[10.1062,45.0221],[10.1467,45.035],[10.1577,45.0441],[10.1688,45.0432],[10.1772,45.0319],[10.1873,45.0282],[10.2111,45.034],[10.2559,45.0178],[10.2651,45.0048],[10.2739,44.9985],[10.3047,44.999],[10.31,44.993],[10.3089,44.9874],[10.3308,44.9808],[10.3489,44.9686],[10.3588,44.9655],[10.368,44.9674],[10.3898,44.9823],[10.4057,44.9845],[10.4168,44.9777],[10.4357,44.9431],[10.4609,44.9382],[10.5043,44.9224],[10.493,44.9129],[10.4946,44.9098],[10.4868,44.9019],[10.4762,44.9017],[10.4634,44.8967],[10.4609,44.8896],[10.4656,44.8871],[10.4706,44.8756],[10.4663,44.8741],[10.4647,44.856],[10.4535,44.8445],[10.455,44.8311],[10.441,44.824],[10.4375,44.8058],[10.4314,44.7999],[10.4235,44.7982],[10.4297,44.7531],[10.4252,44.7394],[10.4454,44.7271],[10.4473,44.7193],[10.4293,44.695],[10.4138,44.6659],[10.4168,44.6416],[10.4111,44.6221],[10.4026,44.6164],[10.4024,44.593],[10.3991,44.5855],[10.4024,44.5754],[10.4016,44.5629],[10.3848,44.5489],[10.3633,44.5429],[10.3534,44.53],[10.3425,44.5257],[10.3385,44.5162],[10.3388,44.5038],[10.332,44.4952],[10.3316,44.4848],[10.2854,44.46],[10.2698,44.4581],[10.2554,44.4523],[10.2317,44.4302],[10.2238,44.4104],[10.2089,44.3959],[10.1888,44.3873],[10.1669,44.3844],[10.1599,44.3808],[10.1498,44.3706],[10.142,44.3539],[10.1183,44.3529],[10.0983,44.3463],[10.0564,44.3718],[10.0422,44.3743],[10.0103,44.3891],[9.9893,44.4043],[10.0064,44.4324],[9.9963,44.4469],[9.9811,44.4451],[9.972,44.4514],[9.9707,44.4644],[9.9331,44.4711],[9.9092,44.468],[9.9,44.4727],[9.8859,44.4698],[9.8551,44.4706],[9.8197,44.4661],[9.8158,44.4618],[9.8167,44.4521],[9.7982,44.4431],[9.7728,44.4168],[9.7555,44.4049],[9.7533,44.3977],[9.7553,44.3925],[9.7605,44.39],[9.7448,44.3895],[9.7442,44.3823],[9.7405,44.3806],[9.7321,44.3794],[9.7169,44.3832],[9.6867,44.3659]]]}},{"type":"Feature","properties":{"s":"PT","n":"Pistoia","r":"Toscana","b":[10.6223,43.7888,11.0715,44.1601]},"geometry":{"type":"Polygon","coordinates":[[[11.0245,43.8969],[11.0155,43.881],[11.0133,43.8695],[11.0254,43.8571],[11.0246,43.8509],[11.0328,43.8381],[11.0214,43.841],[11.0131,43.8337],[10.9842,43.8258],[10.98,43.8189],[10.9641,43.8125],[10.956,43.8196],[10.942,43.8234],[10.9158,43.8006],[10.8776,43.7944],[10.8456,43.8023],[10.8127,43.7888],[10.8179,43.7992],[10.8157,43.8087],[10.7865,43.7987],[10.7675,43.8006],[10.7278,43.8142],[10.7201,43.8326],[10.695,43.8539],[10.6877,43.8542],[10.6868,43.8654],[10.6784,43.8755],[10.671,43.8733],[10.6762,43.8679],[10.6708,43.8666],[10.6506,43.8696],[10.6501,43.8809],[10.6583,43.8913],[10.6477,43.9093],[10.6509,43.9138],[10.6579,43.9161],[10.6711,43.951],[10.6737,43.9836],[10.69,43.996],[10.7055,44.0146],[10.711,44.0176],[10.7275,44.0185],[10.7378,44.0249],[10.7307,44.0387],[10.719,44.0443],[10.7187,44.0519],[10.7251,44.0638],[10.7223,44.083],[10.6883,44.0984],[10.6787,44.1059],[10.6631,44.1094],[10.6419,44.1086],[10.6241,44.1204],[10.6226,44.1412],[10.6332,44.1462],[10.6361,44.1541],[10.644,44.1601],[10.6616,44.154],[10.6892,44.1572],[10.7543,44.1541],[10.7733,44.1347],[10.7981,44.1263],[10.8033,44.1191],[10.8191,44.1125],[10.8292,44.1167],[10.8342,44.1143],[10.8428,44.1096],[10.8492,44.0981],[10.8763,44.0999],[10.8923,44.092],[10.9019,44.0863],[10.9052,44.0799],[10.8995,44.0654],[10.9152,44.0623],[10.9267,44.0749],[10.9447,44.0817],[10.9643,44.102],[10.9714,44.1163],[10.9945,44.13],[10.9929,44.134],[11.0064,44.1388],[11.0143,44.1375],[11.0147,44.1244],[11.0062,44.1215],[11.0021,44.1124],[11.024,44.0975],[11.0471,44.0949],[11.0542,44.0723],[11.0402,44.045],[11.038,44.0289],[11.021,44.009],[11.0117,44.0055],[11.0143,43.9957],[11.035,43.9991],[11.0628,43.9843],[11.0715,43.9829],[11.0609,43.9659],[11.0468,43.96],[11.0293,43.942],[11.0186,43.9103],[11.0253,43.902],[11.0245,43.8969]]]}},{"type":"Feature","properties":{"s":"PU","n":"Pesaro e Urbino","r":"Marche","b":[12.1855,43.4166,13.1727,43.9695]},"geometry":{"type":"MultiPolygon","coordinates":[[[[12.5008,43.5196],[12.4814,43.5275],[12.4736,43.5186],[12.4591,43.5161],[12.4379,43.5377],[12.4165,43.5336],[12.4049,43.5223],[12.399,43.5132],[12.4002,43.5098],[12.3948,43.5088],[12.3862,43.5112],[12.3834,43.5167],[12.3864,43.5204],[12.37,43.5316],[12.3649,43.5326],[12.3497,43.5218],[12.3332,43.5236],[12.3129,43.5445],[12.3198,43.5532],[12.3408,43.5527],[12.3669,43.5772],[12.3708,43.5865],[12.3618,43.5952],[12.3617,43.5999],[12.3713,43.6112],[12.3547,43.6173],[12.3507,43.6122],[12.3513,43.6081],[12.3344,43.6099],[12.3267,43.6033],[12.3111,43.5992],[12.3062,43.5893],[12.2991,43.5859],[12.2924,43.5865],[12.292,43.5935],[12.2878,43.5946],[12.2721,43.5939],[12.2615,43.5889],[12.227,43.5935],[12.2195,43.6009],[12.2096,43.6213],[12.1897,43.6329],[12.1855,43.6411],[12.1976,43.648],[12.2201,43.6507],[12.2333,43.6565],[12.2495,43.6689],[12.251,43.6737],[12.2451,43.6815],[12.2744,43.6766],[12.2934,43.6846],[12.3058,43.6979],[12.3033,43.7005],[12.3053,43.713],[12.3011,43.7202],[12.3083,43.7302],[12.3137,43.7209],[12.314,43.7008],[12.3187,43.6959],[12.3204,43.6879],[12.3157,43.6779],[12.3312,43.6736],[12.336,43.6776],[12.3297,43.6986],[12.3305,43.708],[12.3457,43.709],[12.3573,43.702],[12.3695,43.7066],[12.37,43.713],[12.3377,43.7369],[12.3271,43.751],[12.3191,43.7546],[12.3014,43.756],[12.2838,43.7649],[12.2891,43.786],[12.2828,43.7897],[12.2862,43.7949],[12.3066,43.8],[12.3159,43.8056],[12.3498,43.7996],[12.3683,43.8129],[12.388,43.8168],[12.3985,43.8264],[12.3915,43.847],[12.3975,43.8674],[12.4036,43.8705],[12.4006,43.8728],[12.4035,43.8749],[12.4302,43.8717],[12.4323,43.8749],[12.4458,43.8712],[12.4556,43.8784],[12.4636,43.8952],[12.4874,43.8965],[12.4874,43.8855],[12.4937,43.8797],[12.5018,43.8754],[12.5182,43.881],[12.5191,43.8751],[12.543,43.8645],[12.5603,43.869],[12.5673,43.8824],[12.5725,43.8849],[12.5895,43.8856],[12.5894,43.8653],[12.6029,43.8619],[12.601,43.8505],[12.6051,43.8456],[12.6159,43.8465],[12.6189,43.8426],[12.61,43.8341],[12.6243,43.821],[12.6443,43.8269],[12.675,43.825],[12.6813,43.8281],[12.6784,43.8393],[12.6825,43.8529],[12.6963,43.8528],[12.7106,43.8596],[12.7219,43.861],[12.734,43.8703],[12.7227,43.8803],[12.7348,43.896],[12.7271,43.9117],[12.73,43.9131],[12.7287,43.9217],[12.7535,43.96],[12.7506,43.9685],[12.7976,43.9652],[12.8916,43.9237],[12.9073,43.923],[12.9836,43.8673],[13.0056,43.8546],[13.0207,43.8522],[13.1192,43.7832],[13.1727,43.7505],[13.1612,43.7428],[13.1275,43.7302],[13.1055,43.7267],[13.0976,43.7291],[13.0626,43.7233],[13.0727,43.7153],[13.0771,43.7014],[13.0698,43.693],[13.0387,43.6762],[13.0228,43.6745],[13.0154,43.6651],[13.0042,43.6583],[12.9862,43.6554],[12.988,43.6498],[12.9798,43.6262],[12.9614,43.5983],[12.9425,43.597],[12.9385,43.5915],[12.9284,43.5865],[12.923,43.5878],[12.9178,43.5824],[12.9217,43.575],[12.9073,43.5588],[12.8768,43.5361],[12.8453,43.5254],[12.8432,43.5183],[12.832,43.5101],[12.8059,43.5041],[12.7991,43.4947],[12.7991,43.4789],[12.7748,43.4719],[12.7674,43.4598],[12.7577,43.4587],[12.7437,43.4642],[12.7333,43.4636],[12.7153,43.4461],[12.7088,43.4258],[12.6865,43.4287],[12.6632,43.4368],[12.6356,43.4297],[12.6194,43.4166],[12.6228,43.423],[12.6171,43.429],[12.5646,43.4595],[12.5242,43.4962],[12.5177,43.5081],[12.5008,43.5196]],[[12.4078,43.6021],[12.4246,43.5925],[12.4334,43.5927],[12.4342,43.6],[12.4306,43.6064],[12.4235,43.6101],[12.4078,43.6021]]],[[[13.0902,43.7155],[13.0822,43.7111],[13.0786,43.7134],[13.0851,43.7188],[13.0902,43.7155]]],[[[13.0961,43.7214],[13.1015,43.7221],[13.0978,43.7179],[13.0909,43.717],[13.0871,43.7205],[13.0919,43.7244],[13.0961,43.7214]]]]}},{"type":"Feature","properties":{"s":"PV","n":"Pavia","r":"Lombardia","b":[8.4983,44.6799,9.5514,45.3938]},"geometry":{"type":"MultiPolygon","coordinates":[[[[8.6906,45.2925],[8.7161,45.3029],[8.7264,45.3323],[8.7248,45.3357],[8.7421,45.3321],[8.7429,45.3369],[8.7556,45.3445],[8.7604,45.3519],[8.7583,45.3546],[8.7607,45.3557],[8.7464,45.3552],[8.7211,45.3704],[8.7191,45.3781],[8.7281,45.3754],[8.7609,45.3765],[8.764,45.3773],[8.7624,45.3821],[8.765,45.3876],[8.7934,45.379],[8.8015,45.3792],[8.8119,45.3833],[8.8112,45.3891],[8.8429,45.3938],[8.8476,45.3903],[8.8498,45.3678],[8.8679,45.3574],[8.864,45.3512],[8.8659,45.3443],[8.9104,45.3326],[8.9063,45.3264],[8.9235,45.3169],[8.9313,45.3199],[8.942,45.316],[8.9446,45.2915],[8.9741,45.2736],[8.9829,45.265],[9.007,45.2781],[9.0151,45.2759],[9.0187,45.2806],[9.0152,45.2911],[8.9949,45.2957],[8.9923,45.301],[8.9987,45.3025],[8.9883,45.3216],[8.9917,45.3228],[9.0013,45.3199],[9.0202,45.326],[9.0317,45.3145],[9.0363,45.3036],[9.0287,45.307],[9.025,45.305],[9.0301,45.2965],[9.0364,45.3013],[9.0719,45.3064],[9.0699,45.3145],[9.0808,45.3158],[9.0736,45.308],[9.0799,45.3035],[9.1294,45.3111],[9.1347,45.3078],[9.1411,45.3096],[9.1513,45.2988],[9.178,45.2994],[9.1876,45.2922],[9.1986,45.2908],[9.2008,45.2911],[9.1937,45.295],[9.1821,45.3107],[9.1966,45.317],[9.2017,45.3348],[9.2192,45.3259],[9.2259,45.3265],[9.2315,45.3336],[9.246,45.3245],[9.2735,45.3246],[9.2872,45.3304],[9.3091,45.3279],[9.3218,45.3222],[9.3316,45.3122],[9.338,45.3146],[9.3346,45.3051],[9.3544,45.3015],[9.3576,45.2926],[9.343,45.2912],[9.3301,45.2982],[9.3229,45.2927],[9.3294,45.2883],[9.3338,45.2761],[9.3415,45.2713],[9.325,45.2688],[9.3155,45.2601],[9.3104,45.249],[9.3224,45.2441],[9.3279,45.2497],[9.358,45.2387],[9.3593,45.2456],[9.3514,45.2476],[9.3543,45.2498],[9.3713,45.244],[9.3811,45.2302],[9.3909,45.2317],[9.3919,45.227],[9.3873,45.224],[9.3923,45.2186],[9.3976,45.2185],[9.4022,45.2019],[9.406,45.2008],[9.4093,45.2049],[9.4172,45.2059],[9.4211,45.2027],[9.4211,45.1948],[9.4286,45.1994],[9.4322,45.1961],[9.4321,45.1916],[9.4277,45.1882],[9.4296,45.1845],[9.4385,45.1876],[9.4568,45.1833],[9.469,45.1686],[9.4775,45.1657],[9.4783,45.1615],[9.5316,45.1654],[9.5311,45.1619],[9.5442,45.1532],[9.5429,45.1374],[9.5487,45.1327],[9.5372,45.1261],[9.5358,45.122],[9.5513,45.0921],[9.5437,45.0839],[9.53,45.0784],[9.5015,45.1036],[9.4677,45.0949],[9.439,45.0934],[9.4356,45.0818],[9.4122,45.0836],[9.4126,45.0789],[9.4064,45.0732],[9.3924,45.0662],[9.3708,45.0482],[9.3756,45.0404],[9.3694,45.0237],[9.3756,45.0199],[9.3659,45.003],[9.3614,45.0001],[9.3532,45.001],[9.3463,44.9959],[9.3355,44.9747],[9.3375,44.9654],[9.3246,44.956],[9.3215,44.944],[9.3145,44.9368],[9.2863,44.934],[9.2853,44.9302],[9.293,44.9205],[9.2774,44.8956],[9.2928,44.8903],[9.2901,44.8822],[9.3087,44.8759],[9.3224,44.8797],[9.3265,44.8729],[9.3424,44.8673],[9.3503,44.837],[9.3631,44.8224],[9.3577,44.8146],[9.3458,44.8075],[9.3284,44.7995],[9.3215,44.8],[9.3179,44.7862],[9.287,44.7725],[9.2847,44.7671],[9.2882,44.7574],[9.3212,44.7434],[9.3326,44.735],[9.3259,44.7231],[9.3172,44.7195],[9.3085,44.7056],[9.3154,44.6974],[9.3262,44.6938],[9.3251,44.6907],[9.3056,44.6883],[9.2985,44.681],[9.2876,44.6802],[9.2858,44.6845],[9.2786,44.6856],[9.266,44.684],[9.2595,44.6799],[9.2543,44.6921],[9.2351,44.7164],[9.2323,44.7033],[9.2421,44.6875],[9.2238,44.6834],[9.202,44.686],[9.2072,44.7055],[9.2028,44.7221],[9.211,44.7345],[9.2136,44.7523],[9.1942,44.7568],[9.1717,44.7717],[9.1735,44.7961],[9.1597,44.8063],[9.161,44.8147],[9.156,44.8154],[9.1467,44.809],[9.1261,44.8062],[9.107,44.8105],[9.0951,44.819],[9.0799,44.8142],[9.0723,44.8175],[9.075,44.823],[9.0729,44.828],[9.0641,44.8302],[9.0645,44.8331],[9.049,44.8499],[9.0676,44.8601],[9.07,44.8652],[9.0552,44.8889],[9.0304,44.8885],[9.0184,44.9008],[9.0062,44.9037],[9.0013,44.9082],[8.9983,44.9179],[8.9772,44.9401],[8.9696,44.9435],[8.9783,44.9568],[8.9781,44.9672],[8.9606,44.9873],[8.9445,44.9871],[8.9436,44.9845],[8.9256,44.9822],[8.9254,44.9847],[8.9169,44.9881],[8.9013,45.0078],[8.9044,45.0296],[8.9022,45.0379],[8.8951,45.0404],[8.9002,45.0436],[8.8916,45.0513],[8.8857,45.0506],[8.8811,45.0541],[8.8874,45.0598],[8.8809,45.0603],[8.8636,45.0494],[8.8605,45.0512],[8.8309,45.0427],[8.8254,45.044],[8.8099,45.0343],[8.7962,45.0358],[8.7944,45.0326],[8.8023,45.0261],[8.7983,45.0211],[8.7915,45.0199],[8.7777,45.0237],[8.7787,45.0132],[8.7713,45.0067],[8.7617,45.0121],[8.7479,45.0091],[8.7482,45.0132],[8.7541,45.0153],[8.7505,45.0207],[8.7438,45.0237],[8.728,45.0228],[8.7101,45.0383],[8.705,45.0371],[8.7008,45.0265],[8.695,45.0232],[8.6817,45.0288],[8.6729,45.0279],[8.6592,45.0179],[8.652,45.0237],[8.657,45.0284],[8.6526,45.0343],[8.6347,45.041],[8.6406,45.0445],[8.6452,45.057],[8.6421,45.0605],[8.6447,45.0609],[8.6373,45.0661],[8.646,45.0753],[8.6397,45.0775],[8.6303,45.0882],[8.6224,45.0905],[8.6234,45.0983],[8.6091,45.1069],[8.6118,45.1275],[8.5901,45.133],[8.5865,45.1467],[8.582,45.151],[8.5544,45.1574],[8.5524,45.1593],[8.555,45.1643],[8.543,45.173],[8.5455,45.1829],[8.5624,45.1945],[8.5812,45.2022],[8.5717,45.2059],[8.5569,45.2052],[8.5506,45.2012],[8.5512,45.196],[8.528,45.1946],[8.5252,45.1999],[8.548,45.2041],[8.5366,45.215],[8.5232,45.2216],[8.5271,45.2292],[8.5392,45.2301],[8.5437,45.234],[8.5291,45.2395],[8.5487,45.238],[8.5554,45.2388],[8.5562,45.2414],[8.5378,45.2431],[8.5225,45.2492],[8.5228,45.2546],[8.5309,45.2537],[8.536,45.2476],[8.5434,45.2533],[8.533,45.2581],[8.5362,45.2627],[8.5327,45.2653],[8.5361,45.2722],[8.5351,45.2778],[8.5224,45.2791],[8.5233,45.2744],[8.5141,45.2743],[8.5131,45.2803],[8.5183,45.2868],[8.512,45.291],[8.4983,45.2922],[8.5135,45.3133],[8.5198,45.3118],[8.534,45.3185],[8.5379,45.3172],[8.5264,45.3422],[8.542,45.3478],[8.5538,45.3615],[8.5572,45.3533],[8.571,45.3486],[8.5908,45.3519],[8.5991,45.3486],[8.6135,45.3545],[8.6252,45.3518],[8.6323,45.3464],[8.6317,45.3384],[8.6557,45.3257],[8.6593,45.3147],[8.6589,45.3037],[8.6649,45.2928],[8.6906,45.2925]],[[9.2897,44.7012],[9.3017,44.7031],[9.2928,44.7059],[9.2897,44.7012]],[[9.2992,44.6925],[9.3041,44.6937],[9.3042,44.6966],[9.2992,44.6925]]]]}},{"type":"Feature","properties":{"s":"PZ","n":"Potenza","r":"Basilicata","b":[15.335,39.8948,16.3988,41.1399]},"geometry":{"type":"MultiPolygon","coordinates":[[[[16.0482,40.6356],[16.0525,40.6289],[16.0708,40.6206],[16.0819,40.6006],[16.098,40.5964],[16.1148,40.5831],[16.121,40.5836],[16.1052,40.56],[16.0757,40.5446],[16.1163,40.5007],[16.1114,40.4923],[16.0961,40.4857],[16.0968,40.4824],[16.1163,40.4591],[16.1415,40.4525],[16.1341,40.4448],[16.1279,40.4303],[16.1147,40.4295],[16.1095,40.4263],[16.1051,40.42],[16.1059,40.4106],[16.1131,40.4031],[16.1131,40.3989],[16.1186,40.3979],[16.1539,40.3745],[16.1555,40.3635],[16.166,40.3475],[16.1634,40.3385],[16.1749,40.3384],[16.1753,40.3308],[16.1832,40.3277],[16.1891,40.3205],[16.1884,40.3169],[16.171,40.3181],[16.1631,40.3115],[16.1707,40.3092],[16.1728,40.2997],[16.188,40.2901],[16.1955,40.2654],[16.2417,40.2665],[16.2575,40.2742],[16.2822,40.269],[16.3055,40.272],[16.3189,40.2797],[16.3334,40.3045],[16.3522,40.3098],[16.3756,40.3104],[16.3748,40.2964],[16.364,40.2879],[16.3714,40.2779],[16.3727,40.2706],[16.3677,40.2624],[16.3698,40.2498],[16.3621,40.2437],[16.3587,40.2245],[16.349,40.2155],[16.3491,40.2047],[16.3594,40.1862],[16.3703,40.1837],[16.3973,40.167],[16.3933,40.1623],[16.3965,40.1538],[16.3835,40.1516],[16.3691,40.1402],[16.3618,40.1383],[16.3505,40.1233],[16.3594,40.1192],[16.3536,40.117],[16.3756,40.109],[16.3553,40.0909],[16.361,40.0881],[16.3663,40.0944],[16.3736,40.0924],[16.3625,40.0727],[16.3831,40.0813],[16.3804,40.0737],[16.3838,40.0627],[16.3988,40.0554],[16.3932,40.0407],[16.3986,40.0179],[16.3906,40.0027],[16.3763,39.9886],[16.3608,39.9664],[16.3621,39.9602],[16.3581,39.9541],[16.3469,39.9494],[16.3399,39.9373],[16.3398,39.9329],[16.3477,39.9249],[16.3597,39.9196],[16.3552,39.9018],[16.3514,39.899],[16.3428,39.9029],[16.3162,39.9291],[16.3054,39.9335],[16.2833,39.9309],[16.2667,39.9349],[16.2336,39.9247],[16.2203,39.928],[16.2143,39.9266],[16.2194,39.9176],[16.2147,39.896],[16.158,39.9197],[16.138,39.9014],[16.1284,39.9062],[16.1014,39.9064],[16.081,39.8963],[16.0547,39.8985],[16.049,39.8948],[16.0415,39.9121],[16.0165,39.9258],[16.0219,39.9341],[16.014,39.9406],[16.0069,39.9581],[16.021,39.9758],[16.0282,39.9771],[16.0339,39.9834],[16.0302,39.9935],[16.017,39.9964],[16.0083,39.9964],[16.0022,39.9882],[15.9782,39.9837],[15.9685,39.9917],[15.928,40.0011],[15.8978,39.9817],[15.8897,39.9946],[15.8786,39.9962],[15.8684,39.988],[15.8477,40.0059],[15.8201,40.0019],[15.8189,39.9969],[15.8019,39.9827],[15.7948,39.9714],[15.7728,39.9603],[15.7713,39.946],[15.7635,39.9279],[15.7559,39.9236],[15.7505,39.9334],[15.7409,39.9371],[15.7362,39.9423],[15.7324,39.9624],[15.7104,39.9864],[15.6956,39.999],[15.684,40.0037],[15.6751,40.0146],[15.6753,40.03],[15.6645,40.0396],[15.6445,40.0416],[15.6763,40.0557],[15.6758,40.0642],[15.6686,40.0732],[15.6515,40.0783],[15.677,40.0845],[15.7058,40.1177],[15.7032,40.1232],[15.7094,40.1386],[15.7015,40.1534],[15.7011,40.1606],[15.7159,40.1688],[15.7125,40.1784],[15.728,40.1859],[15.7313,40.1993],[15.7392,40.2028],[15.7512,40.2018],[15.7732,40.2168],[15.7899,40.2176],[15.7957,40.2219],[15.7972,40.2248],[15.7905,40.2293],[15.7878,40.2374],[15.7907,40.2441],[15.8039,40.2507],[15.7996,40.2678],[15.8061,40.2738],[15.7897,40.29],[15.7669,40.2941],[15.765,40.2984],[15.7476,40.2992],[15.7269,40.3154],[15.7262,40.3223],[15.7047,40.3422],[15.7044,40.3637],[15.7092,40.3692],[15.7098,40.3759],[15.7006,40.3838],[15.671,40.3983],[15.6627,40.3925],[15.648,40.414],[15.5867,40.4436],[15.59,40.4475],[15.5806,40.4578],[15.5759,40.4696],[15.5389,40.488],[15.5352,40.4996],[15.5505,40.5092],[15.5353,40.5223],[15.54,40.5244],[15.542,40.5324],[15.5288,40.5564],[15.5393,40.5681],[15.5326,40.573],[15.5199,40.5705],[15.5153,40.5735],[15.515,40.5802],[15.5101,40.5857],[15.4909,40.5868],[15.4838,40.5936],[15.474,40.5927],[15.4641,40.6036],[15.4495,40.6091],[15.4649,40.6279],[15.4675,40.6389],[15.4894,40.6462],[15.4988,40.653],[15.5036,40.6637],[15.489,40.6677],[15.4872,40.6728],[15.4695,40.6737],[15.4431,40.6888],[15.4304,40.6921],[15.4099,40.7129],[15.3925,40.7175],[15.3815,40.7241],[15.3833,40.7359],[15.3791,40.7509],[15.3837,40.7636],[15.3911,40.7672],[15.3813,40.7817],[15.3877,40.7935],[15.3861,40.7972],[15.3774,40.7949],[15.3661,40.8005],[15.3794,40.8062],[15.3805,40.8109],[15.3665,40.8121],[15.3567,40.8236],[15.335,40.8349],[15.361,40.8392],[15.3773,40.836],[15.3741,40.8601],[15.378,40.8676],[15.3665,40.8719],[15.3552,40.8709],[15.3542,40.8827],[15.3726,40.8857],[15.3881,40.8756],[15.4027,40.8816],[15.4287,40.8796],[15.4443,40.877],[15.4537,40.8682],[15.4608,40.8672],[15.473,40.8743],[15.4676,40.8896],[15.5272,40.9078],[15.5285,40.9138],[15.5349,40.9197],[15.5437,40.9477],[15.5656,40.9673],[15.5683,40.9756],[15.5696,41.002],[15.5588,41.0216],[15.5632,41.0308],[15.5532,41.0379],[15.5483,41.0526],[15.5429,41.0559],[15.5423,41.0671],[15.5393,41.0704],[15.5534,41.0775],[15.5597,41.0882],[15.5857,41.0983],[15.6133,41.0982],[15.6308,41.0967],[15.6473,41.0896],[15.6561,41.0912],[15.6841,41.0867],[15.7203,41.0901],[15.7301,41.098],[15.7394,41.0994],[15.7526,41.0973],[15.7684,41.0832],[15.7829,41.0897],[15.7882,41.0907],[15.7906,41.0878],[15.7978,41.091],[15.8036,41.1109],[15.8167,41.1181],[15.8251,41.1184],[15.8317,41.1291],[15.8386,41.1301],[15.8391,41.1245],[15.845,41.1243],[15.8472,41.1297],[15.8546,41.1331],[15.865,41.131],[15.8703,41.1399],[15.8777,41.1377],[15.8944,41.1233],[15.9008,41.1264],[15.9214,41.1115],[15.9318,41.109],[15.9375,41.1136],[15.9541,41.1094],[15.96,41.1001],[15.9541,41.0931],[15.9777,41.0933],[15.983,41.0887],[15.9802,41.0816],[15.9823,41.0774],[15.9987,41.0548],[16.0094,41.0572],[16.0269,41.0479],[16.0399,41.0341],[16.0405,41.0284],[16.0279,41.0241],[16.0276,41.0116],[16.0316,41.0007],[16.027,40.9912],[16.0084,40.9721],[15.9837,40.97],[15.9718,40.9721],[15.9766,40.9585],[16.038,40.9397],[16.0618,40.9285],[16.0919,40.921],[16.1211,40.8977],[16.1232,40.9016],[16.1343,40.9066],[16.1381,40.9184],[16.1487,40.9235],[16.1556,40.9227],[16.163,40.9286],[16.2025,40.9175],[16.214,40.905],[16.2262,40.881],[16.231,40.8569],[16.2441,40.838],[16.2124,40.8284],[16.2032,40.8211],[16.1688,40.8057],[16.134,40.8016],[16.1221,40.797],[16.1213,40.776],[16.1149,40.7676],[16.121,40.7631],[16.1347,40.742],[16.1491,40.731],[16.1512,40.7192],[16.1474,40.7152],[16.1475,40.6992],[16.1459,40.6957],[16.1283,40.6947],[16.1039,40.6747],[16.0853,40.6683],[16.0797,40.6629],[16.0609,40.6606],[16.0561,40.6564],[16.0482,40.6356]],[[15.984,40.6058],[15.9807,40.6225],[15.9812,40.6488],[15.9733,40.6459],[15.9536,40.6484],[15.9414,40.6379],[15.9516,40.6268],[15.9517,40.615],[15.9548,40.6108],[15.976,40.6048],[15.984,40.6058]]]]}},{"type":"Feature","properties":{"s":"RA","n":"Ravenna","r":"Emilia-Romagna","b":[11.5249,44.1009,12.3839,44.6284]},"geometry":{"type":"Polygon","coordinates":[[[11.8839,44.5792],[12.0022,44.6002],[12.0072,44.5969],[12.006,44.5845],[12.027,44.5768],[12.031,44.5693],[12.0283,44.5604],[12.0595,44.5485],[12.0661,44.5494],[12.0677,44.5586],[12.076,44.5613],[12.0913,44.5591],[12.1162,44.5469],[12.1538,44.5485],[12.237,44.6205],[12.2609,44.6237],[12.2678,44.6284],[12.2747,44.6176],[12.2819,44.5916],[12.2833,44.5586],[12.2797,44.519],[12.2843,44.5003],[12.2938,44.4889],[12.2859,44.486],[12.289,44.4641],[12.3151,44.4066],[12.326,44.3585],[12.3428,44.3188],[12.3572,44.2706],[12.3839,44.2246],[12.3493,44.1907],[12.2802,44.2332],[12.2471,44.2308],[12.2376,44.2175],[12.2283,44.2169],[12.2264,44.2136],[12.2159,44.217],[12.2159,44.2206],[12.2073,44.2205],[12.201,44.2282],[12.21,44.238],[12.2088,44.2556],[12.1854,44.2518],[12.1756,44.2425],[12.1032,44.272],[12.108,44.2884],[12.0869,44.3005],[12.0762,44.2987],[12.0611,44.3031],[12.0499,44.3115],[12.0483,44.3205],[12.0421,44.3284],[12.0356,44.3308],[12.0274,44.3267],[12.0223,44.3155],[12.0055,44.2996],[11.9789,44.2598],[11.9558,44.2405],[11.9434,44.2358],[11.9262,44.241],[11.9283,44.2156],[11.9135,44.2079],[11.906,44.1942],[11.8988,44.1895],[11.8886,44.1707],[11.8322,44.1974],[11.8164,44.199],[11.8067,44.1994],[11.7781,44.1809],[11.7714,44.1989],[11.7525,44.193],[11.7452,44.1826],[11.7276,44.1689],[11.7197,44.1572],[11.7211,44.1376],[11.7159,44.1225],[11.6817,44.1227],[11.6732,44.1134],[11.6526,44.1009],[11.6387,44.1115],[11.6141,44.1192],[11.6008,44.1186],[11.5846,44.1122],[11.5878,44.1237],[11.5997,44.1252],[11.6036,44.1372],[11.6167,44.1434],[11.6154,44.1583],[11.5775,44.1614],[11.5641,44.1675],[11.5525,44.1653],[11.5527,44.1593],[11.5448,44.1526],[11.5249,44.1577],[11.5294,44.1717],[11.5354,44.1791],[11.5356,44.1904],[11.5617,44.1855],[11.5617,44.1892],[11.5491,44.205],[11.5528,44.2151],[11.5513,44.2191],[11.5557,44.2231],[11.5656,44.2183],[11.5778,44.2249],[11.5769,44.2285],[11.5838,44.2338],[11.627,44.2478],[11.6343,44.2578],[11.6322,44.2631],[11.6396,44.2712],[11.6654,44.2787],[11.6656,44.2828],[11.6715,44.2882],[11.6677,44.3119],[11.6728,44.3155],[11.6976,44.3093],[11.6973,44.3046],[11.6916,44.2984],[11.6914,44.2906],[11.7022,44.2881],[11.7089,44.2903],[11.7137,44.2982],[11.7352,44.308],[11.7532,44.3234],[11.7587,44.3322],[11.7691,44.3331],[11.7768,44.338],[11.789,44.3538],[11.7876,44.3601],[11.8007,44.3691],[11.8144,44.3935],[11.8401,44.4165],[11.8419,44.422],[11.8394,44.4236],[11.8273,44.4177],[11.7813,44.4363],[11.7989,44.4608],[11.7806,44.4676],[11.7953,44.4846],[11.7498,44.4976],[11.7631,44.5104],[11.7787,44.5035],[11.7891,44.5543],[11.8319,44.5616],[11.8496,44.5561],[11.8603,44.5598],[11.8636,44.5699],[11.8705,44.5776],[11.8839,44.5792]]]}},{"type":"Feature","properties":{"s":"RC","n":"Reggio Calabria","r":"Calabria","b":[15.6302,37.9161,16.5832,38.5738]},"geometry":{"type":"MultiPolygon","coordinates":[[[[16.1485,38.0569],[16.1429,38.0436],[16.1434,38.0292],[16.1142,37.978],[16.0966,37.956],[16.0645,37.9256],[16.0474,37.9222],[16.0198,37.9226],[15.9953,37.9167],[15.9531,37.921],[15.9202,37.9297],[15.883,37.9269],[15.8398,37.9192],[15.8114,37.9202],[15.7732,37.9161],[15.7612,37.9171],[15.7458,37.9254],[15.7333,37.9257],[15.7079,37.9379],[15.6963,37.9493],[15.6777,37.9545],[15.6459,37.9914],[15.6371,38.0062],[15.6344,38.0199],[15.6527,38.0291],[15.6572,38.0401],[15.6482,38.0536],[15.6519,38.0662],[15.6348,38.0755],[15.6302,38.0932],[15.6309,38.1022],[15.6479,38.1161],[15.6481,38.122],[15.6563,38.135],[15.6507,38.1592],[15.6398,38.1701],[15.6414,38.1794],[15.634,38.1858],[15.6328,38.2223],[15.6352,38.2301],[15.6687,38.2395],[15.6791,38.2469],[15.6929,38.2511],[15.7139,38.2548],[15.7291,38.2528],[15.7502,38.2574],[15.7935,38.2801],[15.8147,38.2988],[15.8249,38.3149],[15.833,38.3561],[15.8595,38.3823],[15.863,38.3892],[15.8605,38.3918],[15.876,38.4223],[15.8902,38.4388],[15.9019,38.4394],[15.9076,38.4451],[15.9021,38.4464],[15.9079,38.4605],[15.9164,38.4704],[15.911,38.4726],[15.8993,38.4474],[15.8918,38.4454],[15.8984,38.4515],[15.9095,38.475],[15.9186,38.5068],[15.9508,38.5141],[15.9547,38.5238],[15.9588,38.5255],[15.9797,38.5221],[15.9863,38.5175],[15.9905,38.5214],[16.0045,38.5167],[16.0254,38.532],[16.038,38.5327],[16.045,38.5439],[16.0607,38.5501],[16.0607,38.5532],[16.0699,38.5492],[16.0705,38.5571],[16.0763,38.562],[16.08,38.5621],[16.0979,38.548],[16.1014,38.5408],[16.1103,38.5436],[16.1201,38.5369],[16.1334,38.5355],[16.1598,38.5166],[16.1795,38.5101],[16.1932,38.4978],[16.2109,38.4968],[16.2333,38.5008],[16.2535,38.4844],[16.266,38.4652],[16.2691,38.4543],[16.2662,38.446],[16.2814,38.4393],[16.295,38.4374],[16.3016,38.4306],[16.3127,38.4335],[16.3529,38.4307],[16.363,38.4358],[16.3694,38.4339],[16.3784,38.4434],[16.3921,38.4442],[16.3928,38.4479],[16.3823,38.4599],[16.3818,38.4663],[16.3884,38.4696],[16.3867,38.4763],[16.3827,38.4799],[16.374,38.4807],[16.3556,38.4953],[16.3452,38.5202],[16.3503,38.5231],[16.3493,38.5374],[16.3597,38.5433],[16.3619,38.5502],[16.3597,38.554],[16.363,38.5605],[16.3826,38.5664],[16.3915,38.5738],[16.44,38.5384],[16.4195,38.5274],[16.4233,38.5238],[16.4221,38.5203],[16.4079,38.5221],[16.4067,38.5148],[16.4094,38.5122],[16.4204,38.5103],[16.4556,38.5126],[16.4709,38.5034],[16.4862,38.4996],[16.4867,38.4969],[16.4802,38.4921],[16.541,38.4633],[16.5485,38.4723],[16.5604,38.4686],[16.5658,38.4712],[16.582,38.4701],[16.5819,38.452],[16.5708,38.4267],[16.4955,38.359],[16.4529,38.3341],[16.3656,38.3072],[16.3433,38.3031],[16.318,38.2881],[16.3088,38.2755],[16.2849,38.2548],[16.2715,38.2378],[16.1927,38.1578],[16.1652,38.1358],[16.1613,38.1281],[16.1485,38.0569]]]]}},{"type":"Feature","properties":{"s":"RE","n":"Reggio nell'Emilia","r":"Emilia-Romagna","b":[10.142,44.2261,10.898,44.992]},"geometry":{"type":"Polygon","coordinates":[[[10.6682,44.4678],[10.6554,44.4553],[10.6535,44.4483],[10.6556,44.4395],[10.6507,44.433],[10.6315,44.4208],[10.6215,44.4059],[10.624,44.3908],[10.6142,44.3748],[10.5947,44.363],[10.5512,44.3598],[10.5277,44.35],[10.5253,44.328],[10.5116,44.3026],[10.516,44.2822],[10.5071,44.2713],[10.487,44.263],[10.4848,44.2357],[10.4701,44.2261],[10.4664,44.2297],[10.4308,44.2266],[10.414,44.2358],[10.4074,44.2493],[10.377,44.2671],[10.3606,44.2715],[10.3371,44.2715],[10.3141,44.2788],[10.3071,44.2843],[10.2964,44.2852],[10.2539,44.2686],[10.237,44.2816],[10.2263,44.3],[10.2181,44.3047],[10.2124,44.3028],[10.2069,44.3051],[10.1992,44.3139],[10.1877,44.317],[10.1849,44.3215],[10.1679,44.3299],[10.1599,44.3447],[10.142,44.3539],[10.1498,44.3706],[10.1599,44.3808],[10.1669,44.3844],[10.1888,44.3873],[10.2089,44.3959],[10.2238,44.4104],[10.2317,44.4302],[10.2554,44.4523],[10.2698,44.4581],[10.2854,44.46],[10.3316,44.4848],[10.332,44.4952],[10.3388,44.5038],[10.3385,44.5162],[10.3425,44.5257],[10.3534,44.53],[10.3633,44.5429],[10.3848,44.5489],[10.4008,44.5616],[10.4024,44.5754],[10.3991,44.5855],[10.4024,44.593],[10.4026,44.6164],[10.4111,44.6221],[10.4168,44.6416],[10.4138,44.6659],[10.4293,44.695],[10.4473,44.7193],[10.4454,44.7271],[10.4252,44.7394],[10.4297,44.7531],[10.4235,44.7982],[10.4314,44.7999],[10.4375,44.8058],[10.441,44.824],[10.455,44.8311],[10.4535,44.8445],[10.4647,44.856],[10.4663,44.8741],[10.4706,44.8756],[10.4656,44.8871],[10.4609,44.8896],[10.4634,44.8967],[10.4762,44.9017],[10.4868,44.9019],[10.4946,44.9098],[10.493,44.9129],[10.5043,44.9224],[10.5199,44.9127],[10.5686,44.9083],[10.5988,44.9147],[10.6202,44.9246],[10.6279,44.9242],[10.6394,44.9394],[10.6503,44.9481],[10.6647,44.9689],[10.6789,44.9764],[10.6867,44.9866],[10.696,44.9745],[10.688,44.9656],[10.6947,44.9619],[10.7108,44.9731],[10.7132,44.9861],[10.7302,44.9919],[10.7411,44.9809],[10.7482,44.9627],[10.7428,44.9539],[10.7446,44.9489],[10.8088,44.9361],[10.8192,44.9368],[10.8401,44.9319],[10.8477,44.9257],[10.8654,44.9296],[10.866,44.9236],[10.874,44.9218],[10.8766,44.9171],[10.898,44.9218],[10.8897,44.9175],[10.8771,44.9019],[10.8774,44.8932],[10.881,44.8894],[10.8808,44.8706],[10.8729,44.8658],[10.8501,44.8665],[10.844,44.8546],[10.8363,44.8484],[10.8374,44.8443],[10.815,44.8072],[10.8368,44.7978],[10.8398,44.7932],[10.8338,44.7755],[10.8155,44.7548],[10.8177,44.7487],[10.8154,44.7416],[10.8198,44.7297],[10.8062,44.6975],[10.8173,44.6918],[10.8129,44.6612],[10.8153,44.6565],[10.7964,44.6525],[10.7932,44.6387],[10.7825,44.63],[10.7862,44.6216],[10.7868,44.606],[10.7672,44.5435],[10.7427,44.5125],[10.7297,44.5009],[10.7026,44.488],[10.6872,44.4736],[10.6682,44.4678]]]}},{"type":"Feature","properties":{"s":"RG","n":"Ragusa","r":"Sicilia","b":[14.3379,36.6857,15.0004,37.1396]},"geometry":{"type":"MultiPolygon","coordinates":[[[[14.3379,37.0016],[14.3654,37.005],[14.39,37.0247],[14.4131,37.0296],[14.4459,37.0548],[14.471,37.0505],[14.5302,37.0747],[14.534,37.0754],[14.5329,37.0653],[14.5441,37.053],[14.5507,37.0562],[14.5684,37.0526],[14.5842,37.0694],[14.6076,37.0839],[14.612,37.0914],[14.6204,37.0793],[14.6416,37.0858],[14.6494,37.1013],[14.6603,37.1067],[14.6767,37.1012],[14.6836,37.1101],[14.7107,37.1256],[14.7288,37.1168],[14.725,37.102],[14.7274,37.096],[14.7438,37.101],[14.7651,37.0957],[14.7655,37.0993],[14.7709,37.1022],[14.7891,37.1084],[14.7925,37.1051],[14.7957,37.1064],[14.7845,37.1156],[14.7734,37.1333],[14.7754,37.1395],[14.7854,37.1363],[14.801,37.1254],[14.795,37.1136],[14.803,37.1102],[14.8181,37.112],[14.8172,37.1026],[14.8222,37.0896],[14.8198,37.0807],[14.8431,37.0607],[14.8376,37.0596],[14.8285,37.0679],[14.8249,37.0676],[14.8182,37.0597],[14.8183,37.054],[14.8317,37.0492],[14.8379,37.0551],[14.8401,37.0387],[14.8531,37.0353],[14.8565,37.0228],[14.8865,36.9898],[14.8883,36.9641],[14.9075,36.9393],[14.9186,36.9355],[14.9205,36.9274],[14.9321,36.9146],[14.9378,36.9032],[14.9357,36.8988],[14.8607,36.9576],[14.857,36.9666],[14.8606,36.9743],[14.8469,36.9758],[14.837,36.9731],[14.8392,36.9465],[14.8654,36.9439],[14.8968,36.9253],[14.8915,36.9207],[14.8775,36.9194],[14.8841,36.8988],[14.8998,36.8896],[14.9151,36.8862],[14.9208,36.8779],[14.9386,36.8637],[14.9292,36.8498],[14.9216,36.8488],[14.8971,36.8591],[14.8862,36.8682],[14.8701,36.8705],[14.861,36.8569],[14.865,36.8507],[14.8599,36.8315],[14.8538,36.828],[14.8625,36.8159],[14.8679,36.8214],[14.8869,36.8248],[14.9023,36.814],[14.9235,36.8138],[14.9412,36.8055],[14.9401,36.8002],[14.9432,36.7964],[14.9536,36.8034],[14.9852,36.7807],[14.9922,36.7615],[14.9859,36.7514],[14.9958,36.7381],[14.999,36.7202],[14.9967,36.7089],[15.0004,36.7028],[14.9732,36.6928],[14.9566,36.6941],[14.9103,36.7243],[14.8769,36.7311],[14.8489,36.7274],[14.8318,36.7176],[14.8283,36.7122],[14.8167,36.7169],[14.7982,36.7072],[14.781,36.7037],[14.7826,36.7066],[14.7776,36.7108],[14.7577,36.7104],[14.7557,36.7154],[14.7466,36.7201],[14.7272,36.7214],[14.7078,36.7178],[14.6913,36.7208],[14.6716,36.7417],[14.6499,36.7508],[14.6391,36.7611],[14.6024,36.7695],[14.5883,36.777],[14.5551,36.7825],[14.5313,36.7805],[14.5142,36.7879],[14.493,36.7866],[14.467,36.8146],[14.4637,36.8168],[14.46,36.8147],[14.4564,36.8397],[14.4359,36.8849],[14.425,36.8926],[14.4205,36.9061],[14.3829,36.9562],[14.3379,37.0016]]]]}},{"type":"Feature","properties":{"s":"RI","n":"Rieti","r":"Lazio","b":[12.4364,42.0893,13.4094,42.7409]},"geometry":{"type":"Polygon","coordinates":[[[13.1892,42.7336],[13.2542,42.7215],[13.2645,42.7402],[13.288,42.7385],[13.2946,42.7306],[13.3185,42.7234],[13.3419,42.7015],[13.3578,42.6941],[13.3509,42.6824],[13.3488,42.6686],[13.3686,42.6517],[13.4028,42.6446],[13.4094,42.6402],[13.4054,42.6283],[13.3947,42.6217],[13.3904,42.6085],[13.391,42.5933],[13.394,42.5913],[13.3845,42.586],[13.3818,42.581],[13.3446,42.5758],[13.3217,42.5786],[13.2933,42.5695],[13.2845,42.5816],[13.2794,42.5833],[13.2533,42.5812],[13.2459,42.5727],[13.2191,42.5824],[13.1914,42.5875],[13.1923,42.578],[13.1743,42.5675],[13.1761,42.5529],[13.1735,42.5454],[13.1666,42.5404],[13.1558,42.5401],[13.1578,42.5284],[13.1669,42.5155],[13.1778,42.5126],[13.1714,42.4851],[13.1784,42.4793],[13.1541,42.4623],[13.14,42.4627],[13.1162,42.4439],[13.1387,42.4313],[13.1552,42.4142],[13.1892,42.4002],[13.1942,42.3892],[13.1894,42.3811],[13.1533,42.357],[13.1716,42.3487],[13.1914,42.3323],[13.2265,42.3193],[13.2289,42.2872],[13.2426,42.2689],[13.2567,42.2648],[13.2698,42.2551],[13.2745,42.2436],[13.2828,42.2369],[13.2972,42.2311],[13.3199,42.2296],[13.3271,42.2238],[13.3356,42.2224],[13.3387,42.2155],[13.3319,42.2082],[13.3415,42.1984],[13.352,42.1914],[13.3743,42.187],[13.3799,42.1804],[13.3424,42.1768],[13.3546,42.1674],[13.3273,42.1639],[13.3227,42.161],[13.3283,42.1547],[13.3175,42.1537],[13.3053,42.1383],[13.2849,42.1343],[13.2695,42.1375],[13.2488,42.1274],[13.2372,42.1291],[13.2233,42.1433],[13.2057,42.1484],[13.1954,42.1578],[13.1833,42.1589],[13.1781,42.1534],[13.1697,42.1507],[13.1199,42.1767],[13.0871,42.1779],[13.0868,42.1732],[13.0935,42.1665],[13.0935,42.1607],[13.0859,42.1439],[13.0649,42.1267],[13.039,42.1174],[13.0308,42.1221],[13.0306,42.1154],[13.0167,42.1166],[13.0112,42.1211],[12.999,42.1234],[12.9933,42.1291],[12.9784,42.1304],[12.9674,42.1201],[12.9568,42.0973],[12.9486,42.0893],[12.9307,42.1084],[12.919,42.115],[12.9087,42.1136],[12.8967,42.1005],[12.8856,42.1005],[12.8845,42.1042],[12.8668,42.1036],[12.8608,42.126],[12.8483,42.1384],[12.8495,42.1433],[12.8073,42.1571],[12.8005,42.1567],[12.7968,42.1618],[12.7806,42.1668],[12.7791,42.1707],[12.7883,42.173],[12.7952,42.1806],[12.7883,42.1861],[12.7682,42.1884],[12.7571,42.1836],[12.7373,42.1667],[12.7234,42.1657],[12.7163,42.1548],[12.7109,42.153],[12.6954,42.1523],[12.6724,42.1591],[12.6556,42.1507],[12.6482,42.1515],[12.6453,42.1644],[12.6343,42.1705],[12.6275,42.1708],[12.6136,42.1811],[12.6132,42.202],[12.621,42.206],[12.6372,42.208],[12.6406,42.2361],[12.6341,42.2389],[12.6271,42.2485],[12.6057,42.2601],[12.6058,42.2741],[12.5787,42.2641],[12.5763,42.2705],[12.5846,42.2806],[12.5839,42.2839],[12.5747,42.2849],[12.5756,42.2733],[12.5625,42.2714],[12.5585,42.2734],[12.5573,42.2896],[12.5504,42.2931],[12.5355,42.296],[12.526,42.2919],[12.5069,42.2972],[12.4891,42.2962],[12.4762,42.3137],[12.4892,42.3195],[12.4815,42.3249],[12.4693,42.3274],[12.4622,42.3371],[12.4632,42.3445],[12.4747,42.3523],[12.4748,42.3569],[12.463,42.3544],[12.4546,42.3574],[12.4589,42.3686],[12.4576,42.3806],[12.4389,42.3837],[12.4364,42.3872],[12.4422,42.3926],[12.4379,42.3958],[12.4447,42.3988],[12.4645,42.3961],[12.4745,42.3875],[12.4858,42.3925],[12.4881,42.3987],[12.5111,42.4036],[12.5182,42.3973],[12.5134,42.3928],[12.5131,42.3845],[12.5177,42.3691],[12.53,42.3642],[12.546,42.3795],[12.5663,42.3835],[12.6061,42.4035],[12.6059,42.4078],[12.6149,42.4145],[12.6141,42.4251],[12.611,42.428],[12.6195,42.4519],[12.619,42.4611],[12.614,42.4641],[12.6214,42.4687],[12.6411,42.4678],[12.6422,42.4538],[12.6503,42.4473],[12.6495,42.4433],[12.6639,42.4411],[12.6906,42.4494],[12.7028,42.4609],[12.7106,42.4635],[12.715,42.46],[12.7247,42.4604],[12.7416,42.4705],[12.7204,42.4855],[12.7111,42.5008],[12.7276,42.5091],[12.7458,42.5079],[12.7512,42.5112],[12.7735,42.5131],[12.7706,42.5251],[12.7732,42.5313],[12.8086,42.5359],[12.818,42.5329],[12.8577,42.5561],[12.8717,42.5611],[12.8927,42.5635],[12.8942,42.5776],[12.8816,42.5983],[12.8805,42.6093],[12.8963,42.6164],[12.9301,42.6029],[12.9375,42.6154],[12.9525,42.6189],[12.9989,42.6151],[13.0112,42.6171],[13.0151,42.6209],[13.0142,42.6297],[13.0243,42.639],[13.0307,42.6374],[13.0379,42.6274],[13.0586,42.6228],[13.109,42.6419],[13.1182,42.6577],[13.1311,42.6581],[13.1466,42.647],[13.1741,42.6661],[13.1795,42.6834],[13.1759,42.6831],[13.1733,42.6873],[13.1907,42.7104],[13.1892,42.7336]]]}},{"type":"Feature","properties":{"s":"RM","n":"Roma","r":"Lazio","b":[11.7338,41.4104,13.2963,42.296]},"geometry":{"type":"Polygon","coordinates":[[[11.8228,42.1465],[11.831,42.1573],[11.828,42.1669],[11.8691,42.1995],[11.8661,42.2069],[11.8735,42.2187],[11.8815,42.2248],[11.8794,42.228],[11.9101,42.2404],[11.9131,42.2333],[11.955,42.2121],[11.9744,42.211],[11.9865,42.194],[12.0023,42.1585],[12.0348,42.1516],[12.0546,42.1541],[12.0577,42.1641],[12.0604,42.1644],[12.1178,42.1615],[12.1288,42.156],[12.1359,42.1473],[12.1497,42.1605],[12.1647,42.1669],[12.1688,42.1753],[12.2022,42.18],[12.2064,42.1844],[12.2157,42.1867],[12.2353,42.1772],[12.25,42.1768],[12.2714,42.1819],[12.2735,42.1717],[12.2843,42.1733],[12.3066,42.1597],[12.3025,42.1535],[12.3058,42.1508],[12.3295,42.1463],[12.3344,42.1526],[12.3447,42.1536],[12.3531,42.1657],[12.3703,42.1729],[12.3737,42.1808],[12.3715,42.2111],[12.3868,42.2166],[12.3983,42.2321],[12.4088,42.2298],[12.4124,42.2399],[12.4049,42.2488],[12.4122,42.2574],[12.418,42.2435],[12.4176,42.2155],[12.4206,42.2075],[12.4115,42.1822],[12.4259,42.1813],[12.4341,42.1893],[12.4353,42.2003],[12.4578,42.2025],[12.4621,42.2074],[12.4697,42.232],[12.4804,42.2341],[12.4796,42.2391],[12.4838,42.2414],[12.4771,42.2483],[12.4832,42.2622],[12.4905,42.2698],[12.506,42.2742],[12.5049,42.2777],[12.5196,42.2948],[12.5285,42.2919],[12.5355,42.296],[12.5573,42.2896],[12.5585,42.2734],[12.5625,42.2714],[12.5756,42.2733],[12.5747,42.2849],[12.5839,42.2839],[12.5846,42.2806],[12.5763,42.2705],[12.5787,42.2641],[12.6058,42.2741],[12.6057,42.2601],[12.6271,42.2485],[12.6341,42.2389],[12.6406,42.2361],[12.6372,42.208],[12.621,42.206],[12.6132,42.202],[12.6136,42.1811],[12.6275,42.1708],[12.6343,42.1705],[12.6453,42.1644],[12.6482,42.1515],[12.6556,42.1507],[12.6724,42.1591],[12.6954,42.1523],[12.7109,42.153],[12.7163,42.1548],[12.7234,42.1657],[12.7373,42.1667],[12.7571,42.1836],[12.7731,42.1884],[12.7883,42.1861],[12.7952,42.1806],[12.7883,42.173],[12.7791,42.1707],[12.7806,42.1668],[12.7968,42.1618],[12.8005,42.1567],[12.8073,42.1571],[12.8495,42.1433],[12.8483,42.1384],[12.8608,42.126],[12.8668,42.1036],[12.8845,42.1042],[12.8856,42.1005],[12.8967,42.1005],[12.9087,42.1136],[12.919,42.115],[12.9307,42.1084],[12.9486,42.0893],[12.9568,42.0973],[12.9674,42.1201],[12.9784,42.1304],[12.9933,42.1291],[12.999,42.1234],[13.0327,42.1136],[13.019,42.074],[13.026,42.0631],[13.0266,42.05],[13.0465,42.0353],[13.0492,42.0235],[13.0545,42.0164],[13.0778,42.0094],[13.101,42.008],[13.0966,42.0219],[13.0985,42.0262],[13.105,42.026],[13.147,42.012],[13.1697,41.9978],[13.1991,41.9865],[13.2142,41.9873],[13.2267,41.9835],[13.2417,41.9718],[13.2636,41.9676],[13.286,41.9504],[13.2963,41.9486],[13.2638,41.9158],[13.2434,41.9155],[13.2405,41.904],[13.2454,41.9002],[13.2438,41.8967],[13.2132,41.8754],[13.1957,41.8688],[13.1897,41.8596],[13.1913,41.851],[13.1842,41.846],[13.164,41.8503],[13.1545,41.8437],[13.1365,41.8437],[13.1219,41.8474],[13.0979,41.861],[13.0716,41.8542],[13.0654,41.8314],[13.036,41.8319],[13.0257,41.8237],[13.0165,41.827],[13.0093,41.8252],[13.0111,41.8091],[13.006,41.8055],[13.0019,41.7912],[12.994,41.7796],[12.9924,41.7686],[13.0052,41.7701],[13.0255,41.7485],[13.0344,41.7433],[13.0556,41.7402],[13.0551,41.7297],[13.0583,41.7273],[13.0643,41.7309],[13.0701,41.724],[13.0869,41.719],[13.0958,41.7037],[13.0912,41.6874],[13.0976,41.6861],[13.0991,41.6788],[13.1038,41.6793],[13.1234,41.664],[13.1508,41.6579],[13.1584,41.6359],[13.1551,41.6208],[13.162,41.6168],[13.1509,41.603],[13.1499,41.5962],[13.1558,41.5869],[13.1751,41.5836],[13.1684,41.5745],[13.1565,41.5721],[13.1244,41.5572],[13.1254,41.5498],[13.1112,41.5537],[13.1037,41.545],[13.0956,41.5542],[13.054,41.5776],[13.0348,41.5717],[13.0216,41.5735],[13.0083,41.581],[13.0161,41.5933],[13.0253,41.5999],[13.0215,41.6095],[13.0046,41.6199],[12.986,41.6455],[12.963,41.6575],[12.9431,41.6742],[12.943,41.6865],[12.9521,41.6949],[12.9378,41.7129],[12.9083,41.7072],[12.8927,41.7113],[12.8791,41.7082],[12.8803,41.7018],[12.8509,41.7148],[12.8385,41.7061],[12.8366,41.7039],[12.8404,41.7012],[12.8465,41.6987],[12.8511,41.7012],[12.8539,41.6976],[12.8495,41.6768],[12.8513,41.6664],[12.8398,41.6648],[12.8404,41.6582],[12.835,41.6523],[12.8302,41.6588],[12.8238,41.656],[12.8187,41.6502],[12.8252,41.6415],[12.8093,41.6354],[12.8101,41.6226],[12.808,41.6204],[12.7961,41.6225],[12.7858,41.6185],[12.7783,41.6017],[12.7698,41.594],[12.7671,41.5841],[12.7559,41.5727],[12.7523,41.5778],[12.7324,41.5814],[12.7403,41.5931],[12.7393,41.6039],[12.7344,41.6042],[12.7203,41.5939],[12.7137,41.5935],[12.7032,41.5953],[12.6975,41.61],[12.6618,41.5982],[12.652,41.609],[12.6578,41.647],[12.6529,41.6622],[12.6433,41.6576],[12.6455,41.6668],[12.6339,41.6719],[12.5522,41.62],[12.5505,41.6155],[12.5549,41.6116],[12.5513,41.6055],[12.5305,41.5988],[12.5434,41.5955],[12.5589,41.5828],[12.5703,41.5776],[12.5885,41.5419],[12.6168,41.5446],[12.621,41.538],[12.6456,41.5364],[12.6737,41.523],[12.6799,41.517],[12.6809,41.508],[12.7218,41.5048],[12.7232,41.5024],[12.7201,41.4995],[12.7269,41.4836],[12.7436,41.479],[12.7479,41.4733],[12.7465,41.4637],[12.7379,41.4565],[12.7387,41.4472],[12.7466,41.4442],[12.7542,41.4457],[12.7672,41.4355],[12.7749,41.4235],[12.7732,41.4163],[12.7638,41.4104],[12.7132,41.441],[12.685,41.4528],[12.6614,41.4563],[12.6409,41.4529],[12.6311,41.4444],[12.618,41.4464],[12.6092,41.4651],[12.5528,41.534],[12.4396,41.6384],[12.3837,41.6774],[12.3534,41.6949],[12.2822,41.7266],[12.2342,41.7406],[12.2563,41.7462],[12.2311,41.7408],[12.2223,41.7444],[12.2193,41.7514],[12.2244,41.7446],[12.2291,41.7512],[12.2205,41.7684],[12.2237,41.783],[12.2035,41.8298],[12.1782,41.8718],[12.1406,41.9155],[12.1209,41.9283],[12.0958,41.9343],[12.0746,41.9479],[12.0517,41.9557],[12.0219,41.9839],[12.0067,41.9914],[11.9788,41.9969],[11.9639,42.0143],[11.9146,42.0393],[11.8785,42.0377],[11.8716,42.0343],[11.8345,42.0292],[11.8189,42.0561],[11.8124,42.0605],[11.8069,42.0799],[11.7984,42.0864],[11.7785,42.0932],[11.7693,42.1016],[11.7893,42.0902],[11.7881,42.0959],[11.785,42.0951],[11.7782,42.1031],[11.7751,42.1015],[11.7639,42.1119],[11.7602,42.1117],[11.7649,42.1185],[11.7632,42.1224],[11.7548,42.1259],[11.7433,42.1429],[11.7429,42.1496],[11.7338,42.1581],[11.7722,42.1638],[11.8036,42.1558],[11.8228,42.1465]],[[12.6557,41.734],[12.6604,41.7353],[12.6493,41.7489],[12.6557,41.734]],[[12.4529,41.9067],[12.4466,41.9016],[12.4583,41.9016],[12.4575,41.9059],[12.4529,41.9067]]]}},{"type":"Feature","properties":{"s":"RN","n":"Rimini","r":"Emilia-Romagna","b":[12.0962,43.7319,12.7535,44.1625]},"geometry":{"type":"Polygon","coordinates":[[[12.4524,44.1096],[12.4535,44.1147],[12.4394,44.1276],[12.4412,44.1384],[12.4287,44.1473],[12.4411,44.1596],[12.4498,44.1625],[12.5355,44.091],[12.5619,44.0763],[12.5746,44.0791],[12.6323,44.0251],[12.6808,43.9919],[12.717,43.9734],[12.7371,43.9683],[12.7506,43.9685],[12.7535,43.96],[12.7287,43.9217],[12.73,43.9131],[12.7271,43.9117],[12.7348,43.896],[12.7227,43.8803],[12.734,43.8703],[12.7219,43.861],[12.7106,43.8596],[12.6963,43.8528],[12.6825,43.8529],[12.6784,43.8393],[12.6813,43.8281],[12.675,43.825],[12.6443,43.8269],[12.6243,43.821],[12.61,43.8341],[12.6189,43.8426],[12.6159,43.8465],[12.6051,43.8456],[12.601,43.8505],[12.6029,43.8619],[12.5894,43.8653],[12.5895,43.8856],[12.5725,43.8849],[12.5673,43.8824],[12.5603,43.869],[12.543,43.8645],[12.5191,43.8751],[12.5182,43.881],[12.5018,43.8754],[12.4937,43.8797],[12.4872,43.8863],[12.4874,43.8965],[12.4935,43.911],[12.4924,43.9183],[12.5158,43.9422],[12.5073,43.959],[12.5103,43.9802],[12.5158,43.9848],[12.5144,43.9908],[12.507,43.9915],[12.4917,43.983],[12.4641,43.9748],[12.4393,43.9591],[12.4137,43.9524],[12.4046,43.9557],[12.4048,43.944],[12.4152,43.9307],[12.4083,43.9215],[12.4125,43.9094],[12.4084,43.903],[12.4177,43.899],[12.4396,43.9056],[12.4511,43.8957],[12.4636,43.8912],[12.4556,43.8784],[12.4458,43.8712],[12.4323,43.8749],[12.4302,43.8717],[12.4035,43.8749],[12.4006,43.8728],[12.4036,43.8705],[12.3975,43.8674],[12.3915,43.847],[12.3985,43.8264],[12.388,43.8168],[12.3683,43.8129],[12.3498,43.7996],[12.3159,43.8056],[12.3066,43.8],[12.2862,43.7949],[12.2828,43.7894],[12.2891,43.786],[12.2838,43.7649],[12.258,43.7604],[12.2547,43.7533],[12.2482,43.7515],[12.2414,43.7514],[12.2413,43.7542],[12.229,43.7596],[12.2093,43.7551],[12.1977,43.7448],[12.1999,43.7417],[12.1946,43.7319],[12.1717,43.7498],[12.1648,43.7611],[12.1247,43.7492],[12.1074,43.7538],[12.0962,43.7653],[12.1034,43.7817],[12.1029,43.7923],[12.114,43.7961],[12.1187,43.8028],[12.1169,43.8064],[12.1206,43.8135],[12.1324,43.8269],[12.1457,43.829],[12.1495,43.8333],[12.1477,43.8403],[12.1383,43.8476],[12.1431,43.8531],[12.1421,43.861],[12.1527,43.869],[12.1672,43.8958],[12.1596,43.9048],[12.1595,43.9217],[12.1723,43.9265],[12.1725,43.9222],[12.176,43.9204],[12.2032,43.9165],[12.2036,43.9129],[12.2191,43.9081],[12.2224,43.9089],[12.2232,43.9154],[12.2348,43.917],[12.2534,43.9103],[12.2562,43.9209],[12.2715,43.9291],[12.2948,43.9282],[12.3009,43.9354],[12.3125,43.9402],[12.3256,43.9645],[12.3478,43.9772],[12.3518,43.9855],[12.3674,43.9881],[12.3735,43.9995],[12.3844,44.0085],[12.3872,44.0209],[12.3953,44.0302],[12.3642,44.0468],[12.3591,44.0542],[12.3705,44.066],[12.3888,44.0638],[12.4005,44.0663],[12.408,44.0768],[12.4253,44.0885],[12.4521,44.0872],[12.4557,44.0924],[12.4524,44.1096]],[[12.1765,43.8105],[12.1698,43.8046],[12.1764,43.7883],[12.1877,43.7737],[12.1993,43.7704],[12.2003,43.7745],[12.2124,43.7817],[12.2395,43.7865],[12.2371,43.8012],[12.2298,43.8087],[12.2243,43.8099],[12.2173,43.8028],[12.2,43.8061],[12.1889,43.8047],[12.1765,43.8105]]]}},{"type":"Feature","properties":{"s":"RO","n":"Rovigo","r":"Veneto","b":[11.1736,44.7928,12.5553,45.1638]},"geometry":{"type":"Polygon","coordinates":[[[12.0255,45.1196],[12.0468,45.1154],[12.0496,45.1127],[12.0477,45.1054],[12.1101,45.0642],[12.1397,45.0559],[12.1481,45.0576],[12.1478,45.0686],[12.157,45.0722],[12.1599,45.0841],[12.1678,45.094],[12.1801,45.0885],[12.188,45.0891],[12.2033,45.1054],[12.238,45.1064],[12.26,45.1131],[12.2843,45.1258],[12.2851,45.1302],[12.2803,45.1391],[12.2827,45.1434],[12.3125,45.1447],[12.3347,45.1638],[12.3268,45.1368],[12.3291,45.1188],[12.3369,45.0983],[12.3339,45.089],[12.3449,45.0892],[12.3566,45.0753],[12.3656,45.0724],[12.4012,45.0421],[12.4501,45.0106],[12.4849,44.9931],[12.4956,44.9963],[12.5042,44.9945],[12.5065,44.9896],[12.5057,44.9967],[12.5535,44.969],[12.5553,44.9604],[12.5409,44.9547],[12.5099,44.9266],[12.4814,44.868],[12.4661,44.8437],[12.4244,44.8272],[12.4155,44.82],[12.4234,44.8146],[12.4224,44.8111],[12.3981,44.7928],[12.3552,44.8151],[12.347,44.8282],[12.3405,44.8501],[12.3019,44.8557],[12.2941,44.8604],[12.286,44.8724],[12.2819,44.91],[12.2947,44.9274],[12.2831,44.9403],[12.2762,44.9433],[12.2354,44.9314],[12.225,44.923],[12.1877,44.9264],[12.1707,44.942],[12.1444,44.9283],[12.1276,44.9355],[12.1131,44.9604],[12.1012,44.9618],[12.0998,44.9661],[12.0916,44.9702],[12.0723,44.972],[12.0611,44.9696],[12.0475,44.977],[12.0155,44.9766],[11.9627,44.9868],[11.9246,44.9747],[11.8898,44.977],[11.8379,44.9728],[11.8065,44.9772],[11.7838,44.9642],[11.7456,44.9573],[11.7399,44.9486],[11.7448,44.935],[11.7329,44.9266],[11.7155,44.9263],[11.6713,44.9148],[11.6233,44.8888],[11.6009,44.889],[11.5921,44.892],[11.5833,44.9142],[11.5601,44.9205],[11.5428,44.9329],[11.532,44.9368],[11.4696,44.9364],[11.4275,44.9296],[11.4239,44.9379],[11.4276,44.9565],[11.4219,44.9638],[11.3358,44.9904],[11.3087,45.0124],[11.274,45.0183],[11.2713,45.0271],[11.2631,45.0329],[11.2705,45.0445],[11.2659,45.0562],[11.257,45.0539],[11.2476,45.0445],[11.2385,45.0432],[11.2122,45.0575],[11.1753,45.0601],[11.1736,45.0708],[11.1884,45.0841],[11.1768,45.0885],[11.1775,45.0973],[11.2055,45.1095],[11.2051,45.0997],[11.223,45.0844],[11.2442,45.0925],[11.3057,45.0922],[11.3166,45.0894],[11.3219,45.08],[11.3539,45.0704],[11.3608,45.0573],[11.3858,45.0571],[11.4017,45.0528],[11.4217,45.0676],[11.438,45.0693],[11.4456,45.0803],[11.4362,45.1027],[11.411,45.1216],[11.411,45.1323],[11.468,45.1088],[11.493,45.1031],[11.507,45.1084],[11.5222,45.1202],[11.5612,45.1205],[11.5741,45.1242],[11.5908,45.1177],[11.6,45.1176],[11.6106,45.1099],[11.644,45.1086],[11.663,45.1039],[11.67,45.1057],[11.6945,45.0986],[11.7088,45.1021],[11.7582,45.0954],[11.7757,45.0992],[11.8131,45.1231],[11.8323,45.122],[11.8418,45.1283],[11.8653,45.1334],[11.8972,45.1333],[11.9245,45.1431],[11.9351,45.1429],[11.9469,45.1358],[11.9583,45.1337],[12.0057,45.1403],[12.0407,45.1333],[12.0398,45.1297],[12.0295,45.1253],[12.0255,45.1196]]]}},{"type":"Feature","properties":{"s":"SA","n":"Salerno","r":"Campania","b":[14.4285,39.9905,15.8064,40.8486]},"geometry":{"type":"MultiPolygon","coordinates":[[[[15.056,40.7742],[15.1323,40.7611],[15.1397,40.7564],[15.1457,40.7328],[15.1512,40.7297],[15.1529,40.7198],[15.169,40.7066],[15.1977,40.7106],[15.2146,40.7175],[15.2471,40.7177],[15.2414,40.7245],[15.2442,40.7276],[15.2409,40.7349],[15.239,40.77],[15.2518,40.7865],[15.2807,40.7995],[15.2864,40.8222],[15.2955,40.8381],[15.3184,40.8386],[15.3307,40.8324],[15.335,40.8349],[15.3567,40.8236],[15.3665,40.8121],[15.3805,40.8109],[15.3794,40.8062],[15.3661,40.8005],[15.3774,40.7949],[15.3861,40.7972],[15.3877,40.7935],[15.3813,40.7817],[15.3911,40.7672],[15.3837,40.7636],[15.3791,40.7509],[15.3833,40.7359],[15.3815,40.7241],[15.3925,40.7175],[15.4099,40.7129],[15.4304,40.6921],[15.4431,40.6888],[15.4695,40.6737],[15.4872,40.6728],[15.489,40.6677],[15.5036,40.6637],[15.4988,40.653],[15.4894,40.6462],[15.4675,40.6389],[15.4649,40.6279],[15.4495,40.6091],[15.4641,40.6036],[15.474,40.5927],[15.4838,40.5936],[15.4909,40.5868],[15.5101,40.5857],[15.515,40.5802],[15.5153,40.5735],[15.5199,40.5705],[15.5326,40.573],[15.5393,40.5681],[15.5288,40.5564],[15.542,40.5324],[15.54,40.5244],[15.5353,40.5223],[15.5505,40.5092],[15.5352,40.4996],[15.5389,40.488],[15.5759,40.4696],[15.5806,40.4578],[15.59,40.4475],[15.5867,40.4436],[15.648,40.414],[15.6627,40.3925],[15.671,40.3983],[15.7006,40.3838],[15.7098,40.3759],[15.7092,40.3692],[15.7044,40.3637],[15.7047,40.3422],[15.7262,40.3223],[15.7269,40.3154],[15.7476,40.2992],[15.765,40.2984],[15.7669,40.2941],[15.7897,40.29],[15.8064,40.2732],[15.7996,40.2678],[15.8039,40.2507],[15.7907,40.2441],[15.7878,40.2374],[15.7905,40.2293],[15.7972,40.2248],[15.7957,40.2219],[15.7899,40.2176],[15.7732,40.2168],[15.7512,40.2018],[15.7392,40.2028],[15.7313,40.1993],[15.728,40.1859],[15.7125,40.1784],[15.7159,40.1688],[15.7011,40.1606],[15.7015,40.1534],[15.7094,40.1386],[15.7032,40.1232],[15.7058,40.1177],[15.677,40.0845],[15.6517,40.0789],[15.6686,40.0732],[15.6758,40.0642],[15.6762,40.0549],[15.6453,40.043],[15.6268,40.0564],[15.6273,40.0634],[15.6323,40.0683],[15.6255,40.0741],[15.6174,40.0684],[15.6022,40.0742],[15.5754,40.078],[15.5236,40.0718],[15.5049,40.0646],[15.4806,40.0394],[15.4644,40.0351],[15.458,40.0303],[15.4199,39.9905],[15.4119,39.9947],[15.383,40.0004],[15.3694,39.9975],[15.3546,40.0],[15.3427,40.0048],[15.3145,40.0316],[15.2942,40.0286],[15.2923,40.0248],[15.2853,40.0228],[15.2711,40.0224],[15.2677,40.0313],[15.2788,40.0297],[15.285,40.0359],[15.2819,40.0551],[15.2712,40.0742],[15.2638,40.0815],[15.246,40.0891],[15.2297,40.1006],[15.2048,40.1235],[15.1776,40.1281],[15.1329,40.1709],[15.1128,40.177],[15.0847,40.1729],[15.0657,40.1645],[15.0349,40.1722],[15.0254,40.1788],[15.0118,40.2021],[14.9909,40.2189],[14.9687,40.222],[14.9514,40.2333],[14.94,40.2332],[14.935,40.2287],[14.91,40.2435],[14.9049,40.2533],[14.9374,40.2702],[14.9443,40.278],[14.9463,40.3058],[14.9393,40.3193],[14.9456,40.3369],[14.9686,40.3406],[14.9827,40.3548],[14.9794,40.3508],[14.9939,40.3537],[14.9992,40.3605],[15.0009,40.3803],[14.9939,40.4018],[14.9784,40.4314],[14.9412,40.4832],[14.8976,40.5609],[14.8599,40.6063],[14.8088,40.6519],[14.7794,40.6701],[14.7587,40.6774],[14.7527,40.6752],[14.7549,40.6721],[14.7486,40.6776],[14.739,40.6701],[14.7183,40.666],[14.7018,40.6445],[14.6894,40.6337],[14.6743,40.6349],[14.6337,40.6486],[14.6249,40.6479],[14.6079,40.6344],[14.5985,40.6326],[14.5728,40.613],[14.5696,40.6157],[14.5393,40.6133],[14.5282,40.6067],[14.5109,40.62],[14.4946,40.6271],[14.4863,40.6274],[14.4687,40.6202],[14.4623,40.626],[14.4658,40.6342],[14.4811,40.6404],[14.4816,40.6472],[14.5019,40.6482],[14.511,40.645],[14.513,40.6279],[14.5179,40.6219],[14.5376,40.6242],[14.5445,40.6214],[14.5565,40.6285],[14.5684,40.6233],[14.5774,40.6279],[14.5804,40.6368],[14.5716,40.64],[14.5725,40.6484],[14.563,40.6555],[14.5552,40.6679],[14.5723,40.6701],[14.5805,40.6856],[14.5903,40.6903],[14.5906,40.694],[14.577,40.7014],[14.5799,40.7096],[14.5754,40.7104],[14.5604,40.7316],[14.5539,40.7295],[14.5431,40.7401],[14.5205,40.7348],[14.5054,40.7405],[14.514,40.7462],[14.507,40.773],[14.5221,40.7778],[14.5449,40.7781],[14.5527,40.7927],[14.5759,40.7869],[14.5742,40.8003],[14.5889,40.8066],[14.5887,40.8202],[14.5655,40.8328],[14.5711,40.8472],[14.6196,40.8455],[14.646,40.836],[14.6563,40.8255],[14.676,40.8215],[14.6743,40.8298],[14.6859,40.841],[14.7017,40.838],[14.7298,40.8409],[14.7342,40.8395],[14.7417,40.8285],[14.7302,40.8214],[14.7476,40.8033],[14.7744,40.8054],[14.7945,40.7984],[14.8116,40.8048],[14.8272,40.7941],[14.8352,40.7935],[14.8457,40.8],[14.8704,40.7963],[14.9005,40.8068],[14.9164,40.809],[14.9198,40.8013],[14.9384,40.7917],[14.9688,40.7858],[14.9881,40.7886],[14.9914,40.7824],[15.0078,40.777],[15.0092,40.7732],[15.0273,40.7818],[15.056,40.7742]]],[[[14.4361,40.5832],[14.437,40.5808],[14.4321,40.5829],[14.4361,40.5832]]]]}},{"type":"Feature","properties":{"s":"SI","n":"Siena","r":"Toscana","b":[10.9083,42.7858,11.9824,43.5484]},"geometry":{"type":"Polygon","coordinates":[[[11.6362,42.8585],[11.6246,42.8652],[11.6197,42.8814],[11.6248,42.8881],[11.6268,42.9116],[11.6229,42.9201],[11.623,42.9296],[11.6132,42.9468],[11.6095,42.9516],[11.5959,42.9509],[11.5841,42.9629],[11.5713,42.9703],[11.5365,42.9639],[11.5271,42.9666],[11.5281,42.9749],[11.5156,42.9813],[11.4973,42.9756],[11.487,42.9641],[11.454,42.9584],[11.4474,42.9615],[11.4396,42.959],[11.4152,42.9599],[11.3526,42.9695],[11.3504,42.972],[11.3617,42.9784],[11.3757,42.9792],[11.3772,42.9854],[11.3686,42.9876],[11.3652,42.9946],[11.3743,42.9927],[11.3805,42.9961],[11.3672,43.0065],[11.3619,43.007],[11.3634,43.0212],[11.3551,43.0294],[11.3612,43.0347],[11.3559,43.0391],[11.3651,43.0542],[11.3639,43.0811],[11.3615,43.0832],[11.349,43.0824],[11.3324,43.0916],[11.3204,43.0849],[11.3115,43.0859],[11.3094,43.0891],[11.2972,43.0771],[11.2242,43.0902],[11.2166,43.0871],[11.1997,43.0909],[11.183,43.0901],[11.1739,43.0861],[11.1689,43.0785],[11.129,43.0848],[11.1254,43.0911],[11.1212,43.0915],[11.0824,43.084],[11.0772,43.0878],[11.0719,43.1019],[11.0648,43.1108],[11.0659,43.1181],[11.0711,43.1235],[11.0597,43.1307],[11.0579,43.1355],[11.0625,43.1396],[11.0551,43.1434],[11.0533,43.1498],[11.0603,43.1548],[11.0569,43.1757],[11.0591,43.1839],[11.0461,43.1805],[11.025,43.1876],[11.0181,43.1858],[11.0124,43.1773],[10.9841,43.1777],[10.9445,43.1615],[10.9088,43.1639],[10.9112,43.1808],[10.9414,43.204],[10.9387,43.227],[10.9272,43.2311],[10.9395,43.2452],[10.943,43.2464],[10.9585,43.2363],[10.9801,43.2323],[10.9898,43.232],[10.9961,43.239],[10.9912,43.2456],[10.9935,43.267],[10.984,43.2807],[10.9843,43.2884],[10.9706,43.2968],[10.9521,43.302],[10.954,43.3168],[10.9698,43.3136],[10.9722,43.3216],[10.9702,43.3356],[10.9733,43.3444],[10.9977,43.344],[11.0119,43.3622],[11.0133,43.3707],[11.0127,43.3766],[11.0049,43.381],[10.9997,43.3982],[11.002,43.4013],[10.9841,43.4023],[10.9792,43.4066],[10.9764,43.4232],[10.9516,43.4491],[10.9612,43.4821],[10.9556,43.4871],[10.9541,43.4948],[10.9644,43.5116],[10.9998,43.5269],[11.0117,43.5362],[11.034,43.5467],[11.0384,43.5362],[11.0613,43.5274],[11.0706,43.5269],[11.0812,43.5146],[11.1104,43.4988],[11.1199,43.4855],[11.1207,43.478],[11.1247,43.4756],[11.1361,43.4772],[11.1477,43.485],[11.1596,43.5072],[11.183,43.5221],[11.1936,43.5178],[11.1944,43.515],[11.1745,43.4898],[11.19,43.49],[11.2081,43.4804],[11.2481,43.5007],[11.2469,43.5074],[11.2535,43.5093],[11.2724,43.5305],[11.2696,43.5458],[11.2755,43.5448],[11.2784,43.5397],[11.2905,43.5329],[11.2981,43.5193],[11.3072,43.5182],[11.3313,43.5264],[11.3672,43.5275],[11.3804,43.5325],[11.3859,43.5472],[11.4031,43.5483],[11.4144,43.5351],[11.426,43.5289],[11.4359,43.5116],[11.4598,43.5105],[11.4601,43.4999],[11.4651,43.4935],[11.479,43.4794],[11.4893,43.4769],[11.5007,43.4617],[11.5133,43.4687],[11.5186,43.4674],[11.5285,43.4569],[11.5506,43.4596],[11.542,43.4426],[11.5459,43.4224],[11.5354,43.4111],[11.5305,43.3993],[11.5315,43.3923],[11.548,43.3777],[11.5573,43.3759],[11.5692,43.3631],[11.626,43.3427],[11.6423,43.3295],[11.658,43.3217],[11.659,43.313],[11.6732,43.2961],[11.6781,43.2855],[11.7004,43.2858],[11.7128,43.2766],[11.7225,43.2586],[11.7197,43.2546],[11.7501,43.2352],[11.7762,43.2376],[11.7963,43.2219],[11.813,43.2207],[11.8337,43.2245],[11.8384,43.2054],[11.8481,43.1883],[11.8576,43.1779],[11.8874,43.1571],[11.8928,43.16],[11.9034,43.1745],[11.9195,43.1678],[11.926,43.173],[11.9355,43.1749],[11.9612,43.1669],[11.928,43.1521],[11.924,43.1478],[11.9204,43.1317],[11.9133,43.1277],[11.9307,43.0934],[11.9306,43.089],[11.9231,43.08],[11.9238,43.0752],[11.9325,43.0669],[11.9361,43.0559],[11.9408,43.053],[11.9478,43.0555],[11.9504,43.0644],[11.9567,43.0687],[11.9731,43.0636],[11.9806,43.0568],[11.9824,43.0509],[11.9724,43.0353],[11.972,43.022],[11.9546,42.9795],[11.9495,42.9765],[11.9485,42.9626],[11.9529,42.9547],[11.9521,42.9497],[11.9391,42.9325],[11.9327,42.9085],[11.9367,42.9035],[11.9521,42.901],[11.9588,42.8916],[11.959,42.8706],[11.9287,42.8689],[11.9149,42.8522],[11.8919,42.8429],[11.8946,42.8343],[11.8474,42.8377],[11.8329,42.8274],[11.8146,42.8234],[11.8114,42.7996],[11.8069,42.7949],[11.787,42.8153],[11.7759,42.8207],[11.7691,42.8202],[11.7686,42.8154],[11.7533,42.8022],[11.746,42.7858],[11.7021,42.799],[11.6822,42.79],[11.6649,42.7883],[11.6413,42.7997],[11.6256,42.7979],[11.6236,42.8041],[11.6321,42.8083],[11.6352,42.8198],[11.6322,42.8272],[11.6372,42.8493],[11.6362,42.8585]]]}},{"type":"Feature","properties":{"s":"SO","n":"Sondrio","r":"Lombardia","b":[9.2472,46.0114,10.631,46.6352]},"geometry":{"type":"Polygon","coordinates":[[[9.6435,46.06],[9.6339,46.0469],[9.6041,46.0436],[9.6003,46.0337],[9.5873,46.024],[9.5785,46.0211],[9.5592,46.0227],[9.5512,46.0141],[9.5343,46.0149],[9.5318,46.0114],[9.5269,46.0115],[9.5222,46.0312],[9.5018,46.0457],[9.5098,46.0625],[9.4929,46.0708],[9.4753,46.0721],[9.4305,46.0861],[9.415,46.0948],[9.4141,46.1369],[9.4242,46.1551],[9.4249,46.1899],[9.4408,46.2145],[9.4244,46.2217],[9.4002,46.2119],[9.3738,46.2131],[9.3548,46.2212],[9.3479,46.23],[9.3334,46.2348],[9.3097,46.2373],[9.303,46.2356],[9.2752,46.2396],[9.2617,46.2333],[9.2476,46.2336],[9.2494,46.2545],[9.2546,46.2688],[9.274,46.2912],[9.2845,46.2969],[9.2821,46.3083],[9.3001,46.3266],[9.2918,46.335],[9.2989,46.3428],[9.297,46.3508],[9.2923,46.3562],[9.2815,46.3589],[9.2767,46.3694],[9.2782,46.3782],[9.2843,46.3861],[9.2788,46.3888],[9.2757,46.3947],[9.2812,46.4006],[9.2808,46.4102],[9.275,46.4186],[9.2647,46.4203],[9.2487,46.4318],[9.2475,46.4362],[9.2477,46.4472],[9.2656,46.4515],[9.2778,46.4616],[9.2738,46.4701],[9.2749,46.4808],[9.2819,46.4964],[9.3109,46.5045],[9.3521,46.5052],[9.362,46.5097],[9.3723,46.5037],[9.3737,46.4998],[9.3684,46.4949],[9.3708,46.4897],[9.4,46.4696],[9.4103,46.4665],[9.4209,46.4744],[9.4248,46.4895],[9.4328,46.4968],[9.4516,46.5002],[9.4533,46.5049],[9.4609,46.5074],[9.4593,46.4849],[9.4495,46.4834],[9.4498,46.4795],[9.4615,46.4802],[9.4635,46.4704],[9.4574,46.4632],[9.4585,46.4414],[9.4537,46.4222],[9.4669,46.3981],[9.4677,46.3879],[9.4616,46.3763],[9.496,46.364],[9.5083,46.35],[9.5177,46.3292],[9.5443,46.3049],[9.5494,46.3023],[9.5608,46.3055],[9.5829,46.2945],[9.6099,46.2945],[9.6209,46.2878],[9.6419,46.287],[9.6722,46.301],[9.704,46.2909],[9.7145,46.2931],[9.7178,46.3052],[9.7259,46.3137],[9.7261,46.3192],[9.7221,46.3211],[9.7207,46.3276],[9.7271,46.3335],[9.7233,46.3407],[9.7373,46.3507],[9.7436,46.3515],[9.7647,46.3378],[9.7775,46.335],[9.8217,46.3516],[9.8377,46.3613],[9.8518,46.364],[9.8705,46.363],[9.9064,46.3809],[9.9254,46.366],[9.9309,46.368],[9.9298,46.3717],[9.9335,46.3745],[9.9579,46.3784],[9.9554,46.3737],[9.9659,46.3628],[9.9835,46.3537],[9.9964,46.3509],[9.994,46.3414],[9.9862,46.3347],[9.9808,46.3236],[9.997,46.314],[10.0009,46.3027],[9.9933,46.2975],[9.9926,46.2931],[9.9967,46.2845],[10.0301,46.2771],[10.0558,46.2637],[10.0599,46.2475],[10.0474,46.2287],[10.0708,46.2171],[10.0831,46.2264],[10.0903,46.228],[10.124,46.2242],[10.1423,46.229],[10.1509,46.2397],[10.1763,46.2579],[10.1498,46.2944],[10.1382,46.3007],[10.1389,46.3047],[10.1171,46.3137],[10.1061,46.3314],[10.1083,46.3498],[10.1289,46.3633],[10.1261,46.3712],[10.1277,46.3776],[10.1421,46.3861],[10.1579,46.3856],[10.1633,46.3898],[10.1624,46.4045],[10.1656,46.407],[10.1614,46.4149],[10.153,46.4143],[10.1483,46.4169],[10.1431,46.4277],[10.1307,46.4319],[10.1013,46.4229],[10.0796,46.4211],[10.0798,46.4242],[10.062,46.4272],[10.0552,46.4405],[10.0431,46.4421],[10.0398,46.4457],[10.0439,46.4548],[10.0534,46.4631],[10.0444,46.4834],[10.0468,46.5106],[10.054,46.5209],[10.0525,46.5304],[10.0441,46.5394],[10.0492,46.5439],[10.0597,46.5456],[10.0831,46.5641],[10.0851,46.5676],[10.0794,46.5749],[10.0921,46.5768],[10.1011,46.5828],[10.0981,46.5967],[10.1022,46.6108],[10.1302,46.6056],[10.1906,46.6261],[10.2096,46.6201],[10.2192,46.6218],[10.223,46.6283],[10.2403,46.6351],[10.2411,46.6273],[10.2564,46.6085],[10.2416,46.5915],[10.244,46.5784],[10.2535,46.5718],[10.2711,46.5765],[10.2823,46.5715],[10.2943,46.5601],[10.2957,46.5504],[10.3113,46.5469],[10.3251,46.5515],[10.3382,46.543],[10.348,46.5484],[10.3522,46.5556],[10.3663,46.5549],[10.3976,46.5439],[10.4193,46.5511],[10.4366,46.5374],[10.4531,46.5306],[10.4579,46.5106],[10.4761,46.4955],[10.497,46.4974],[10.555,46.489],[10.5761,46.4743],[10.6005,46.4687],[10.6218,46.448],[10.6166,46.4436],[10.6192,46.4369],[10.6165,46.43],[10.6179,46.4174],[10.631,46.4023],[10.6108,46.3873],[10.606,46.3792],[10.567,46.3779],[10.542,46.3609],[10.5433,46.3567],[10.54,46.3548],[10.5199,46.356],[10.5118,46.3347],[10.4981,46.3348],[10.4868,46.3466],[10.471,46.3547],[10.4197,46.3337],[10.3714,46.2936],[10.3469,46.2905],[10.3391,46.2863],[10.3285,46.2871],[10.3208,46.2817],[10.3154,46.2765],[10.3143,46.2599],[10.3009,46.2496],[10.2968,46.2412],[10.2947,46.2237],[10.2801,46.2171],[10.2819,46.2134],[10.2534,46.2033],[10.229,46.1993],[10.2257,46.1868],[10.1799,46.178],[10.1746,46.1652],[10.1594,46.1595],[10.1718,46.1362],[10.1649,46.1071],[10.1713,46.103],[10.1748,46.0932],[10.1793,46.0906],[10.1786,46.0864],[10.185,46.081],[10.1754,46.0708],[10.1696,46.057],[10.1217,46.0593],[10.1026,46.0508],[10.0958,46.0555],[10.0925,46.0624],[10.0927,46.0683],[10.104,46.083],[10.1032,46.0879],[10.0959,46.0913],[10.0604,46.0892],[10.0543,46.0852],[10.0185,46.086],[10.0121,46.0817],[10.0111,46.0726],[9.9915,46.0728],[9.9805,46.0653],[9.9467,46.0665],[9.91,46.0577],[9.9065,46.0541],[9.9081,46.0464],[9.8833,46.0459],[9.8723,46.0512],[9.8621,46.0463],[9.8367,46.044],[9.8315,46.0472],[9.8111,46.0497],[9.8074,46.0537],[9.7928,46.0536],[9.7664,46.0644],[9.7451,46.0629],[9.7376,46.0582],[9.7216,46.0637],[9.7097,46.064],[9.7044,46.0573],[9.6886,46.0549],[9.6696,46.0607],[9.6435,46.06]]]}},{"type":"Feature","properties":{"s":"SP","n":"La Spezia","r":"Liguria","b":[9.4657,44.0232,10.0704,44.4387]},"geometry":{"type":"MultiPolygon","coordinates":[[[[9.9992,44.0509],[9.9867,44.0463],[9.9778,44.0355],[9.9637,44.0374],[9.9233,44.0638],[9.9077,44.0693],[9.9098,44.0751],[9.9068,44.0814],[9.8811,44.0815],[9.8787,44.0878],[9.8706,44.088],[9.8646,44.0927],[9.8508,44.1098],[9.8358,44.1101],[9.826,44.1031],[9.8262,44.1001],[9.8289,44.1005],[9.8213,44.0951],[9.8126,44.1008],[9.8228,44.0897],[9.8239,44.0827],[9.8264,44.0833],[9.8351,44.0735],[9.8389,44.0649],[9.8459,44.0687],[9.8517,44.0601],[9.8441,44.0584],[9.8327,44.049],[9.8174,44.0605],[9.7986,44.0644],[9.7741,44.0769],[9.7731,44.0806],[9.7604,44.0838],[9.7539,44.0907],[9.7394,44.0917],[9.7253,44.1126],[9.6681,44.1421],[9.6547,44.1456],[9.6441,44.1443],[9.6355,44.1335],[9.6064,44.158],[9.6056,44.1622],[9.6101,44.1667],[9.606,44.1716],[9.5906,44.173],[9.5784,44.1827],[9.5737,44.1804],[9.5676,44.1831],[9.5688,44.1913],[9.5491,44.2066],[9.5298,44.2075],[9.5113,44.2167],[9.5158,44.2223],[9.5143,44.2262],[9.5233,44.2276],[9.5275,44.2431],[9.5339,44.253],[9.5592,44.2573],[9.5715,44.2534],[9.5733,44.2708],[9.5617,44.2779],[9.5553,44.2874],[9.5433,44.2967],[9.5239,44.3077],[9.5196,44.3154],[9.4993,44.3269],[9.5051,44.3416],[9.5182,44.3552],[9.4961,44.3668],[9.4944,44.3779],[9.4893,44.3831],[9.4823,44.3808],[9.4738,44.3846],[9.4723,44.3946],[9.4657,44.4016],[9.481,44.4106],[9.4819,44.4171],[9.4928,44.4233],[9.529,44.4278],[9.5474,44.4268],[9.5507,44.428],[9.5548,44.438],[9.5585,44.4387],[9.5741,44.435],[9.5825,44.4285],[9.5982,44.4367],[9.6055,44.4357],[9.613,44.4259],[9.6381,44.4138],[9.6545,44.4117],[9.663,44.4007],[9.675,44.3647],[9.7063,44.3662],[9.7153,44.3573],[9.7295,44.3283],[9.7531,44.3227],[9.7615,44.3141],[9.7642,44.3058],[9.8064,44.2828],[9.8148,44.2862],[9.8527,44.2702],[9.8602,44.2524],[9.86,44.2395],[9.857,44.234],[9.8635,44.2282],[9.8754,44.2239],[9.8576,44.1935],[9.865,44.1807],[9.8733,44.1952],[9.8914,44.2054],[9.8912,44.2078],[9.9085,44.2098],[9.9145,44.1996],[9.934,44.1966],[9.9224,44.1951],[9.9216,44.1898],[9.893,44.1665],[9.8979,44.1636],[9.9218,44.17],[9.9547,44.1649],[9.9662,44.1692],[9.9733,44.1671],[9.9785,44.1613],[9.9764,44.1518],[9.9804,44.1451],[9.9773,44.1401],[9.983,44.126],[9.9931,44.1204],[9.9951,44.1157],[9.9941,44.1058],[9.9891,44.1029],[9.9867,44.0969],[9.9933,44.0927],[10.0038,44.1095],[10.0215,44.1195],[10.0474,44.1151],[10.0688,44.0983],[10.0704,44.0924],[10.06,44.0794],[10.029,44.0597],[10.0188,44.0445],[9.9992,44.0509]]],[[[9.8484,44.029],[9.8537,44.0258],[9.849,44.0258],[9.8484,44.029]]],[[[9.8535,44.0492],[9.8473,44.034],[9.8331,44.047],[9.8546,44.0512],[9.8535,44.0492]]]]}},{"type":"Feature","properties":{"s":"SR","n":"Siracusa","r":"Sicilia","b":[14.773,36.6441,15.3366,37.412]},"geometry":{"type":"MultiPolygon","coordinates":[[[[15.1829,37.2108],[15.1849,37.1955],[15.2013,37.1782],[15.1997,37.165],[15.2058,37.1536],[15.2206,37.1501],[15.2269,37.1531],[15.2262,37.1585],[15.2336,37.1591],[15.2441,37.1464],[15.2381,37.1467],[15.2296,37.1526],[15.2244,37.1507],[15.2201,37.1434],[15.2215,37.1281],[15.2369,37.1154],[15.2592,37.11],[15.2609,37.1068],[15.2822,37.1102],[15.2957,37.1067],[15.3007,37.093],[15.3,37.0794],[15.2903,37.0665],[15.2962,37.0655],[15.2981,37.0617],[15.2957,37.0544],[15.2874,37.0637],[15.2796,37.0656],[15.2714,37.0579],[15.271,37.0512],[15.2758,37.039],[15.2816,37.0335],[15.2911,37.0331],[15.2976,37.0412],[15.3031,37.0429],[15.316,37.035],[15.3222,37.0223],[15.3349,37.011],[15.3363,37.0025],[15.3148,37.0037],[15.3028,37.0153],[15.2835,37.0059],[15.2753,37.0072],[15.2646,36.9969],[15.269,36.987],[15.2566,36.9802],[15.2617,36.9743],[15.239,36.9722],[15.2199,36.9624],[15.2141,36.9638],[15.2057,36.9588],[15.2064,36.9535],[15.1975,36.9526],[15.1797,36.9387],[15.1727,36.9245],[15.1588,36.9196],[15.1534,36.9145],[15.1378,36.8815],[15.1368,36.8663],[15.1268,36.8656],[15.1124,36.8509],[15.1062,36.8346],[15.1087,36.8193],[15.106,36.8064],[15.099,36.8028],[15.0955,36.7955],[15.0954,36.7763],[15.1031,36.7579],[15.1111,36.747],[15.1195,36.7448],[15.1165,36.7394],[15.1208,36.7322],[15.1232,36.7026],[15.1349,36.6916],[15.1384,36.6825],[15.132,36.6668],[15.1249,36.6691],[15.1275,36.6712],[15.1223,36.6743],[15.1161,36.6748],[15.1037,36.6624],[15.0798,36.6477],[15.0704,36.6588],[15.0571,36.6619],[15.051,36.6792],[15.0429,36.6885],[15.0207,36.7012],[15.0004,36.7028],[14.9967,36.7089],[14.999,36.7202],[14.9958,36.7381],[14.9859,36.7514],[14.9922,36.7615],[14.9852,36.7807],[14.9536,36.8034],[14.9432,36.7964],[14.9401,36.8002],[14.9412,36.8055],[14.9235,36.8138],[14.9023,36.814],[14.8869,36.8248],[14.8679,36.8214],[14.8625,36.8159],[14.8538,36.828],[14.8599,36.8315],[14.865,36.8507],[14.861,36.8569],[14.8701,36.8705],[14.8862,36.8682],[14.8971,36.8591],[14.9216,36.8488],[14.9292,36.8498],[14.9386,36.8637],[14.9208,36.8779],[14.9151,36.8862],[14.8998,36.8896],[14.8841,36.8988],[14.8775,36.9194],[14.8915,36.9207],[14.8968,36.9253],[14.8654,36.9439],[14.8392,36.9465],[14.837,36.9731],[14.8469,36.9758],[14.8606,36.9743],[14.857,36.9666],[14.8607,36.9576],[14.9357,36.8988],[14.9378,36.9032],[14.9321,36.9146],[14.9205,36.9274],[14.9186,36.9355],[14.9075,36.9393],[14.8883,36.9641],[14.8865,36.9898],[14.8565,37.0228],[14.8531,37.0353],[14.8401,37.0387],[14.8379,37.0551],[14.8317,37.0492],[14.8183,37.054],[14.8182,37.0597],[14.8249,37.0676],[14.8285,37.0679],[14.8376,37.0596],[14.8431,37.0607],[14.8198,37.0807],[14.8222,37.0896],[14.8172,37.1026],[14.8181,37.112],[14.803,37.1102],[14.7941,37.1155],[14.8012,37.1244],[14.7939,37.132],[14.8084,37.1261],[14.8248,37.128],[14.833,37.1242],[14.8435,37.1301],[14.846,37.1457],[14.835,37.1632],[14.87,37.1858],[14.8713,37.2048],[14.8635,37.2088],[14.8488,37.2008],[14.8255,37.196],[14.8208,37.2072],[14.8035,37.2139],[14.7943,37.2145],[14.783,37.21],[14.773,37.2248],[14.7745,37.2287],[14.7811,37.2298],[14.7906,37.2427],[14.8085,37.2518],[14.809,37.2547],[14.8475,37.26],[14.8565,37.2723],[14.8582,37.277],[14.8559,37.2797],[14.8828,37.2863],[14.8797,37.2957],[14.8922,37.3107],[14.8416,37.3247],[14.8211,37.3162],[14.8159,37.3183],[14.804,37.3158],[14.7906,37.3247],[14.7794,37.3245],[14.7786,37.3305],[14.8092,37.3499],[14.8384,37.3578],[14.8413,37.3613],[14.839,37.3701],[14.8429,37.3789],[14.8809,37.3916],[14.8875,37.3978],[14.8875,37.4077],[14.8918,37.41],[14.9126,37.412],[14.9358,37.4084],[14.9532,37.3931],[14.9564,37.3863],[14.985,37.3736],[15.0146,37.3692],[15.0227,37.3723],[15.026,37.3785],[15.0326,37.3713],[15.0334,37.3621],[15.091,37.3586],[15.0965,37.3256],[15.1053,37.3102],[15.1347,37.3095],[15.1616,37.2893],[15.1716,37.2932],[15.1841,37.2881],[15.1891,37.2818],[15.1948,37.2825],[15.1974,37.2921],[15.2047,37.294],[15.2086,37.2915],[15.2249,37.2702],[15.2409,37.2604],[15.2451,37.2482],[15.2556,37.2414],[15.2545,37.2358],[15.2472,37.232],[15.2303,37.2431],[15.2238,37.2389],[15.2254,37.2162],[15.2335,37.1986],[15.2253,37.2146],[15.2166,37.2242],[15.218,37.2358],[15.2128,37.2466],[15.2059,37.2448],[15.1975,37.2354],[15.186,37.2364],[15.1949,37.2262],[15.193,37.2206],[15.1832,37.2158],[15.1829,37.2108]]],[[[15.1056,36.79],[15.1035,36.7923],[15.1063,36.7926],[15.1056,36.79]]],[[[15.1519,36.6893],[15.1542,36.6889],[15.1515,36.685],[15.1436,36.6815],[15.1461,36.6883],[15.1519,36.6893]]]]}},{"type":"Feature","properties":{"s":"SS","n":"Sassari","r":"Sardegna","b":[8.1331,40.2966,9.7791,41.3127]},"geometry":{"type":"MultiPolygon","coordinates":[[[[8.1425,40.6054],[8.1446,40.6045],[8.1403,40.6017],[8.1377,40.603],[8.1425,40.6054]]],[[[8.3679,40.4964],[8.3622,40.4951],[8.346,40.5013],[8.3378,40.5001],[8.3388,40.5072],[8.318,40.5511],[8.3094,40.5607],[8.3147,40.5605],[8.3156,40.5631],[8.3112,40.5655],[8.3167,40.5651],[8.3171,40.5718],[8.3063,40.5861],[8.295,40.593],[8.2869,40.5946],[8.2871,40.5922],[8.2736,40.5918],[8.2681,40.5899],[8.2633,40.583],[8.2472,40.5825],[8.2438,40.5699],[8.2093,40.5715],[8.2033,40.569],[8.1988,40.5711],[8.1979,40.5763],[8.2105,40.593],[8.2175,40.5948],[8.2195,40.601],[8.2095,40.6148],[8.1957,40.6184],[8.1894,40.6158],[8.1889,40.6066],[8.1822,40.5993],[8.1731,40.5942],[8.1715,40.5816],[8.1666,40.5843],[8.163,40.581],[8.1644,40.5603],[8.1579,40.5662],[8.1579,40.5721],[8.1498,40.5855],[8.1436,40.6237],[8.1602,40.6274],[8.1624,40.631],[8.1865,40.6391],[8.1922,40.6628],[8.1988,40.6733],[8.1963,40.6775],[8.2047,40.6805],[8.2032,40.6883],[8.1748,40.6947],[8.1752,40.7017],[8.1695,40.7087],[8.1541,40.7171],[8.1446,40.7272],[8.1331,40.7312],[8.1541,40.7491],[8.166,40.7672],[8.1666,40.7809],[8.1606,40.7909],[8.1844,40.8121],[8.1848,40.8171],[8.1935,40.8256],[8.1931,40.8351],[8.207,40.8502],[8.2186,40.8695],[8.2218,40.892],[8.2127,40.9031],[8.1917,40.9139],[8.1891,40.9176],[8.1912,40.921],[8.1759,40.9352],[8.1891,40.9555],[8.1975,40.9629],[8.2017,40.9727],[8.2129,40.961],[8.2364,40.9493],[8.2333,40.9397],[8.2276,40.9386],[8.2355,40.9174],[8.2325,40.9115],[8.2375,40.9043],[8.2688,40.8741],[8.295,40.8549],[8.3147,40.8445],[8.3431,40.8415],[8.3484,40.8433],[8.3501,40.8504],[8.3625,40.8529],[8.3847,40.8512],[8.3623,40.8527],[8.3522,40.8505],[8.3481,40.8406],[8.3722,40.8377],[8.3906,40.8383],[8.3931,40.8408],[8.4175,40.8399],[8.4468,40.8227],[8.4693,40.8191],[8.5398,40.8263],[8.5795,40.8377],[8.6059,40.8502],[8.6221,40.8617],[8.633,40.8823],[8.6509,40.8921],[8.683,40.9029],[8.6946,40.9123],[8.7111,40.9184],[8.7172,40.9135],[8.726,40.9127],[8.7399,40.9181],[8.7708,40.9162],[8.7904,40.9224],[8.8327,40.948],[8.8625,40.939],[8.8743,40.9325],[8.8818,40.9327],[8.8971,40.9337],[8.932,40.9515],[8.9352,40.9582],[8.9437,40.9623],[8.9456,40.9571],[8.9617,40.9591],[8.9694,40.9557],[8.9753,40.9443],[8.9613,40.9357],[8.9679,40.9317],[8.9804,40.9313],[8.9859,40.9149],[8.9917,40.9157],[8.9891,40.9119],[8.9783,40.9031],[8.9258,40.8853],[8.8965,40.8908],[8.8952,40.8872],[8.9032,40.8783],[8.8963,40.8719],[8.9053,40.8558],[8.9273,40.8508],[8.9501,40.8662],[8.9743,40.8617],[8.9929,40.8432],[8.9987,40.8465],[9.0093,40.8456],[9.0083,40.8413],[8.9964,40.8389],[9.0038,40.8283],[9.003,40.8233],[8.9954,40.8203],[8.9876,40.8112],[8.992,40.8079],[9.0054,40.812],[9.0263,40.7935],[9.0209,40.7849],[9.0257,40.7752],[9.0196,40.7658],[9.0207,40.7602],[9.0269,40.7552],[9.0293,40.7442],[9.0224,40.7257],[9.0178,40.7218],[9.0184,40.7006],[9.0142,40.6951],[9.0026,40.6956],[9.0055,40.6875],[9.0125,40.6805],[9.0282,40.675],[9.059,40.6734],[9.0695,40.6676],[9.0704,40.6594],[9.1162,40.6467],[9.1335,40.6531],[9.1336,40.6584],[9.1522,40.6579],[9.1753,40.6618],[9.1813,40.6369],[9.1948,40.6263],[9.1889,40.6029],[9.192,40.5922],[9.1911,40.5692],[9.1855,40.5463],[9.1913,40.5235],[9.1821,40.5087],[9.2229,40.5026],[9.2466,40.5047],[9.264,40.5116],[9.2788,40.5108],[9.2777,40.4982],[9.2845,40.4766],[9.2716,40.4694],[9.2512,40.4664],[9.2476,40.4619],[9.2481,40.4561],[9.2272,40.4281],[9.2254,40.4106],[9.2068,40.4048],[9.1871,40.3886],[9.1832,40.3713],[9.1694,40.3723],[9.1154,40.3565],[9.077,40.3386],[9.0615,40.3368],[9.0423,40.3266],[9.0388,40.3091],[9.028,40.2966],[8.9869,40.3272],[8.9813,40.3376],[8.9667,40.3478],[8.9484,40.3685],[8.9118,40.3814],[8.9008,40.3885],[8.8971,40.3944],[8.9005,40.4012],[8.898,40.4058],[8.8743,40.3919],[8.8649,40.3897],[8.8556,40.3925],[8.8567,40.4026],[8.8537,40.4077],[8.846,40.407],[8.8274,40.4127],[8.8193,40.4085],[8.8159,40.4023],[8.8162,40.3767],[8.8126,40.3647],[8.7875,40.3576],[8.7822,40.3498],[8.7782,40.3488],[8.7632,40.3527],[8.7548,40.3493],[8.7476,40.3548],[8.7373,40.3533],[8.7278,40.3433],[8.7106,40.3415],[8.7069,40.3326],[8.6918,40.3308],[8.6767,40.3127],[8.6587,40.3104],[8.6502,40.2999],[8.6434,40.297],[8.6397,40.2996],[8.6404,40.3049],[8.6362,40.311],[8.6259,40.3141],[8.6193,40.3227],[8.6111,40.3272],[8.5918,40.3342],[8.5865,40.354],[8.5758,40.3576],[8.5651,40.3707],[8.5622,40.3814],[8.5489,40.386],[8.554,40.3904],[8.5505,40.3962],[8.5381,40.4024],[8.5256,40.4018],[8.5242,40.4087],[8.5141,40.4217],[8.4944,40.4256],[8.488,40.4207],[8.4828,40.4106],[8.4589,40.4072],[8.4536,40.4001],[8.4437,40.3956],[8.4348,40.3978],[8.4225,40.3937],[8.4112,40.3979],[8.3998,40.4076],[8.3978,40.4304],[8.3861,40.4534],[8.3737,40.4909],[8.3679,40.4964]]],[[[8.2154,40.9824],[8.2244,40.9779],[8.2248,40.97],[8.2139,40.9695],[8.2119,40.9794],[8.2154,40.9824]]],[[[8.3186,41.1207],[8.326,41.1137],[8.3269,41.1083],[8.3228,41.1059],[8.3427,41.0977],[8.3479,41.0897],[8.3353,41.0794],[8.3402,41.0676],[8.339,41.0608],[8.3323,41.055],[8.3257,41.0539],[8.281,41.0654],[8.2749,41.0563],[8.2587,41.0513],[8.2655,41.0463],[8.2349,41.0241],[8.2477,41.027],[8.2513,41.0127],[8.2559,41.0116],[8.2638,41.0009],[8.2582,40.9886],[8.2551,40.9853],[8.2103,40.9878],[8.2108,40.9929],[8.2177,40.993],[8.2114,41.0037],[8.2303,41.0232],[8.2195,41.0285],[8.2235,41.0343],[8.2205,41.041],[8.2451,41.0472],[8.2508,41.0506],[8.2652,41.0715],[8.2738,41.0762],[8.2842,41.0752],[8.2814,41.0878],[8.2729,41.0967],[8.2755,41.1045],[8.3048,41.1063],[8.3105,41.1087],[8.3114,41.1144],[8.3186,41.1207]]]]}},{"type":"Feature","properties":{"s":"SS","n":"Gallura Nord-Est Sardegna","r":"Sardegna","b":[8.1331,40.2966,9.7791,41.3133]},"geometry":{"type":"MultiPolygon","coordinates":[[[[8.9917,40.9157],[8.9859,40.9149],[8.9804,40.9313],[8.9679,40.9317],[8.9615,40.9353],[8.9623,40.9384],[8.9753,40.9443],[8.9694,40.9557],[8.9617,40.9591],[8.9456,40.9571],[8.9437,40.9623],[8.9352,40.9582],[8.932,40.9515],[8.8971,40.9337],[8.8743,40.9325],[8.8625,40.939],[8.8327,40.948],[8.8166,40.9365],[8.8025,40.9309],[8.8352,40.9561],[8.866,40.9874],[8.8766,41.0095],[8.8694,41.0145],[8.8882,41.0173],[8.8822,41.0282],[8.8923,41.0272],[8.9038,41.0356],[8.9161,41.0356],[8.9238,41.0426],[8.9294,41.0434],[8.9815,41.0866],[8.9818,41.0925],[8.9903,41.1031],[8.9967,41.1049],[9.0119,41.1238],[9.0463,41.1381],[9.0518,41.1369],[9.0605,41.1275],[9.1077,41.1339],[9.1229,41.147],[9.1189,41.1515],[9.1206,41.1552],[9.1491,41.1552],[9.1677,41.1681],[9.1711,41.177],[9.1585,41.1857],[9.1541,41.1972],[9.1657,41.2184],[9.1671,41.229],[9.16,41.2358],[9.1477,41.2312],[9.1436,41.2324],[9.1384,41.2386],[9.1439,41.2467],[9.1654,41.2364],[9.1738,41.2453],[9.181,41.248],[9.1945,41.2459],[9.1949,41.2405],[9.2151,41.255],[9.2256,41.2591],[9.2353,41.2582],[9.237,41.246],[9.2611,41.2409],[9.28,41.2281],[9.2819,41.2192],[9.271,41.1998],[9.2722,41.1944],[9.2799,41.1938],[9.2807,41.206],[9.2879,41.2194],[9.2985,41.2036],[9.2882,41.1964],[9.2905,41.193],[9.3155,41.192],[9.3185,41.1952],[9.3161,41.2002],[9.3203,41.2031],[9.3224,41.1984],[9.3193,41.1956],[9.3326,41.1854],[9.3415,41.1922],[9.3308,41.1945],[9.3418,41.2059],[9.3502,41.2076],[9.3542,41.2026],[9.3633,41.2076],[9.3653,41.1932],[9.3702,41.1832],[9.3809,41.1877],[9.3855,41.1807],[9.4062,41.1762],[9.4233,41.1772],[9.4223,41.1663],[9.4112,41.1629],[9.4056,41.1571],[9.4296,41.155],[9.4321,41.1409],[9.4357,41.1368],[9.4435,41.1352],[9.44,41.1276],[9.441,41.1046],[9.4501,41.1044],[9.4617,41.1212],[9.4705,41.1282],[9.4719,41.1319],[9.4638,41.1368],[9.4667,41.143],[9.5189,41.1426],[9.512,41.1515],[9.5158,41.156],[9.5217,41.1567],[9.5308,41.1524],[9.5289,41.1481],[9.5372,41.1398],[9.526,41.1343],[9.539,41.1367],[9.5458,41.1337],[9.539,41.1213],[9.5404,41.1144],[9.5472,41.1126],[9.5572,41.1196],[9.5669,41.1158],[9.5688,41.1098],[9.5616,41.0841],[9.5492,41.0788],[9.5418,41.0835],[9.5446,41.0882],[9.5427,41.0898],[9.5352,41.0825],[9.5289,41.0687],[9.5339,41.065],[9.5412,41.065],[9.5233,41.0519],[9.5253,41.0444],[9.5226,41.0314],[9.5053,41.0091],[9.5211,41.0098],[9.5297,41.0179],[9.5259,41.0218],[9.5273,41.0271],[9.5504,41.0312],[9.5551,41.0365],[9.5611,41.0377],[9.5629,41.0345],[9.5588,41.0213],[9.5509,41.0069],[9.5555,41.0038],[9.5696,41.0079],[9.5769,41.0029],[9.5801,41.0139],[9.5864,41.0109],[9.5942,41.0217],[9.6086,41.0175],[9.6227,41.005],[9.6311,41.0021],[9.6554,41.0043],[9.6644,40.9944],[9.6537,40.9865],[9.6467,40.9854],[9.6234,40.9941],[9.6212,41.0004],[9.6112,41.0032],[9.5978,40.9909],[9.5848,40.9864],[9.5836,40.9758],[9.5939,40.9679],[9.5762,40.9473],[9.5682,40.9424],[9.568,40.9361],[9.5749,40.9331],[9.575,40.9282],[9.5629,40.924],[9.5571,40.927],[9.5391,40.9259],[9.5344,40.9331],[9.5271,40.9334],[9.5082,40.9287],[9.5101,40.9251],[9.5237,40.9248],[9.5243,40.9223],[9.5084,40.9239],[9.5015,40.9197],[9.5023,40.9133],[9.5069,40.9114],[9.5611,40.9208],[9.5724,40.9111],[9.5715,40.9082],[9.5759,40.9041],[9.5887,40.8996],[9.6011,40.9071],[9.6124,40.9193],[9.6218,40.9219],[9.6302,40.9178],[9.6441,40.92],[9.6413,40.9136],[9.6195,40.8961],[9.6177,40.8894],[9.6359,40.8839],[9.6426,40.8731],[9.648,40.877],[9.6461,40.88],[9.6542,40.8796],[9.6578,40.8757],[9.6529,40.8629],[9.6652,40.8533],[9.676,40.8614],[9.6813,40.8611],[9.6869,40.8579],[9.6927,40.8482],[9.7042,40.8426],[9.7272,40.8433],[9.7247,40.838],[9.7086,40.8316],[9.6953,40.8367],[9.6859,40.8353],[9.6822,40.8213],[9.6918,40.8112],[9.6881,40.8064],[9.6814,40.809],[9.6752,40.8063],[9.6708,40.7986],[9.6704,40.7882],[9.6867,40.7665],[9.7177,40.7505],[9.7121,40.7396],[9.7153,40.7299],[9.7154,40.7099],[9.7227,40.7003],[9.7379,40.6945],[9.7461,40.687],[9.7504,40.6778],[9.7492,40.658],[9.7399,40.6619],[9.7324,40.6721],[9.7002,40.6798],[9.6918,40.6791],[9.6748,40.6649],[9.6531,40.6911],[9.6237,40.6991],[9.6032,40.6969],[9.5831,40.7061],[9.5624,40.6791],[9.5128,40.6488],[9.5058,40.6532],[9.4874,40.645],[9.465,40.6558],[9.4643,40.6536],[9.4472,40.6539],[9.4361,40.6582],[9.4206,40.6586],[9.4175,40.6541],[9.4166,40.6396],[9.4115,40.6332],[9.3974,40.6237],[9.395,40.6183],[9.3787,40.6153],[9.3791,40.6108],[9.3893,40.6021],[9.3935,40.5921],[9.3753,40.5816],[9.3722,40.5714],[9.3502,40.5643],[9.335,40.5521],[9.313,40.5468],[9.2975,40.5372],[9.2864,40.5259],[9.241,40.5382],[9.2158,40.54],[9.2009,40.5363],[9.1877,40.5373],[9.1855,40.5463],[9.1907,40.5638],[9.192,40.5922],[9.1889,40.6029],[9.1948,40.6263],[9.1813,40.6369],[9.1753,40.6618],[9.1522,40.6579],[9.1336,40.6584],[9.1335,40.6531],[9.1178,40.6465],[9.0704,40.6594],[9.0695,40.6676],[9.059,40.6734],[9.0325,40.6742],[9.0106,40.6815],[9.0023,40.6953],[9.0142,40.6951],[9.0184,40.7006],[9.0178,40.7218],[9.0224,40.7257],[9.0293,40.7442],[9.0269,40.7552],[9.0207,40.7602],[9.0196,40.7658],[9.0257,40.7752],[9.0209,40.7849],[9.0263,40.7935],[9.0054,40.812],[8.992,40.8079],[8.9875,40.8117],[8.9954,40.8203],[9.003,40.8233],[9.0038,40.8283],[8.9964,40.8389],[9.0083,40.8413],[9.0093,40.8456],[8.9987,40.8465],[8.9929,40.8432],[8.9743,40.8617],[8.9501,40.8662],[8.9273,40.8508],[8.9053,40.8558],[8.8974,40.8675],[8.8963,40.8719],[8.9032,40.8783],[8.8952,40.8872],[8.8965,40.8908],[8.9258,40.8853],[8.9783,40.9031],[8.9917,40.9157]]],[[[9.6438,40.9828],[9.6465,40.9798],[9.6429,40.9778],[9.6399,40.9825],[9.6438,40.9828]]],[[[9.5821,41.0693],[9.5849,41.0682],[9.5802,41.0674],[9.5821,41.0693]]],[[[9.577,41.0687],[9.5796,41.0631],[9.5707,41.0618],[9.5696,41.0647],[9.577,41.0687]]],[[[9.5866,41.0708],[9.5877,41.0688],[9.5843,41.0698],[9.5866,41.0708]]],[[[9.6097,41.0822],[9.6072,41.0716],[9.5968,41.076],[9.6097,41.0822]]],[[[9.5256,41.166],[9.5276,41.1625],[9.5224,41.1619],[9.5166,41.1663],[9.5256,41.166]]],[[[9.4862,41.1836],[9.4867,41.1806],[9.4837,41.1835],[9.4862,41.1836]]],[[[9.4192,41.2076],[9.4222,41.1935],[9.419,41.1887],[9.4111,41.1871],[9.3968,41.1905],[9.3982,41.1979],[9.4121,41.2074],[9.4192,41.2076]]],[[[9.4711,41.2452],[9.4734,41.2408],[9.482,41.2366],[9.4814,41.2252],[9.4855,41.2173],[9.4797,41.2161],[9.4781,41.1993],[9.4652,41.1897],[9.4648,41.1833],[9.4776,41.1871],[9.4814,41.1849],[9.4802,41.1812],[9.4707,41.177],[9.47,41.1688],[9.4694,41.1768],[9.4555,41.1863],[9.4535,41.1922],[9.4475,41.1909],[9.4416,41.1814],[9.4365,41.1812],[9.4357,41.1874],[9.4407,41.1957],[9.448,41.2005],[9.4564,41.2],[9.4549,41.2045],[9.4493,41.2065],[9.447,41.2155],[9.4586,41.2281],[9.4607,41.2426],[9.4711,41.2452]]],[[[9.3244,41.2523],[9.3252,41.2491],[9.3222,41.2486],[9.3244,41.2523]]],[[[9.3405,41.253],[9.35,41.252],[9.3599,41.2416],[9.3581,41.2364],[9.347,41.2293],[9.3407,41.2294],[9.3331,41.2356],[9.3336,41.2483],[9.3405,41.253]]],[[[9.4211,41.2683],[9.4308,41.2604],[9.4313,41.2515],[9.4356,41.2468],[9.4371,41.2408],[9.4305,41.2301],[9.4327,41.2258],[9.4389,41.2354],[9.4461,41.2338],[9.4445,41.2298],[9.436,41.2287],[9.4396,41.2159],[9.4153,41.2162],[9.399,41.2103],[9.3829,41.2102],[9.3742,41.2258],[9.3774,41.234],[9.3899,41.2358],[9.4005,41.2429],[9.4003,41.2583],[9.4047,41.2576],[9.4084,41.2513],[9.4133,41.2507],[9.416,41.2568],[9.4147,41.2682],[9.4211,41.2683]]],[[[9.3542,41.289],[9.3583,41.2855],[9.3579,41.2792],[9.3544,41.277],[9.3489,41.276],[9.3351,41.283],[9.3542,41.289]]],[[[9.4059,41.296],[9.4067,41.2938],[9.4041,41.2941],[9.4059,41.296]]],[[[9.3993,41.2987],[9.4012,41.2927],[9.3963,41.2949],[9.3993,41.2987]]],[[[9.3796,41.3082],[9.3845,41.2983],[9.365,41.2892],[9.3614,41.2928],[9.3628,41.2975],[9.3796,41.3082]]],[[[9.3418,41.3085],[9.3536,41.3028],[9.3592,41.2942],[9.3543,41.293],[9.3337,41.3017],[9.335,41.3064],[9.3418,41.3085]]],[[[9.3763,41.3127],[9.3804,41.3084],[9.3702,41.3091],[9.3763,41.3127]]],[[[9.7296,40.8764],[9.7419,40.8697],[9.737,40.86],[9.7322,40.8592],[9.7103,40.8689],[9.7153,40.8759],[9.7296,40.8764]]],[[[9.6511,40.8901],[9.6554,40.8884],[9.647,40.888],[9.6511,40.8901]]],[[[9.7355,40.9242],[9.7357,40.9201],[9.7398,40.9198],[9.7416,40.9111],[9.7206,40.9051],[9.6928,40.8878],[9.6856,40.8924],[9.6736,40.8904],[9.7241,40.917],[9.737,40.9276],[9.7355,40.9242]]]]}},{"type":"Feature","properties":{"s":"SU","n":"Medio Campidano","r":"Sardegna","b":[8.2196,38.8592,9.6597,39.9188]},"geometry":{"type":"Polygon","coordinates":[[[8.5026,39.7143],[8.5014,39.7107],[8.5126,39.7043],[8.5213,39.6929],[8.5493,39.6961],[8.5667,39.6872],[8.5791,39.6875],[8.5902,39.6916],[8.608,39.6899],[8.6238,39.6667],[8.6278,39.6551],[8.6603,39.642],[8.6713,39.6312],[8.6965,39.6454],[8.7046,39.6387],[8.7298,39.6389],[8.7431,39.6271],[8.7499,39.6329],[8.7709,39.6392],[8.7841,39.6539],[8.8355,39.6659],[8.8429,39.6641],[8.8615,39.668],[8.865,39.6826],[8.8785,39.6942],[8.8798,39.7006],[8.9115,39.7206],[8.9129,39.7237],[8.9017,39.733],[8.9166,39.7517],[8.9243,39.7584],[8.9352,39.7549],[8.9412,39.7576],[8.9416,39.7663],[8.9358,39.7795],[8.9387,39.7828],[8.953,39.778],[8.9786,39.7797],[8.9964,39.7682],[8.998,39.7611],[9.053,39.7583],[9.0736,39.7503],[9.0717,39.7429],[9.0551,39.7312],[9.0615,39.7215],[9.0565,39.7113],[9.0588,39.7057],[9.0561,39.697],[9.0513,39.6964],[9.0476,39.6895],[9.0491,39.663],[9.0465,39.6409],[9.0261,39.6184],[9.0143,39.5877],[9.0115,39.5867],[9.0126,39.5841],[9.0062,39.5772],[8.9997,39.5537],[8.9828,39.5342],[8.9866,39.5306],[9.0075,39.5277],[9.0116,39.5172],[9.0094,39.5077],[9.0148,39.4864],[9.0109,39.4804],[8.9881,39.4681],[8.965,39.4627],[8.9593,39.4625],[8.957,39.4657],[8.9693,39.4499],[8.9782,39.4221],[8.9618,39.412],[8.9292,39.3995],[8.8848,39.3983],[8.8274,39.4148],[8.8213,39.4074],[8.7573,39.405],[8.7343,39.3957],[8.6993,39.375],[8.6913,39.382],[8.6783,39.376],[8.6761,39.379],[8.652,39.3794],[8.64,39.383],[8.6275,39.4104],[8.617,39.418],[8.6168,39.4256],[8.606,39.4243],[8.59,39.4318],[8.584,39.4315],[8.58,39.437],[8.5822,39.4445],[8.5626,39.4501],[8.547,39.4587],[8.5351,39.4773],[8.496,39.483],[8.4845,39.4734],[8.4515,39.4624],[8.4364,39.471],[8.415,39.4664],[8.4105,39.4565],[8.3927,39.4468],[8.3822,39.4558],[8.3875,39.4758],[8.4097,39.4928],[8.4514,39.5463],[8.4552,39.563],[8.463,39.5748],[8.4639,39.5888],[8.4706,39.5989],[8.4655,39.6162],[8.4554,39.6203],[8.452,39.6251],[8.4519,39.6504],[8.4567,39.6701],[8.4448,39.6777],[8.4454,39.6853],[8.4483,39.6859],[8.4536,39.6974],[8.4553,39.709],[8.447,39.7175],[8.4488,39.7415],[8.4443,39.7539],[8.4512,39.7694],[8.4602,39.7682],[8.4991,39.7173],[8.4886,39.7156],[8.5026,39.7143]]]}},{"type":"Feature","properties":{"s":"SU","n":"Sulcis Iglesiente","r":"Sardegna","b":[8.2073,38.8592,9.6597,39.9188]},"geometry":{"type":"MultiPolygon","coordinates":[[[[8.3793,39.3739],[8.3803,39.3843],[8.4042,39.4079],[8.4124,39.426],[8.4109,39.4412],[8.3927,39.4468],[8.4105,39.4565],[8.415,39.4664],[8.4364,39.471],[8.4515,39.4624],[8.4845,39.4734],[8.496,39.483],[8.5351,39.4773],[8.547,39.4587],[8.5626,39.4501],[8.5822,39.4445],[8.58,39.437],[8.584,39.4315],[8.59,39.4318],[8.606,39.4243],[8.6168,39.4256],[8.617,39.418],[8.6275,39.4104],[8.6404,39.3827],[8.652,39.3794],[8.6761,39.379],[8.6783,39.376],[8.6913,39.382],[8.7051,39.372],[8.7103,39.3628],[8.7006,39.3223],[8.7164,39.3104],[8.7222,39.2834],[8.7398,39.28],[8.7483,39.2319],[8.7586,39.2002],[8.7708,39.1794],[8.8115,39.1653],[8.8212,39.1555],[8.8263,39.1487],[8.8202,39.1301],[8.8222,39.1186],[8.8374,39.1104],[8.8487,39.0992],[8.8531,39.0845],[8.8239,39.0369],[8.8156,39.018],[8.8146,39.005],[8.8273,38.9552],[8.8212,38.9488],[8.8358,38.9143],[8.8347,38.8973],[8.8397,38.8826],[8.8354,38.877],[8.8193,38.8946],[8.8094,38.8935],[8.807,38.8989],[8.8028,38.8995],[8.7989,38.8947],[8.8018,38.8839],[8.7937,38.8939],[8.7835,38.8982],[8.7861,38.9065],[8.7945,38.9136],[8.7969,38.9198],[8.7968,38.9348],[8.7943,38.9372],[8.7723,38.9347],[8.7703,38.9286],[8.7744,38.9143],[8.7612,38.9172],[8.7203,38.9365],[8.7186,38.9261],[8.6816,38.9093],[8.6715,38.9083],[8.6641,38.9125],[8.6703,38.8972],[8.6646,38.894],[8.6543,38.8979],[8.6483,38.8904],[8.6487,38.886],[8.6585,38.8819],[8.6557,38.8767],[8.658,38.8706],[8.6454,38.8641],[8.6401,38.865],[8.6366,38.8679],[8.6466,38.8762],[8.6428,38.8773],[8.641,38.8829],[8.648,38.8923],[8.6464,38.8942],[8.6354,38.8959],[8.6166,38.8911],[8.6077,38.8934],[8.607,38.9041],[8.6207,38.9205],[8.6232,38.9369],[8.619,38.9487],[8.6126,38.9579],[8.6034,38.963],[8.5868,38.9557],[8.5849,38.9599],[8.5893,38.964],[8.578,38.975],[8.5661,38.9971],[8.5666,39.01],[8.5759,39.0195],[8.5749,39.0321],[8.5649,39.0454],[8.5485,39.0444],[8.535,39.0529],[8.5307,39.0593],[8.4977,39.0632],[8.4683,39.0552],[8.4701,39.0516],[8.4528,39.0247],[8.4505,38.989],[8.4447,38.9825],[8.4419,38.9681],[8.4322,38.9609],[8.4215,38.9604],[8.4142,38.9553],[8.4045,38.961],[8.3913,38.9916],[8.3711,39.0187],[8.3734,39.0233],[8.3704,39.0217],[8.3639,39.0319],[8.357,39.0643],[8.3499,39.0785],[8.3498,39.083],[8.3581,39.0875],[8.3507,39.0975],[8.3614,39.1013],[8.3621,39.1092],[8.37,39.1141],[8.3804,39.0996],[8.4052,39.1037],[8.4102,39.1021],[8.4262,39.1091],[8.4338,39.0952],[8.4565,39.0837],[8.4598,39.065],[8.4666,39.0574],[8.478,39.0609],[8.479,39.0716],[8.4885,39.0847],[8.486,39.0848],[8.4877,39.0888],[8.4846,39.0864],[8.4776,39.0961],[8.4724,39.1122],[8.4665,39.1187],[8.4614,39.1206],[8.4398,39.115],[8.4346,39.1319],[8.4382,39.1417],[8.4365,39.1565],[8.414,39.1721],[8.4094,39.1649],[8.4174,39.1478],[8.4114,39.1495],[8.4068,39.1588],[8.3994,39.1941],[8.3962,39.1989],[8.3901,39.1972],[8.3817,39.2019],[8.3719,39.2092],[8.3686,39.2164],[8.367,39.2283],[8.4105,39.2637],[8.4241,39.2684],[8.4368,39.2899],[8.4318,39.3108],[8.4261,39.3188],[8.4179,39.3235],[8.4204,39.3326],[8.4152,39.3361],[8.3957,39.3395],[8.3933,39.3426],[8.3956,39.3473],[8.3872,39.3523],[8.389,39.3631],[8.3761,39.3689],[8.3731,39.3745],[8.3759,39.3769],[8.3793,39.3739]]],[[[8.3093,39.1878],[8.3064,39.1631],[8.3114,39.1488],[8.308,39.1435],[8.3128,39.1394],[8.308,39.1289],[8.3102,39.1129],[8.3061,39.103],[8.2973,39.0969],[8.2793,39.0959],[8.2479,39.1085],[8.2473,39.1108],[8.2549,39.115],[8.249,39.1259],[8.2522,39.1291],[8.2399,39.1406],[8.2261,39.1415],[8.2207,39.1454],[8.2266,39.1609],[8.23,39.165],[8.2421,39.1641],[8.257,39.1697],[8.2675,39.1786],[8.2966,39.1793],[8.3093,39.1878]]],[[[8.3248,39.1917],[8.3172,39.1905],[8.3197,39.1954],[8.3248,39.1917]]],[[[8.4104,38.8632],[8.4121,38.8606],[8.4085,38.8592],[8.4104,38.8632]]],[[[8.8138,38.8907],[8.8118,38.8897],[8.8136,38.8931],[8.8138,38.8907]]]]}},{"type":"Feature","properties":{"s":"SV","n":"Savona","r":"Liguria","b":[7.9774,43.939,8.6683,44.5287]},"geometry":{"type":"MultiPolygon","coordinates":[[[[8.2083,44.0347],[8.1932,44.0222],[8.1923,44.0178],[8.1759,44.0087],[8.1631,43.9926],[8.1599,43.9736],[8.1737,43.9547],[8.1466,43.9497],[8.1388,43.9451],[8.1354,43.939],[8.1238,43.939],[8.1235,43.9544],[8.1126,43.9678],[8.0845,43.9826],[8.0636,43.984],[8.0169,43.9793],[8.0061,43.9886],[8.0014,44.0012],[7.9803,44.0128],[7.9774,44.0199],[7.9879,44.033],[8.0058,44.0346],[8.0134,44.0391],[8.0175,44.0467],[8.0298,44.0511],[8.0384,44.0642],[8.0374,44.0776],[8.0312,44.0947],[8.0216,44.0973],[8.0218,44.1073],[8.0181,44.1125],[8.0132,44.1109],[8.0038,44.1147],[8.0028,44.1165],[8.0124,44.1195],[8.0105,44.1221],[8.0033,44.1264],[7.9917,44.1274],[7.9908,44.1324],[7.9789,44.1335],[7.9788,44.1366],[8.0118,44.1559],[8.0291,44.1538],[8.0429,44.1428],[8.0682,44.145],[8.0743,44.1506],[8.0798,44.1634],[8.0924,44.1752],[8.0917,44.1883],[8.0948,44.1973],[8.088,44.2032],[8.0752,44.2057],[8.0654,44.2169],[8.0671,44.225],[8.0781,44.2341],[8.0809,44.2412],[8.0631,44.2531],[8.0818,44.2625],[8.0907,44.2748],[8.0829,44.2778],[8.076,44.2875],[8.0636,44.2883],[8.0608,44.2999],[8.076,44.314],[8.0845,44.3066],[8.102,44.3009],[8.1091,44.3151],[8.1051,44.3266],[8.1064,44.3324],[8.1343,44.3321],[8.1392,44.3426],[8.145,44.3466],[8.1486,44.3548],[8.1408,44.3712],[8.1504,44.3753],[8.1495,44.3848],[8.1619,44.3858],[8.1707,44.3948],[8.18,44.3981],[8.1865,44.3953],[8.2064,44.4043],[8.208,44.4158],[8.2195,44.4263],[8.2217,44.4327],[8.2071,44.4481],[8.2103,44.4555],[8.1958,44.465],[8.2019,44.4783],[8.2233,44.4857],[8.2162,44.4973],[8.2242,44.5142],[8.2528,44.5287],[8.2763,44.5067],[8.3048,44.5035],[8.3216,44.488],[8.3492,44.4856],[8.3585,44.4649],[8.3724,44.4702],[8.3749,44.4744],[8.3924,44.477],[8.3944,44.4802],[8.3908,44.4877],[8.401,44.4934],[8.4,44.5022],[8.4037,44.5074],[8.4203,44.5119],[8.4286,44.5025],[8.4421,44.503],[8.4495,44.4974],[8.4531,44.5099],[8.4707,44.5225],[8.4818,44.5108],[8.5159,44.5098],[8.5368,44.513],[8.5437,44.512],[8.5495,44.504],[8.5591,44.5033],[8.5762,44.5092],[8.5863,44.4979],[8.5949,44.4945],[8.6021,44.496],[8.5991,44.5],[8.6024,44.5051],[8.6105,44.5067],[8.6195,44.5],[8.6327,44.5053],[8.6546,44.5031],[8.6618,44.487],[8.6645,44.464],[8.6683,44.4595],[8.667,44.4509],[8.6514,44.4417],[8.6075,44.4362],[8.6082,44.4312],[8.6054,44.4291],[8.5851,44.4286],[8.5887,44.4264],[8.5939,44.4035],[8.5984,44.3988],[8.6332,44.3798],[8.6162,44.3684],[8.5707,44.3568],[8.5665,44.3541],[8.5689,44.3497],[8.5644,44.3462],[8.5501,44.3438],[8.526,44.331],[8.5093,44.3284],[8.4851,44.31],[8.4868,44.3076],[8.5003,44.3166],[8.4926,44.3064],[8.465,44.2964],[8.4511,44.288],[8.4414,44.2761],[8.4404,44.2703],[8.4502,44.263],[8.4539,44.2676],[8.4563,44.2584],[8.443,44.238],[8.4281,44.233],[8.4159,44.2213],[8.4173,44.2061],[8.4245,44.1947],[8.3991,44.1811],[8.3738,44.1783],[8.3291,44.1613],[8.2956,44.1537],[8.2726,44.1419],[8.2631,44.1323],[8.269,44.1323],[8.2494,44.117],[8.2314,44.0915],[8.2265,44.0787],[8.2257,44.0432],[8.2083,44.0347]]],[[[8.2268,44.0267],[8.2295,44.0254],[8.2248,44.0246],[8.2268,44.0267]]]]}},{"type":"Feature","properties":{"s":"TA","n":"Taranto","r":"Puglia","b":[16.6965,40.2946,17.7998,40.8021]},"geometry":{"type":"MultiPolygon","coordinates":[[[[17.7983,40.3796],[17.7992,40.3535],[17.7927,40.336],[17.7811,40.3243],[17.7853,40.3107],[17.768,40.3116],[17.7639,40.2961],[17.7431,40.295],[17.723,40.3007],[17.6726,40.3046],[17.5089,40.2947],[17.5042,40.2967],[17.5036,40.3025],[17.4948,40.31],[17.458,40.317],[17.4428,40.3298],[17.3951,40.3324],[17.3755,40.3481],[17.3498,40.3544],[17.3401,40.3617],[17.3243,40.3617],[17.2961,40.3789],[17.279,40.3797],[17.2761,40.3856],[17.2228,40.4089],[17.2058,40.4085],[17.2025,40.4138],[17.2089,40.4211],[17.2325,40.4247],[17.2468,40.4375],[17.2513,40.4481],[17.2469,40.4618],[17.2266,40.4795],[17.1921,40.477],[17.1852,40.4797],[17.1819,40.4818],[17.1806,40.4932],[17.1771,40.49],[17.166,40.5009],[17.1571,40.4949],[17.1551,40.4966],[17.1655,40.5039],[17.1626,40.5061],[17.1447,40.4949],[17.1493,40.5052],[17.1458,40.5099],[17.1296,40.5172],[17.1022,40.5202],[17.0723,40.5183],[17.0421,40.5117],[16.9817,40.4881],[16.9191,40.4489],[16.9012,40.4345],[16.8672,40.3979],[16.8589,40.4038],[16.8337,40.4124],[16.8102,40.433],[16.8083,40.4479],[16.8028,40.4574],[16.7855,40.4629],[16.7583,40.463],[16.7552,40.464],[16.7567,40.4676],[16.7541,40.4701],[16.7495,40.4652],[16.7437,40.4647],[16.7202,40.4798],[16.737,40.5037],[16.7363,40.5108],[16.7243,40.5146],[16.7167,40.5236],[16.7225,40.5335],[16.7216,40.5372],[16.7065,40.5493],[16.7057,40.5544],[16.7158,40.5872],[16.7118,40.5928],[16.7283,40.6014],[16.724,40.6024],[16.7142,40.6143],[16.7101,40.6302],[16.7272,40.6884],[16.7091,40.693],[16.6965,40.7026],[16.7045,40.7112],[16.7087,40.7054],[16.7249,40.7138],[16.7348,40.7109],[16.7868,40.7333],[16.8001,40.695],[16.8086,40.692],[16.8218,40.6939],[16.818,40.7062],[16.8421,40.7128],[16.8559,40.7236],[16.8639,40.7215],[16.8707,40.7115],[16.8751,40.7165],[16.8924,40.7151],[16.8993,40.712],[16.8997,40.7077],[16.9119,40.7071],[16.9307,40.7129],[16.9231,40.726],[16.9287,40.7387],[16.947,40.7432],[16.9715,40.7413],[17.0155,40.7598],[17.0189,40.75],[17.0009,40.7314],[17.0226,40.7131],[17.0337,40.7121],[17.063,40.7211],[17.0857,40.7192],[17.0881,40.7171],[17.0869,40.7109],[17.0965,40.7088],[17.1017,40.7145],[17.113,40.7135],[17.1162,40.7082],[17.1227,40.707],[17.1469,40.7095],[17.1501,40.7123],[17.156,40.7399],[17.1599,40.7438],[17.2013,40.7617],[17.2043,40.757],[17.2146,40.7613],[17.2278,40.7573],[17.248,40.7656],[17.2511,40.775],[17.2435,40.7989],[17.2862,40.7976],[17.2873,40.8011],[17.3017,40.8021],[17.3104,40.7904],[17.3017,40.7846],[17.2951,40.7849],[17.2959,40.7886],[17.2888,40.787],[17.2891,40.7821],[17.3011,40.7725],[17.2835,40.7737],[17.283,40.7676],[17.3068,40.7446],[17.3157,40.7409],[17.323,40.7436],[17.3356,40.7378],[17.3536,40.7486],[17.3502,40.7456],[17.3498,40.7329],[17.3869,40.721],[17.3968,40.695],[17.4045,40.6885],[17.414,40.6843],[17.422,40.689],[17.4261,40.6878],[17.4257,40.6825],[17.4188,40.6776],[17.4283,40.6314],[17.4374,40.6245],[17.4536,40.6209],[17.4734,40.6106],[17.4733,40.5958],[17.4575,40.581],[17.4483,40.5542],[17.4707,40.5118],[17.4796,40.5034],[17.487,40.4822],[17.5117,40.4781],[17.5192,40.4715],[17.5199,40.4606],[17.5239,40.4548],[17.5464,40.4384],[17.5468,40.4435],[17.5421,40.4453],[17.554,40.4451],[17.561,40.4369],[17.5643,40.4376],[17.5654,40.443],[17.5773,40.4385],[17.5902,40.4494],[17.5824,40.4564],[17.5838,40.4602],[17.6127,40.4623],[17.6351,40.4599],[17.6379,40.4533],[17.6521,40.4511],[17.6724,40.4395],[17.6768,40.4422],[17.6826,40.4408],[17.6838,40.4307],[17.6934,40.4123],[17.7187,40.4054],[17.7294,40.3946],[17.7286,40.3916],[17.7715,40.397],[17.7714,40.3931],[17.7776,40.3882],[17.792,40.3905],[17.7983,40.3796]]],[[[17.1772,40.4391],[17.1785,40.4373],[17.1734,40.44],[17.1772,40.4391]]],[[[17.1606,40.4538],[17.167,40.4481],[17.1535,40.4449],[17.1433,40.4505],[17.1592,40.4555],[17.1606,40.4538]]]]}},{"type":"Feature","properties":{"s":"TE","n":"Teramo","r":"Abruzzo","b":[13.3488,42.4201,14.1463,42.8948]},"geometry":{"type":"Polygon","coordinates":[[[13.9324,42.838],[13.9507,42.7899],[14.0024,42.6986],[14.0395,42.6538],[14.0612,42.6193],[14.0797,42.5965],[14.1094,42.5632],[14.1463,42.5306],[14.1295,42.5271],[14.0987,42.533],[14.0848,42.5435],[14.0739,42.5419],[14.0667,42.5445],[14.0573,42.5307],[13.99,42.5419],[13.9733,42.5328],[13.9557,42.5343],[13.9519,42.5293],[13.9589,42.5101],[13.9579,42.5054],[13.9271,42.5146],[13.9133,42.5063],[13.893,42.5121],[13.8846,42.5092],[13.8811,42.504],[13.8841,42.4894],[13.8598,42.4879],[13.8378,42.4979],[13.8331,42.4938],[13.8106,42.4929],[13.8059,42.4741],[13.792,42.4622],[13.79,42.4517],[13.772,42.4379],[13.7653,42.4201],[13.7591,42.4284],[13.751,42.4328],[13.723,42.4427],[13.699,42.4437],[13.6653,42.4383],[13.6237,42.4504],[13.576,42.4539],[13.5628,42.4587],[13.5521,42.448],[13.531,42.4487],[13.5247,42.4507],[13.5257,42.4724],[13.5132,42.4723],[13.4756,42.4831],[13.4521,42.4966],[13.4484,42.5038],[13.4261,42.519],[13.4097,42.5382],[13.4023,42.5616],[13.4041,42.5723],[13.3966,42.5805],[13.3892,42.6023],[13.3947,42.6217],[13.4054,42.6283],[13.4091,42.6361],[13.4083,42.6429],[13.3726,42.6494],[13.3488,42.6686],[13.3509,42.6824],[13.3589,42.6958],[13.39,42.6872],[13.4274,42.7064],[13.437,42.6989],[13.4404,42.7021],[13.438,42.7175],[13.4476,42.7318],[13.4625,42.7346],[13.4824,42.7321],[13.4934,42.7366],[13.504,42.7505],[13.5042,42.7747],[13.5169,42.7895],[13.5297,42.796],[13.535,42.8168],[13.5456,42.8159],[13.555,42.8044],[13.5747,42.8008],[13.5888,42.8072],[13.6001,42.8063],[13.6132,42.8103],[13.6244,42.8165],[13.6284,42.815],[13.6288,42.8069],[13.6355,42.8033],[13.6636,42.8071],[13.6765,42.8151],[13.6993,42.8226],[13.7109,42.8434],[13.7063,42.8456],[13.7066,42.8493],[13.7266,42.8556],[13.7738,42.8594],[13.8008,42.8673],[13.8221,42.8797],[13.9081,42.8948],[13.921,42.8924],[13.9324,42.838]]]}},{"type":"Feature","properties":{"s":"TN","n":"Trento","r":"Trentino-Alto Adige/Südtirol","b":[10.4522,45.6731,11.9627,46.5328]},"geometry":{"type":"Polygon","coordinates":[[[11.1459,45.7169],[11.1387,45.7093],[11.1359,45.6996],[11.1385,45.6968],[11.1229,45.6898],[11.1214,45.6955],[11.09,45.6961],[11.0668,45.7082],[11.0558,45.7182],[11.0414,45.7063],[11.0305,45.7057],[11.0165,45.7057],[11.0161,45.7139],[11.0117,45.7164],[11.0067,45.7104],[10.9961,45.708],[10.9955,45.6965],[10.9895,45.6907],[10.9683,45.6801],[10.9749,45.696],[10.9722,45.7018],[10.962,45.6857],[10.9512,45.6845],[10.9445,45.6741],[10.9375,45.6734],[10.9221,45.6798],[10.912,45.6883],[10.9132,45.6918],[10.926,45.6992],[10.8844,45.7166],[10.8438,45.7186],[10.855,45.7419],[10.8626,45.7437],[10.8668,45.764],[10.885,45.7747],[10.8838,45.7793],[10.8727,45.7884],[10.877,45.8035],[10.8876,45.8116],[10.8816,45.8176],[10.8255,45.8377],[10.7912,45.8335],[10.7781,45.8426],[10.7726,45.8429],[10.7631,45.84],[10.7564,45.83],[10.7485,45.8379],[10.7356,45.8427],[10.711,45.8361],[10.6956,45.8399],[10.6771,45.8309],[10.6561,45.8323],[10.6507,45.8122],[10.6414,45.8019],[10.6351,45.8067],[10.6017,45.8031],[10.5824,45.7943],[10.5811,45.7895],[10.5643,45.7846],[10.533,45.788],[10.5337,45.8006],[10.5261,45.8056],[10.5373,45.8108],[10.5436,45.8176],[10.5284,45.8266],[10.5081,45.8239],[10.5028,45.8297],[10.5066,45.8424],[10.5016,45.8609],[10.5037,45.8736],[10.49,45.8846],[10.4959,45.8997],[10.5062,45.9033],[10.5108,45.9156],[10.5086,45.9236],[10.4914,45.933],[10.4914,45.942],[10.4847,45.9451],[10.4833,45.9505],[10.4894,45.9638],[10.4866,45.9712],[10.4762,45.9705],[10.4534,45.9766],[10.4522,45.9803],[10.4576,46.0095],[10.4708,46.0211],[10.4815,46.0211],[10.4844,46.024],[10.483,46.0572],[10.4894,46.0651],[10.5092,46.0752],[10.5357,46.0977],[10.5479,46.1156],[10.5506,46.126],[10.5466,46.1443],[10.5543,46.1488],[10.5583,46.1606],[10.5654,46.1668],[10.5546,46.1803],[10.5414,46.1886],[10.5494,46.2046],[10.5704,46.2221],[10.5689,46.2293],[10.5849,46.2448],[10.5763,46.2727],[10.5605,46.2845],[10.5796,46.2988],[10.5781,46.3024],[10.5649,46.313],[10.563,46.3273],[10.5334,46.3394],[10.5157,46.3432],[10.5195,46.3557],[10.541,46.3552],[10.5439,46.3589],[10.542,46.3609],[10.567,46.3779],[10.606,46.3792],[10.6108,46.3873],[10.631,46.4023],[10.6179,46.4174],[10.6165,46.43],[10.6192,46.4369],[10.6166,46.4436],[10.6218,46.448],[10.6381,46.4455],[10.6648,46.4515],[10.6833,46.4504],[10.6955,46.458],[10.7169,46.463],[10.7452,46.485],[10.765,46.486],[10.8006,46.4429],[10.8613,46.4361],[10.8849,46.4501],[10.8922,46.4447],[10.9156,46.4453],[10.9322,46.4536],[10.9372,46.4671],[10.9566,46.4704],[10.9638,46.4802],[10.9763,46.484],[10.9886,46.4835],[11.0059,46.4768],[11.0311,46.4596],[11.0421,46.4467],[11.0546,46.4495],[11.0728,46.4415],[11.0759,46.4474],[11.0619,46.4867],[11.049,46.507],[11.0346,46.5138],[11.0549,46.5163],[11.0824,46.5314],[11.0894,46.5018],[11.1138,46.4954],[11.1291,46.4825],[11.1491,46.4856],[11.1786,46.4988],[11.187,46.5088],[11.2108,46.4911],[11.2122,46.4774],[11.2171,46.4743],[11.2204,46.462],[11.2183,46.4563],[11.2124,46.4554],[11.2178,46.4419],[11.2165,46.4377],[11.2056,46.426],[11.2118,46.4206],[11.2073,46.4166],[11.2141,46.4081],[11.2143,46.3983],[11.2009,46.3734],[11.2056,46.3672],[11.1937,46.365],[11.1916,46.3599],[11.2036,46.3424],[11.1974,46.3321],[11.1905,46.3275],[11.1785,46.3068],[11.1628,46.2914],[11.1437,46.2884],[11.1388,46.2833],[11.15,46.2798],[11.1598,46.2681],[11.1715,46.2605],[11.2024,46.2556],[11.1963,46.2498],[11.1899,46.25],[11.1882,46.2528],[11.1836,46.2513],[11.1742,46.235],[11.1827,46.2264],[11.2064,46.2198],[11.2396,46.2284],[11.2851,46.258],[11.2943,46.2609],[11.3056,46.2588],[11.3159,46.2733],[11.3109,46.2813],[11.3232,46.2926],[11.3381,46.2987],[11.3403,46.2979],[11.3363,46.2896],[11.3419,46.2818],[11.3562,46.2764],[11.3588,46.2657],[11.3773,46.262],[11.3976,46.2648],[11.3947,46.2738],[11.3868,46.2801],[11.385,46.2859],[11.3736,46.293],[11.3589,46.2961],[11.3595,46.2996],[11.3853,46.3027],[11.3963,46.3097],[11.4043,46.325],[11.4191,46.3254],[11.4545,46.3347],[11.4621,46.35],[11.4796,46.3561],[11.4769,46.3639],[11.5239,46.3561],[11.5435,46.3478],[11.5525,46.3472],[11.5572,46.3509],[11.5587,46.3676],[11.5637,46.3809],[11.5926,46.3836],[11.6017,46.3898],[11.6017,46.3994],[11.6198,46.4294],[11.6178,46.4441],[11.626,46.4609],[11.6269,46.472],[11.6408,46.4752],[11.6446,46.4728],[11.6503,46.4831],[11.6334,46.4953],[11.6328,46.4993],[11.6391,46.5018],[11.6469,46.4984],[11.6648,46.4975],[11.7023,46.5073],[11.7158,46.5138],[11.7198,46.5102],[11.7436,46.505],[11.7816,46.5107],[11.7906,46.515],[11.793,46.5213],[11.8008,46.5277],[11.8112,46.5328],[11.8212,46.5254],[11.8255,46.5218],[11.8253,46.5128],[11.8283,46.5089],[11.8144,46.4941],[11.8104,46.4849],[11.8132,46.4782],[11.8786,46.4703],[11.8868,46.4646],[11.8881,46.4418],[11.8709,46.4332],[11.8503,46.4342],[11.8382,46.4152],[11.8437,46.4099],[11.8368,46.4013],[11.8323,46.3876],[11.8353,46.3659],[11.8202,46.3766],[11.8159,46.3746],[11.8135,46.3676],[11.8045,46.3651],[11.7909,46.3667],[11.7744,46.3582],[11.7796,46.3515],[11.8,46.3442],[11.8028,46.3343],[11.8319,46.3227],[11.8325,46.3124],[11.8414,46.3063],[11.8263,46.285],[11.8408,46.2701],[11.8852,46.2788],[11.8884,46.2725],[11.8849,46.2607],[11.892,46.2526],[11.8947,46.2509],[11.9004,46.2541],[11.9126,46.2527],[11.9216,46.2478],[11.9291,46.2488],[11.9181,46.2383],[11.9096,46.2244],[11.9242,46.2172],[11.9278,46.209],[11.9394,46.1988],[11.9624,46.1991],[11.9624,46.1884],[11.9558,46.1838],[11.9508,46.1701],[11.9286,46.1758],[11.9294,46.171],[11.9183,46.1553],[11.9195,46.1486],[11.9012,46.1366],[11.9055,46.1345],[11.8897,46.1196],[11.8197,46.108],[11.815,46.1039],[11.8066,46.1027],[11.7797,46.1028],[11.7732,46.1067],[11.7587,46.0956],[11.7508,46.1051],[11.7169,46.103],[11.7035,46.0905],[11.6951,46.0945],[11.6853,46.0936],[11.6823,46.0875],[11.6865,46.067],[11.6974,46.0596],[11.7055,46.0468],[11.6773,46.0443],[11.6662,46.0362],[11.673,46.0295],[11.6819,46.0284],[11.6666,46.0171],[11.6896,45.9885],[11.6843,45.9841],[11.6858,45.9693],[11.6762,45.9658],[11.6276,45.9606],[11.6307,45.9694],[11.621,45.9715],[11.611,45.9675],[11.6003,45.9713],[11.5876,45.969],[11.5772,46.0065],[11.5662,46.0061],[11.5523,46.0117],[11.5169,46.0093],[11.5107,46.012],[11.4918,46.0089],[11.484,46.0014],[11.4653,45.9945],[11.4467,45.9809],[11.4001,45.9801],[11.3737,45.9835],[11.3724,45.9732],[11.3779,45.9572],[11.3833,45.951],[11.3824,45.9479],[11.3801,45.9428],[11.3583,45.9437],[11.3606,45.9352],[11.3581,45.9253],[11.345,45.9209],[11.3501,45.9145],[11.3493,45.9095],[11.3249,45.9174],[11.3166,45.9227],[11.313,45.9298],[11.3075,45.9283],[11.3007,45.9352],[11.2996,45.929],[11.3038,45.9182],[11.2753,45.9197],[11.2711,45.917],[11.2583,45.9207],[11.2613,45.9157],[11.2606,45.9075],[11.2511,45.8961],[11.2551,45.884],[11.2477,45.8858],[11.2369,45.8808],[11.2366,45.8783],[11.2444,45.8769],[11.2396,45.857],[11.2269,45.8489],[11.2219,45.849],[11.2185,45.844],[11.2188,45.8326],[11.2027,45.827],[11.1888,45.8136],[11.1902,45.8029],[11.1938,45.8021],[11.1933,45.7956],[11.2028,45.7834],[11.1901,45.7816],[11.1784,45.7881],[11.174,45.7871],[11.1798,45.7726],[11.1807,45.7629],[11.1761,45.7474],[11.1784,45.7381],[11.1534,45.7186],[11.1459,45.7169]]]}},{"type":"Feature","properties":{"s":"TO","n":"Torino","r":"Piemonte","b":[6.6266,44.7138,8.1519,45.6023]},"geometry":{"type":"Polygon","coordinates":[[[7.894,45.5822],[7.8952,45.5699],[7.9021,45.5599],[7.8831,45.5368],[7.8836,45.5318],[7.9234,45.5215],[7.9191,45.5116],[7.9222,45.5073],[7.9663,45.482],[7.9686,45.4749],[8.0196,45.4532],[8.0265,45.45],[8.0207,45.4496],[8.0384,45.4414],[8.0221,45.422],[8.027,45.4031],[8.0205,45.3997],[8.0144,45.4067],[8.0089,45.3979],[8.0126,45.3932],[8.008,45.387],[8.0122,45.3674],[8.0238,45.3606],[8.0239,45.3524],[8.019,45.3434],[8.0213,45.3301],[8.0171,45.3295],[8.0097,45.3379],[7.9893,45.3458],[7.9586,45.3465],[7.9649,45.3322],[7.9547,45.3221],[7.9515,45.3096],[7.9468,45.3087],[7.9493,45.3059],[7.9683,45.3126],[7.9696,45.3179],[7.9776,45.3171],[7.9901,45.3097],[7.9899,45.265],[7.987,45.2614],[7.98,45.2615],[7.984,45.2576],[7.9863,45.2382],[7.9916,45.2285],[8.0061,45.2149],[8.0346,45.202],[8.0429,45.2029],[8.0479,45.1867],[8.0552,45.1823],[8.0883,45.1857],[8.1112,45.1835],[8.1307,45.1767],[8.1377,45.1785],[8.1449,45.1739],[8.1444,45.1694],[8.1519,45.1685],[8.1394,45.1598],[8.1439,45.1438],[8.1366,45.1397],[8.1362,45.1289],[8.129,45.123],[8.1,45.1288],[8.0967,45.1319],[8.0907,45.1139],[8.0754,45.0974],[8.0478,45.1079],[8.0443,45.1188],[8.0468,45.1281],[8.0307,45.13],[8.0161,45.1256],[7.9897,45.1293],[7.9695,45.1174],[7.9481,45.1143],[7.9323,45.1068],[7.9285,45.1047],[7.9358,45.0991],[7.9422,45.0863],[7.9219,45.0815],[7.9201,45.0748],[7.9145,45.0786],[7.9061,45.0951],[7.8959,45.095],[7.893,45.0599],[7.8989,45.0621],[7.9233,45.055],[7.9316,45.0413],[7.937,45.0421],[7.9407,45.0572],[7.958,45.042],[7.9538,45.0297],[7.921,45.0232],[7.9159,45.0043],[7.9343,45.0005],[7.931,44.9884],[7.9287,44.9835],[7.9022,44.9658],[7.9003,44.9409],[7.8892,44.9356],[7.8834,44.9362],[7.8926,44.9151],[7.9201,44.9171],[7.9203,44.9088],[7.9263,44.9029],[7.9198,44.8928],[7.9151,44.892],[7.885,44.8964],[7.8859,44.8846],[7.9017,44.8803],[7.9096,44.8861],[7.919,44.8826],[7.9312,44.8553],[7.9434,44.8463],[7.9026,44.8215],[7.8892,44.8243],[7.8818,44.8289],[7.8798,44.8346],[7.8754,44.8352],[7.866,44.83],[7.8642,44.8239],[7.8589,44.8342],[7.8493,44.8335],[7.835,44.8392],[7.8091,44.8549],[7.8119,44.8434],[7.7882,44.8445],[7.7787,44.8414],[7.7645,44.8219],[7.7662,44.8155],[7.7215,44.8129],[7.7063,44.8174],[7.7031,44.8141],[7.6846,44.8102],[7.6676,44.8206],[7.6571,44.8164],[7.6514,44.8189],[7.6533,44.8314],[7.644,44.8428],[7.637,44.8385],[7.6391,44.8358],[7.6274,44.8323],[7.621,44.8393],[7.6197,44.8475],[7.6175,44.8455],[7.6193,44.8289],[7.6131,44.83],[7.6043,44.8384],[7.5936,44.8343],[7.5967,44.8099],[7.5776,44.8112],[7.579,44.8143],[7.5755,44.8196],[7.5695,44.8129],[7.5597,44.8108],[7.5669,44.8026],[7.5647,44.799],[7.5344,44.7939],[7.5307,44.7818],[7.5142,44.783],[7.508,44.777],[7.508,44.7708],[7.5026,44.7668],[7.4993,44.7681],[7.4717,44.757],[7.4604,44.7592],[7.4584,44.7641],[7.4552,44.7635],[7.4557,44.7607],[7.45,44.7628],[7.4462,44.7739],[7.4647,44.7736],[7.4589,44.7785],[7.4408,44.7769],[7.4376,44.7644],[7.414,44.7663],[7.3688,44.7596],[7.366,44.7572],[7.3666,44.752],[7.345,44.7518],[7.3486,44.755],[7.3494,44.7641],[7.3447,44.7828],[7.3209,44.7796],[7.2917,44.7811],[7.1932,44.7603],[7.159,44.7605],[7.1494,44.7433],[7.1356,44.737],[7.1279,44.7379],[7.1191,44.7252],[7.0959,44.7209],[7.087,44.7151],[7.0729,44.7183],[7.0653,44.7138],[7.0541,44.7151],[7.0411,44.7196],[7.0306,44.7289],[7.0223,44.748],[7.0244,44.7557],[7.0212,44.7717],[7.0015,44.7911],[7.0239,44.8233],[7.0097,44.8264],[7.0045,44.8407],[6.9634,44.8501],[6.9315,44.8634],[6.9128,44.8449],[6.8711,44.85],[6.8423,44.8596],[6.8083,44.8762],[6.8007,44.8816],[6.7996,44.8865],[6.7861,44.8888],[6.7678,44.9025],[6.7508,44.9062],[6.7487,44.9216],[6.76,44.9338],[6.7532,44.9384],[6.7431,44.9357],[6.757,44.9472],[6.7655,44.9616],[6.7636,44.9715],[6.7503,44.9785],[6.7395,44.9897],[6.7514,44.998],[6.7459,45.0129],[6.7246,45.022],[6.6794,45.0203],[6.6714,45.0235],[6.6645,45.0341],[6.6673,45.0408],[6.6609,45.0532],[6.6637,45.0589],[6.6623,45.0714],[6.6462,45.075],[6.6464,45.0819],[6.6269,45.1024],[6.6348,45.1158],[6.652,45.1173],[6.6719,45.1242],[6.6802,45.1404],[6.712,45.1448],[6.7402,45.137],[6.7692,45.1598],[6.8228,45.1441],[6.8399,45.1357],[6.8483,45.1273],[6.8699,45.1342],[6.8939,45.1373],[6.8979,45.1413],[6.8861,45.1541],[6.8943,45.1688],[6.9114,45.1669],[6.932,45.1711],[6.9475,45.1705],[6.9432,45.1759],[6.9526,45.18],[6.9552,45.1912],[6.9678,45.1956],[6.9606,45.203],[6.9652,45.2072],[6.9891,45.2102],[7.0032,45.2201],[7.0074,45.2169],[7.0252,45.2161],[7.0475,45.2259],[7.051,45.2257],[7.067,45.2103],[7.0768,45.2141],[7.0859,45.2254],[7.1034,45.2365],[7.1105,45.2461],[7.1248,45.2443],[7.1349,45.2541],[7.1315,45.274],[7.136,45.28],[7.1095,45.3202],[7.1095,45.327],[7.1319,45.3297],[7.1352,45.3332],[7.1315,45.3406],[7.1337,45.3478],[7.1644,45.3607],[7.1589,45.3702],[7.1633,45.3818],[7.1785,45.3919],[7.179,45.3969],[7.1859,45.4032],[7.1838,45.4074],[7.1624,45.4139],[7.1494,45.4234],[7.1207,45.4316],[7.1003,45.4562],[7.1003,45.4643],[7.1096,45.4701],[7.1147,45.4775],[7.1149,45.4871],[7.1217,45.5062],[7.1343,45.5155],[7.1375,45.5163],[7.143,45.5059],[7.143,45.4985],[7.1369,45.4909],[7.1436,45.4778],[7.1603,45.4866],[7.1995,45.4811],[7.2085,45.474],[7.2227,45.4705],[7.2476,45.4941],[7.2637,45.499],[7.2695,45.5147],[7.3029,45.5169],[7.3211,45.514],[7.3353,45.5212],[7.3593,45.5259],[7.367,45.5234],[7.3705,45.5173],[7.3772,45.5169],[7.3945,45.5273],[7.3958,45.5309],[7.4107,45.5355],[7.4206,45.5466],[7.448,45.5556],[7.4635,45.5748],[7.4893,45.5831],[7.5318,45.5768],[7.5474,45.588],[7.5665,45.5916],[7.5821,45.5818],[7.5997,45.5781],[7.6064,45.5722],[7.6091,45.5629],[7.634,45.5708],[7.6571,45.5629],[7.6755,45.5523],[7.6883,45.5573],[7.7063,45.5555],[7.7189,45.5589],[7.7327,45.5503],[7.7572,45.5646],[7.7853,45.5748],[7.7968,45.5827],[7.7957,45.5864],[7.8278,45.5971],[7.843,45.598],[7.8489,45.6023],[7.8623,45.597],[7.8774,45.6002],[7.8875,45.598],[7.8958,45.59],[7.894,45.5822]],[[7.4667,44.7727],[7.467,44.7669],[7.472,44.7627],[7.4751,44.7681],[7.4667,44.7727]]]}},{"type":"Feature","properties":{"s":"TP","n":"Trapani","r":"Sicilia","b":[11.9264,36.7343,13.1001,38.1896]},"geometry":{"type":"MultiPolygon","coordinates":[[[[12.9835,38.0358],[12.9845,38.0206],[13.0014,38.0098],[13.0047,38.0029],[13.0038,37.9919],[13.0268,37.9775],[13.0272,37.9664],[13.0371,37.9705],[13.0464,37.9613],[13.0536,37.9586],[13.0445,37.9552],[13.0421,37.9478],[13.0458,37.9385],[13.0405,37.923],[13.0469,37.9174],[13.0162,37.9011],[13.0004,37.9059],[12.9951,37.9117],[12.9976,37.9009],[12.9928,37.8974],[12.9857,37.9007],[12.9592,37.9006],[12.9554,37.8974],[12.9405,37.9056],[12.9344,37.8977],[12.9366,37.8922],[12.9311,37.8853],[12.948,37.8816],[12.9523,37.8686],[12.9586,37.8648],[12.9473,37.8538],[12.9429,37.8449],[12.9469,37.8388],[12.9635,37.8359],[12.9707,37.8238],[13.0215,37.8193],[13.0513,37.8146],[13.0586,37.8105],[13.0796,37.8186],[13.0849,37.8149],[13.0967,37.8161],[13.0983,37.8135],[13.0939,37.8081],[13.081,37.8031],[13.075,37.7886],[13.0823,37.7819],[13.0906,37.781],[13.1001,37.771],[13.0814,37.7672],[13.0623,37.757],[13.0516,37.7647],[13.0425,37.7545],[13.0279,37.7541],[13.0143,37.7485],[13.0121,37.7426],[12.9997,37.7357],[12.9967,37.7358],[12.9944,37.7419],[12.991,37.7416],[12.9874,37.7344],[12.9586,37.7268],[12.9586,37.7201],[12.9427,37.7122],[12.9375,37.7015],[12.9178,37.6893],[12.9143,37.6752],[12.9068,37.6718],[12.9015,37.664],[12.8932,37.662],[12.8978,37.6562],[12.8871,37.6436],[12.8902,37.6406],[12.9169,37.6448],[12.9068,37.6125],[12.9074,37.5951],[12.8965,37.5771],[12.8555,37.5828],[12.7814,37.5809],[12.6837,37.56],[12.6735,37.56],[12.6492,37.5781],[12.6257,37.6067],[12.6141,37.6347],[12.6038,37.6423],[12.5866,37.6501],[12.5786,37.65],[12.5677,37.6603],[12.5595,37.6628],[12.5426,37.6617],[12.535,37.658],[12.5177,37.6608],[12.5172,37.6658],[12.5013,37.6746],[12.4899,37.6901],[12.4705,37.7049],[12.4719,37.7154],[12.4694,37.7206],[12.4725,37.7378],[12.4701,37.747],[12.4477,37.7826],[12.4396,37.7907],[12.4313,37.7933],[12.4255,37.8031],[12.441,37.8158],[12.442,37.8104],[12.4617,37.8173],[12.4683,37.8292],[12.4647,37.8475],[12.4714,37.8497],[12.4859,37.8737],[12.4824,37.8816],[12.4741,37.8845],[12.4668,37.8918],[12.4684,37.8974],[12.4586,37.908],[12.4936,37.9527],[12.4985,37.9661],[12.4944,37.984],[12.5066,37.9941],[12.5104,38.01],[12.5199,38.0093],[12.5199,38.0139],[12.4927,38.0158],[12.5101,38.0174],[12.5208,38.023],[12.5522,38.0498],[12.5599,38.0644],[12.5697,38.0689],[12.5777,38.0704],[12.6002,38.0651],[12.6259,38.0703],[12.6449,38.0786],[12.6629,38.0945],[12.6568,38.1073],[12.6608,38.1119],[12.678,38.114],[12.689,38.1056],[12.71,38.1088],[12.7288,38.1252],[12.7264,38.1298],[12.7374,38.1394],[12.7159,38.1729],[12.7178,38.1809],[12.7268,38.1878],[12.7343,38.1892],[12.7317,38.1802],[12.7386,38.1759],[12.7681,38.1796],[12.7717,38.1693],[12.7674,38.1643],[12.7684,38.1544],[12.7712,38.1504],[12.7797,38.1504],[12.7909,38.1347],[12.7901,38.1119],[12.811,38.0813],[12.8271,38.0663],[12.8542,38.0502],[12.8591,38.0484],[12.8635,38.0517],[12.8687,38.0507],[12.8712,38.0371],[12.8812,38.0295],[12.8927,38.0244],[12.9027,38.0246],[12.9389,38.0296],[12.9771,38.0403],[12.9835,38.0358]]],[[[12.302,37.9162],[12.3041,37.9147],[12.3021,37.9136],[12.302,37.9162]]],[[[12.3081,37.9557],[12.3171,37.9362],[12.323,37.9312],[12.3444,37.9366],[12.3558,37.9255],[12.3692,37.9224],[12.3706,37.9185],[12.3662,37.9065],[12.3507,37.9073],[12.3373,37.9198],[12.3089,37.9193],[12.2877,37.9154],[12.2815,37.9196],[12.2794,37.9298],[12.2733,37.9372],[12.2779,37.9448],[12.2898,37.943],[12.3081,37.9557]]],[[[12.0632,37.9933],[12.0649,37.9914],[12.0616,37.9881],[12.0646,37.9795],[12.0778,37.9617],[12.0816,37.9514],[12.0914,37.9476],[12.083,37.9457],[12.0498,37.9553],[12.0451,37.96],[12.0338,37.9886],[12.0292,37.9877],[12.0282,37.9911],[12.0382,37.993],[12.0606,37.9903],[12.0632,37.9933]]],[[[12.3357,38.0204],[12.3421,38.0042],[12.3525,37.9926],[12.3514,37.9889],[12.3383,37.9848],[12.3273,37.989],[12.3202,38.0012],[12.3222,38.0074],[12.3288,38.0089],[12.333,38.0202],[12.3357,38.0204]]],[[[12.4712,37.8703],[12.4717,37.8659],[12.4651,37.8641],[12.4646,37.8693],[12.4712,37.8703]]],[[[12.4553,37.8874],[12.4652,37.8786],[12.4585,37.8818],[12.4553,37.8874]]],[[[12.4554,37.9049],[12.4551,37.8994],[12.4477,37.8955],[12.4518,37.8737],[12.4485,37.8661],[12.4518,37.8529],[12.4465,37.8441],[12.4368,37.8809],[12.4294,37.8951],[12.4446,37.8979],[12.4554,37.9049]]],[[[11.9546,36.8394],[11.9734,36.8349],[11.9799,36.8265],[11.9893,36.8228],[12.0039,36.8217],[12.0133,36.8252],[12.0375,36.804],[12.046,36.8014],[12.0531,36.7906],[12.0554,36.7755],[12.0551,36.7631],[12.0473,36.7498],[12.0234,36.7343],[11.9929,36.7374],[11.9823,36.7445],[11.9721,36.7637],[11.9561,36.772],[11.9511,36.7837],[11.9266,36.8032],[11.9284,36.8253],[11.9355,36.8334],[11.9423,36.8309],[11.9447,36.8363],[11.9546,36.8394]]],[[[12.4961,38.0121],[12.4974,38.005],[12.4942,38.0116],[12.4961,38.0121]]]]}},{"type":"Feature","properties":{"s":"TR","n":"Terni","r":"Umbria","b":[11.8919,42.3642,12.8963,42.9415]},"geometry":{"type":"MultiPolygon","coordinates":[[[[12.5023,42.7318],[12.5119,42.7325],[12.5152,42.7291],[12.5154,42.7188],[12.5321,42.7112],[12.544,42.7157],[12.5733,42.7138],[12.5805,42.7193],[12.5766,42.7389],[12.5846,42.7491],[12.6005,42.7447],[12.6041,42.7402],[12.6049,42.7304],[12.612,42.7217],[12.6272,42.7197],[12.6236,42.7106],[12.6196,42.7084],[12.5922,42.7112],[12.5799,42.7055],[12.5839,42.6882],[12.6133,42.6944],[12.6164,42.6812],[12.6222,42.6735],[12.6391,42.6749],[12.6399,42.6691],[12.6594,42.6606],[12.6756,42.6439],[12.6903,42.642],[12.698,42.6372],[12.7145,42.6169],[12.7204,42.5969],[12.7261,42.5987],[12.7262,42.6041],[12.7362,42.6108],[12.7338,42.6241],[12.7518,42.6341],[12.7751,42.636],[12.7855,42.647],[12.7866,42.6583],[12.7918,42.662],[12.8081,42.6569],[12.8281,42.671],[12.8613,42.6651],[12.8692,42.6541],[12.8895,42.6409],[12.8923,42.6355],[12.8843,42.6249],[12.8877,42.619],[12.8963,42.6164],[12.8805,42.6093],[12.8801,42.6024],[12.8942,42.5776],[12.8927,42.5635],[12.8717,42.5611],[12.8577,42.5561],[12.818,42.5329],[12.8086,42.5359],[12.7732,42.5313],[12.7706,42.5251],[12.7735,42.5131],[12.7512,42.5112],[12.7458,42.5079],[12.7276,42.5091],[12.7111,42.5008],[12.7204,42.4855],[12.7416,42.4705],[12.7247,42.4604],[12.715,42.46],[12.7106,42.4635],[12.7028,42.4609],[12.6941,42.4515],[12.6727,42.4421],[12.6499,42.4431],[12.6503,42.4473],[12.6422,42.4538],[12.6411,42.4678],[12.621,42.4685],[12.614,42.4641],[12.619,42.4611],[12.6195,42.4519],[12.611,42.428],[12.6141,42.4251],[12.6149,42.4145],[12.6059,42.4078],[12.6061,42.4035],[12.5663,42.3835],[12.546,42.3795],[12.5312,42.3651],[12.5261,42.3642],[12.5189,42.3675],[12.5141,42.3777],[12.5134,42.3928],[12.5182,42.3973],[12.5111,42.4036],[12.4911,42.3978],[12.4803,42.4041],[12.4663,42.3949],[12.4596,42.3978],[12.4509,42.3966],[12.4447,42.3988],[12.4586,42.4066],[12.4604,42.4163],[12.4673,42.4204],[12.4636,42.4291],[12.4489,42.4237],[12.439,42.4264],[12.4223,42.4216],[12.4137,42.4256],[12.4195,42.4365],[12.4139,42.4424],[12.4137,42.4552],[12.4179,42.4585],[12.4304,42.458],[12.4276,42.4652],[12.4124,42.4676],[12.4137,42.4791],[12.4278,42.4869],[12.4214,42.4925],[12.4018,42.4991],[12.3902,42.4982],[12.3853,42.4892],[12.3512,42.4737],[12.3459,42.4822],[12.3259,42.4946],[12.3158,42.4882],[12.2999,42.4875],[12.2892,42.4945],[12.303,42.4913],[12.3074,42.4973],[12.2898,42.509],[12.2792,42.5065],[12.2748,42.5092],[12.2755,42.516],[12.2835,42.5175],[12.2826,42.5227],[12.2744,42.5241],[12.2662,42.5361],[12.2786,42.5416],[12.2788,42.5509],[12.275,42.5599],[12.2616,42.5607],[12.2387,42.5722],[12.2401,42.5751],[12.2359,42.5833],[12.2439,42.5977],[12.2476,42.5967],[12.2391,42.607],[12.2291,42.6111],[12.2433,42.6281],[12.2257,42.6355],[12.2269,42.6435],[12.2043,42.6605],[12.1609,42.6767],[12.1487,42.6658],[12.1462,42.6589],[12.1408,42.6563],[12.1323,42.6617],[12.1241,42.6493],[12.1172,42.651],[12.1067,42.6647],[12.0945,42.6555],[12.0737,42.6567],[12.0667,42.6529],[12.0397,42.649],[12.03,42.6432],[12.0299,42.6502],[12.0071,42.6625],[11.978,42.6755],[11.9413,42.6833],[11.9488,42.696],[11.9263,42.7047],[11.9302,42.7126],[11.9454,42.7253],[11.9606,42.7282],[11.9783,42.7515],[11.9795,42.7646],[11.9654,42.7671],[11.9496,42.7761],[11.9274,42.7809],[11.9082,42.8162],[11.9056,42.8296],[11.895,42.8347],[11.8919,42.8429],[11.9149,42.8522],[11.9305,42.8697],[11.9386,42.8623],[11.9584,42.8635],[12.0149,42.88],[12.0301,42.8813],[12.0098,42.8924],[12.0139,42.8979],[12.0047,42.9073],[12.01,42.9104],[12.0154,42.9089],[12.031,42.9274],[12.0498,42.9359],[12.0508,42.9408],[12.0615,42.9342],[12.0912,42.9414],[12.1307,42.9409],[12.1426,42.9349],[12.1517,42.9385],[12.1725,42.9335],[12.193,42.9382],[12.2051,42.9339],[12.2049,42.9279],[12.2126,42.924],[12.2257,42.9286],[12.2332,42.9214],[12.2509,42.9219],[12.2585,42.9169],[12.267,42.9249],[12.2764,42.9196],[12.2879,42.9204],[12.2924,42.9154],[12.3185,42.9157],[12.3209,42.9135],[12.3181,42.9063],[12.3042,42.8938],[12.3086,42.8876],[12.32,42.8912],[12.3306,42.8896],[12.3279,42.8863],[12.3294,42.8761],[12.3227,42.8629],[12.3273,42.8504],[12.3221,42.8387],[12.3145,42.8344],[12.3116,42.8283],[12.2999,42.7959],[12.3009,42.782],[12.2908,42.7812],[12.2912,42.7674],[12.2973,42.7489],[12.3109,42.7457],[12.3156,42.7408],[12.3246,42.7503],[12.3326,42.7509],[12.3598,42.7192],[12.3739,42.7116],[12.3753,42.7068],[12.3691,42.701],[12.3711,42.6918],[12.3687,42.6869],[12.3824,42.6796],[12.386,42.6733],[12.3968,42.6772],[12.4016,42.6995],[12.4147,42.7006],[12.4171,42.6804],[12.4501,42.7023],[12.4625,42.7047],[12.4893,42.7268],[12.4932,42.7347],[12.5023,42.7318]]],[[[11.9566,42.8938],[11.9521,42.9032],[11.9581,42.9162],[11.9667,42.9121],[11.9984,42.9093],[11.9854,42.8926],[11.9747,42.8898],[11.9586,42.8743],[11.9566,42.8938]]]]}},{"type":"Feature","properties":{"s":"TS","n":"Trieste","r":"Friuli-Venezia Giulia","b":[13.5771,45.5809,13.9189,45.8079]},"geometry":{"type":"MultiPolygon","coordinates":[[[[13.5834,45.8011],[13.5963,45.8079],[13.6233,45.7982],[13.6705,45.7982],[13.7091,45.7746],[13.73,45.7666],[13.7371,45.7617],[13.7359,45.7596],[13.793,45.7444],[13.7998,45.7397],[13.8113,45.7228],[13.8337,45.7072],[13.8349,45.7008],[13.831,45.6927],[13.8355,45.6861],[13.8449,45.6806],[13.8597,45.6645],[13.8891,45.6469],[13.9044,45.6419],[13.9189,45.6336],[13.9181,45.6311],[13.8741,45.6104],[13.8616,45.5956],[13.8528,45.5915],[13.8494,45.5848],[13.8411,45.5828],[13.7897,45.5826],[13.746,45.5978],[13.7231,45.5948],[13.7201,45.6058],[13.7311,45.6088],[13.7568,45.6081],[13.7834,45.5987],[13.8027,45.609],[13.8074,45.6069],[13.8047,45.6096],[13.8076,45.6126],[13.7839,45.613],[13.7738,45.6238],[13.7739,45.6298],[13.7782,45.6312],[13.7736,45.6353],[13.7666,45.6369],[13.766,45.6305],[13.7568,45.6279],[13.7549,45.6312],[13.7592,45.6324],[13.7473,45.6395],[13.7487,45.644],[13.7547,45.65],[13.76,45.6467],[13.7693,45.653],[13.7603,45.6634],[13.7534,45.6805],[13.7336,45.6961],[13.712,45.7053],[13.7118,45.7105],[13.677,45.737],[13.6436,45.7563],[13.631,45.7681],[13.599,45.7728],[13.5833,45.7798],[13.5771,45.793],[13.5848,45.7976],[13.5834,45.8011]]]]}},{"type":"Feature","properties":{"s":"TV","n":"Treviso","r":"Veneto","b":[11.7427,45.5306,12.685,46.0822]},"geometry":{"type":"Polygon","coordinates":[[[11.8032,45.7999],[11.7912,45.7997],[11.7792,45.7919],[11.7625,45.8048],[11.7501,45.8223],[11.759,45.8394],[11.7558,45.8444],[11.7458,45.8479],[11.7427,45.8549],[11.762,45.8587],[11.7666,45.8693],[11.7992,45.872],[11.7996,45.8806],[11.8107,45.8887],[11.8253,45.9081],[11.8382,45.9015],[11.8496,45.8843],[11.8692,45.8807],[11.9003,45.8892],[11.9505,45.8958],[11.9452,45.916],[11.9515,45.9476],[11.9616,45.9547],[11.9996,45.9677],[12.0111,45.9671],[12.0189,45.9621],[12.0227,45.9702],[12.0311,45.9737],[12.0493,45.9612],[12.0528,45.9651],[12.0593,45.9621],[12.0783,45.9727],[12.079,45.9768],[12.1015,45.9871],[12.1054,45.9926],[12.1032,45.9976],[12.111,46.0032],[12.1394,45.9998],[12.1636,46.0046],[12.1682,46.0083],[12.1674,46.0137],[12.1786,46.014],[12.1916,46.0046],[12.2262,46.0131],[12.248,46.0281],[12.2541,46.0276],[12.2549,46.0365],[12.2786,46.0477],[12.3028,46.0763],[12.3285,46.0821],[12.3485,46.0792],[12.3619,46.0716],[12.3659,46.0753],[12.3915,46.0713],[12.387,46.0635],[12.399,46.0624],[12.4034,46.0457],[12.399,46.0414],[12.4153,46.0269],[12.4188,46.0086],[12.4268,45.9964],[12.4227,45.9558],[12.4258,45.9474],[12.4348,45.9453],[12.4529,45.9471],[12.4669,45.932],[12.4828,45.9257],[12.506,45.9227],[12.5079,45.9196],[12.5057,45.916],[12.5097,45.9094],[12.5158,45.9041],[12.5232,45.9031],[12.5083,45.897],[12.5326,45.8803],[12.5356,45.8701],[12.5311,45.8631],[12.549,45.8611],[12.5571,45.8472],[12.5573,45.843],[12.5499,45.8395],[12.5546,45.8294],[12.5612,45.8257],[12.5653,45.8318],[12.5729,45.8244],[12.5824,45.8233],[12.5876,45.8153],[12.5933,45.8151],[12.5957,45.8168],[12.5922,45.8199],[12.5974,45.8221],[12.5944,45.8308],[12.6057,45.8382],[12.6113,45.8327],[12.6315,45.8248],[12.6376,45.8181],[12.6475,45.8198],[12.654,45.8095],[12.6497,45.8019],[12.6618,45.7931],[12.6567,45.7913],[12.656,45.7781],[12.6626,45.7737],[12.6657,45.7669],[12.662,45.755],[12.6466,45.7474],[12.6577,45.7409],[12.6625,45.7433],[12.6635,45.7491],[12.6695,45.746],[12.6702,45.7434],[12.6644,45.739],[12.6717,45.7366],[12.6708,45.7168],[12.6762,45.7136],[12.6807,45.7181],[12.685,45.713],[12.6772,45.7052],[12.6604,45.7089],[12.6452,45.7016],[12.6172,45.6958],[12.6025,45.6801],[12.5931,45.6891],[12.5752,45.6972],[12.5553,45.6846],[12.5338,45.6792],[12.5217,45.6803],[12.5181,45.6886],[12.504,45.6876],[12.5051,45.6838],[12.4946,45.674],[12.5049,45.6654],[12.4871,45.6615],[12.4857,45.6396],[12.4377,45.6397],[12.4353,45.6271],[12.4283,45.6275],[12.4243,45.6232],[12.4442,45.6017],[12.4379,45.5919],[12.4438,45.579],[12.4531,45.5718],[12.4437,45.5629],[12.4257,45.5617],[12.3876,45.569],[12.3804,45.578],[12.3556,45.5894],[12.3353,45.5618],[12.3213,45.5703],[12.2957,45.5747],[12.2882,45.5689],[12.2792,45.5668],[12.2746,45.5573],[12.2809,45.5529],[12.2802,45.5453],[12.276,45.5443],[12.2797,45.5358],[12.2455,45.5308],[12.2372,45.5378],[12.2162,45.5374],[12.2044,45.5432],[12.2039,45.5485],[12.2123,45.5645],[12.21,45.5705],[12.1939,45.5741],[12.1912,45.5835],[12.1857,45.5851],[12.1665,45.574],[12.1617,45.5774],[12.1612,45.5845],[12.1501,45.5849],[12.1452,45.5883],[12.1449,45.5952],[12.1247,45.5977],[12.1215,45.6097],[12.113,45.614],[12.1084,45.6143],[12.1098,45.6038],[12.0991,45.6039],[12.0925,45.5983],[12.0873,45.5997],[12.0869,45.6171],[12.083,45.6184],[12.0868,45.6235],[12.0788,45.6254],[12.0742,45.6417],[12.0665,45.6375],[12.0499,45.6453],[12.0159,45.6461],[12.0063,45.6408],[12.0053,45.6224],[11.9865,45.6232],[11.966,45.6127],[11.9652,45.6079],[11.9327,45.6155],[11.9227,45.6212],[11.9133,45.6192],[11.9011,45.628],[11.8979,45.6269],[11.9017,45.6176],[11.8981,45.6131],[11.8917,45.6226],[11.8894,45.6318],[11.8936,45.6332],[11.8836,45.6606],[11.8681,45.6666],[11.8676,45.6695],[11.8419,45.6833],[11.8393,45.683],[11.841,45.6771],[11.8159,45.6927],[11.8155,45.696],[11.824,45.7066],[11.8141,45.7434],[11.8312,45.7405],[11.835,45.7477],[11.8184,45.7872],[11.8032,45.7999]]]}},{"type":"Feature","properties":{"s":"UD","n":"Udine","r":"Friuli-Venezia Giulia","b":[12.4925,45.6434,13.7173,46.6478]},"geometry":{"type":"Polygon","coordinates":[[[13.4187,45.7424],[13.4037,45.7388],[13.4082,45.7325],[13.4065,45.7257],[13.3895,45.7242],[13.3658,45.7327],[13.3724,45.7351],[13.3719,45.7374],[13.3272,45.7369],[13.3158,45.7443],[13.2911,45.7502],[13.2763,45.7476],[13.2707,45.753],[13.2554,45.7504],[13.2501,45.7564],[13.2416,45.7569],[13.2445,45.7133],[13.1858,45.7112],[13.171,45.7031],[13.1523,45.7005],[13.153,45.6949],[13.1472,45.6886],[13.11,45.6637],[13.1008,45.6434],[13.0834,45.6503],[13.0846,45.6567],[13.0811,45.6588],[13.0639,45.6561],[13.0619,45.6629],[13.0662,45.6734],[13.0625,45.6792],[13.056,45.6777],[13.0436,45.6855],[13.0505,45.6886],[13.0532,45.6945],[13.0498,45.697],[13.045,45.6938],[13.0368,45.6994],[13.0406,45.706],[13.0385,45.7172],[13.0302,45.7253],[13.0292,45.7362],[13.0164,45.7306],[13.015,45.7245],[13.0083,45.7249],[13.008,45.731],[13.0161,45.7359],[13.0153,45.742],[13.0012,45.7493],[13.0061,45.7659],[12.9889,45.7763],[12.9778,45.7879],[12.9789,45.7928],[12.9917,45.7978],[12.9896,45.8015],[12.9868,45.7975],[12.9808,45.7975],[12.9747,45.808],[12.9779,45.8137],[12.9835,45.8149],[12.9884,45.8087],[12.9934,45.8142],[12.973,45.8207],[12.9821,45.8273],[12.9742,45.8234],[12.9709,45.8287],[12.9843,45.834],[12.9785,45.8411],[12.981,45.849],[12.9746,45.8734],[12.931,45.8948],[12.9215,45.9043],[12.915,45.9147],[12.9039,45.9633],[12.9121,46.0008],[12.9169,46.0741],[12.9271,46.0936],[12.935,46.1287],[12.9412,46.1436],[12.9479,46.1514],[12.9569,46.1864],[12.9652,46.1949],[12.957,46.2036],[12.9377,46.2119],[12.9542,46.2142],[12.959,46.2266],[12.9732,46.2335],[12.9725,46.2501],[12.9764,46.267],[12.9906,46.2732],[12.9651,46.2852],[12.9541,46.2999],[12.9756,46.3174],[12.9736,46.3282],[12.963,46.3318],[12.9612,46.337],[12.9359,46.334],[12.9151,46.3468],[12.9064,46.3348],[12.8815,46.3308],[12.8762,46.3324],[12.88,46.342],[12.8615,46.3454],[12.835,46.3437],[12.8217,46.3567],[12.8116,46.3591],[12.7815,46.3558],[12.778,46.3459],[12.7306,46.3367],[12.7198,46.3287],[12.708,46.3253],[12.6952,46.3369],[12.693,46.3432],[12.6801,46.3469],[12.6629,46.3463],[12.6558,46.3405],[12.643,46.338],[12.6262,46.3478],[12.6087,46.3438],[12.5969,46.3484],[12.6044,46.3564],[12.5873,46.3662],[12.557,46.3691],[12.5506,46.362],[12.5431,46.3601],[12.5293,46.3682],[12.5195,46.3981],[12.5019,46.4078],[12.4943,46.4187],[12.4925,46.4243],[12.4993,46.4343],[12.5072,46.4418],[12.5248,46.4486],[12.5302,46.4645],[12.5417,46.4584],[12.5682,46.4757],[12.5929,46.4714],[12.6068,46.4643],[12.6208,46.4754],[12.6423,46.4723],[12.6549,46.4655],[12.6624,46.468],[12.6541,46.4844],[12.6301,46.5008],[12.6316,46.5089],[12.6215,46.5265],[12.6192,46.54],[12.6287,46.5606],[12.6369,46.572],[12.6436,46.5758],[12.657,46.5728],[12.6746,46.5852],[12.6875,46.5999],[12.7078,46.602],[12.7047,46.6184],[12.7114,46.6256],[12.7274,46.6304],[12.7507,46.6451],[12.7619,46.6478],[12.7916,46.643],[12.8094,46.6312],[12.8309,46.6306],[12.8373,46.6274],[12.8337,46.6107],[12.847,46.6058],[12.8573,46.6054],[12.8677,46.6092],[12.8883,46.6069],[12.9222,46.6091],[12.9496,46.6029],[12.9576,46.606],[12.9877,46.5994],[13.0233,46.6014],[13.0276,46.598],[13.0445,46.5958],[13.082,46.6004],[13.0941,46.5989],[13.1427,46.589],[13.1637,46.5886],[13.1934,46.5726],[13.2148,46.5701],[13.2322,46.5593],[13.2325,46.5536],[13.2666,46.5601],[13.3007,46.5586],[13.3205,46.5521],[13.3463,46.5688],[13.3684,46.5685],[13.3728,46.5794],[13.4058,46.5721],[13.4084,46.5701],[13.4079,46.5616],[13.4254,46.5579],[13.4756,46.5584],[13.5041,46.5661],[13.5124,46.551],[13.5182,46.5473],[13.5484,46.5532],[13.5641,46.5505],[13.5699,46.5389],[13.5771,46.538],[13.5871,46.5445],[13.597,46.5458],[13.6271,46.5415],[13.6747,46.5233],[13.7139,46.5231],[13.7163,46.5083],[13.7035,46.5013],[13.7038,46.4881],[13.7077,46.4828],[13.6946,46.4682],[13.6974,46.4543],[13.6937,46.444],[13.6888,46.4399],[13.6834,46.4375],[13.6541,46.4423],[13.6484,46.4461],[13.5986,46.439],[13.5799,46.4275],[13.5768,46.4089],[13.5641,46.3988],[13.533,46.3856],[13.5169,46.383],[13.5173,46.3773],[13.482,46.369],[13.4701,46.3611],[13.4521,46.3631],[13.439,46.3602],[13.4371,46.3552],[13.447,46.3375],[13.4473,46.3304],[13.4342,46.322],[13.4257,46.3226],[13.4181,46.3182],[13.416,46.3112],[13.4028,46.3],[13.3755,46.2982],[13.3793,46.2893],[13.3837,46.2906],[13.3916,46.2798],[13.3969,46.2581],[13.4061,46.2434],[13.4225,46.2343],[13.4099,46.2168],[13.4108,46.2123],[13.4235,46.2063],[13.4463,46.2128],[13.4482,46.2162],[13.4449,46.2238],[13.4483,46.2252],[13.4844,46.2246],[13.4969,46.2217],[13.4979,46.2175],[13.503,46.2157],[13.5295,46.217],[13.5294,46.2123],[13.5388,46.2135],[13.552,46.2092],[13.5612,46.2043],[13.5669,46.1857],[13.5782,46.1855],[13.5887,46.1909],[13.5902,46.1881],[13.6145,46.1844],[13.6318,46.1897],[13.6457,46.1883],[13.6632,46.1801],[13.6642,46.1709],[13.6549,46.1624],[13.6521,46.1484],[13.6445,46.1381],[13.6344,46.1346],[13.6219,46.1231],[13.6025,46.113],[13.5946,46.1037],[13.5807,46.0982],[13.5721,46.0886],[13.5469,46.0832],[13.5299,46.0677],[13.513,46.0621],[13.501,46.0617],[13.4968,46.057],[13.497,46.0514],[13.489,46.0483],[13.4793,46.0377],[13.4711,46.0125],[13.4603,46.0054],[13.4607,46.0014],[13.4661,45.9983],[13.4645,45.9842],[13.4522,45.983],[13.437,45.9727],[13.4428,45.9579],[13.4282,45.9533],[13.4282,45.9474],[13.4202,45.9415],[13.4195,45.9279],[13.4051,45.9171],[13.3867,45.913],[13.3967,45.9086],[13.3997,45.8956],[13.4118,45.8894],[13.4187,45.874],[13.4259,45.8681],[13.4132,45.8636],[13.4107,45.8569],[13.4211,45.8404],[13.4289,45.8391],[13.4261,45.834],[13.4263,45.8132],[13.4403,45.7857],[13.42,45.7569],[13.4261,45.7552],[13.4334,45.76],[13.4496,45.748],[13.4618,45.7523],[13.4591,45.7488],[13.4187,45.7424]]]}},{"type":"Feature","properties":{"s":"VA","n":"Varese","r":"Lombardia","b":[8.5523,45.5583,9.0661,46.1221]},"geometry":{"type":"Polygon","coordinates":[[[8.5796,45.7517],[8.5563,45.7741],[8.5523,45.7881],[8.5583,45.8036],[8.5816,45.8137],[8.592,45.8244],[8.5952,45.8336],[8.5923,45.8524],[8.5705,45.8895],[8.5716,45.9013],[8.5949,45.9225],[8.7264,46.018],[8.7285,46.0302],[8.7206,46.041],[8.7156,46.0623],[8.7053,46.0832],[8.7079,46.0908],[8.7246,46.1102],[8.7427,46.1221],[8.7571,46.1035],[8.7834,46.0939],[8.8004,46.0953],[8.8078,46.1004],[8.8327,46.0835],[8.8521,46.0755],[8.8545,46.0616],[8.8443,46.0485],[8.8344,46.0513],[8.8305,46.0458],[8.8352,46.0437],[8.8299,46.0416],[8.828,46.0333],[8.8197,46.0253],[8.8059,46.0216],[8.7921,46.005],[8.7859,45.989],[8.791,45.9886],[8.7947,45.9921],[8.8313,45.988],[8.8679,45.9607],[8.8789,45.956],[8.8943,45.9585],[8.8987,45.9452],[8.8931,45.9313],[8.9246,45.9059],[8.9222,45.8949],[8.9322,45.8847],[8.9341,45.8701],[8.9417,45.8699],[8.9386,45.8634],[8.9154,45.8435],[8.907,45.8154],[8.897,45.8129],[8.9028,45.7969],[8.9087,45.7933],[8.9004,45.7848],[8.9075,45.7765],[8.9061,45.7684],[8.9138,45.7694],[8.9221,45.7605],[8.9217,45.7551],[8.9293,45.7543],[8.93,45.7475],[8.9427,45.745],[8.9395,45.7372],[8.9477,45.7331],[8.9515,45.7147],[8.9479,45.7066],[8.9402,45.7106],[8.9319,45.7068],[8.9319,45.6969],[8.9151,45.6887],[8.8947,45.6846],[8.8963,45.6802],[8.9092,45.6716],[8.9219,45.6701],[8.9227,45.6626],[8.9319,45.6512],[8.9479,45.6609],[8.9663,45.6655],[8.9778,45.6798],[8.9839,45.6754],[8.9851,45.6705],[8.9842,45.6533],[8.9783,45.6482],[8.9812,45.6455],[8.9858,45.6491],[9.0182,45.644],[9.027,45.6489],[9.0282,45.6432],[9.0361,45.6425],[9.0557,45.6465],[9.0579,45.6423],[9.0625,45.6411],[9.0617,45.6368],[9.0518,45.6334],[9.0532,45.6152],[9.0613,45.6077],[9.0604,45.6002],[9.066,45.5958],[9.063,45.5804],[9.0508,45.5806],[9.0495,45.5775],[9.0257,45.5885],[9.0021,45.5742],[8.9835,45.5911],[8.9747,45.5867],[8.9703,45.5929],[8.9707,45.6044],[8.9673,45.6083],[8.9782,45.6146],[8.9672,45.6282],[8.9546,45.6255],[8.9565,45.6335],[8.9399,45.6426],[8.9296,45.6346],[8.9324,45.6265],[8.9367,45.6235],[8.9259,45.6195],[8.9155,45.6074],[8.8997,45.6054],[8.8678,45.592],[8.8736,45.5821],[8.8704,45.5772],[8.837,45.5685],[8.8347,45.5779],[8.8283,45.5824],[8.8199,45.5832],[8.8064,45.6017],[8.7862,45.6024],[8.7823,45.5865],[8.7764,45.5872],[8.7685,45.5829],[8.7646,45.5764],[8.7477,45.5723],[8.7495,45.5668],[8.7392,45.5602],[8.7302,45.561],[8.7235,45.5692],[8.7189,45.5693],[8.7143,45.5622],[8.7069,45.5583],[8.7055,45.5692],[8.6933,45.5778],[8.7044,45.5883],[8.7031,45.6001],[8.7001,45.604],[8.6993,45.6017],[8.6919,45.6041],[8.6888,45.6082],[8.6939,45.6096],[8.6821,45.6203],[8.6631,45.622],[8.6659,45.6303],[8.6589,45.6377],[8.6604,45.6419],[8.6657,45.6429],[8.6786,45.6336],[8.6882,45.637],[8.6847,45.6469],[8.6698,45.6614],[8.6724,45.6663],[8.682,45.6694],[8.6812,45.6764],[8.6574,45.6745],[8.6409,45.6765],[8.6414,45.6872],[8.6544,45.7079],[8.6518,45.716],[8.6429,45.7232],[8.596,45.7289],[8.5796,45.7517]]]}},{"type":"Feature","properties":{"s":"VB","n":"Verbano-Cusio-Ossola","r":"Piemonte","b":[7.8684,45.7669,8.7291,46.4643]},"geometry":{"type":"Polygon","coordinates":[[[8.0122,46.0119],[8.014,46.0326],[8.0305,46.0417],[8.0332,46.0471],[8.0224,46.0697],[8.0328,46.0976],[8.037,46.1004],[8.1081,46.1116],[8.1124,46.1162],[8.115,46.1303],[8.1264,46.1355],[8.1416,46.1361],[8.1503,46.1413],[8.1541,46.1478],[8.1497,46.1585],[8.1506,46.1639],[8.1655,46.1787],[8.1655,46.1823],[8.1517,46.1974],[8.139,46.2261],[8.125,46.2296],[8.1075,46.2499],[8.0876,46.2541],[8.0804,46.2608],[8.1118,46.2805],[8.1211,46.292],[8.1377,46.3016],[8.1636,46.2964],[8.2032,46.3043],[8.2117,46.3106],[8.2255,46.3351],[8.2611,46.3479],[8.2655,46.3529],[8.2609,46.3605],[8.2634,46.3637],[8.2729,46.3667],[8.2848,46.3651],[8.3145,46.381],[8.3187,46.3863],[8.3142,46.3896],[8.3169,46.3972],[8.3104,46.4028],[8.2907,46.4075],[8.306,46.4256],[8.3136,46.4239],[8.3304,46.4286],[8.3645,46.4511],[8.3915,46.4519],[8.4373,46.4643],[8.4498,46.4618],[8.4654,46.4448],[8.4607,46.4381],[8.4577,46.4224],[8.4685,46.4116],[8.4634,46.3843],[8.4686,46.3649],[8.462,46.3532],[8.4652,46.3341],[8.4552,46.3237],[8.4438,46.3195],[8.4401,46.3048],[8.4277,46.2984],[8.4562,46.2635],[8.4489,46.261],[8.4425,46.2536],[8.4436,46.2499],[8.4646,46.2444],[8.4692,46.2329],[8.5326,46.2171],[8.5407,46.1977],[8.5637,46.1839],[8.5737,46.1644],[8.6024,46.1536],[8.5924,46.1458],[8.6096,46.1326],[8.6119,46.1215],[8.6477,46.1232],[8.6598,46.1121],[8.681,46.107],[8.6891,46.1018],[8.7148,46.098],[8.7079,46.0908],[8.7055,46.0819],[8.7291,46.0263],[8.7208,46.0123],[8.5949,45.9225],[8.5716,45.9013],[8.5705,45.8895],[8.5923,45.8524],[8.5938,45.8282],[8.5618,45.8376],[8.5634,45.8457],[8.5603,45.8518],[8.5512,45.8516],[8.5451,45.8472],[8.5411,45.8385],[8.5286,45.8402],[8.5199,45.836],[8.498,45.8331],[8.495,45.8346],[8.4982,45.8473],[8.4752,45.8562],[8.4732,45.8638],[8.4574,45.8766],[8.4492,45.8558],[8.4212,45.8364],[8.4208,45.8298],[8.4099,45.8305],[8.4055,45.8475],[8.3993,45.8543],[8.3928,45.8395],[8.3774,45.8385],[8.3754,45.8285],[8.3821,45.8126],[8.3732,45.8021],[8.377,45.7971],[8.3748,45.7842],[8.3679,45.7839],[8.3606,45.7768],[8.3494,45.7721],[8.3363,45.7762],[8.3182,45.7669],[8.3205,45.7899],[8.317,45.7963],[8.3292,45.8299],[8.3227,45.8328],[8.3211,45.837],[8.3344,45.8431],[8.3354,45.8462],[8.3278,45.8558],[8.3186,45.8559],[8.3157,45.8653],[8.2937,45.8705],[8.2951,45.8801],[8.3022,45.8883],[8.2788,45.8949],[8.2664,45.9073],[8.239,45.911],[8.2296,45.9207],[8.2145,45.924],[8.2041,45.9364],[8.209,45.945],[8.1856,45.9498],[8.154,45.9338],[8.1146,45.932],[8.0976,45.924],[8.086,45.9224],[8.065,45.9351],[8.0443,45.9363],[8.012,45.9261],[7.9968,45.9144],[7.9623,45.9008],[7.9426,45.9078],[7.9392,45.9126],[7.9229,45.9212],[7.9092,45.925],[7.877,45.9264],[7.8687,45.937],[7.8702,45.9467],[7.879,45.9626],[7.8781,45.9734],[7.8947,45.9809],[7.9064,45.9941],[7.971,45.9985],[7.9882,45.9963],[7.998,46.0066],[8.0122,46.0119]]]}},{"type":"Feature","properties":{"s":"VC","n":"Vercelli","r":"Piemonte","b":[7.8614,45.1595,8.5812,45.9504]},"geometry":{"type":"Polygon","coordinates":[[[7.929,45.7424],[7.9173,45.7435],[7.8948,45.7528],[7.8849,45.7602],[7.8823,45.7697],[7.8641,45.79],[7.8662,45.8025],[7.8623,45.8199],[7.8734,45.8259],[7.8709,45.8342],[7.8639,45.8396],[7.8667,45.8483],[7.8739,45.8532],[7.8756,45.8621],[7.8687,45.8689],[7.8614,45.9104],[7.8622,45.9149],[7.878,45.9274],[7.9229,45.9212],[7.9392,45.9126],[7.9426,45.9078],[7.9623,45.9008],[7.9968,45.9144],[8.012,45.9261],[8.0443,45.9363],[8.065,45.9351],[8.0885,45.9226],[8.1142,45.9319],[8.154,45.9338],[8.1799,45.9484],[8.1922,45.9504],[8.209,45.945],[8.2041,45.9364],[8.2145,45.924],[8.2296,45.9207],[8.239,45.911],[8.2664,45.9073],[8.2788,45.8949],[8.3022,45.8883],[8.2951,45.8801],[8.2937,45.8705],[8.3157,45.8653],[8.3186,45.8559],[8.3278,45.8558],[8.3358,45.8451],[8.3211,45.837],[8.3227,45.8328],[8.3292,45.8299],[8.317,45.7963],[8.3205,45.7899],[8.3172,45.7678],[8.3363,45.7762],[8.357,45.7677],[8.353,45.7583],[8.3717,45.7445],[8.3692,45.7383],[8.3779,45.7386],[8.3796,45.7266],[8.3829,45.7209],[8.3869,45.7204],[8.3813,45.7107],[8.392,45.7035],[8.3888,45.699],[8.3817,45.6971],[8.3741,45.6985],[8.3692,45.7063],[8.3645,45.7074],[8.3202,45.7038],[8.3106,45.6972],[8.3329,45.6741],[8.3373,45.6641],[8.3551,45.6511],[8.347,45.6451],[8.3529,45.6426],[8.3548,45.6378],[8.3714,45.6358],[8.3908,45.6166],[8.3937,45.5833],[8.3913,45.5764],[8.3993,45.5609],[8.4,45.541],[8.3978,45.5408],[8.4032,45.5312],[8.4007,45.4915],[8.4129,45.4778],[8.4117,45.4714],[8.4024,45.4699],[8.4024,45.4595],[8.4084,45.4482],[8.405,45.4424],[8.4061,45.4191],[8.4006,45.3962],[8.4084,45.3972],[8.4107,45.4047],[8.4333,45.4121],[8.441,45.397],[8.4555,45.3825],[8.4553,45.3782],[8.4589,45.3819],[8.4703,45.3842],[8.4714,45.3792],[8.4869,45.3804],[8.4853,45.3757],[8.4961,45.3742],[8.4995,45.3478],[8.4717,45.3423],[8.4673,45.3391],[8.4629,45.3272],[8.4749,45.3198],[8.4761,45.322],[8.4831,45.3207],[8.4929,45.3121],[8.5069,45.3194],[8.5128,45.3165],[8.5135,45.3133],[8.4983,45.2922],[8.512,45.291],[8.5183,45.2868],[8.5131,45.2803],[8.5141,45.2743],[8.5233,45.2744],[8.5224,45.2791],[8.5351,45.2778],[8.5361,45.2722],[8.5327,45.2653],[8.5362,45.2627],[8.533,45.2581],[8.5435,45.2546],[8.536,45.2476],[8.5309,45.2537],[8.5228,45.2546],[8.5221,45.2499],[8.5378,45.2431],[8.5562,45.2414],[8.5554,45.2388],[8.5487,45.238],[8.5291,45.2395],[8.5437,45.234],[8.5392,45.2301],[8.5271,45.2292],[8.5232,45.2216],[8.5366,45.215],[8.548,45.2041],[8.5245,45.1983],[8.5309,45.1933],[8.5523,45.1964],[8.5506,45.2012],[8.5569,45.2052],[8.5717,45.2059],[8.5812,45.2022],[8.5624,45.1945],[8.5446,45.1821],[8.543,45.173],[8.5478,45.1682],[8.5365,45.1755],[8.5149,45.1716],[8.5072,45.1741],[8.4964,45.1984],[8.4907,45.1967],[8.4713,45.2045],[8.4589,45.2014],[8.4552,45.2036],[8.4393,45.195],[8.4147,45.1982],[8.4017,45.2054],[8.3598,45.1961],[8.3611,45.1905],[8.3373,45.1705],[8.3283,45.1692],[8.3069,45.1779],[8.2945,45.1728],[8.2859,45.1785],[8.2663,45.1807],[8.251,45.1763],[8.2361,45.1675],[8.2154,45.164],[8.212,45.1722],[8.199,45.1783],[8.1897,45.1736],[8.1903,45.1699],[8.1856,45.1643],[8.1729,45.1595],[8.1743,45.1711],[8.1463,45.1684],[8.1436,45.1702],[8.1449,45.1739],[8.1377,45.1785],[8.1307,45.1767],[8.1112,45.1835],[8.0883,45.1857],[8.0552,45.1823],[8.0479,45.1867],[8.0429,45.2029],[8.0346,45.202],[8.0032,45.2171],[7.9916,45.2285],[7.9863,45.2382],[7.984,45.2576],[7.98,45.2615],[7.987,45.2614],[7.9899,45.265],[7.9901,45.3097],[7.9776,45.3171],[7.9696,45.3179],[7.9683,45.3126],[7.9493,45.3059],[7.947,45.3079],[7.9538,45.3126],[7.9547,45.3221],[7.9649,45.3322],[7.9586,45.3465],[7.9893,45.3458],[8.0097,45.3379],[8.0171,45.3295],[8.0213,45.3301],[8.019,45.3434],[8.0239,45.3524],[8.0238,45.3606],[8.0122,45.3674],[8.008,45.387],[8.0126,45.3932],[8.0089,45.3979],[8.0144,45.4067],[8.0205,45.3997],[8.027,45.4031],[8.0417,45.397],[8.0529,45.3979],[8.0691,45.3874],[8.1228,45.3761],[8.1302,45.3887],[8.1497,45.4092],[8.1687,45.4111],[8.1706,45.4195],[8.1614,45.4242],[8.166,45.4342],[8.1824,45.4463],[8.1942,45.4486],[8.2034,45.4467],[8.2178,45.4537],[8.2204,45.4563],[8.2167,45.4691],[8.2189,45.4758],[8.2306,45.4772],[8.2464,45.4901],[8.2443,45.4933],[8.2629,45.5011],[8.2676,45.5169],[8.2919,45.5177],[8.279,45.5235],[8.2774,45.5322],[8.2926,45.5417],[8.2965,45.5536],[8.2763,45.5636],[8.2676,45.5884],[8.2603,45.5936],[8.2591,45.6057],[8.2552,45.6087],[8.2689,45.616],[8.2778,45.6117],[8.2969,45.6215],[8.3077,45.6174],[8.3114,45.621],[8.312,45.6346],[8.2972,45.6363],[8.2759,45.6233],[8.2621,45.6195],[8.2613,45.6333],[8.2827,45.6345],[8.2959,45.6409],[8.3159,45.6407],[8.3279,45.6469],[8.2976,45.6578],[8.2894,45.6686],[8.2373,45.7016],[8.2226,45.7074],[8.201,45.7253],[8.1927,45.7228],[8.1831,45.7308],[8.1803,45.7525],[8.1566,45.7502],[8.1229,45.7569],[8.1081,45.7489],[8.0958,45.7377],[8.0828,45.7372],[8.0769,45.7187],[8.0649,45.7235],[8.0636,45.7355],[8.0593,45.7406],[8.0359,45.7356],[8.0214,45.7377],[7.9998,45.7193],[7.9506,45.7191],[7.9366,45.7243],[7.9273,45.7347],[7.929,45.7424]]]}},{"type":"Feature","properties":{"s":"VE","n":"Venezia","r":"Veneto","b":[11.9619,45.0559,13.1022,45.8544]},"geometry":{"type":"Polygon","coordinates":[[[12.6567,45.7913],[12.6758,45.7929],[12.73,45.8373],[12.7438,45.8271],[12.7689,45.8498],[12.7798,45.8544],[12.8033,45.845],[12.7991,45.8332],[12.8003,45.8272],[12.8019,45.8229],[12.8086,45.8202],[12.8188,45.825],[12.8189,45.8337],[12.8376,45.8413],[12.8369,45.845],[12.8612,45.8506],[12.876,45.8464],[12.8772,45.8432],[12.8697,45.8338],[12.8901,45.8205],[12.8933,45.8197],[12.9078,45.8291],[12.9153,45.8249],[12.9205,45.8313],[12.9295,45.8174],[12.9521,45.8222],[12.952,45.8435],[12.9614,45.8469],[12.9663,45.8408],[12.979,45.834],[12.9709,45.8287],[12.9742,45.8234],[12.9821,45.8273],[12.9733,45.8203],[12.9932,45.815],[12.9884,45.8087],[12.9835,45.8149],[12.9779,45.8137],[12.9747,45.808],[12.9808,45.7975],[12.9868,45.7975],[12.9896,45.8015],[12.9917,45.7978],[12.9789,45.7928],[12.9778,45.7879],[12.9889,45.7763],[13.0061,45.7659],[13.0012,45.7493],[13.0153,45.742],[13.0161,45.7359],[13.008,45.731],[13.0083,45.7249],[13.015,45.7245],[13.0164,45.7306],[13.0292,45.7362],[13.0302,45.7253],[13.0385,45.7172],[13.0406,45.706],[13.0368,45.6994],[13.045,45.6938],[13.0498,45.697],[13.0532,45.6945],[13.0505,45.6886],[13.0436,45.6855],[13.056,45.6777],[13.0625,45.6792],[13.0662,45.6734],[13.0619,45.6629],[13.0634,45.6568],[13.0831,45.6581],[13.0834,45.6503],[13.1011,45.6432],[13.1016,45.6388],[13.0977,45.6353],[13.065,45.6311],[13.0125,45.6283],[12.9781,45.6232],[12.9782,45.6265],[12.9171,45.6116],[12.9127,45.6142],[12.8865,45.5973],[12.7298,45.5293],[12.6443,45.5028],[12.5844,45.4787],[12.4675,45.4448],[12.4482,45.4353],[12.435,45.4248],[12.4362,45.4225],[12.428,45.4185],[12.4074,45.4278],[12.3946,45.4253],[12.3607,45.396],[12.3347,45.3584],[12.3309,45.351],[12.3304,45.3372],[12.3428,45.3338],[12.3302,45.3313],[12.333,45.327],[12.3248,45.3288],[12.3048,45.2786],[12.2986,45.2427],[12.3006,45.2369],[12.3149,45.2337],[12.3137,45.2285],[12.3046,45.2292],[12.3021,45.2251],[12.3011,45.2095],[12.3088,45.1905],[12.3197,45.181],[12.3324,45.1628],[12.3125,45.1447],[12.2827,45.1434],[12.2803,45.1391],[12.2851,45.1302],[12.2843,45.1258],[12.26,45.1131],[12.238,45.1064],[12.2033,45.1054],[12.188,45.0891],[12.1801,45.0885],[12.1678,45.094],[12.1599,45.0841],[12.157,45.0722],[12.1478,45.0686],[12.1481,45.0576],[12.1365,45.0563],[12.1141,45.062],[12.0477,45.1054],[12.0496,45.1127],[12.0468,45.1154],[12.0255,45.1196],[12.0295,45.1253],[12.0398,45.1297],[12.0407,45.1333],[12.0057,45.1403],[11.9688,45.134],[11.9619,45.1493],[11.9694,45.1494],[11.9834,45.1556],[11.983,45.1628],[11.9766,45.1626],[11.9753,45.1688],[11.9735,45.1801],[11.9778,45.1871],[12.123,45.2104],[12.1524,45.1942],[12.1839,45.1951],[12.185,45.1969],[12.1711,45.1988],[12.1647,45.2049],[12.1538,45.2082],[12.1548,45.2218],[12.1581,45.2259],[12.1935,45.234],[12.1955,45.2374],[12.1928,45.2433],[12.2062,45.2731],[12.1998,45.2808],[12.1911,45.285],[12.19,45.2971],[12.1854,45.3022],[12.137,45.2995],[12.1181,45.3031],[12.0977,45.3205],[12.1027,45.3223],[12.1011,45.3241],[12.0878,45.3316],[12.0791,45.3321],[12.0684,45.3215],[12.0554,45.3196],[12.0482,45.3129],[12.0348,45.3142],[12.0207,45.323],[12.0134,45.3431],[12.0347,45.3573],[12.0248,45.3635],[12.0265,45.3673],[12.0121,45.3704],[11.9941,45.3798],[11.9911,45.3942],[11.9753,45.3981],[11.9794,45.4076],[12.0028,45.4084],[11.9947,45.4151],[11.996,45.4226],[12.0135,45.4242],[12.0194,45.4296],[12.0259,45.444],[12.0263,45.4485],[12.0196,45.4512],[12.0083,45.447],[11.9819,45.4528],[11.9773,45.4642],[11.9815,45.4749],[11.9901,45.4735],[12.004,45.5103],[11.9953,45.5127],[11.9974,45.5181],[12.0019,45.5175],[12.008,45.532],[12.0184,45.5287],[12.0263,45.5202],[12.0331,45.5345],[12.0334,45.5627],[12.0383,45.5712],[12.0564,45.5724],[12.0614,45.5774],[12.0722,45.5777],[12.0724,45.5814],[12.0836,45.582],[12.0952,45.6007],[12.0991,45.6039],[12.1098,45.6038],[12.1084,45.6143],[12.1215,45.6097],[12.1247,45.5977],[12.1449,45.5952],[12.1452,45.5883],[12.1501,45.5849],[12.1612,45.5845],[12.1617,45.5774],[12.1665,45.574],[12.1857,45.5851],[12.1912,45.5835],[12.1939,45.5741],[12.21,45.5705],[12.2123,45.5645],[12.2039,45.5485],[12.2044,45.5432],[12.2162,45.5374],[12.2372,45.5378],[12.2455,45.5308],[12.2797,45.5358],[12.276,45.5443],[12.2802,45.5453],[12.2809,45.5529],[12.2746,45.5573],[12.2792,45.5668],[12.2882,45.5689],[12.2957,45.5747],[12.3213,45.5703],[12.3353,45.5618],[12.3556,45.5894],[12.3804,45.578],[12.3876,45.569],[12.4257,45.5617],[12.4437,45.5629],[12.4531,45.5718],[12.4438,45.579],[12.4379,45.5919],[12.4442,45.6017],[12.4243,45.6232],[12.4283,45.6275],[12.4353,45.6271],[12.4377,45.6397],[12.4857,45.6396],[12.4871,45.6615],[12.5049,45.6654],[12.4946,45.674],[12.5051,45.6838],[12.504,45.6876],[12.5181,45.6886],[12.5217,45.6803],[12.5338,45.6792],[12.5553,45.6846],[12.5752,45.6972],[12.5931,45.6891],[12.6025,45.6801],[12.6172,45.6958],[12.6452,45.7016],[12.6604,45.7089],[12.6772,45.7052],[12.685,45.713],[12.6807,45.7181],[12.6762,45.7136],[12.6708,45.7168],[12.6717,45.7366],[12.6644,45.739],[12.6702,45.7434],[12.6695,45.746],[12.6635,45.7491],[12.6625,45.7433],[12.6577,45.7409],[12.6466,45.7474],[12.662,45.755],[12.6657,45.7669],[12.6626,45.7737],[12.656,45.7781],[12.6567,45.7913]]]}},{"type":"Feature","properties":{"s":"VI","n":"Vicenza","r":"Veneto","b":[11.1359,45.2555,11.835,46.0121]},"geometry":{"type":"Polygon","coordinates":[[[11.6123,45.3254],[11.6145,45.3173],[11.6104,45.3146],[11.6041,45.3183],[11.5883,45.313],[11.5805,45.3012],[11.5803,45.2873],[11.5825,45.2726],[11.6177,45.2585],[11.6097,45.2557],[11.59,45.2564],[11.5651,45.2625],[11.5263,45.2587],[11.487,45.266],[11.4897,45.2801],[11.4844,45.286],[11.4711,45.2882],[11.4333,45.3074],[11.4335,45.3161],[11.4468,45.3155],[11.4527,45.3236],[11.4226,45.3393],[11.4083,45.3411],[11.3929,45.3479],[11.3581,45.3492],[11.352,45.3522],[11.3533,45.3682],[11.3405,45.3831],[11.3315,45.3876],[11.3343,45.396],[11.3455,45.3993],[11.3394,45.4237],[11.3332,45.4332],[11.3235,45.4264],[11.3237,45.4328],[11.3183,45.4336],[11.3188,45.4371],[11.3298,45.4444],[11.3203,45.4556],[11.329,45.4641],[11.3231,45.473],[11.3283,45.4826],[11.324,45.487],[11.324,45.4948],[11.3202,45.499],[11.2797,45.5102],[11.2807,45.5192],[11.2777,45.5235],[11.252,45.5419],[11.2436,45.5605],[11.2467,45.577],[11.2331,45.5958],[11.2354,45.6005],[11.2183,45.6039],[11.2126,45.6172],[11.2143,45.6252],[11.2033,45.6263],[11.1929,45.62],[11.1813,45.6187],[11.1497,45.6541],[11.1557,45.6807],[11.1548,45.6843],[11.1437,45.6827],[11.1408,45.6861],[11.1359,45.6996],[11.1387,45.7093],[11.1459,45.7169],[11.1534,45.7186],[11.1738,45.7322],[11.1784,45.7381],[11.1761,45.7474],[11.1807,45.7629],[11.1798,45.7726],[11.174,45.7871],[11.1784,45.7881],[11.1901,45.7816],[11.2028,45.7834],[11.1933,45.7956],[11.1938,45.8021],[11.1902,45.8029],[11.1888,45.8136],[11.2027,45.827],[11.2188,45.8326],[11.2185,45.844],[11.2219,45.849],[11.2269,45.8489],[11.2396,45.857],[11.2444,45.8769],[11.2366,45.8783],[11.2369,45.8808],[11.2477,45.8858],[11.2551,45.884],[11.2511,45.8961],[11.2606,45.9075],[11.2613,45.9157],[11.2583,45.9207],[11.2711,45.917],[11.2753,45.9197],[11.3038,45.9182],[11.2996,45.929],[11.3007,45.9352],[11.3075,45.9283],[11.313,45.9298],[11.3166,45.9227],[11.3249,45.9174],[11.3493,45.9095],[11.3501,45.9145],[11.345,45.9209],[11.3581,45.9253],[11.3606,45.9352],[11.3583,45.9437],[11.3801,45.9428],[11.3824,45.9479],[11.3833,45.951],[11.3779,45.9572],[11.3724,45.9732],[11.3737,45.9835],[11.4001,45.9801],[11.4467,45.9809],[11.4935,46.0095],[11.5523,46.0117],[11.5662,46.0061],[11.5772,46.0065],[11.5876,45.969],[11.6003,45.9713],[11.611,45.9675],[11.621,45.9715],[11.6307,45.9694],[11.6276,45.9606],[11.65,45.9648],[11.6665,45.9641],[11.6858,45.9693],[11.6843,45.9841],[11.6897,45.9779],[11.7056,45.9766],[11.7144,45.9723],[11.7167,45.9678],[11.7105,45.959],[11.7279,45.9481],[11.7289,45.9342],[11.7385,45.932],[11.7466,45.9352],[11.763,45.9282],[11.7693,45.9221],[11.7873,45.9243],[11.792,45.9168],[11.7803,45.9065],[11.7762,45.8949],[11.7782,45.8878],[11.7996,45.8806],[11.7992,45.872],[11.7666,45.8693],[11.762,45.8587],[11.7427,45.8549],[11.7458,45.8479],[11.7558,45.8444],[11.759,45.8394],[11.7501,45.8223],[11.7625,45.8048],[11.7792,45.7919],[11.7912,45.7997],[11.8032,45.7999],[11.8192,45.7858],[11.835,45.7477],[11.8312,45.7405],[11.8141,45.7434],[11.824,45.7066],[11.8155,45.6942],[11.8217,45.6872],[11.7579,45.6779],[11.7081,45.6806],[11.7104,45.6683],[11.6971,45.6634],[11.7015,45.6607],[11.6858,45.6572],[11.6855,45.6479],[11.6767,45.6401],[11.6562,45.6404],[11.6466,45.6342],[11.6455,45.6274],[11.6491,45.6228],[11.6438,45.6113],[11.6461,45.6068],[11.6429,45.5981],[11.6498,45.5933],[11.6665,45.595],[11.6743,45.5919],[11.6745,45.5825],[11.67,45.5825],[11.6665,45.5764],[11.6659,45.5708],[11.6699,45.5651],[11.6655,45.5583],[11.6531,45.5506],[11.6585,45.5455],[11.6577,45.5402],[11.6755,45.5392],[11.679,45.5418],[11.6784,45.5496],[11.6858,45.552],[11.6945,45.5507],[11.7034,45.5429],[11.7217,45.5438],[11.7241,45.5526],[11.7203,45.5591],[11.7288,45.5607],[11.759,45.5204],[11.7413,45.5177],[11.7279,45.5205],[11.734,45.5122],[11.7353,45.4979],[11.7457,45.4784],[11.7454,45.4717],[11.7061,45.4733],[11.7096,45.4616],[11.6986,45.4559],[11.693,45.4484],[11.69,45.4365],[11.6832,45.4294],[11.6762,45.4231],[11.6645,45.4227],[11.6523,45.4166],[11.6532,45.4104],[11.6159,45.3883],[11.6115,45.3743],[11.6156,45.3666],[11.6274,45.3564],[11.6251,45.3459],[11.6169,45.3365],[11.6198,45.3303],[11.6123,45.3254]]]}},{"type":"Feature","properties":{"s":"VR","n":"Verona","r":"Veneto","b":[10.6236,45.0528,11.4897,45.8328]},"geometry":{"type":"Polygon","coordinates":[[[11.3315,45.3876],[11.3405,45.3831],[11.3533,45.3682],[11.352,45.3522],[11.3581,45.3492],[11.3929,45.3479],[11.4256,45.3378],[11.4534,45.3226],[11.4468,45.3155],[11.4335,45.3161],[11.4333,45.3074],[11.4711,45.2882],[11.4844,45.286],[11.4897,45.2801],[11.4873,45.2666],[11.4803,45.2585],[11.4662,45.2621],[11.4507,45.2613],[11.4262,45.2536],[11.4028,45.2649],[11.3926,45.2594],[11.3909,45.2544],[11.4015,45.2514],[11.4055,45.2455],[11.4065,45.2391],[11.4022,45.2351],[11.3997,45.2257],[11.4036,45.2158],[11.4047,45.1886],[11.4092,45.1749],[11.4217,45.1664],[11.4182,45.1564],[11.4288,45.1505],[11.4178,45.1301],[11.4092,45.131],[11.4097,45.1245],[11.441,45.096],[11.44,45.0896],[11.4456,45.0803],[11.4424,45.0726],[11.435,45.0682],[11.4217,45.0676],[11.4017,45.0528],[11.3858,45.0571],[11.3608,45.0573],[11.3539,45.0704],[11.3219,45.08],[11.3157,45.0901],[11.2442,45.0925],[11.223,45.0844],[11.2051,45.0997],[11.2034,45.1117],[11.1876,45.1099],[11.1464,45.1261],[11.1377,45.1233],[11.1348,45.1099],[11.1274,45.1032],[11.1056,45.1082],[11.1021,45.1131],[11.0949,45.1061],[11.0941,45.0997],[11.0976,45.0952],[11.0729,45.0987],[11.039,45.114],[11.0287,45.123],[11.0289,45.1279],[11.0438,45.1343],[11.0423,45.1439],[11.0495,45.1507],[11.0466,45.1531],[11.0356,45.1501],[11.0284,45.1592],[11.0102,45.1487],[10.9937,45.1515],[10.9988,45.1647],[10.9932,45.1841],[10.9968,45.1874],[10.9854,45.1987],[10.966,45.2056],[10.947,45.2057],[10.9448,45.2112],[10.935,45.2142],[10.9315,45.2176],[10.9308,45.2255],[10.9368,45.2329],[10.9021,45.2375],[10.8968,45.2471],[10.8792,45.2472],[10.8763,45.2527],[10.8466,45.2566],[10.8408,45.2654],[10.84,45.2729],[10.8169,45.2893],[10.812,45.2967],[10.7828,45.3154],[10.7374,45.2872],[10.7283,45.2913],[10.7331,45.3054],[10.7312,45.3152],[10.722,45.3188],[10.7064,45.3163],[10.7132,45.3237],[10.715,45.3339],[10.7058,45.3394],[10.6869,45.3426],[10.6855,45.3537],[10.7045,45.3594],[10.7146,45.3679],[10.7064,45.37],[10.6983,45.379],[10.7176,45.3967],[10.7195,45.4051],[10.7165,45.415],[10.7023,45.4214],[10.6652,45.4277],[10.6546,45.4158],[10.6439,45.4178],[10.6474,45.4238],[10.6468,45.441],[10.6403,45.4435],[10.6273,45.4383],[10.6236,45.4436],[10.6443,45.4449],[10.6477,45.4485],[10.643,45.4576],[10.6285,45.6021],[10.631,45.6095],[10.7056,45.6764],[10.772,45.7508],[10.8096,45.7984],[10.8325,45.8156],[10.8402,45.8328],[10.8816,45.8176],[10.8876,45.8116],[10.877,45.8035],[10.8727,45.7884],[10.8838,45.7793],[10.885,45.7747],[10.8668,45.764],[10.8626,45.7437],[10.855,45.7419],[10.8438,45.7186],[10.8844,45.7166],[10.926,45.6992],[10.9122,45.6907],[10.9221,45.6798],[10.9429,45.6731],[10.9512,45.6845],[10.962,45.6857],[10.9722,45.7018],[10.9749,45.696],[10.9683,45.6801],[10.9895,45.6907],[10.9955,45.6965],[10.9961,45.708],[11.0067,45.7104],[11.0117,45.7164],[11.0161,45.7139],[11.0165,45.7057],[11.0305,45.7057],[11.0414,45.7063],[11.0558,45.7182],[11.0668,45.7082],[11.09,45.6961],[11.1214,45.6955],[11.1229,45.6898],[11.1385,45.6968],[11.1437,45.6827],[11.1548,45.6843],[11.1497,45.6541],[11.1703,45.628],[11.1838,45.6182],[11.2033,45.6263],[11.2143,45.6252],[11.2126,45.6172],[11.2183,45.6039],[11.2354,45.6005],[11.2331,45.5958],[11.2467,45.577],[11.2436,45.5605],[11.252,45.5419],[11.2777,45.5235],[11.2807,45.5192],[11.2797,45.5102],[11.3202,45.499],[11.324,45.4948],[11.324,45.487],[11.3283,45.4826],[11.3231,45.473],[11.329,45.4641],[11.3203,45.4556],[11.3298,45.4444],[11.3188,45.4371],[11.3183,45.4336],[11.3237,45.4328],[11.3235,45.4264],[11.3318,45.4338],[11.3359,45.4302],[11.3455,45.3993],[11.3343,45.396],[11.3315,45.3876]]]}},{"type":"Feature","properties":{"s":"VT","n":"Viterbo","r":"Lazio","b":[11.4499,42.1462,12.5196,42.8377]},"geometry":{"type":"MultiPolygon","coordinates":[[[[11.8109,42.8069],[11.8146,42.8146],[11.8137,42.8227],[11.8329,42.8274],[11.8474,42.8377],[11.9039,42.8322],[11.9082,42.8162],[11.9274,42.7809],[11.9496,42.7761],[11.9654,42.7671],[11.9795,42.7646],[11.9783,42.7515],[11.9606,42.7282],[11.9454,42.7253],[11.9302,42.7126],[11.9263,42.7047],[11.9488,42.696],[11.9413,42.6833],[11.978,42.6755],[12.0071,42.6625],[12.0299,42.6502],[12.03,42.6432],[12.0397,42.649],[12.0667,42.6529],[12.0737,42.6567],[12.0945,42.6555],[12.1067,42.6647],[12.1172,42.651],[12.1241,42.6493],[12.1323,42.6617],[12.1408,42.6563],[12.1462,42.6589],[12.1487,42.6658],[12.1609,42.6767],[12.1759,42.6728],[12.1858,42.6663],[12.2043,42.6605],[12.2269,42.6435],[12.2257,42.6355],[12.2427,42.6292],[12.2291,42.6111],[12.2391,42.607],[12.2476,42.5967],[12.2439,42.5977],[12.2359,42.5833],[12.2401,42.5751],[12.2387,42.5722],[12.2616,42.5607],[12.275,42.5599],[12.2788,42.5509],[12.2786,42.5416],[12.2662,42.5361],[12.2744,42.5241],[12.2826,42.5227],[12.2835,42.5175],[12.2755,42.516],[12.2748,42.5092],[12.2792,42.5065],[12.2898,42.509],[12.3074,42.4973],[12.303,42.4913],[12.2892,42.4945],[12.2999,42.4875],[12.3158,42.4882],[12.3259,42.4946],[12.3459,42.4822],[12.3512,42.4737],[12.375,42.4831],[12.3853,42.4892],[12.3902,42.4982],[12.3951,42.4991],[12.4214,42.4925],[12.4278,42.4869],[12.413,42.4769],[12.4124,42.4676],[12.4276,42.4652],[12.4304,42.458],[12.4179,42.4585],[12.4137,42.4552],[12.4139,42.4424],[12.4195,42.4365],[12.413,42.4269],[12.4223,42.4216],[12.439,42.4264],[12.4489,42.4237],[12.4592,42.429],[12.4643,42.4284],[12.4673,42.4204],[12.4604,42.4163],[12.4586,42.4066],[12.4379,42.3958],[12.4422,42.3926],[12.4364,42.3872],[12.4389,42.3837],[12.4576,42.3806],[12.4589,42.3686],[12.4546,42.3574],[12.463,42.3544],[12.4748,42.3569],[12.4747,42.3523],[12.4632,42.3445],[12.4622,42.3371],[12.4693,42.3274],[12.4815,42.3249],[12.4892,42.3195],[12.4762,42.3137],[12.4815,42.3041],[12.4919,42.2949],[12.5057,42.2972],[12.5196,42.2948],[12.5049,42.2777],[12.506,42.2742],[12.4905,42.2698],[12.4832,42.2622],[12.4771,42.2483],[12.4838,42.2414],[12.4796,42.2391],[12.4804,42.2341],[12.4697,42.232],[12.4601,42.2046],[12.4353,42.2003],[12.4341,42.1893],[12.4259,42.1813],[12.4115,42.1822],[12.4206,42.2075],[12.4176,42.2155],[12.418,42.2435],[12.4122,42.2574],[12.4049,42.2488],[12.4124,42.2399],[12.4088,42.2298],[12.3983,42.2321],[12.3868,42.2166],[12.3715,42.2111],[12.3737,42.1808],[12.3703,42.1729],[12.3531,42.1657],[12.3447,42.1536],[12.3344,42.1526],[12.3295,42.1463],[12.3058,42.1508],[12.3025,42.1535],[12.3066,42.1597],[12.2843,42.1733],[12.2735,42.1717],[12.2714,42.1819],[12.25,42.1768],[12.2353,42.1772],[12.2157,42.1867],[12.2064,42.1844],[12.2022,42.18],[12.1688,42.1753],[12.1647,42.1669],[12.1497,42.1605],[12.1359,42.1473],[12.1288,42.156],[12.1178,42.1615],[12.0812,42.1614],[12.0676,42.1645],[12.0577,42.1641],[12.0568,42.1563],[12.0535,42.1536],[12.0348,42.1516],[12.0023,42.1585],[11.9865,42.194],[11.9744,42.211],[11.955,42.2121],[11.9131,42.2333],[11.9101,42.2404],[11.8794,42.228],[11.8815,42.2248],[11.8735,42.2187],[11.8661,42.2069],[11.8691,42.1995],[11.828,42.1669],[11.831,42.1573],[11.8228,42.1465],[11.8036,42.1558],[11.7722,42.1638],[11.7338,42.1581],[11.7393,42.1709],[11.7208,42.1892],[11.6969,42.2323],[11.6796,42.2474],[11.6654,42.2676],[11.641,42.2885],[11.5516,42.3403],[11.4499,42.3775],[11.4537,42.3853],[11.4508,42.395],[11.4769,42.414],[11.482,42.4211],[11.481,42.4336],[11.4889,42.4394],[11.5181,42.4336],[11.5443,42.4422],[11.5545,42.4388],[11.6177,42.436],[11.616,42.4667],[11.62,42.4747],[11.6163,42.4885],[11.6088,42.4928],[11.5928,42.4954],[11.5856,42.5009],[11.5871,42.504],[11.5844,42.5067],[11.5661,42.5118],[11.5609,42.517],[11.5701,42.5345],[11.5858,42.5418],[11.5787,42.5672],[11.5892,42.5714],[11.6038,42.5683],[11.614,42.5572],[11.6255,42.5693],[11.6371,42.5652],[11.6438,42.5667],[11.6584,42.577],[11.6682,42.5761],[11.6817,42.5818],[11.6858,42.5848],[11.6799,42.5952],[11.7004,42.6014],[11.7103,42.61],[11.726,42.6109],[11.7274,42.6064],[11.736,42.6067],[11.7385,42.6133],[11.7518,42.6256],[11.7498,42.6396],[11.7809,42.6347],[11.7964,42.6435],[11.8048,42.644],[11.8089,42.6587],[11.7999,42.6685],[11.7852,42.6722],[11.7854,42.6875],[11.78,42.7053],[11.8016,42.7072],[11.8088,42.7313],[11.8195,42.7454],[11.8134,42.7459],[11.8086,42.7532],[11.7794,42.758],[11.7803,42.7623],[11.7645,42.779],[11.746,42.7858],[11.7533,42.8022],[11.7686,42.8154],[11.7691,42.8202],[11.7759,42.8207],[11.787,42.8153],[11.8033,42.8012],[11.806,42.7951],[11.8114,42.7996],[11.8109,42.8069]]],[[[12.4814,42.4042],[12.4881,42.3987],[12.4858,42.3925],[12.4745,42.3875],[12.4687,42.3907],[12.4663,42.3949],[12.469,42.3986],[12.4814,42.4042]]]]}},{"type":"Feature","properties":{"s":"VV","n":"Vibo Valentia","r":"Calabria","b":[15.8267,38.43,16.432,38.8242]},"geometry":{"type":"MultiPolygon","coordinates":[[[[16.2421,38.4921],[16.2325,38.5011],[16.2109,38.4968],[16.1932,38.4978],[16.1795,38.5101],[16.1598,38.5166],[16.1334,38.5355],[16.1201,38.5369],[16.1103,38.5436],[16.1014,38.5408],[16.0979,38.548],[16.08,38.5621],[16.0727,38.5603],[16.0699,38.5492],[16.0607,38.5532],[16.0607,38.5501],[16.045,38.5439],[16.038,38.5327],[16.0254,38.532],[16.0045,38.5167],[15.9905,38.5214],[15.9863,38.5175],[15.9797,38.5221],[15.9588,38.5255],[15.9547,38.5238],[15.9508,38.5141],[15.9186,38.5068],[15.9305,38.5358],[15.9291,38.5498],[15.9042,38.5629],[15.8942,38.5762],[15.8442,38.6132],[15.8288,38.6175],[15.8267,38.623],[15.836,38.6449],[15.8514,38.6615],[15.8714,38.6723],[15.8947,38.6799],[15.9482,38.6912],[15.9609,38.7001],[15.9727,38.7149],[15.9864,38.7232],[16.0412,38.7272],[16.1062,38.712],[16.1194,38.7182],[16.1292,38.7159],[16.1389,38.7198],[16.1578,38.7351],[16.1849,38.7512],[16.213,38.8106],[16.2278,38.8124],[16.2524,38.8075],[16.2662,38.7957],[16.2788,38.7917],[16.2757,38.7933],[16.2773,38.8038],[16.2742,38.8151],[16.2658,38.8198],[16.2572,38.8199],[16.2807,38.8242],[16.2962,38.8213],[16.3189,38.8058],[16.3235,38.7988],[16.3356,38.7973],[16.3504,38.7893],[16.3599,38.7918],[16.3559,38.7776],[16.3659,38.7594],[16.3705,38.7435],[16.3647,38.7373],[16.3498,38.7344],[16.3385,38.7206],[16.3479,38.7127],[16.3492,38.7073],[16.3391,38.7002],[16.3372,38.6855],[16.3263,38.6778],[16.3448,38.6681],[16.3456,38.6583],[16.329,38.6414],[16.3388,38.633],[16.3668,38.6276],[16.3766,38.621],[16.3696,38.6123],[16.3729,38.6072],[16.384,38.601],[16.4081,38.5994],[16.418,38.5935],[16.4156,38.588],[16.4291,38.5831],[16.432,38.5793],[16.4283,38.5652],[16.4229,38.5633],[16.4198,38.554],[16.3979,38.571],[16.3904,38.5735],[16.3826,38.5664],[16.363,38.5605],[16.3597,38.554],[16.3619,38.5502],[16.3597,38.5433],[16.3493,38.5374],[16.3503,38.5231],[16.3452,38.5202],[16.3526,38.5007],[16.374,38.4807],[16.3827,38.4799],[16.3867,38.4763],[16.3884,38.4696],[16.3818,38.4663],[16.3823,38.4599],[16.3928,38.4479],[16.3918,38.4437],[16.3784,38.4434],[16.3694,38.4339],[16.363,38.4358],[16.3529,38.4307],[16.3127,38.4335],[16.3016,38.4306],[16.295,38.4374],[16.2814,38.4393],[16.2662,38.446],[16.2691,38.4543],[16.266,38.4652],[16.254,38.4839],[16.2421,38.4921]]]]}}]}