{"type":"FeatureCollection","attribuzione":"NIL \u2014 Comune di Milano (CC-BY)","features":[{"type":"Feature","properties":{"nil":"RONCHETTO SUL NAVIGLIO - Q.RE LODOVICO IL MORO","zona":"navigli"},"geometry":{"type":"MultiPolygon","coordinates":[[[[9.15422,45.43775],[9.15047,45.44067],[9.14803,45.44253],[9.14557,45.44636],[9.13912,45.44486],[9.13499,45.44373],[9.12321,45.44044],[9.11883,45.43913],[9.11907,45.43891],[9.11932,45.43867],[9.11957,45.43844],[9.11979,45.43819],[9.12016,45.43771],[9.12029,45.4375],[9.12036,45.43742],[9.12077,45.43746],[9.12088,45.43726],[9.12095,45.43712],[9.12099,45.43705],[9.12103,45.43699],[9.12109,45.43689],[9.12113,45.43682],[9.12118,45.43673],[9.12123,45.43665],[9.1213,45.43657],[9.12139,45.43643],[9.12147,45.43628],[9.12154,45.43616],[9.12161,45.43607],[9.12166,45.43598],[9.12168,45.43594],[9.12173,45.43587],[9.12177,45.4358],[9.12183,45.43571],[9.12187,45.43564],[9.12193,45.43555],[9.12199,45.43542],[9.12204,45.43535],[9.12206,45.4353],[9.12208,45.43524],[9.12209,45.43514],[9.12208,45.43509],[9.122,45.43505],[9.12183,45.43502],[9.12176,45.435],[9.12168,45.43497],[9.12162,45.43494],[9.12151,45.43489],[9.12137,45.43483],[9.12127,45.43478],[9.12124,45.43475],[9.12122,45.43468],[9.12126,45.43465],[9.12141,45.43458],[9.12158,45.43447],[9.12165,45.43441],[9.1217,45.43436],[9.12207,45.43405],[9.12237,45.43379],[9.12266,45.43353],[9.12291,45.43332],[9.12326,45.43303],[9.12345,45.43287],[9.1236,45.43273],[9.12409,45.43231],[9.12434,45.4321],[9.12449,45.43197],[9.12462,45.43185],[9.1249,45.4316],[9.12506,45.43147],[9.12542,45.43118],[9.12563,45.43102],[9.1257,45.43143],[9.12407,45.43598],[9.12926,45.4364],[9.13041,45.43564],[9.13183,45.43406],[9.13483,45.43242],[9.13698,45.43001],[9.13901,45.42836],[9.14153,45.43203],[9.14197,45.43259],[9.14322,45.434],[9.14671,45.43679],[9.14886,45.4369],[9.15131,45.437],[9.15419,45.43707],[9.15422,45.43775]]]]}},{"type":"Feature","properties":{"nil":"TRENNO","zona":null},"geometry":{"type":"MultiPolygon","coordinates":[[[[9.10623,45.49016],[9.1053,45.49226],[9.10689,45.49338],[9.10568,45.49458],[9.10274,45.49589],[9.10055,45.49712],[9.09973,45.49652],[9.09883,45.49622],[9.09733,45.49374],[9.09842,45.49317],[9.09796,45.49119],[9.09998,45.48789],[9.10295,45.48939],[9.10623,45.49016]]]]}},{"type":"Feature","properties":{"nil":"PORTELLO","zona":null},"geometry":{"type":"MultiPolygon","coordinates":[[[[9.15636,45.48785],[9.15191,45.48989],[9.14917,45.48854],[9.14534,45.48518],[9.14765,45.48342],[9.14917,45.48232],[9.15103,45.48093],[9.15868,45.48036],[9.16089,45.48071],[9.16349,45.48243],[9.16074,45.48462],[9.15724,45.48721],[9.15636,45.48785]]]]}},{"type":"Feature","properties":{"nil":"BOVISASCA","zona":"bovisa"},"geometry":{"type":"MultiPolygon","coordinates":[[[[9.16803,45.52234],[9.16628,45.52402],[9.15977,45.52278],[9.15152,45.5212],[9.15121,45.52116],[9.15151,45.52027],[9.15348,45.51907],[9.15366,45.51888],[9.15381,45.5187],[9.15377,45.51857],[9.15351,45.51851],[9.15336,45.51848],[9.15304,45.51841],[9.15202,45.51819],[9.15149,45.51807],[9.15143,45.51819],[9.15062,45.51851],[9.14962,45.51879],[9.14864,45.51865],[9.1483,45.5186],[9.14819,45.51889],[9.14805,45.51923],[9.14796,45.51946],[9.14785,45.51973],[9.1478,45.51988],[9.14767,45.52019],[9.14813,45.52027],[9.14829,45.5203],[9.14812,45.52077],[9.14837,45.52083],[9.1488,45.52087],[9.14851,45.52187],[9.14822,45.52183],[9.14765,45.52175],[9.14737,45.52171],[9.14678,45.52162],[9.14587,45.52149],[9.1455,45.52165],[9.14534,45.52226],[9.14459,45.52273],[9.14402,45.52267],[9.14394,45.52261],[9.14394,45.52254],[9.14398,45.52221],[9.14407,45.52181],[9.14394,45.52157],[9.14364,45.52152],[9.14319,45.52181],[9.14462,45.51999],[9.14836,45.51569],[9.14985,45.51393],[9.15254,45.51099],[9.15545,45.51006],[9.1592,45.51091],[9.1606,45.51255],[9.1648,45.51739],[9.16617,45.519],[9.16803,45.52234]]]]}},{"type":"Feature","properties":{"nil":"PARCO NORD","zona":null},"geometry":{"type":"MultiPolygon","coordinates":[[[[9.2004,45.52848],[9.19916,45.52828],[9.19929,45.5281],[9.19889,45.52799],[9.19901,45.52776],[9.19899,45.5275],[9.1979,45.52729],[9.19756,45.52778],[9.1975,45.52797],[9.19736,45.52798],[9.19711,45.52798],[9.19709,45.52804],[9.19701,45.5283],[9.19675,45.52899],[9.19657,45.52948],[9.19581,45.52939],[9.19547,45.52935],[9.1956,45.52865],[9.19604,45.52778],[9.19607,45.52768],[9.19581,45.52766],[9.19531,45.5276],[9.19462,45.5275],[9.1943,45.52744],[9.19413,45.52742],[9.19361,45.52735],[9.19274,45.52723],[9.19261,45.52726],[9.19263,45.52751],[9.19258,45.528],[9.19182,45.52795],[9.19136,45.5279],[9.19117,45.52785],[9.1905,45.52778],[9.1905,45.52768],[9.19041,45.52765],[9.19039,45.5273],[9.19038,45.52722],[9.18955,45.52714],[9.18907,45.52709],[9.18896,45.52711],[9.18892,45.52716],[9.18888,45.52721],[9.18885,45.52725],[9.1888,45.5273],[9.18875,45.52735],[9.18871,45.52739],[9.18866,45.52743],[9.18861,45.52748],[9.18857,45.52752],[9.18854,45.52757],[9.18848,45.52762],[9.18843,45.52765],[9.18838,45.5277],[9.18833,45.52775],[9.18828,45.5278],[9.18824,45.52784],[9.1882,45.52789],[9.18816,45.52794],[9.18811,45.52798],[9.18803,45.52805],[9.18791,45.52816],[9.18786,45.5282],[9.18781,45.52825],[9.18776,45.52829],[9.18772,45.52834],[9.18768,45.52838],[9.18763,45.52844],[9.18759,45.52849],[9.18755,45.52854],[9.18751,45.52858],[9.18748,45.52863],[9.18743,45.52868],[9.18739,45.52873],[9.18735,45.52878],[9.18731,45.52882],[9.18726,45.52887],[9.18721,45.52892],[9.18716,45.52897],[9.18712,45.52901],[9.18686,45.52933],[9.18665,45.52957],[9.1867,45.52963],[9.18661,45.52985],[9.18658,45.53005],[9.18666,45.53007],[9.18658,45.53074],[9.18598,45.53069],[9.18541,45.53063],[9.18493,45.53058],[9.18473,45.53122],[9.18473,45.53147],[9.18472,45.53152],[9.18472,45.53157],[9.18471,45.53163],[9.18471,45.5317],[9.18471,45.53176],[9.18471,45.53181],[9.18471,45.53186],[9.1847,45.53192],[9.18468,45.53198],[9.18468,45.53204],[9.18467,45.53209],[9.18466,45.53215],[9.18465,45.5322],[9.18465,45.53226],[9.18465,45.53231],[9.18464,45.53238],[9.18464,45.53244],[9.18463,45.53249],[9.18462,45.53255],[9.1846,45.53261],[9.18459,45.53267],[9.18456,45.53272],[9.18452,45.53277],[9.18449,45.53282],[9.18445,45.53287],[9.18443,45.53292],[9.1844,45.53297],[9.18436,45.53302],[9.18433,45.53307],[9.1843,45.53316],[9.18429,45.53321],[9.18429,45.53327],[9.18429,45.53333],[9.18423,45.53336],[9.18338,45.5332],[9.18299,45.53432],[9.1819,45.53428],[9.18162,45.53431],[9.18077,45.53419],[9.18024,45.53428],[9.17991,45.5351],[9.17913,45.53499],[9.17898,45.53524],[9.17813,45.53481],[9.17807,45.53439],[9.17894,45.53024],[9.17842,45.52865],[9.18087,45.52774],[9.18109,45.52512],[9.17939,45.52456],[9.18023,45.52272],[9.17825,45.52133],[9.17767,45.51899],[9.17868,45.51648],[9.1809,45.50894],[9.18204,45.50732],[9.18471,45.50739],[9.18251,45.51241],[9.18466,45.51335],[9.18369,45.51464],[9.18273,45.51636],[9.18489,45.51715],[9.18535,45.51892],[9.18482,45.52066],[9.18722,45.5233],[9.18911,45.5239],[9.1925,45.52631],[9.19708,45.52632],[9.20021,45.52547],[9.20166,45.52559],[9.2004,45.52848]]]]}},{"type":"Feature","properties":{"nil":"FIGINO","zona":null},"geometry":{"type":"MultiPolygon","coordinates":[[[[9.08375,45.48485],[9.08337,45.49042],[9.08059,45.49456],[9.07704,45.49521],[9.07541,45.49601],[9.07452,45.49696],[9.06946,45.49792],[9.06662,45.49327],[9.06696,45.48855],[9.06787,45.48678],[9.06975,45.48574],[9.0735,45.48711],[9.07603,45.48772],[9.0828,45.48521],[9.08375,45.48485]]]]}},{"type":"Feature","properties":{"nil":"LORETO - CASORETTO - NOLO","zona":"loreto"},"geometry":{"type":"MultiPolygon","coordinates":[[[[9.23044,45.4925],[9.22695,45.49573],[9.22509,45.4966],[9.22248,45.49752],[9.21944,45.49901],[9.21898,45.49752],[9.21763,45.4968],[9.21585,45.49579],[9.21324,45.49314],[9.21143,45.49135],[9.20991,45.48918],[9.21242,45.4879],[9.2149,45.48664],[9.21669,45.48612],[9.21784,45.48601],[9.22114,45.48602],[9.22356,45.48603],[9.22644,45.48605],[9.22793,45.48605],[9.23145,45.48609],[9.23348,45.48612],[9.23631,45.48613],[9.23351,45.48902],[9.23254,45.49016],[9.2309,45.49197],[9.23044,45.4925]]]]}},{"type":"Feature","properties":{"nil":"QUARTO OGGIARO - VIALBA - MUSOCCO","zona":"quarto-oggiaro"},"geometry":{"type":"MultiPolygon","coordinates":[[[[9.13481,45.52095],[9.13452,45.52209],[9.13443,45.52236],[9.13441,45.52241],[9.13426,45.52244],[9.1302,45.5205],[9.12453,45.51741],[9.12163,45.51589],[9.12248,45.51481],[9.12591,45.51242],[9.12933,45.50998],[9.13009,45.5082],[9.13728,45.5062],[9.14242,45.50558],[9.14499,45.5061],[9.1489,45.50843],[9.15144,45.50976],[9.15254,45.51099],[9.14985,45.51393],[9.14836,45.51569],[9.14462,45.51999],[9.14289,45.52206],[9.14255,45.52203],[9.14152,45.52126],[9.14149,45.52055],[9.14034,45.5204],[9.13966,45.52032],[9.13875,45.5202],[9.1384,45.52016],[9.13798,45.52011],[9.13744,45.52004],[9.13682,45.52078],[9.13676,45.52111],[9.13589,45.52104],[9.13481,45.52095]]]]}},{"type":"Feature","properties":{"nil":"ISOLA","zona":"isola"},"geometry":{"type":"MultiPolygon","coordinates":[[[[9.20116,45.48963],[9.19733,45.49138],[9.19284,45.4926],[9.19283,45.49601],[9.18963,45.49688],[9.1866,45.49752],[9.18372,45.49637],[9.18264,45.49385],[9.18196,45.49232],[9.18113,45.49041],[9.1824,45.48795],[9.18516,45.48665],[9.18829,45.48557],[9.18856,45.48526],[9.18991,45.48461],[9.19244,45.48484],[9.19395,45.48597],[9.19552,45.48779],[9.19807,45.48701],[9.20116,45.48963]]]]}},{"type":"Feature","properties":{"nil":"QUARTO CAGNINO","zona":null},"geometry":{"type":"MultiPolygon","coordinates":[[[[9.11143,45.4764],[9.10696,45.47788],[9.10214,45.47829],[9.10112,45.47414],[9.10009,45.47182],[9.10249,45.47115],[9.10377,45.47091],[9.10554,45.4711],[9.10768,45.46923],[9.11173,45.46998],[9.11622,45.47098],[9.11895,45.47289],[9.11502,45.47523],[9.11143,45.4764]]]]}},{"type":"Feature","properties":{"nil":"STADIO - IPPODROMI","zona":null},"geometry":{"type":"MultiPolygon","coordinates":[[[[9.1302,45.48464],[9.12461,45.486],[9.11858,45.48665],[9.11754,45.4883],[9.11486,45.48974],[9.11239,45.49071],[9.10908,45.49027],[9.10963,45.48432],[9.11291,45.47591],[9.11676,45.47419],[9.12083,45.47182],[9.12273,45.47074],[9.1249,45.46965],[9.12727,45.46894],[9.12842,45.46967],[9.1297,45.47052],[9.13168,45.47178],[9.13423,45.47346],[9.13709,45.47537],[9.1377,45.47597],[9.14068,45.47767],[9.14229,45.47951],[9.14043,45.48143],[9.13946,45.48234],[9.1375,45.48283],[9.13553,45.48331],[9.13372,45.48376],[9.13261,45.48403],[9.13112,45.4844],[9.1302,45.48464]]]]}},{"type":"Feature","properties":{"nil":"QUINTO ROMANO","zona":null},"geometry":{"type":"MultiPolygon","coordinates":[[[[9.08375,45.48485],[9.08029,45.48489],[9.07698,45.48492],[9.07267,45.48142],[9.07835,45.47812],[9.08059,45.47845],[9.08296,45.47491],[9.08695,45.47473],[9.08869,45.47397],[9.09089,45.47216],[9.09043,45.47328],[9.09421,45.4737],[9.09354,45.47589],[9.09898,45.47691],[9.10291,45.47943],[9.09739,45.48118],[9.09295,45.48223],[9.08444,45.48459],[9.08375,45.48485]]]]}},{"type":"Feature","properties":{"nil":"DUOMO","zona":"centro"},"geometry":{"type":"MultiPolygon","coordinates":[[[[9.19482,45.47201],[9.19275,45.47004],[9.19165,45.46906],[9.19001,45.46744],[9.18901,45.46659],[9.18809,45.46561],[9.18618,45.46521],[9.18471,45.46634],[9.18294,45.46799],[9.18212,45.46833],[9.18171,45.46953],[9.18177,45.47049],[9.18021,45.47203],[9.17538,45.46981],[9.17724,45.46844],[9.17675,45.46769],[9.1757,45.46599],[9.17504,45.46488],[9.17383,45.46269],[9.17326,45.46167],[9.17513,45.46035],[9.17816,45.4591],[9.17785,45.45878],[9.18067,45.45746],[9.18221,45.45705],[9.1843,45.45655],[9.18792,45.45614],[9.19116,45.45724],[9.19402,45.4582],[9.19658,45.46089],[9.19881,45.46322],[9.20036,45.46543],[9.20053,45.46673],[9.20021,45.46758],[9.19925,45.46878],[9.19815,45.46983],[9.19513,45.47229],[9.19482,45.47201]]]]}},{"type":"Feature","properties":{"nil":"GUASTALLA","zona":"porta-romana"},"geometry":{"type":"MultiPolygon","coordinates":[[[[9.207,45.46787],[9.20673,45.47046],[9.20658,45.47194],[9.20621,45.47408],[9.20428,45.47372],[9.20245,45.47189],[9.19896,45.47306],[9.19513,45.47229],[9.19815,45.46983],[9.19925,45.46878],[9.20021,45.46758],[9.20053,45.46673],[9.20036,45.46543],[9.19881,45.46322],[9.19658,45.46089],[9.19402,45.4582],[9.19539,45.45634],[9.19807,45.45468],[9.20023,45.45336],[9.20186,45.45238],[9.20292,45.45264],[9.2039,45.45455],[9.20568,45.45779],[9.20696,45.45951],[9.20769,45.46084],[9.20739,45.46434],[9.20722,45.46632],[9.207,45.46787]]]]}},{"type":"Feature","properties":{"nil":"SAN SIRO","zona":"san-siro"},"geometry":{"type":"MultiPolygon","coordinates":[[[[9.14606,45.46695],[9.14553,45.46861],[9.14519,45.46965],[9.14477,45.47103],[9.14412,45.47319],[9.14333,45.47543],[9.14287,45.47716],[9.14179,45.47839],[9.13861,45.47596],[9.13735,45.47527],[9.13501,45.47397],[9.13244,45.47227],[9.13027,45.47087],[9.12917,45.47013],[9.12753,45.46912],[9.12985,45.46818],[9.13444,45.46763],[9.13817,45.46737],[9.14042,45.46737],[9.14321,45.46721],[9.145,45.46705],[9.14606,45.46695]]]]}},{"type":"Feature","properties":{"nil":"COMASINA","zona":null},"geometry":{"type":"MultiPolygon","coordinates":[[[[9.16951,45.52514],[9.1669,45.52709],[9.16379,45.52764],[9.16274,45.52983],[9.16117,45.53377],[9.16082,45.53373],[9.1585,45.53317],[9.15841,45.53266],[9.15781,45.53249],[9.15749,45.53225],[9.15678,45.531],[9.15698,45.53017],[9.15677,45.52945],[9.15682,45.52898],[9.15565,45.52881],[9.15598,45.52772],[9.15618,45.52707],[9.15638,45.52641],[9.15583,45.52634],[9.15502,45.52599],[9.15392,45.52559],[9.15359,45.52563],[9.15356,45.52574],[9.15278,45.52573],[9.15254,45.5257],[9.15235,45.5254],[9.15155,45.52425],[9.15182,45.5233],[9.15142,45.52308],[9.15104,45.52294],[9.1511,45.5227],[9.15123,45.52223],[9.15134,45.5219],[9.15141,45.52161],[9.15148,45.52136],[9.1515,45.52129],[9.1537,45.52165],[9.16152,45.5231],[9.16698,45.52334],[9.16887,45.52397],[9.16951,45.52514]]]]}},{"type":"Feature","properties":{"nil":"TIBALDI","zona":null},"geometry":{"type":"MultiPolygon","coordinates":[[[[9.18775,45.43732],[9.18776,45.44015],[9.18773,45.44474],[9.18535,45.44409],[9.18287,45.44332],[9.17892,45.44273],[9.17387,45.44296],[9.17252,45.44072],[9.17195,45.43893],[9.17357,45.4376],[9.17735,45.43755],[9.17865,45.43741],[9.18165,45.43738],[9.18554,45.43733],[9.18775,45.43732]]]]}},{"type":"Feature","properties":{"nil":"GRECO - SEGNANO","zona":"greco"},"geometry":{"type":"MultiPolygon","coordinates":[[[[9.2122,45.50971],[9.2099,45.509],[9.20837,45.51039],[9.20582,45.51053],[9.20292,45.51039],[9.20224,45.5092],[9.20121,45.50742],[9.20062,45.50636],[9.19893,45.50335],[9.20239,45.50281],[9.20475,45.50244],[9.20434,45.49934],[9.20292,45.49749],[9.20436,45.49634],[9.20714,45.49543],[9.20935,45.49498],[9.21171,45.49512],[9.21461,45.49798],[9.2156,45.49943],[9.21683,45.50024],[9.21851,45.49979],[9.21765,45.5005],[9.21686,45.50154],[9.21761,45.50393],[9.21922,45.5065],[9.21728,45.50998],[9.21603,45.51096],[9.21498,45.50631],[9.21294,45.50762],[9.2122,45.50971]]]]}},{"type":"Feature","properties":{"nil":"DE ANGELI - MONTE ROSA","zona":"washington"},"geometry":{"type":"MultiPolygon","coordinates":[[[[9.15164,45.48045],[9.14977,45.48191],[9.14799,45.48318],[9.14637,45.48441],[9.14447,45.48546],[9.14338,45.4842],[9.14249,45.48335],[9.14305,45.48139],[9.14287,45.47774],[9.1432,45.4759],[9.14387,45.47386],[9.14456,45.4717],[9.1451,45.46997],[9.14549,45.46875],[9.14573,45.46798],[9.14791,45.46678],[9.15005,45.46685],[9.15283,45.46706],[9.15526,45.46803],[9.15556,45.47356],[9.15162,45.47366],[9.15114,45.47435],[9.15142,45.4758],[9.15161,45.47983],[9.15164,45.48045]]]]}},{"type":"Feature","properties":{"nil":"FARINI","zona":null},"geometry":{"type":"MultiPolygon","coordinates":[[[[9.17234,45.49665],[9.17053,45.49655],[9.16746,45.49791],[9.16618,45.49846],[9.16478,45.49842],[9.16352,45.49623],[9.16636,45.49422],[9.16968,45.49174],[9.17181,45.49086],[9.17597,45.49026],[9.17913,45.48914],[9.18245,45.48834],[9.18121,45.49061],[9.18233,45.49315],[9.18274,45.49409],[9.18415,45.49737],[9.18022,45.49713],[9.17735,45.49695],[9.17328,45.4967],[9.17234,45.49665]]]]}},{"type":"Feature","properties":{"nil":"BRUZZANO","zona":null},"geometry":{"type":"MultiPolygon","coordinates":[[[[9.17808,45.53479],[9.17765,45.53546],[9.17717,45.53546],[9.17679,45.53544],[9.17573,45.53537],[9.17462,45.53593],[9.17403,45.53591],[9.17294,45.53495],[9.17233,45.53493],[9.1716,45.53513],[9.17088,45.53508],[9.17019,45.53542],[9.16919,45.53534],[9.16875,45.5355],[9.16871,45.53571],[9.16864,45.53581],[9.16799,45.53573],[9.16782,45.5357],[9.16728,45.53564],[9.1672,45.53563],[9.1671,45.53594],[9.1661,45.53584],[9.16557,45.53579],[9.1656,45.5353],[9.16513,45.53524],[9.16491,45.53522],[9.1643,45.53499],[9.16259,45.5348],[9.16102,45.53463],[9.1609,45.53462],[9.16108,45.53406],[9.16122,45.53378],[9.16333,45.52863],[9.1642,45.52778],[9.16771,45.52649],[9.17071,45.52421],[9.17267,45.52272],[9.17567,45.52067],[9.17767,45.51899],[9.17825,45.52133],[9.18023,45.52272],[9.17939,45.52456],[9.18109,45.52512],[9.18087,45.52774],[9.17842,45.52865],[9.17894,45.53024],[9.17807,45.53439],[9.17808,45.53479]]]]}},{"type":"Feature","properties":{"nil":"QT 8","zona":null},"geometry":{"type":"MultiPolygon","coordinates":[[[[9.14479,45.48565],[9.14152,45.48813],[9.13829,45.49061],[9.13675,45.49202],[9.13452,45.49326],[9.13093,45.49486],[9.12999,45.49274],[9.1302,45.48662],[9.1302,45.48464],[9.13149,45.48431],[9.133,45.48394],[9.13409,45.48367],[9.13626,45.48314],[9.13829,45.48263],[9.1399,45.48204],[9.14057,45.48106],[9.14291,45.47911],[9.14312,45.48246],[9.14317,45.4833],[9.14368,45.48474],[9.14479,45.48565]]]]}},{"type":"Feature","properties":{"nil":"STEPHENSON","zona":null},"geometry":{"type":"MultiPolygon","coordinates":[[[[9.13009,45.5082],[9.12933,45.50998],[9.12591,45.51242],[9.12248,45.51481],[9.11886,45.51555],[9.11304,45.51372],[9.11472,45.5126],[9.11708,45.51204],[9.11888,45.511],[9.12712,45.50848],[9.13009,45.5082]]]]}},{"type":"Feature","properties":{"nil":"CANTALUPA","zona":null},"geometry":{"type":"MultiPolygon","coordinates":[[[[9.16112,45.42589],[9.15987,45.42648],[9.15984,45.42722],[9.15868,45.42665],[9.15709,45.42341],[9.1563,45.4247],[9.15342,45.4252],[9.15015,45.42396],[9.14781,45.42089],[9.15039,45.41938],[9.15209,45.41845],[9.1533,45.41696],[9.15445,45.41758],[9.15757,45.41749],[9.15905,45.41836],[9.1598,45.41966],[9.16532,45.42197],[9.16582,45.42331],[9.16346,45.42518],[9.16112,45.42589]]]]}},{"type":"Feature","properties":{"nil":"QUINTOSOLE","zona":null},"geometry":{"type":"MultiPolygon","coordinates":[[[[9.21047,45.39699],[9.20602,45.39965],[9.20598,45.40044],[9.20547,45.40143],[9.2056,45.40262],[9.20882,45.40345],[9.20783,45.40738],[9.20464,45.41306],[9.20033,45.40971],[9.20044,45.40563],[9.20152,45.40221],[9.19874,45.40057],[9.19993,45.39982],[9.2044,45.40047],[9.20387,45.39881],[9.20341,45.39755],[9.20337,45.39692],[9.20336,45.39662],[9.20338,45.39641],[9.20346,45.39613],[9.20376,45.39598],[9.20388,45.39583],[9.20397,45.39541],[9.20421,45.39497],[9.20457,45.39428],[9.20489,45.39369],[9.20499,45.39353],[9.20507,45.39336],[9.20516,45.39322],[9.20548,45.39328],[9.20569,45.39333],[9.20588,45.39332],[9.20593,45.39324],[9.20598,45.39317],[9.20603,45.39311],[9.2061,45.3931],[9.2062,45.39315],[9.20634,45.39318],[9.20647,45.39316],[9.20659,45.39311],[9.2067,45.39308],[9.20681,45.39306],[9.20691,45.39301],[9.20702,45.39294],[9.20713,45.39286],[9.20724,45.3928],[9.20733,45.39275],[9.20742,45.39269],[9.20749,45.39266],[9.2079,45.39274],[9.2087,45.39293],[9.20902,45.39301],[9.20909,45.39305],[9.20916,45.39307],[9.20911,45.39324],[9.20909,45.39333],[9.20908,45.39336],[9.20908,45.39338],[9.20908,45.39341],[9.20907,45.39344],[9.20907,45.39346],[9.20907,45.39349],[9.20906,45.39352],[9.20905,45.39355],[9.20904,45.39357],[9.20903,45.3936],[9.20902,45.39362],[9.20901,45.39365],[9.209,45.39367],[9.209,45.3937],[9.20899,45.39373],[9.20898,45.39375],[9.20897,45.39378],[9.20896,45.39381],[9.20896,45.39383],[9.20895,45.39386],[9.20895,45.39389],[9.20894,45.39391],[9.20894,45.39394],[9.20893,45.39397],[9.20892,45.39399],[9.20892,45.39402],[9.20891,45.39405],[9.20885,45.39428],[9.20881,45.39531],[9.20906,45.3962],[9.20962,45.39688],[9.20997,45.39693],[9.21039,45.39698],[9.21047,45.39699]]]]}},{"type":"Feature","properties":{"nil":"PARCO SEMPIONE","zona":"sempione"},"geometry":{"type":"MultiPolygon","coordinates":[[[[9.17958,45.47255],[9.18181,45.47389],[9.18143,45.47632],[9.18088,45.47752],[9.1771,45.47662],[9.17319,45.47616],[9.17223,45.47637],[9.1715,45.47595],[9.17161,45.47516],[9.17116,45.47305],[9.17247,45.47197],[9.17417,45.47098],[9.17636,45.47043],[9.17958,45.47255]]]]}},{"type":"Feature","properties":{"nil":"BARONA","zona":"barona"},"geometry":{"type":"MultiPolygon","coordinates":[[[[9.16112,45.42589],[9.16352,45.4294],[9.16625,45.43158],[9.1694,45.43439],[9.16632,45.43751],[9.16176,45.43733],[9.15966,45.43727],[9.15718,45.43717],[9.15512,45.4371],[9.15357,45.43706],[9.15063,45.43698],[9.14852,45.43689],[9.14562,45.43565],[9.1425,45.43349],[9.14169,45.43259],[9.14071,45.43099],[9.14731,45.42971],[9.14986,45.4291],[9.15061,45.42851],[9.1528,45.42592],[9.15426,45.42533],[9.15638,45.42378],[9.15861,45.42639],[9.15889,45.42776],[9.15971,45.42676],[9.16056,45.42605],[9.16112,45.42589]]]]}},{"type":"Feature","properties":{"nil":"VILLAPIZZONE - CAGNOLA - BOLDINASCO","zona":null},"geometry":{"type":"MultiPolygon","coordinates":[[[[9.16204,45.4969],[9.15841,45.49857],[9.15274,45.50115],[9.15026,45.5023],[9.14784,45.50432],[9.14746,45.5065],[9.1489,45.50843],[9.14499,45.5061],[9.14242,45.50558],[9.13728,45.5062],[9.13038,45.50686],[9.13067,45.50471],[9.13042,45.4997],[9.13019,45.4952],[9.13409,45.49347],[9.13556,45.49279],[9.13774,45.49119],[9.1404,45.48886],[9.14432,45.48602],[9.14917,45.48854],[9.15255,45.49075],[9.1552,45.49248],[9.15716,45.49374],[9.16012,45.4957],[9.16204,45.4969]]]]}},{"type":"Feature","properties":{"nil":"PARCO BOSCO IN CITTA'","zona":null},"geometry":{"type":"MultiPolygon","coordinates":[[[[9.07309,45.50604],[9.07272,45.50608],[9.07217,45.50599],[9.07175,45.5059],[9.0713,45.5058],[9.07081,45.50579],[9.07067,45.50583],[9.07049,45.50582],[9.06995,45.50575],[9.06942,45.50564],[9.06905,45.50555],[9.06875,45.50537],[9.06853,45.50523],[9.06833,45.50515],[9.06819,45.50511],[9.06744,45.50495],[9.0673,45.50493],[9.06659,45.50506],[9.06546,45.50494],[9.06501,45.50437],[9.06564,45.50367],[9.06476,45.50334],[9.06342,45.50285],[9.06183,45.50242],[9.06141,45.50299],[9.06117,45.50331],[9.0609,45.50368],[9.06058,45.50412],[9.06031,45.50449],[9.06023,45.50458],[9.06002,45.50448],[9.05992,45.50441],[9.05987,45.50439],[9.05982,45.50432],[9.05976,45.50433],[9.0596,45.50447],[9.05924,45.5043],[9.05892,45.50446],[9.0584,45.50447],[9.05794,45.50472],[9.05733,45.5051],[9.05712,45.50509],[9.05702,45.50503],[9.05691,45.50513],[9.05679,45.50528],[9.05672,45.5054],[9.05649,45.50541],[9.05615,45.50536],[9.05568,45.50528],[9.05514,45.50518],[9.0547,45.50507],[9.05432,45.50497],[9.05403,45.5049],[9.05389,45.50484],[9.054,45.50385],[9.05372,45.50375],[9.05401,45.50324],[9.05447,45.50242],[9.05459,45.5022],[9.05502,45.50147],[9.05515,45.50121],[9.05531,45.50089],[9.05549,45.5005],[9.05594,45.49955],[9.05617,45.49895],[9.0565,45.49796],[9.05656,45.49776],[9.05675,45.49773],[9.05818,45.49774],[9.05817,45.49762],[9.05825,45.49734],[9.05832,45.49713],[9.05836,45.49701],[9.05841,45.49694],[9.0584,45.4969],[9.05843,45.49681],[9.05849,45.49663],[9.05864,45.49624],[9.05874,45.49573],[9.05899,45.49514],[9.05934,45.49471],[9.05954,45.49456],[9.0598,45.49438],[9.05994,45.49428],[9.06007,45.49427],[9.06024,45.49434],[9.06051,45.49445],[9.06081,45.49456],[9.06116,45.4947],[9.06144,45.4948],[9.06168,45.49465],[9.06196,45.49445],[9.06242,45.49401],[9.06274,45.49363],[9.06292,45.49344],[9.06311,45.49328],[9.06328,45.49314],[9.06348,45.493],[9.06359,45.49288],[9.06374,45.49258],[9.06388,45.49208],[9.0637,45.49194],[9.06332,45.49193],[9.06311,45.49192],[9.06263,45.49189],[9.06238,45.49197],[9.06215,45.49215],[9.06206,45.4921],[9.06188,45.49196],[9.06171,45.49185],[9.06145,45.49174],[9.06113,45.49163],[9.06103,45.49159],[9.06094,45.49156],[9.06114,45.4913],[9.06134,45.491],[9.06138,45.49059],[9.06144,45.4903],[9.06148,45.48978],[9.06146,45.48945],[9.06149,45.48909],[9.06148,45.48904],[9.06162,45.48901],[9.06185,45.48896],[9.0627,45.48878],[9.06363,45.48857],[9.06404,45.48848],[9.06416,45.48846],[9.06419,45.48854],[9.06412,45.48861],[9.06397,45.48875],[9.06372,45.48897],[9.06352,45.4891],[9.0631,45.48928],[9.06292,45.48951],[9.06284,45.48977],[9.06286,45.48999],[9.06282,45.49011],[9.0627,45.49033],[9.06284,45.49042],[9.06344,45.4904],[9.06504,45.49017],[9.06502,45.48994],[9.06497,45.48906],[9.06494,45.48861],[9.06494,45.48853],[9.06494,45.48848],[9.06583,45.48852],[9.06643,45.48855],[9.06674,45.48856],[9.06678,45.48834],[9.06681,45.48819],[9.06691,45.48797],[9.06702,45.48762],[9.06711,45.4874],[9.06726,45.48697],[9.06734,45.48675],[9.06721,45.48668],[9.06692,45.48652],[9.06661,45.48639],[9.06643,45.48635],[9.06627,45.48633],[9.06599,45.48547],[9.06611,45.48491],[9.066,45.4845],[9.06597,45.48395],[9.06583,45.48354],[9.06568,45.48338],[9.06569,45.4833],[9.06569,45.48322],[9.06567,45.48313],[9.0658,45.483],[9.06597,45.48287],[9.06602,45.48282],[9.06637,45.48259],[9.06665,45.48244],[9.06683,45.48236],[9.06767,45.4819],[9.06874,45.48132],[9.06936,45.48095],[9.06987,45.48063],[9.07014,45.48051],[9.07046,45.48024],[9.07072,45.48002],[9.07091,45.4798],[9.07134,45.47941],[9.07152,45.47923],[9.07162,45.47913],[9.07166,45.47909],[9.0717,45.47907],[9.07173,45.47905],[9.07175,45.47903],[9.07178,45.47901],[9.07182,45.47897],[9.07185,45.47894],[9.07188,45.47891],[9.0719,45.47888],[9.07193,45.47884],[9.07195,45.4788],[9.07199,45.47876],[9.07203,45.47873],[9.07208,45.47871],[9.07214,45.47867],[9.0722,45.47864],[9.07225,45.47861],[9.07231,45.47859],[9.07235,45.47857],[9.07239,45.47854],[9.07244,45.47851],[9.0725,45.47847],[9.07259,45.47838],[9.07265,45.47835],[9.0727,45.47832],[9.07275,45.47831],[9.07288,45.47831],[9.07291,45.47831],[9.07295,45.47831],[9.07301,45.47829],[9.07307,45.47828],[9.07312,45.47826],[9.07317,45.47824],[9.0732,45.47822],[9.07322,45.47819],[9.07324,45.47815],[9.07326,45.4781],[9.07328,45.47807],[9.07329,45.47804],[9.07333,45.47798],[9.07337,45.47795],[9.07342,45.47793],[9.07346,45.47792],[9.07355,45.4779],[9.07362,45.47786],[9.07369,45.47784],[9.07375,45.47784],[9.07382,45.47785],[9.07387,45.47786],[9.07392,45.47782],[9.07397,45.47777],[9.07407,45.47775],[9.07413,45.47774],[9.07418,45.47769],[9.07423,45.4776],[9.0743,45.47757],[9.07438,45.47756],[9.07448,45.47755],[9.07457,45.47757],[9.07464,45.4775],[9.07473,45.47748],[9.07479,45.47745],[9.07482,45.47748],[9.07484,45.47755],[9.07488,45.4776],[9.07493,45.47762],[9.07508,45.47754],[9.07523,45.47748],[9.07525,45.47743],[9.07513,45.47732],[9.07509,45.47718],[9.07491,45.4769],[9.07508,45.47686],[9.07521,45.47684],[9.0752,45.47672],[9.07536,45.47671],[9.07545,45.47667],[9.07549,45.4766],[9.0754,45.47651],[9.07532,45.47633],[9.07535,45.47611],[9.07553,45.47604],[9.07557,45.47597],[9.07557,45.47584],[9.07568,45.47573],[9.07573,45.47563],[9.07586,45.4754],[9.07571,45.47523],[9.07559,45.47513],[9.07555,45.475],[9.07528,45.47393],[9.0766,45.47297],[9.07768,45.47219],[9.07777,45.47208],[9.07763,45.47199],[9.07712,45.47207],[9.07702,45.47207],[9.07695,45.47207],[9.07692,45.47207],[9.07685,45.47207],[9.0768,45.47206],[9.07678,45.47206],[9.07675,45.47206],[9.0767,45.47205],[9.07667,45.47204],[9.07663,45.47203],[9.0766,45.47202],[9.07658,45.47201],[9.07651,45.47197],[9.07649,45.47196],[9.07646,45.47194],[9.07644,45.47193],[9.07639,45.4719],[9.07637,45.47189],[9.07631,45.47185],[9.07628,45.47183],[9.07624,45.47181],[9.07621,45.47178],[9.07619,45.47177],[9.07617,45.47176],[9.07608,45.47169],[9.07603,45.47165],[9.076,45.47163],[9.07597,45.4716],[9.07594,45.47157],[9.07592,45.47155],[9.07589,45.47154],[9.07586,45.47152],[9.07585,45.4715],[9.07583,45.47148],[9.07581,45.47146],[9.0758,45.47145],[9.07578,45.47143],[9.07573,45.47139],[9.07569,45.47136],[9.07555,45.47123],[9.07546,45.47116],[9.07543,45.47113],[9.07536,45.47105],[9.07534,45.47104],[9.07529,45.47099],[9.07527,45.47097],[9.07525,45.47095],[9.0752,45.47091],[9.07517,45.47088],[9.07515,45.47087],[9.07514,45.47085],[9.07511,45.47083],[9.07509,45.47081],[9.07508,45.4708],[9.07504,45.47076],[9.07503,45.47075],[9.07501,45.47072],[9.07498,45.47069],[9.07496,45.47067],[9.07494,45.47064],[9.07492,45.47062],[9.0749,45.47061],[9.07489,45.47059],[9.07488,45.47058],[9.07487,45.47057],[9.07485,45.47056],[9.07483,45.47055],[9.07481,45.47054],[9.07478,45.47053],[9.07475,45.47052],[9.07472,45.4705],[9.07467,45.47048],[9.07465,45.47047],[9.07462,45.47046],[9.07458,45.47045],[9.07455,45.47044],[9.0745,45.47042],[9.07447,45.47041],[9.07445,45.4704],[9.07443,45.4704],[9.07441,45.47039],[9.07436,45.47037],[9.07429,45.47035],[9.0742,45.47033],[9.07412,45.47033],[9.07402,45.47032],[9.07387,45.47032],[9.07375,45.47031],[9.07366,45.47031],[9.07353,45.47029],[9.07343,45.47028],[9.07335,45.47027],[9.07326,45.47027],[9.07318,45.47028],[9.07309,45.4703],[9.07293,45.47033],[9.07311,45.46985],[9.07342,45.46905],[9.0735,45.46876],[9.07385,45.46805],[9.07416,45.46744],[9.0738,45.46685],[9.074,45.46675],[9.07411,45.46661],[9.07433,45.46598],[9.07452,45.46543],[9.07472,45.46487],[9.07489,45.46453],[9.07545,45.4638],[9.07565,45.46366],[9.076,45.46359],[9.07625,45.46492],[9.07716,45.46591],[9.07921,45.46645],[9.08134,45.4669],[9.08201,45.46676],[9.0849,45.46757],[9.08342,45.46891],[9.08138,45.46984],[9.09215,45.47122],[9.09315,45.46938],[9.09593,45.46541],[9.09753,45.46286],[9.10139,45.46105],[9.10343,45.46178],[9.10608,45.46212],[9.10754,45.46149],[9.10882,45.46326],[9.10937,45.46576],[9.10748,45.46683],[9.10292,45.46918],[9.09846,45.47313],[9.10273,45.4742],[9.0978,45.47641],[9.09396,45.47541],[9.09294,45.47306],[9.09059,45.47283],[9.08982,45.47246],[9.08764,45.47379],[9.08387,45.47415],[9.08367,45.47634],[9.08052,45.47829],[9.07821,45.47885],[9.07507,45.48208],[9.07879,45.4852],[9.08026,45.48509],[9.0778,45.48714],[9.07387,45.48636],[9.07213,45.48592],[9.06854,45.48585],[9.06723,45.48785],[9.0665,45.49063],[9.06674,45.498],[9.07463,45.49781],[9.07499,45.4963],[9.07598,45.4949],[9.07981,45.49548],[9.08251,45.49158],[9.08364,45.48765],[9.08673,45.48376],[9.09429,45.4819],[9.09967,45.48048],[9.10629,45.47813],[9.10828,45.47743],[9.10881,45.4886],[9.10813,45.49186],[9.10623,45.49016],[9.10146,45.48847],[9.09959,45.49022],[9.09861,45.49253],[9.09739,45.49341],[9.09672,45.49637],[9.0945,45.49953],[9.09133,45.49887],[9.08971,45.4987],[9.08888,45.49835],[9.08805,45.498],[9.08782,45.4979],[9.08732,45.49795],[9.08709,45.49799],[9.08684,45.49782],[9.0864,45.49837],[9.08587,45.49879],[9.08403,45.49815],[9.08284,45.49762],[9.08257,45.49773],[9.08157,45.49782],[9.08144,45.49808],[9.08091,45.498],[9.08054,45.49772],[9.07896,45.49715],[9.07804,45.49774],[9.07746,45.49843],[9.07673,45.49801],[9.07586,45.49793],[9.07509,45.49794],[9.07461,45.49806],[9.07511,45.4986],[9.07503,45.49935],[9.07475,45.4999],[9.07432,45.50073],[9.07402,45.50131],[9.07298,45.50335],[9.07245,45.50439],[9.07202,45.50527],[9.07319,45.50549],[9.07336,45.50553],[9.07331,45.50579],[9.07328,45.50585],[9.07309,45.50604]]]]}},{"type":"Feature","properties":{"nil":"GORLA - PRECOTTO","zona":null},"geometry":{"type":"MultiPolygon","coordinates":[[[[9.23591,45.51747],[9.23583,45.51772],[9.23549,45.51764],[9.23508,45.51756],[9.2346,45.51745],[9.23442,45.51786],[9.23397,45.51898],[9.23369,45.51901],[9.23329,45.51982],[9.23338,45.51986],[9.23338,45.51991],[9.2331,45.52091],[9.23301,45.52126],[9.23268,45.52127],[9.23126,45.52123],[9.2312,45.52155],[9.23116,45.52177],[9.23113,45.52196],[9.23108,45.5222],[9.23104,45.52244],[9.231,45.52263],[9.23094,45.52296],[9.23089,45.5232],[9.22968,45.52307],[9.22933,45.52304],[9.22923,45.52303],[9.22918,45.52322],[9.22906,45.52321],[9.22847,45.52314],[9.22761,45.52303],[9.22738,45.523],[9.22715,45.52298],[9.22672,45.52293],[9.226,45.52291],[9.22597,45.52303],[9.22588,45.52338],[9.22584,45.52356],[9.22568,45.52359],[9.22551,45.5236],[9.22503,45.52349],[9.22488,45.52348],[9.22463,45.52345],[9.22438,45.52341],[9.22423,45.5234],[9.22402,45.52337],[9.22394,45.52347],[9.2239,45.52363],[9.22355,45.52358],[9.22343,45.52356],[9.22332,45.52359],[9.2232,45.52345],[9.22294,45.52351],[9.22277,45.52356],[9.22267,45.52359],[9.21914,45.51984],[9.21632,45.51603],[9.21483,45.51343],[9.21224,45.50922],[9.21323,45.50725],[9.21553,45.50655],[9.21647,45.51108],[9.21828,45.51029],[9.21852,45.50535],[9.21748,45.50272],[9.21733,45.50143],[9.21825,45.50262],[9.21946,45.50333],[9.22119,45.50363],[9.22396,45.50405],[9.22616,45.5037],[9.22785,45.50341],[9.22994,45.50379],[9.23212,45.50408],[9.23561,45.50464],[9.23789,45.50507],[9.23723,45.50633],[9.23643,45.50814],[9.23521,45.51096],[9.23351,45.51468],[9.23657,45.51574],[9.23591,45.51747]]]]}},{"type":"Feature","properties":{"nil":"NIGUARDA - CA' GRANDA - PRATO CENTENARO - Q.RE FULVIO TESTI","zona":"niguarda"},"geometry":{"type":"MultiPolygon","coordinates":[[[[9.21337,45.52948],[9.21332,45.53008],[9.2128,45.53004],[9.21264,45.53002],[9.21239,45.52999],[9.2121,45.52993],[9.21193,45.52982],[9.21196,45.52923],[9.21193,45.52903],[9.21185,45.52899],[9.21187,45.52887],[9.21194,45.52848],[9.21172,45.52832],[9.21158,45.52831],[9.21134,45.52829],[9.21072,45.52825],[9.2102,45.52821],[9.20803,45.52832],[9.20715,45.52798],[9.20588,45.52874],[9.20528,45.52927],[9.20453,45.52918],[9.20383,45.52909],[9.2032,45.52899],[9.20307,45.52903],[9.20201,45.52909],[9.20211,45.52877],[9.2015,45.52871],[9.20144,45.52891],[9.20068,45.52982],[9.20022,45.52926],[9.20045,45.52858],[9.20048,45.52849],[9.20222,45.52581],[9.20067,45.52544],[9.19774,45.52619],[9.19461,45.52634],[9.18863,45.52548],[9.1872,45.5235],[9.18393,45.52274],[9.18504,45.5193],[9.18543,45.51738],[9.18373,45.51657],[9.18327,45.51528],[9.18455,45.51379],[9.18416,45.5131],[9.1821,45.50803],[9.18724,45.50518],[9.19332,45.50424],[9.19641,45.50377],[9.19893,45.50335],[9.20062,45.50636],[9.20121,45.50742],[9.20224,45.5092],[9.20292,45.51039],[9.20506,45.51416],[9.20685,45.5174],[9.20859,45.52035],[9.21029,45.52341],[9.21375,45.5295],[9.21337,45.52948]]]]}},{"type":"Feature","properties":{"nil":"TRIULZO SUPERIORE","zona":null},"geometry":{"type":"MultiPolygon","coordinates":[[[[9.26378,45.43251],[9.25497,45.43465],[9.253,45.43234],[9.25099,45.43081],[9.24782,45.42885],[9.24617,45.42987],[9.24327,45.43124],[9.23981,45.43162],[9.24023,45.42963],[9.24023,45.42545],[9.24034,45.41952],[9.24047,45.41964],[9.2405,45.41966],[9.24053,45.41968],[9.24055,45.4197],[9.24058,45.41972],[9.2406,45.41974],[9.24063,45.41976],[9.24065,45.41978],[9.24068,45.4198],[9.24071,45.41982],[9.24073,45.41984],[9.24076,45.41987],[9.24078,45.41989],[9.24081,45.41991],[9.24083,45.41993],[9.24086,45.41995],[9.24088,45.41997],[9.24091,45.41999],[9.24093,45.42001],[9.24096,45.42003],[9.24098,45.42005],[9.24101,45.42007],[9.24103,45.42009],[9.24106,45.42011],[9.24109,45.42013],[9.24111,45.42015],[9.24114,45.42017],[9.24116,45.42019],[9.24119,45.42021],[9.24121,45.42023],[9.24124,45.42025],[9.24126,45.42027],[9.24129,45.42029],[9.24132,45.42031],[9.24134,45.42033],[9.24137,45.42035],[9.24139,45.42037],[9.24142,45.42039],[9.24144,45.42041],[9.24147,45.42043],[9.24149,45.42045],[9.24152,45.42047],[9.24155,45.42049],[9.24157,45.42051],[9.2416,45.42053],[9.24163,45.42055],[9.24165,45.42056],[9.24169,45.42059],[9.24177,45.42064],[9.24183,45.42067],[9.24185,45.4207],[9.24188,45.42072],[9.2419,45.42074],[9.24192,45.42076],[9.24195,45.42078],[9.24198,45.4208],[9.242,45.42082],[9.24203,45.42084],[9.24206,45.42086],[9.24208,45.42088],[9.24211,45.4209],[9.24214,45.42092],[9.24216,45.42094],[9.24219,45.42096],[9.24222,45.42098],[9.24224,45.421],[9.24227,45.42102],[9.2423,45.42103],[9.24232,45.42105],[9.24235,45.42107],[9.24238,45.42109],[9.24241,45.42111],[9.24244,45.42113],[9.24247,45.42114],[9.24267,45.42128],[9.24294,45.42142],[9.24297,45.42144],[9.243,45.42146],[9.24304,45.42147],[9.24307,45.42149],[9.2431,45.42151],[9.24313,45.42152],[9.24316,45.42154],[9.24319,45.42155],[9.24322,45.42157],[9.24325,45.42159],[9.24328,45.4216],[9.24331,45.42162],[9.24334,45.42164],[9.24337,45.42165],[9.2434,45.42167],[9.24343,45.42169],[9.24346,45.4217],[9.24349,45.42172],[9.24352,45.42174],[9.24355,45.42175],[9.24358,45.42177],[9.24361,45.42179],[9.24364,45.4218],[9.24368,45.42183],[9.24381,45.4219],[9.24401,45.42202],[9.24424,45.42212],[9.24453,45.42228],[9.24494,45.42251],[9.24537,45.42275],[9.24539,45.42284],[9.24552,45.42289],[9.24567,45.42301],[9.24573,45.42298],[9.24597,45.42307],[9.24626,45.42317],[9.24664,45.42328],[9.24695,45.42337],[9.2471,45.4234],[9.24729,45.42344],[9.24747,45.42352],[9.24761,45.42354],[9.24799,45.42355],[9.24839,45.42353],[9.24869,45.42344],[9.24909,45.42328],[9.24943,45.4231],[9.24988,45.42292],[9.25011,45.4228],[9.2503,45.42273],[9.2504,45.42268],[9.25085,45.4225],[9.25099,45.42256],[9.25106,45.42262],[9.25146,45.42277],[9.25169,45.42286],[9.25186,45.42291],[9.25224,45.42303],[9.25266,45.42315],[9.25295,45.42323],[9.25322,45.42331],[9.25359,45.42342],[9.25387,45.42351],[9.25395,45.42376],[9.25356,45.42409],[9.25294,45.42462],[9.25186,45.42554],[9.25199,45.42572],[9.25254,45.426],[9.25317,45.42628],[9.25358,45.42644],[9.25403,45.42692],[9.25482,45.42736],[9.25615,45.42814],[9.2567,45.42845],[9.25698,45.42858],[9.25792,45.42909],[9.25797,45.42911],[9.258,45.42913],[9.25803,45.42914],[9.25806,45.42916],[9.25809,45.42918],[9.25812,45.4292],[9.25815,45.42921],[9.25818,45.42923],[9.25821,45.42925],[9.25824,45.42927],[9.25827,45.42928],[9.2583,45.4293],[9.25833,45.42932],[9.25836,45.42934],[9.25839,45.42935],[9.25842,45.42937],[9.25845,45.42939],[9.25848,45.42941],[9.25851,45.42942],[9.25854,45.42945],[9.25867,45.42954],[9.25869,45.42956],[9.25871,45.42958],[9.25872,45.42961],[9.25874,45.42963],[9.25876,45.42966],[9.25878,45.42968],[9.2588,45.4297],[9.25881,45.42973],[9.25895,45.42991],[9.259,45.42997],[9.25903,45.42999],[9.25905,45.43001],[9.25908,45.43003],[9.2591,45.43005],[9.25913,45.43007],[9.25916,45.43009],[9.25918,45.43011],[9.25921,45.43013],[9.25924,45.43015],[9.25932,45.4302],[9.25935,45.43022],[9.25937,45.43024],[9.25941,45.43026],[9.25947,45.43029],[9.25955,45.43031],[9.25973,45.43033],[9.26009,45.43037],[9.26013,45.43038],[9.26016,45.43039],[9.2602,45.43041],[9.26024,45.43042],[9.26027,45.43044],[9.26079,45.43072],[9.2613,45.43099],[9.26153,45.43118],[9.26167,45.4313],[9.26177,45.43134],[9.26182,45.43134],[9.26195,45.43136],[9.26226,45.43151],[9.263,45.43194],[9.26314,45.43203],[9.26316,45.43204],[9.26338,45.43217],[9.26341,45.43219],[9.26343,45.4322],[9.26346,45.43222],[9.26348,45.43223],[9.26352,45.43225],[9.26369,45.43236],[9.26385,45.43248],[9.26378,45.43251]]]]}},{"type":"Feature","properties":{"nil":"PTA ROMANA","zona":null},"geometry":{"type":"MultiPolygon","coordinates":[[[[9.21439,45.45264],[9.21104,45.45398],[9.20967,45.45548],[9.20649,45.45585],[9.20495,45.45645],[9.20358,45.45394],[9.20265,45.45212],[9.20115,45.45196],[9.19862,45.45204],[9.19674,45.45122],[9.19691,45.45055],[9.19744,45.44863],[9.19803,45.4465],[9.20454,45.44616],[9.20732,45.44693],[9.21002,45.44739],[9.21153,45.44912],[9.2134,45.45144],[9.21439,45.45264]]]]}},{"type":"Feature","properties":{"nil":"TALIEDO - MORSENCHIO - Q.RE FORLANINI","zona":"forlanini"},"geometry":{"type":"MultiPolygon","coordinates":[[[[9.25129,45.46198],[9.24538,45.46201],[9.24244,45.46204],[9.23851,45.46205],[9.23747,45.4602],[9.23739,45.45588],[9.23705,45.45229],[9.23579,45.44872],[9.23521,45.44755],[9.2348,45.44624],[9.23738,45.44518],[9.23951,45.44435],[9.24142,45.44425],[9.24266,45.44346],[9.24352,45.4419],[9.24397,45.4412],[9.24269,45.43938],[9.24791,45.43613],[9.2487,45.43455],[9.25302,45.43613],[9.2564,45.43801],[9.25749,45.4421],[9.25867,45.4461],[9.25883,45.44822],[9.2583,45.44968],[9.25503,45.45377],[9.25196,45.45796],[9.25139,45.46081],[9.25129,45.46198]]]]}},{"type":"Feature","properties":{"nil":"PORTA TICINESE - CONCA DEL NAVIGLIO","zona":"navigli"},"geometry":{"type":"MultiPolygon","coordinates":[[[[9.1874,45.45603],[9.18356,45.45673],[9.18186,45.45713],[9.18039,45.45757],[9.17754,45.4586],[9.17444,45.45648],[9.17417,45.45535],[9.17546,45.45442],[9.17729,45.45293],[9.17894,45.45236],[9.1779,45.45144],[9.17732,45.4489],[9.1769,45.44715],[9.17611,45.44386],[9.17754,45.4428],[9.18129,45.44291],[9.18465,45.44387],[9.18716,45.44463],[9.18735,45.44622],[9.18671,45.44751],[9.18584,45.44948],[9.18659,45.45183],[9.187,45.45396],[9.18726,45.45538],[9.1874,45.45603]]]]}},{"type":"Feature","properties":{"nil":"TRE TORRI","zona":null},"geometry":{"type":"MultiPolygon","coordinates":[[[[9.16028,45.4803],[9.15164,45.48045],[9.15143,45.47614],[9.15134,45.47443],[9.15158,45.4732],[9.15373,45.47361],[9.15736,45.47351],[9.15989,45.47425],[9.16008,45.47744],[9.16028,45.4803]]]]}},{"type":"Feature","properties":{"nil":"ASSIANO","zona":null},"geometry":{"type":"MultiPolygon","coordinates":[[[[9.04687,45.46276],[9.04662,45.46306],[9.04644,45.46326],[9.0463,45.46345],[9.04617,45.46362],[9.0451,45.46557],[9.04487,45.46597],[9.04482,45.46603],[9.04479,45.46606],[9.04476,45.4661],[9.04472,45.46612],[9.04468,45.46611],[9.04463,45.46609],[9.0445,45.46604],[9.04429,45.46596],[9.04414,45.4659],[9.04406,45.46587],[9.04402,45.46586],[9.04398,45.46585],[9.04307,45.46552],[9.04305,45.46516],[9.04328,45.46423],[9.04286,45.46374],[9.04334,45.46279],[9.04356,45.46236],[9.04381,45.46188],[9.04387,45.46179],[9.04393,45.46165],[9.04407,45.46134],[9.04418,45.46112],[9.04429,45.46089],[9.04436,45.46074],[9.04449,45.46044],[9.04465,45.46011],[9.04472,45.45997],[9.04476,45.45992],[9.04482,45.45981],[9.04501,45.45952],[9.04519,45.45917],[9.04532,45.45893],[9.04585,45.45907],[9.04626,45.45922],[9.04673,45.45884],[9.04704,45.4583],[9.04711,45.45824],[9.04715,45.45818],[9.0472,45.45816],[9.04723,45.45806],[9.04726,45.458],[9.04749,45.45764],[9.04793,45.45695],[9.04819,45.45657],[9.04859,45.45599],[9.04899,45.45541],[9.04951,45.45466],[9.04829,45.45479],[9.04832,45.45468],[9.04842,45.45454],[9.04845,45.45449],[9.04855,45.45433],[9.0487,45.45412],[9.04884,45.4539],[9.04899,45.45368],[9.04907,45.45355],[9.04912,45.45349],[9.04918,45.4534],[9.04923,45.45332],[9.04932,45.45318],[9.04934,45.45315],[9.04937,45.45311],[9.04941,45.45306],[9.04944,45.45301],[9.04948,45.45294],[9.04956,45.45282],[9.04964,45.45271],[9.04968,45.45265],[9.04971,45.45261],[9.04974,45.45258],[9.04976,45.45255],[9.04976,45.45253],[9.04978,45.45249],[9.04979,45.45247],[9.04981,45.45244],[9.04984,45.45241],[9.04986,45.45238],[9.04986,45.45232],[9.04941,45.45214],[9.0497,45.4516],[9.04985,45.45143],[9.04989,45.45138],[9.04991,45.45135],[9.04995,45.4513],[9.04997,45.45128],[9.04998,45.45126],[9.05,45.45124],[9.05002,45.45122],[9.05003,45.4512],[9.05003,45.45119],[9.05004,45.45118],[9.05003,45.45117],[9.05003,45.45116],[9.05002,45.45114],[9.04999,45.45113],[9.04946,45.45104],[9.04943,45.45103],[9.0494,45.45103],[9.04938,45.45103],[9.04931,45.45103],[9.04925,45.45103],[9.04922,45.45103],[9.04917,45.45101],[9.04885,45.4509],[9.04857,45.45078],[9.04802,45.45056],[9.04772,45.45044],[9.04747,45.45032],[9.04705,45.45015],[9.04667,45.45],[9.04663,45.44999],[9.04658,45.44997],[9.04639,45.44989],[9.04617,45.44981],[9.04611,45.44978],[9.04593,45.4497],[9.04587,45.44967],[9.04573,45.44962],[9.04566,45.44959],[9.0456,45.44957],[9.04554,45.44954],[9.04543,45.44949],[9.04521,45.44939],[9.04518,45.44938],[9.04516,45.44938],[9.04514,45.44937],[9.04512,45.44937],[9.04509,45.44937],[9.04506,45.44938],[9.045,45.44936],[9.04434,45.44905],[9.04387,45.44869],[9.04374,45.44864],[9.04309,45.44843],[9.04181,45.448],[9.04065,45.44754],[9.04062,45.44748],[9.04063,45.44745],[9.04064,45.44744],[9.04067,45.44739],[9.0407,45.44734],[9.04073,45.44729],[9.04075,45.44728],[9.04077,45.44724],[9.04079,45.44721],[9.04079,45.4472],[9.04081,45.44717],[9.04083,45.44714],[9.04085,45.44712],[9.04086,45.4471],[9.04092,45.44702],[9.04093,45.447],[9.04094,45.44698],[9.04095,45.44696],[9.04096,45.44694],[9.04097,45.44691],[9.04099,45.44689],[9.041,45.44687],[9.04102,45.44685],[9.04104,45.44681],[9.04106,45.44678],[9.04108,45.44676],[9.0411,45.44674],[9.04112,45.4467],[9.04113,45.44669],[9.04114,45.44668],[9.04114,45.44667],[9.04115,45.44665],[9.04117,45.44661],[9.04122,45.44657],[9.04124,45.44656],[9.04125,45.44655],[9.04127,45.44653],[9.0413,45.4465],[9.04132,45.44648],[9.04136,45.44645],[9.04142,45.44642],[9.04144,45.44641],[9.04146,45.4464],[9.0415,45.44639],[9.04156,45.44637],[9.04158,45.44636],[9.04162,45.44635],[9.04169,45.44634],[9.04294,45.44624],[9.04363,45.44616],[9.04478,45.44601],[9.04575,45.44589],[9.04684,45.44575],[9.04711,45.44573],[9.0475,45.44564],[9.04848,45.44551],[9.04923,45.44542],[9.04965,45.44539],[9.05119,45.4452],[9.05235,45.44505],[9.05338,45.44493],[9.05402,45.44485],[9.05409,45.44478],[9.0541,45.44477],[9.05411,45.44475],[9.05414,45.44468],[9.05416,45.44464],[9.05417,45.44462],[9.05419,45.44456],[9.0542,45.44453],[9.05421,45.44451],[9.05422,45.44448],[9.05423,45.44445],[9.05424,45.44444],[9.05424,45.44441],[9.05425,45.4444],[9.05426,45.44438],[9.05427,45.44434],[9.05428,45.4443],[9.05434,45.44413],[9.05461,45.44344],[9.05471,45.44319],[9.0548,45.44292],[9.05491,45.44259],[9.05493,45.4425],[9.05494,45.44245],[9.05493,45.4424],[9.05487,45.4422],[9.05472,45.4417],[9.05469,45.44159],[9.05467,45.44151],[9.05464,45.4414],[9.05459,45.44126],[9.05457,45.44119],[9.05455,45.44112],[9.05452,45.441],[9.0545,45.44093],[9.05446,45.44078],[9.05445,45.44071],[9.05442,45.4406],[9.05439,45.44051],[9.05426,45.44005],[9.05421,45.43985],[9.05421,45.43984],[9.05422,45.43984],[9.05423,45.43984],[9.05425,45.43984],[9.05426,45.43983],[9.05427,45.43983],[9.05429,45.43983],[9.05431,45.43983],[9.05435,45.43983],[9.0544,45.43985],[9.05444,45.43986],[9.05449,45.43987],[9.05458,45.4399],[9.05471,45.43993],[9.05482,45.43995],[9.05491,45.43997],[9.05503,45.44],[9.05512,45.44001],[9.05516,45.44],[9.05517,45.43997],[9.0552,45.43991],[9.05521,45.43989],[9.05523,45.43984],[9.05524,45.4398],[9.05526,45.43976],[9.05535,45.43962],[9.05543,45.43948],[9.0555,45.43936],[9.05553,45.43929],[9.05559,45.43918],[9.05567,45.43899],[9.0557,45.4389],[9.05573,45.43885],[9.05577,45.43879],[9.05587,45.43863],[9.05594,45.4385],[9.05604,45.43835],[9.0561,45.43824],[9.05617,45.43812],[9.0562,45.43807],[9.05637,45.43808],[9.05701,45.43823],[9.05745,45.43833],[9.05763,45.43835],[9.05776,45.43831],[9.05784,45.43821],[9.0579,45.43816],[9.05795,45.43812],[9.0582,45.43792],[9.05839,45.43777],[9.05862,45.4376],[9.05875,45.43749],[9.05887,45.43738],[9.05896,45.4373],[9.0592,45.43703],[9.05953,45.43663],[9.05988,45.43619],[9.0601,45.43591],[9.06032,45.43565],[9.06055,45.43534],[9.06078,45.43502],[9.06086,45.43486],[9.06103,45.43486],[9.06101,45.43462],[9.06096,45.43435],[9.06144,45.43456],[9.06261,45.43512],[9.06398,45.43463],[9.06374,45.43409],[9.06374,45.43395],[9.06424,45.43354],[9.06461,45.43327],[9.06514,45.4336],[9.06555,45.43406],[9.06562,45.43419],[9.06584,45.4348],[9.06625,45.43576],[9.0669,45.43531],[9.06797,45.43455],[9.07006,45.43418],[9.07057,45.43453],[9.07061,45.43452],[9.0707,45.43452],[9.07075,45.43451],[9.07083,45.43449],[9.07094,45.43447],[9.07112,45.43442],[9.07228,45.4341],[9.07268,45.43398],[9.07275,45.43399],[9.07282,45.43385],[9.07294,45.43396],[9.07304,45.43408],[9.07315,45.43421],[9.07334,45.43437],[9.07366,45.43455],[9.07425,45.43479],[9.07445,45.43492],[9.07487,45.43522],[9.07508,45.43536],[9.0752,45.43541],[9.0754,45.43564],[9.07576,45.43584],[9.07623,45.43613],[9.07653,45.43646],[9.07681,45.43679],[9.07676,45.43684],[9.07678,45.43687],[9.07688,45.437],[9.07689,45.43702],[9.07691,45.43705],[9.07694,45.43707],[9.07697,45.4371],[9.07708,45.43717],[9.07722,45.43727],[9.07729,45.43731],[9.07735,45.43735],[9.07742,45.43737],[9.07767,45.43746],[9.07775,45.43749],[9.07781,45.43752],[9.07786,45.43755],[9.0779,45.43758],[9.07794,45.43761],[9.07799,45.43766],[9.07802,45.43769],[9.07805,45.43771],[9.07808,45.43773],[9.07813,45.43774],[9.07817,45.43775],[9.07824,45.43777],[9.07828,45.43778],[9.07831,45.43779],[9.07836,45.43781],[9.07839,45.43782],[9.07844,45.43785],[9.07848,45.43787],[9.07861,45.43791],[9.07866,45.43793],[9.07871,45.43795],[9.07876,45.43799],[9.07889,45.43806],[9.07896,45.4381],[9.079,45.43813],[9.07903,45.43816],[9.07915,45.43832],[9.07917,45.43834],[9.07921,45.43838],[9.07925,45.43848],[9.07918,45.43854],[9.07911,45.43861],[9.07902,45.43871],[9.07897,45.43875],[9.07883,45.43888],[9.07879,45.43892],[9.07874,45.43898],[9.07866,45.43904],[9.07856,45.43913],[9.0785,45.43919],[9.07846,45.43923],[9.07841,45.43928],[9.07835,45.43933],[9.07827,45.43941],[9.07814,45.43954],[9.0781,45.43957],[9.07806,45.43961],[9.07801,45.43967],[9.07796,45.43971],[9.07786,45.4398],[9.07781,45.43984],[9.07773,45.43993],[9.07759,45.44006],[9.07747,45.44017],[9.07744,45.4402],[9.07741,45.44024],[9.07737,45.44028],[9.07734,45.4403],[9.07727,45.44036],[9.07723,45.44039],[9.07717,45.44045],[9.07705,45.44056],[9.07699,45.44062],[9.07695,45.44066],[9.07685,45.44078],[9.07669,45.44098],[9.07662,45.44106],[9.07644,45.44126],[9.07638,45.44133],[9.07634,45.44137],[9.07627,45.44144],[9.07624,45.44149],[9.07616,45.44158],[9.07612,45.44163],[9.07607,45.44168],[9.07598,45.44179],[9.07589,45.44189],[9.07577,45.44203],[9.07574,45.44207],[9.07569,45.44212],[9.07565,45.44217],[9.07559,45.44224],[9.0755,45.44234],[9.07548,45.44237],[9.07546,45.44238],[9.07539,45.44247],[9.07551,45.44258],[9.07565,45.44265],[9.0771,45.44329],[9.07782,45.44361],[9.07807,45.44371],[9.07819,45.44379],[9.07834,45.44385],[9.07836,45.44393],[9.0785,45.44405],[9.07851,45.44407],[9.07851,45.44412],[9.07852,45.44417],[9.07852,45.44419],[9.07852,45.44421],[9.07852,45.44423],[9.07852,45.44424],[9.07851,45.44425],[9.0785,45.44426],[9.07848,45.44427],[9.07843,45.44429],[9.0784,45.4443],[9.07834,45.44433],[9.07827,45.44435],[9.07819,45.44438],[9.07813,45.4444],[9.0781,45.44441],[9.07808,45.44442],[9.07804,45.44443],[9.07797,45.44444],[9.07796,45.44444],[9.07793,45.44445],[9.0779,45.44445],[9.07787,45.44445],[9.07784,45.44446],[9.07781,45.44447],[9.07779,45.44449],[9.07778,45.44452],[9.07777,45.44453],[9.07776,45.44455],[9.07776,45.44456],[9.07777,45.44459],[9.07781,45.4446],[9.078,45.44463],[9.0782,45.4447],[9.07844,45.4448],[9.07847,45.44487],[9.07849,45.44494],[9.07849,45.44501],[9.07842,45.44505],[9.07831,45.44505],[9.07816,45.44505],[9.07801,45.44505],[9.07787,45.44508],[9.07783,45.44509],[9.0778,45.4451],[9.07776,45.44511],[9.07775,45.44512],[9.07774,45.44514],[9.07774,45.44516],[9.07774,45.44517],[9.07776,45.44519],[9.07777,45.4452],[9.07779,45.44521],[9.07781,45.44522],[9.07783,45.44523],[9.0779,45.44526],[9.07792,45.44527],[9.07794,45.44528],[9.07795,45.44529],[9.07796,45.44531],[9.07796,45.44532],[9.07797,45.44535],[9.07797,45.44537],[9.07799,45.44542],[9.078,45.44544],[9.07801,45.44545],[9.07803,45.44548],[9.07803,45.4455],[9.07803,45.44553],[9.07802,45.44555],[9.07801,45.44558],[9.07799,45.44561],[9.07794,45.44565],[9.07791,45.44567],[9.07788,45.4457],[9.07785,45.44576],[9.07782,45.4458],[9.0778,45.44582],[9.07778,45.44582],[9.07776,45.44583],[9.07773,45.44583],[9.07771,45.44583],[9.07769,45.44583],[9.07768,45.44584],[9.07767,45.44584],[9.07766,45.44585],[9.07765,45.44586],[9.07764,45.44588],[9.07763,45.44589],[9.07762,45.4459],[9.07762,45.44592],[9.07763,45.44594],[9.07766,45.44595],[9.07769,45.44597],[9.07771,45.44599],[9.07772,45.446],[9.07772,45.44602],[9.07772,45.44603],[9.07772,45.44606],[9.07772,45.44617],[9.07772,45.44623],[9.07772,45.44624],[9.07771,45.44627],[9.07771,45.4463],[9.07771,45.44631],[9.07771,45.44632],[9.07772,45.44634],[9.07773,45.44636],[9.07774,45.44638],[9.07776,45.44642],[9.07777,45.44645],[9.07777,45.44646],[9.07778,45.44648],[9.07777,45.4465],[9.07776,45.44651],[9.07775,45.44652],[9.07772,45.44653],[9.07768,45.44655],[9.07765,45.44657],[9.0776,45.44659],[9.07757,45.44661],[9.07753,45.44663],[9.07749,45.44666],[9.07744,45.44669],[9.07741,45.44671],[9.07732,45.44675],[9.07726,45.44677],[9.07721,45.44679],[9.07712,45.44683],[9.07704,45.44686],[9.07698,45.44688],[9.0769,45.44691],[9.07688,45.44692],[9.07686,45.44693],[9.07684,45.44694],[9.07683,45.44694],[9.07682,45.44695],[9.07682,45.44696],[9.07682,45.44697],[9.07682,45.44698],[9.07682,45.447],[9.07682,45.44701],[9.07682,45.44703],[9.07683,45.44704],[9.07684,45.44707],[9.07684,45.44708],[9.07684,45.4471],[9.07685,45.44711],[9.07685,45.44714],[9.07684,45.44716],[9.07684,45.44718],[9.07684,45.44719],[9.07683,45.44721],[9.07682,45.44723],[9.07681,45.44724],[9.07679,45.44726],[9.07674,45.44729],[9.07671,45.44732],[9.07668,45.44734],[9.07666,45.44736],[9.07665,45.44738],[9.07664,45.4474],[9.07663,45.44743],[9.07663,45.44745],[9.07662,45.44748],[9.07662,45.4475],[9.07662,45.44752],[9.07662,45.44753],[9.07662,45.44755],[9.07665,45.44759],[9.07666,45.44761],[9.07668,45.44764],[9.07669,45.44766],[9.07669,45.44768],[9.07669,45.44769],[9.07669,45.44772],[9.07668,45.44773],[9.07667,45.44774],[9.07665,45.44776],[9.07663,45.44777],[9.0766,45.44779],[9.07658,45.4478],[9.07656,45.44782],[9.07654,45.44784],[9.07646,45.4479],[9.07644,45.44792],[9.07643,45.44794],[9.07642,45.44796],[9.07641,45.44798],[9.07641,45.448],[9.07641,45.44802],[9.07641,45.44803],[9.07641,45.44808],[9.07641,45.44819],[9.07644,45.44824],[9.07648,45.44825],[9.07651,45.44827],[9.07653,45.44829],[9.07654,45.4483],[9.07657,45.44834],[9.0766,45.44837],[9.07665,45.44842],[9.07667,45.44845],[9.07671,45.44849],[9.07675,45.44853],[9.07684,45.44862],[9.07687,45.44865],[9.07692,45.44869],[9.07695,45.44873],[9.07699,45.44877],[9.07701,45.44879],[9.07703,45.44881],[9.07706,45.44884],[9.07708,45.44886],[9.07709,45.44888],[9.07711,45.4489],[9.07714,45.44893],[9.07716,45.44895],[9.07719,45.44898],[9.07723,45.44902],[9.07724,45.44903],[9.07726,45.44905],[9.07729,45.44909],[9.07731,45.4491],[9.07732,45.44912],[9.07733,45.44913],[9.07734,45.44913],[9.07735,45.44914],[9.07736,45.44916],[9.07737,45.44917],[9.07742,45.44921],[9.0775,45.44928],[9.07763,45.4493],[9.07778,45.44932],[9.07787,45.44931],[9.0779,45.44934],[9.07785,45.44944],[9.07785,45.44945],[9.07547,45.44952],[9.06814,45.44799],[9.06653,45.44973],[9.06742,45.45039],[9.06706,45.45283],[9.0703,45.45368],[9.07319,45.45473],[9.07606,45.45486],[9.07736,45.45589],[9.07449,45.4571],[9.07252,45.45709],[9.07252,45.45715],[9.07252,45.45728],[9.07252,45.45732],[9.07251,45.45733],[9.07251,45.45735],[9.0725,45.45737],[9.07248,45.4574],[9.07246,45.45746],[9.07245,45.45751],[9.07245,45.45755],[9.07246,45.45759],[9.07246,45.45778],[9.07245,45.45785],[9.07244,45.45789],[9.07243,45.45795],[9.07243,45.45799],[9.07243,45.45803],[9.07242,45.45807],[9.07241,45.4581],[9.07239,45.45813],[9.07238,45.45815],[9.07237,45.45816],[9.07236,45.45817],[9.07231,45.45821],[9.07228,45.45823],[9.07226,45.45825],[9.07222,45.45828],[9.07204,45.45845],[9.07202,45.45847],[9.07201,45.45848],[9.072,45.45849],[9.07199,45.45849],[9.07198,45.45849],[9.07197,45.45849],[9.0718,45.45848],[9.07177,45.45848],[9.07176,45.45848],[9.07175,45.45848],[9.07174,45.45848],[9.07173,45.45848],[9.07172,45.45849],[9.07171,45.45849],[9.07171,45.4585],[9.0717,45.45851],[9.07169,45.45854],[9.07167,45.45863],[9.07166,45.45863],[9.07166,45.45864],[9.07165,45.45864],[9.07164,45.45865],[9.07162,45.45865],[9.07161,45.45866],[9.0716,45.45866],[9.07158,45.45865],[9.07156,45.45865],[9.07154,45.45865],[9.07151,45.45865],[9.07148,45.45864],[9.07146,45.45863],[9.07144,45.45863],[9.07141,45.45863],[9.07139,45.45862],[9.07136,45.45862],[9.07124,45.4586],[9.07094,45.45858],[9.07081,45.4586],[9.07076,45.4586],[9.07073,45.45861],[9.07069,45.45861],[9.07062,45.45862],[9.07055,45.45863],[9.07048,45.45864],[9.07032,45.4587],[9.07021,45.45875],[9.07016,45.45879],[9.07001,45.45891],[9.06981,45.45918],[9.06976,45.45926],[9.06973,45.45936],[9.06973,45.4594],[9.06973,45.45947],[9.06973,45.4596],[9.0697,45.45974],[9.06972,45.45992],[9.06983,45.46014],[9.06977,45.46043],[9.06976,45.46055],[9.06977,45.46058],[9.06977,45.46062],[9.06976,45.46067],[9.06972,45.46073],[9.06969,45.46077],[9.06968,45.4608],[9.06968,45.46092],[9.06969,45.46099],[9.06966,45.46101],[9.06963,45.46104],[9.06958,45.46109],[9.06953,45.46112],[9.06942,45.46119],[9.06936,45.46123],[9.06931,45.46127],[9.06926,45.46129],[9.06919,45.46131],[9.06912,45.46133],[9.06907,45.46134],[9.06877,45.46142],[9.06861,45.46154],[9.06855,45.46159],[9.06852,45.46161],[9.06849,45.46162],[9.06835,45.46168],[9.06825,45.46172],[9.06816,45.46175],[9.06813,45.46177],[9.06804,45.46181],[9.06797,45.46185],[9.06789,45.46187],[9.06785,45.46187],[9.06778,45.46189],[9.06773,45.4619],[9.06768,45.4619],[9.06766,45.4619],[9.06764,45.46191],[9.06763,45.4619],[9.06762,45.4619],[9.06759,45.4619],[9.06754,45.46189],[9.06748,45.46188],[9.06747,45.46188],[9.06746,45.46188],[9.06745,45.46188],[9.06744,45.46188],[9.06743,45.46189],[9.06742,45.4619],[9.06739,45.46192],[9.06738,45.46193],[9.06735,45.46197],[9.06733,45.462],[9.06729,45.46204],[9.06728,45.46207],[9.06737,45.46225],[9.06737,45.46231],[9.06724,45.46246],[9.06715,45.46256],[9.06722,45.46271],[9.06722,45.4628],[9.06713,45.46285],[9.06701,45.46287],[9.06686,45.4629],[9.06678,45.46295],[9.0667,45.46304],[9.06658,45.46328],[9.06651,45.4635],[9.06627,45.46371],[9.06591,45.46363],[9.06528,45.46351],[9.06395,45.46325],[9.06255,45.46298],[9.06173,45.46282],[9.06156,45.46279],[9.061,45.46277],[9.06031,45.46274],[9.05906,45.46271],[9.05803,45.46274],[9.05798,45.46272],[9.05803,45.46264],[9.05836,45.4623],[9.05843,45.46217],[9.05763,45.46198],[9.05715,45.46184],[9.05658,45.46169],[9.05629,45.4616],[9.05608,45.46152],[9.05589,45.46146],[9.05563,45.46144],[9.05541,45.46139],[9.05522,45.46132],[9.055,45.46133],[9.0548,45.46133],[9.05467,45.46156],[9.05435,45.46147],[9.05374,45.46134],[9.05366,45.46131],[9.05361,45.46135],[9.05355,45.46136],[9.05343,45.46142],[9.05323,45.46152],[9.05295,45.46169],[9.0529,45.46172],[9.05284,45.46175],[9.05278,45.46178],[9.05261,45.46186],[9.05256,45.46188],[9.05254,45.46189],[9.05253,45.4619],[9.05251,45.46191],[9.05248,45.46194],[9.05246,45.46195],[9.05245,45.46196],[9.05242,45.46198],[9.0524,45.46199],[9.05238,45.462],[9.05237,45.462],[9.05233,45.462],[9.05226,45.46199],[9.05195,45.46195],[9.05177,45.4619],[9.05162,45.46187],[9.05159,45.46186],[9.05153,45.46193],[9.05126,45.46227],[9.05117,45.46238],[9.05091,45.46271],[9.05068,45.463],[9.0504,45.46335],[9.05024,45.46356],[9.04993,45.46395],[9.04984,45.46406],[9.04979,45.46407],[9.04974,45.46405],[9.04948,45.46393],[9.04908,45.46376],[9.04881,45.46365],[9.04856,45.46354],[9.04823,45.4634],[9.04819,45.46338],[9.04782,45.4632],[9.04732,45.46296],[9.04688,45.46276],[9.04687,45.46276]]]]}},{"type":"Feature","properties":{"nil":"MORIVIONE","zona":null},"geometry":{"type":"MultiPolygon","coordinates":[[[[9.2006,45.43608],[9.20033,45.43764],[9.19983,45.44009],[9.1989,45.44339],[9.19241,45.44512],[9.18866,45.44491],[9.18781,45.44188],[9.18777,45.4392],[9.19061,45.43726],[9.19724,45.4372],[9.19836,45.43695],[9.19954,45.43618],[9.2006,45.43608]]]]}},{"type":"Feature","properties":{"nil":"VIGENTINO - Q.RE FATIMA","zona":null},"geometry":{"type":"MultiPolygon","coordinates":[[[[9.2006,45.43608],[9.19954,45.43618],[9.19836,45.43695],[9.19724,45.4372],[9.19061,45.43726],[9.19049,45.43649],[9.19257,45.43361],[9.19479,45.43035],[9.1965,45.4267],[9.1991,45.42243],[9.20473,45.41935],[9.20516,45.42203],[9.20692,45.42314],[9.21012,45.42347],[9.21208,45.42504],[9.21099,45.42714],[9.20897,45.43148],[9.20825,45.43259],[9.20775,45.43312],[9.20626,45.4337],[9.2006,45.43608]]]]}},{"type":"Feature","properties":{"nil":"BICOCCA","zona":"bicocca"},"geometry":{"type":"MultiPolygon","coordinates":[[[[9.22259,45.52361],[9.22246,45.52365],[9.22233,45.52368],[9.22207,45.52365],[9.22189,45.52358],[9.22165,45.52349],[9.22137,45.52346],[9.22106,45.52345],[9.22079,45.52344],[9.22065,45.52343],[9.22027,45.52342],[9.22023,45.52342],[9.22009,45.52344],[9.21995,45.524],[9.21983,45.52466],[9.2195,45.525],[9.21942,45.52548],[9.21942,45.52561],[9.2196,45.5259],[9.21977,45.52615],[9.21979,45.52636],[9.21967,45.5268],[9.21638,45.52678],[9.2162,45.52732],[9.21631,45.52784],[9.21639,45.52825],[9.21645,45.52842],[9.21664,45.52917],[9.21669,45.52944],[9.21674,45.52966],[9.21598,45.52962],[9.2153,45.52958],[9.21486,45.52956],[9.21383,45.5295],[9.21233,45.527],[9.20979,45.52242],[9.20751,45.51853],[9.20629,45.51641],[9.20408,45.5124],[9.20582,45.51053],[9.20837,45.51039],[9.2099,45.509],[9.2122,45.50971],[9.21458,45.5135],[9.21663,45.51653],[9.2222,45.5232],[9.22259,45.52361]]]]}},{"type":"Feature","properties":{"nil":"ORTOMERCATO","zona":null},"geometry":{"type":"MultiPolygon","coordinates":[[[[9.23747,45.45782],[9.23631,45.45872],[9.23352,45.4597],[9.22616,45.45968],[9.22392,45.45861],[9.22395,45.45618],[9.22396,45.45443],[9.22405,45.45213],[9.22407,45.45063],[9.22412,45.44637],[9.22769,45.44652],[9.2294,45.44727],[9.23092,45.44717],[9.23269,45.44689],[9.23428,45.44752],[9.23579,45.44872],[9.23705,45.45229],[9.23739,45.45588],[9.23747,45.45782]]]]}},{"type":"Feature","properties":{"nil":"LODI - CORVETTO","zona":"corvetto"},"geometry":{"type":"MultiPolygon","coordinates":[[[[9.2348,45.44588],[9.235,45.44707],[9.23565,45.44842],[9.23502,45.44806],[9.23324,45.44706],[9.23193,45.44688],[9.22941,45.44805],[9.22864,45.44656],[9.22632,45.44646],[9.22073,45.44623],[9.21466,45.44597],[9.21267,45.44579],[9.2123,45.44339],[9.21311,45.44184],[9.21413,45.44045],[9.21513,45.43908],[9.21685,45.43686],[9.21776,45.43572],[9.22015,45.4337],[9.22298,45.43197],[9.22611,45.43032],[9.22787,45.4285],[9.22886,45.4274],[9.23181,45.42492],[9.23463,45.42261],[9.24023,45.42545],[9.24023,45.42963],[9.23981,45.43162],[9.23829,45.43598],[9.23584,45.44197],[9.23497,45.44464],[9.2348,45.44588]]]]}},{"type":"Feature","properties":{"nil":"MUGGIANO","zona":null},"geometry":{"type":"MultiPolygon","coordinates":[[[[9.07736,45.45589],[9.07606,45.45486],[9.07319,45.45473],[9.0703,45.45368],[9.06706,45.45283],[9.06742,45.45039],[9.06653,45.44973],[9.06814,45.44799],[9.07547,45.44952],[9.07736,45.45589]]]]}},{"type":"Feature","properties":{"nil":"PORTA TICINESE - CONCHETTA","zona":"ticinese"},"geometry":{"type":"MultiPolygon","coordinates":[[[[9.17348,45.45583],[9.17134,45.45586],[9.16874,45.45755],[9.16866,45.45679],[9.16955,45.45518],[9.16956,45.45412],[9.16883,45.45213],[9.16646,45.45056],[9.16293,45.45004],[9.15492,45.44854],[9.15613,45.44783],[9.15736,45.44737],[9.15904,45.44604],[9.1606,45.44471],[9.16372,45.44355],[9.16579,45.44335],[9.17267,45.44301],[9.17605,45.44366],[9.17653,45.44557],[9.17704,45.44778],[9.17786,45.45124],[9.1781,45.45227],[9.17844,45.45299],[9.17587,45.45413],[9.17448,45.45513],[9.17348,45.45583]]]]}},{"type":"Feature","properties":{"nil":"UMBRIA - MOLISE - CALVAIRATE","zona":null},"geometry":{"type":"MultiPolygon","coordinates":[[[[9.22392,45.45969],[9.22023,45.46059],[9.21739,45.45859],[9.21707,45.45693],[9.21636,45.4553],[9.21571,45.45405],[9.21494,45.45333],[9.21381,45.45198],[9.2119,45.44956],[9.21039,45.4478],[9.21067,45.44704],[9.21267,45.44579],[9.21466,45.44597],[9.22073,45.44623],[9.22411,45.44787],[9.22407,45.45113],[9.224,45.45299],[9.22396,45.45468],[9.22395,45.45637],[9.22392,45.45934],[9.22392,45.45969]]]]}},{"type":"Feature","properties":{"nil":"ROSERIO","zona":null},"geometry":{"type":"MultiPolygon","coordinates":[[[[9.13006,45.52294],[9.13002,45.52301],[9.12999,45.52306],[9.12997,45.52311],[9.12995,45.52316],[9.12994,45.52322],[9.12992,45.52328],[9.12993,45.52333],[9.12994,45.52339],[9.12996,45.52344],[9.12997,45.5235],[9.12997,45.52355],[9.12996,45.5236],[9.12996,45.52366],[9.12995,45.52371],[9.12993,45.52378],[9.12991,45.52382],[9.12987,45.52392],[9.12984,45.52397],[9.1298,45.52402],[9.12976,45.52407],[9.12972,45.52411],[9.12968,45.52416],[9.12965,45.5242],[9.12961,45.52425],[9.12957,45.52429],[9.12952,45.52434],[9.12946,45.52439],[9.1294,45.52443],[9.12935,45.52446],[9.12929,45.5245],[9.12923,45.52454],[9.12917,45.52457],[9.12912,45.52461],[9.12906,45.52464],[9.129,45.52468],[9.12895,45.52472],[9.1289,45.52476],[9.12885,45.5248],[9.1288,45.52484],[9.12876,45.52489],[9.12872,45.52494],[9.12867,45.52501],[9.12852,45.52496],[9.12884,45.52354],[9.12844,45.5229],[9.12783,45.52289],[9.12746,45.52288],[9.12698,45.52287],[9.12652,45.52286],[9.12602,45.52283],[9.12559,45.52282],[9.12515,45.52278],[9.12496,45.52278],[9.1247,45.52278],[9.12448,45.52279],[9.1242,45.52278],[9.12392,45.52279],[9.12399,45.52272],[9.12402,45.52236],[9.12402,45.52204],[9.12354,45.52126],[9.12272,45.52051],[9.12245,45.52087],[9.12176,45.5208],[9.12094,45.52071],[9.12066,45.52068],[9.12035,45.52079],[9.12027,45.52126],[9.12022,45.52154],[9.12001,45.52168],[9.1198,45.52181],[9.11945,45.52178],[9.11771,45.52152],[9.11782,45.52082],[9.11785,45.52025],[9.11764,45.52001],[9.11839,45.51898],[9.11828,45.51897],[9.11825,45.51899],[9.11822,45.51901],[9.11819,45.51905],[9.11808,45.51917],[9.11799,45.51926],[9.11783,45.51937],[9.11737,45.51964],[9.11722,45.51973],[9.11689,45.51993],[9.11679,45.51999],[9.11663,45.52008],[9.1166,45.52009],[9.11646,45.52014],[9.11631,45.52019],[9.11611,45.52026],[9.11591,45.52027],[9.11578,45.52028],[9.11569,45.52028],[9.11564,45.52029],[9.11557,45.5203],[9.11545,45.52032],[9.11521,45.52035],[9.11505,45.52038],[9.11391,45.52061],[9.11319,45.52074],[9.1127,45.52091],[9.11257,45.521],[9.1123,45.52121],[9.11209,45.52137],[9.11191,45.52152],[9.11171,45.52167],[9.11141,45.5219],[9.11116,45.52211],[9.11102,45.52222],[9.11083,45.52239],[9.11063,45.52264],[9.11057,45.5227],[9.1104,45.5228],[9.11012,45.52292],[9.10989,45.52302],[9.10979,45.52307],[9.10969,45.52313],[9.10958,45.52316],[9.1091,45.52388],[9.1087,45.52404],[9.10881,45.52374],[9.10897,45.5233],[9.10873,45.52323],[9.10882,45.52306],[9.10889,45.52283],[9.10878,45.52276],[9.10865,45.52274],[9.10832,45.5227],[9.10796,45.52265],[9.10789,45.52264],[9.10761,45.52261],[9.11592,45.51813],[9.12011,45.5161],[9.12163,45.51589],[9.12453,45.51741],[9.1302,45.5205],[9.13426,45.52244],[9.13433,45.52265],[9.13431,45.52272],[9.13455,45.52281],[9.13497,45.52288],[9.13528,45.52317],[9.13536,45.52364],[9.13582,45.52371],[9.13574,45.52429],[9.13532,45.52419],[9.13462,45.52402],[9.13376,45.52383],[9.1327,45.52357],[9.13236,45.52349],[9.13129,45.52314],[9.13012,45.52294],[9.13006,45.52294]]]]}},{"type":"Feature","properties":{"nil":"RONCHETTO DELLE RANE","zona":null},"geometry":{"type":"MultiPolygon","coordinates":[[[[9.18364,45.40122],[9.18326,45.4028],[9.18177,45.40391],[9.1791,45.40145],[9.18104,45.40004],[9.18274,45.40002],[9.18299,45.39891],[9.18273,45.39809],[9.18561,45.39765],[9.18364,45.40122]]]]}},{"type":"Feature","properties":{"nil":"Q.RE GALLARATESE - Q.RE SAN LEONARDO - LAMPUGNANO","zona":null},"geometry":{"type":"MultiPolygon","coordinates":[[[[9.09884,45.50652],[9.09747,45.50686],[9.09656,45.50707],[9.09527,45.5074],[9.09517,45.50726],[9.09431,45.50604],[9.09385,45.5059],[9.09343,45.506],[9.09309,45.5061],[9.09287,45.50617],[9.09266,45.50627],[9.09254,45.50635],[9.09197,45.5068],[9.09182,45.5069],[9.09162,45.50708],[9.09159,45.50692],[9.09155,45.50676],[9.0915,45.50655],[9.09146,45.50617],[9.09141,45.50574],[9.09136,45.50544],[9.09134,45.50522],[9.0913,45.50477],[9.09126,45.50437],[9.09123,45.50405],[9.09109,45.50365],[9.09097,45.50336],[9.09082,45.50295],[9.09074,45.50276],[9.09059,45.5024],[9.09049,45.50216],[9.09038,45.50188],[9.09023,45.5015],[9.09009,45.50113],[9.08995,45.50079],[9.08984,45.50044],[9.09002,45.50027],[9.09036,45.49989],[9.08978,45.49965],[9.08957,45.49959],[9.08977,45.49936],[9.08971,45.4987],[9.09133,45.49887],[9.0945,45.49953],[9.09672,45.49637],[9.09975,45.49639],[9.10047,45.49718],[9.10215,45.49617],[9.10458,45.49516],[9.10657,45.49386],[9.10723,45.49246],[9.10591,45.49084],[9.10662,45.49162],[9.11112,45.49095],[9.11257,45.49093],[9.11653,45.48886],[9.11816,45.48789],[9.11804,45.48486],[9.12688,45.48546],[9.13023,45.48581],[9.13011,45.48742],[9.13002,45.49403],[9.12786,45.49606],[9.12466,45.49734],[9.1208,45.49894],[9.11859,45.50174],[9.11157,45.50339],[9.10733,45.50444],[9.10114,45.50597],[9.09884,45.50652]]]]}},{"type":"Feature","properties":{"nil":"MONLUE' - PONTE LAMBRO","zona":null},"geometry":{"type":"MultiPolygon","coordinates":[[[[9.27271,45.46079],[9.27218,45.46159],[9.27212,45.46168],[9.27209,45.46174],[9.25735,45.46193],[9.25129,45.46198],[9.25171,45.45877],[9.253,45.45624],[9.25802,45.45024],[9.25871,45.44884],[9.25884,45.44679],[9.25787,45.44342],[9.25669,45.43892],[9.25539,45.43542],[9.26384,45.43248],[9.26385,45.43248],[9.264,45.43273],[9.26435,45.43318],[9.26469,45.43352],[9.26502,45.43394],[9.26569,45.43465],[9.26607,45.43487],[9.26648,45.43513],[9.26646,45.43525],[9.26632,45.43563],[9.2662,45.43594],[9.26608,45.43657],[9.26607,45.43678],[9.26604,45.4373],[9.26613,45.43741],[9.26621,45.43741],[9.26633,45.43743],[9.26664,45.4374],[9.26669,45.43749],[9.26674,45.4375],[9.26688,45.43759],[9.26692,45.43777],[9.26694,45.43791],[9.26694,45.43793],[9.26694,45.43796],[9.26694,45.43799],[9.26694,45.43802],[9.26694,45.43804],[9.26694,45.43807],[9.26694,45.4381],[9.26694,45.43813],[9.26694,45.43815],[9.26694,45.43818],[9.26693,45.43821],[9.26693,45.43823],[9.26693,45.43826],[9.26692,45.43829],[9.26692,45.43832],[9.26692,45.43834],[9.26691,45.43837],[9.26691,45.4384],[9.2669,45.43842],[9.26689,45.43845],[9.26689,45.43848],[9.26688,45.43851],[9.26687,45.43853],[9.26687,45.43856],[9.26686,45.43859],[9.26685,45.43861],[9.26685,45.43864],[9.26684,45.43867],[9.26685,45.43869],[9.26685,45.43876],[9.26685,45.43879],[9.26685,45.43881],[9.26686,45.43884],[9.26686,45.43887],[9.26687,45.43889],[9.2669,45.43896],[9.26692,45.43899],[9.26693,45.43901],[9.26695,45.43904],[9.26697,45.43906],[9.26699,45.43908],[9.26701,45.43911],[9.26702,45.43913],[9.26704,45.43916],[9.26706,45.43918],[9.26707,45.43921],[9.26708,45.43923],[9.2671,45.43926],[9.2671,45.43928],[9.26711,45.43931],[9.26712,45.43934],[9.26712,45.43937],[9.26713,45.43943],[9.26713,45.43946],[9.26713,45.43949],[9.26713,45.43952],[9.26713,45.43954],[9.26712,45.43957],[9.26712,45.4396],[9.26711,45.43962],[9.26711,45.43965],[9.2671,45.43968],[9.26709,45.4397],[9.26708,45.43973],[9.26707,45.43976],[9.26702,45.43985],[9.267,45.43987],[9.26699,45.4399],[9.26697,45.43992],[9.26695,45.43994],[9.26693,45.43997],[9.26691,45.43999],[9.26689,45.44001],[9.26687,45.44004],[9.26685,45.44006],[9.26683,45.44008],[9.26681,45.4401],[9.26679,45.44013],[9.26677,45.44015],[9.26675,45.44017],[9.26673,45.4402],[9.26671,45.44022],[9.26669,45.44024],[9.26667,45.44027],[9.26662,45.44034],[9.26661,45.44037],[9.26659,45.44039],[9.26658,45.44042],[9.26657,45.44044],[9.26655,45.44047],[9.26654,45.44049],[9.26653,45.44052],[9.26652,45.44055],[9.26651,45.44057],[9.2665,45.4406],[9.26649,45.44062],[9.26648,45.44065],[9.26646,45.44068],[9.26645,45.4407],[9.26645,45.44073],[9.26644,45.44076],[9.26643,45.44078],[9.26642,45.44081],[9.26642,45.44084],[9.26641,45.44086],[9.2664,45.44089],[9.2664,45.44092],[9.2664,45.44094],[9.2664,45.44097],[9.26639,45.441],[9.26639,45.44102],[9.26639,45.44105],[9.26639,45.44108],[9.26639,45.44111],[9.26639,45.44113],[9.26639,45.44116],[9.26638,45.44119],[9.26638,45.44121],[9.26638,45.44124],[9.26638,45.44127],[9.26638,45.44129],[9.26637,45.44132],[9.26637,45.44135],[9.26637,45.44137],[9.26636,45.4414],[9.26636,45.44143],[9.26636,45.44146],[9.26635,45.44148],[9.26635,45.44151],[9.26634,45.44154],[9.26633,45.44156],[9.26633,45.44159],[9.26632,45.44162],[9.26632,45.44164],[9.26631,45.44167],[9.26631,45.4417],[9.26631,45.44172],[9.26631,45.44175],[9.2663,45.44178],[9.2663,45.4418],[9.2663,45.44183],[9.2663,45.44186],[9.2663,45.44189],[9.2663,45.44191],[9.26631,45.44194],[9.26631,45.44197],[9.26632,45.442],[9.26632,45.44202],[9.26633,45.44205],[9.26634,45.44208],[9.26635,45.4421],[9.26637,45.44219],[9.26641,45.44229],[9.26642,45.44232],[9.26642,45.44235],[9.26643,45.44237],[9.26644,45.4424],[9.26645,45.44243],[9.26646,45.44245],[9.26646,45.44248],[9.26647,45.44251],[9.26647,45.44253],[9.26648,45.44256],[9.26648,45.44259],[9.26648,45.44261],[9.26648,45.44264],[9.26648,45.44267],[9.26648,45.44269],[9.26648,45.44272],[9.26644,45.44288],[9.26644,45.44291],[9.26643,45.44293],[9.26643,45.44296],[9.26642,45.44299],[9.26642,45.44303],[9.26642,45.44311],[9.26642,45.44313],[9.26642,45.44316],[9.26642,45.44319],[9.26643,45.44321],[9.26643,45.44324],[9.26643,45.44327],[9.26643,45.4433],[9.26643,45.44332],[9.26643,45.44335],[9.26643,45.44338],[9.26643,45.4434],[9.26643,45.44343],[9.26644,45.44346],[9.26646,45.44353],[9.26647,45.44355],[9.26648,45.44358],[9.26649,45.44361],[9.2665,45.44363],[9.26651,45.44366],[9.26652,45.44369],[9.26653,45.44371],[9.26653,45.44374],[9.26653,45.44377],[9.26654,45.44379],[9.26655,45.44382],[9.26655,45.44385],[9.26656,45.44387],[9.26656,45.4439],[9.26656,45.44393],[9.26657,45.44395],[9.26657,45.44398],[9.26657,45.44401],[9.26658,45.44404],[9.26658,45.44406],[9.26658,45.44416],[9.26659,45.44419],[9.26659,45.44422],[9.26661,45.44438],[9.26662,45.44443],[9.26663,45.44454],[9.26663,45.44457],[9.26664,45.44459],[9.26664,45.44462],[9.26664,45.44465],[9.26665,45.44467],[9.26665,45.4447],[9.26665,45.44473],[9.26666,45.44475],[9.26666,45.44492],[9.26667,45.44494],[9.26667,45.44497],[9.26667,45.445],[9.26667,45.44503],[9.26667,45.44505],[9.26667,45.44508],[9.26668,45.44511],[9.26669,45.44514],[9.2667,45.44516],[9.26671,45.44519],[9.26671,45.44522],[9.26672,45.44524],[9.26673,45.44527],[9.26674,45.4453],[9.26674,45.44532],[9.26675,45.44535],[9.26676,45.44538],[9.26676,45.4454],[9.26677,45.44543],[9.26677,45.44546],[9.26678,45.44548],[9.26679,45.44551],[9.26679,45.44554],[9.2668,45.44556],[9.26681,45.44559],[9.26681,45.44562],[9.26682,45.44564],[9.26682,45.44567],[9.26683,45.4457],[9.26684,45.44572],[9.26684,45.44575],[9.26684,45.44583],[9.26683,45.44585],[9.26682,45.44588],[9.26678,45.44596],[9.26677,45.44599],[9.26675,45.44602],[9.26674,45.44604],[9.26673,45.44607],[9.26671,45.44609],[9.26669,45.44612],[9.26667,45.44614],[9.26665,45.44616],[9.26663,45.44619],[9.26662,45.44621],[9.2666,45.44624],[9.26659,45.44626],[9.26657,45.44628],[9.26656,45.44631],[9.26654,45.44634],[9.26653,45.44636],[9.26652,45.44639],[9.26651,45.44641],[9.2665,45.44644],[9.2665,45.44646],[9.26649,45.44649],[9.26648,45.44652],[9.26648,45.44654],[9.26648,45.44657],[9.26648,45.4466],[9.26648,45.44662],[9.26647,45.44665],[9.26647,45.44668],[9.26647,45.44671],[9.26647,45.44673],[9.26647,45.44676],[9.26647,45.44679],[9.26647,45.44681],[9.26647,45.44684],[9.26647,45.44687],[9.26647,45.4469],[9.26648,45.44692],[9.26648,45.44695],[9.26647,45.44698],[9.26648,45.447],[9.26648,45.44703],[9.26648,45.44706],[9.26648,45.44708],[9.26648,45.44711],[9.26648,45.44714],[9.26648,45.44717],[9.26648,45.44719],[9.26648,45.44722],[9.26649,45.44725],[9.26649,45.44727],[9.26649,45.4473],[9.2665,45.44733],[9.2665,45.44735],[9.26666,45.44775],[9.26701,45.44823],[9.26719,45.44859],[9.26727,45.4488],[9.26729,45.44883],[9.26729,45.44885],[9.26731,45.44888],[9.26732,45.44891],[9.26732,45.44893],[9.26733,45.44896],[9.26733,45.44899],[9.26734,45.44901],[9.26735,45.44904],[9.26735,45.44907],[9.26736,45.44909],[9.26736,45.44912],[9.26737,45.44915],[9.26737,45.44917],[9.26738,45.4492],[9.26739,45.44923],[9.26741,45.44932],[9.26742,45.44935],[9.26742,45.44938],[9.26743,45.4494],[9.26743,45.44943],[9.26743,45.44946],[9.26744,45.44948],[9.26744,45.44951],[9.26744,45.44954],[9.26744,45.44956],[9.26744,45.44959],[9.26744,45.44962],[9.26743,45.44973],[9.26742,45.44976],[9.26741,45.44978],[9.2674,45.44981],[9.26739,45.44983],[9.26737,45.44986],[9.26736,45.44988],[9.26734,45.44991],[9.26733,45.44993],[9.26731,45.44996],[9.26729,45.44998],[9.26719,45.45011],[9.26718,45.45013],[9.26717,45.45015],[9.26715,45.45017],[9.26714,45.45018],[9.26711,45.45022],[9.26709,45.45024],[9.26707,45.45026],[9.26705,45.45028],[9.26703,45.4503],[9.26701,45.45032],[9.26697,45.45034],[9.26696,45.45035],[9.26679,45.45047],[9.26677,45.45048],[9.26674,45.4505],[9.26671,45.45051],[9.26669,45.45053],[9.26665,45.45054],[9.26663,45.45056],[9.2666,45.45057],[9.26656,45.45059],[9.26653,45.45061],[9.26651,45.45062],[9.26633,45.4507],[9.26631,45.45071],[9.26627,45.45073],[9.26623,45.45075],[9.26621,45.45076],[9.26614,45.45092],[9.26622,45.45112],[9.26613,45.45121],[9.26582,45.45132],[9.26553,45.45131],[9.26544,45.4513],[9.26516,45.45128],[9.26509,45.45149],[9.26498,45.45161],[9.26489,45.45172],[9.26485,45.4518],[9.26474,45.45195],[9.26479,45.45202],[9.26488,45.45199],[9.26491,45.45191],[9.26524,45.45206],[9.26523,45.45214],[9.26512,45.45219],[9.26509,45.45226],[9.26503,45.45235],[9.26511,45.45242],[9.26508,45.45253],[9.26418,45.45405],[9.26374,45.45539],[9.26384,45.45544],[9.26395,45.45549],[9.26462,45.45569],[9.26447,45.45749],[9.26605,45.45781],[9.26832,45.45817],[9.26949,45.45851],[9.26997,45.45891],[9.27035,45.45988],[9.2702,45.46046],[9.27168,45.46078],[9.27276,45.46072],[9.27271,45.46079]]]]}},{"type":"Feature","properties":{"nil":"PADOVA - TURRO - CRESCENZAGO","zona":null},"geometry":{"type":"MultiPolygon","coordinates":[[[[9.25605,45.51151],[9.25388,45.51125],[9.25275,45.511],[9.24861,45.51019],[9.24747,45.50957],[9.24375,45.50781],[9.24044,45.50626],[9.23744,45.50492],[9.23442,45.50441],[9.23193,45.50406],[9.22898,45.50359],[9.2273,45.50344],[9.22524,45.50398],[9.22296,45.50396],[9.22069,45.50352],[9.21911,45.5032],[9.2181,45.50248],[9.21711,45.50097],[9.21828,45.49997],[9.21877,45.49951],[9.22125,45.49797],[9.22405,45.497],[9.22662,45.49591],[9.22983,45.49318],[9.23144,45.49283],[9.23313,45.49393],[9.23555,45.49573],[9.23738,45.49723],[9.23957,45.49895],[9.24092,45.5],[9.24311,45.5017],[9.24545,45.50349],[9.24771,45.50514],[9.25018,45.50703],[9.25299,45.50915],[9.25605,45.51151]]]]}},{"type":"Feature","properties":{"nil":"GRATOSOGLIO - Q.RE MISSAGLIA - Q.RE TERRAZZE","zona":"gratosoglio"},"geometry":{"type":"MultiPolygon","coordinates":[[[[9.17334,45.42346],[9.16966,45.42019],[9.16719,45.42039],[9.16279,45.41451],[9.15892,45.40816],[9.15887,45.40808],[9.15908,45.40801],[9.15868,45.4072],[9.15849,45.40687],[9.15808,45.40617],[9.15784,45.40576],[9.15759,45.40532],[9.15742,45.40503],[9.15697,45.40424],[9.1569,45.40401],[9.15724,45.4037],[9.15745,45.4035],[9.15756,45.40341],[9.15773,45.40326],[9.15791,45.40308],[9.15799,45.40299],[9.15779,45.40286],[9.15733,45.40253],[9.15703,45.40232],[9.15635,45.40184],[9.1561,45.40149],[9.15647,45.40134],[9.15706,45.40116],[9.15758,45.40132],[9.15797,45.40141],[9.15866,45.4016],[9.15861,45.40177],[9.15845,45.40202],[9.15825,45.40234],[9.15814,45.40258],[9.15827,45.4026],[9.15851,45.40265],[9.15903,45.40277],[9.15965,45.4029],[9.15988,45.40295],[9.1603,45.40301],[9.16229,45.40318],[9.16311,45.40333],[9.16345,45.40324],[9.16388,45.40312],[9.16407,45.40306],[9.16408,45.40308],[9.16414,45.40312],[9.16417,45.40317],[9.1642,45.40324],[9.16423,45.40329],[9.16416,45.40331],[9.16409,45.40332],[9.16408,45.40337],[9.16411,45.40342],[9.16422,45.40342],[9.1643,45.40344],[9.16433,45.40349],[9.16433,45.4035],[9.16434,45.40351],[9.16435,45.40351],[9.16436,45.40352],[9.16437,45.40352],[9.16438,45.40352],[9.16439,45.40352],[9.1644,45.40351],[9.16441,45.4035],[9.16442,45.40349],[9.16443,45.40349],[9.16443,45.40348],[9.16443,45.40347],[9.16444,45.40347],[9.16444,45.40346],[9.16445,45.40346],[9.16445,45.40345],[9.16447,45.40344],[9.16448,45.40343],[9.16449,45.40343],[9.1645,45.40342],[9.16453,45.40342],[9.16454,45.40341],[9.16456,45.40341],[9.16457,45.40341],[9.16459,45.4034],[9.1646,45.4034],[9.16461,45.4034],[9.16462,45.40339],[9.16464,45.40338],[9.16465,45.40337],[9.16466,45.40336],[9.16467,45.40336],[9.16468,45.40335],[9.16469,45.40335],[9.1647,45.40334],[9.16472,45.40334],[9.16473,45.40333],[9.16477,45.40332],[9.16478,45.40332],[9.16479,45.40332],[9.1648,45.40332],[9.16482,45.40332],[9.16482,45.40331],[9.16483,45.40331],[9.16484,45.40331],[9.16485,45.4033],[9.16486,45.4033],[9.16486,45.40329],[9.16487,45.40329],[9.16487,45.40328],[9.16488,45.40327],[9.1649,45.40325],[9.16491,45.40324],[9.16492,45.40323],[9.16493,45.40323],[9.16494,45.40323],[9.16494,45.40322],[9.16496,45.40322],[9.16497,45.40321],[9.16498,45.40321],[9.16498,45.4032],[9.16499,45.4032],[9.165,45.4032],[9.16504,45.40319],[9.16505,45.40318],[9.16506,45.40318],[9.16507,45.40318],[9.16508,45.40318],[9.16508,45.40317],[9.16509,45.40317],[9.16511,45.40316],[9.16512,45.40315],[9.16513,45.40314],[9.16515,45.40313],[9.16516,45.40313],[9.16517,45.40313],[9.16519,45.40313],[9.1652,45.40313],[9.16521,45.40312],[9.16523,45.40312],[9.16524,45.40311],[9.16525,45.40311],[9.16526,45.40311],[9.16528,45.4031],[9.16529,45.4031],[9.16531,45.40309],[9.16533,45.40308],[9.16534,45.40308],[9.16535,45.40307],[9.16537,45.40307],[9.16538,45.40307],[9.16539,45.40307],[9.1654,45.40306],[9.16543,45.40306],[9.16544,45.40306],[9.16545,45.40305],[9.16546,45.40305],[9.1655,45.40305],[9.16556,45.40305],[9.16557,45.40305],[9.16558,45.40305],[9.16559,45.40305],[9.1656,45.40305],[9.1656,45.40304],[9.16561,45.40304],[9.16561,45.40303],[9.16561,45.40302],[9.16561,45.40301],[9.16561,45.403],[9.16562,45.40299],[9.16562,45.40298],[9.16563,45.40297],[9.16564,45.40295],[9.16565,45.40295],[9.16566,45.40293],[9.16567,45.40292],[9.16567,45.40291],[9.16568,45.40289],[9.16569,45.40288],[9.1657,45.40286],[9.16571,45.40283],[9.16572,45.40282],[9.16572,45.4028],[9.16573,45.40279],[9.16574,45.40277],[9.16575,45.40275],[9.16576,45.40274],[9.16577,45.40272],[9.16578,45.40271],[9.16583,45.40263],[9.16584,45.40262],[9.16584,45.40261],[9.16585,45.40259],[9.16586,45.40258],[9.16586,45.40256],[9.16586,45.40252],[9.16586,45.40249],[9.16587,45.40248],[9.16587,45.40246],[9.16587,45.40244],[9.16588,45.40242],[9.1659,45.40239],[9.16591,45.40238],[9.16592,45.40237],[9.16594,45.40234],[9.16595,45.40233],[9.16597,45.40232],[9.16598,45.40231],[9.166,45.40231],[9.16601,45.4023],[9.16606,45.40228],[9.16624,45.40223],[9.1663,45.402],[9.16615,45.40177],[9.1656,45.40092],[9.16546,45.40044],[9.1666,45.40045],[9.1665,45.40085],[9.16692,45.40111],[9.16737,45.40125],[9.16794,45.40194],[9.16807,45.40218],[9.1682,45.40222],[9.16872,45.40237],[9.16996,45.40277],[9.17065,45.4028],[9.17075,45.40285],[9.1707,45.40243],[9.17067,45.40208],[9.17062,45.40167],[9.17055,45.401],[9.1705,45.40074],[9.17095,45.40075],[9.17228,45.40075],[9.17353,45.40074],[9.17399,45.40077],[9.17526,45.40473],[9.17617,45.40657],[9.17999,45.40625],[9.18207,45.4082],[9.18252,45.41128],[9.18194,45.41561],[9.18192,45.41816],[9.18041,45.42107],[9.17852,45.42235],[9.17714,45.42275],[9.17402,45.42205],[9.17334,45.42346]]]]}},{"type":"Feature","properties":{"nil":"PORTA MAGENTA","zona":null},"geometry":{"type":"MultiPolygon","coordinates":[[[[9.1552,45.46687],[9.15065,45.46641],[9.14859,45.46672],[9.14606,45.46695],[9.14668,45.46543],[9.14869,45.46203],[9.14949,45.46063],[9.15067,45.45847],[9.15112,45.45773],[9.15165,45.45687],[9.15269,45.45521],[9.15524,45.45602],[9.1582,45.45697],[9.15995,45.45753],[9.16246,45.45832],[9.16579,45.4595],[9.16372,45.4609],[9.16405,45.46355],[9.16486,45.46619],[9.1619,45.46639],[9.15916,45.46659],[9.1552,45.46687]]]]}},{"type":"Feature","properties":{"nil":"FORZE ARMATE","zona":null},"geometry":{"type":"MultiPolygon","coordinates":[[[[9.12613,45.46928],[9.12427,45.46988],[9.12187,45.47122],[9.11929,45.4727],[9.11695,45.47119],[9.11392,45.47056],[9.10963,45.46964],[9.10612,45.46975],[9.10397,45.47075],[9.10291,45.47117],[9.10162,45.47049],[9.10599,45.46666],[9.10952,45.46675],[9.11007,45.46352],[9.10714,45.46297],[9.10635,45.46175],[9.10396,45.46186],[9.10223,45.46267],[9.09772,45.46086],[9.09698,45.46026],[9.098,45.45866],[9.09912,45.45631],[9.10107,45.45383],[9.10257,45.45257],[9.10543,45.4538],[9.11054,45.45475],[9.11629,45.45601],[9.11776,45.45641],[9.11951,45.45687],[9.12111,45.45729],[9.1247,45.45822],[9.12965,45.45953],[9.1284,45.46201],[9.1273,45.46546],[9.12647,45.46821],[9.12613,45.46928]]]]}},{"type":"Feature","properties":{"nil":"GHISOLFA","zona":null},"geometry":{"type":"MultiPolygon","coordinates":[[[[9.17303,45.4906],[9.17041,45.49136],[9.16718,45.49349],[9.16391,45.49591],[9.16012,45.4957],[9.15716,45.49374],[9.1552,45.49248],[9.15255,45.49075],[9.15359,45.48911],[9.15788,45.48786],[9.16075,45.48781],[9.16618,45.48766],[9.16986,45.4875],[9.17362,45.48889],[9.17328,45.49024],[9.17303,45.4906]]]]}},{"type":"Feature","properties":{"nil":"CHIARAVALLE","zona":null},"geometry":{"type":"MultiPolygon","coordinates":[[[[9.24507,45.41742],[9.24504,45.41744],[9.24501,45.41746],[9.24498,45.41747],[9.24495,45.41749],[9.24492,45.41751],[9.24479,45.41758],[9.24476,45.4176],[9.24473,45.41761],[9.24469,45.41763],[9.24466,45.41764],[9.24463,45.41766],[9.2446,45.41768],[9.24457,45.41769],[9.24454,45.41771],[9.24451,45.41773],[9.24448,45.41774],[9.24445,45.41776],[9.24442,45.41777],[9.24439,45.41779],[9.24436,45.41781],[9.24433,45.41783],[9.2443,45.41784],[9.24427,45.41786],[9.24424,45.41788],[9.24421,45.41789],[9.24412,45.41794],[9.24338,45.41823],[9.24249,45.41861],[9.24183,45.41888],[9.24088,45.4193],[9.24034,45.41952],[9.23855,45.41969],[9.23491,45.41601],[9.23774,45.41518],[9.23855,45.41663],[9.23929,45.41596],[9.2403,45.41414],[9.24507,45.41742]]]]}},{"type":"Feature","properties":{"nil":"PARCO DELLE ABBAZIE","zona":null},"geometry":{"type":"MultiPolygon","coordinates":[[[[9.21711,45.43187],[9.2143,45.43347],[9.20856,45.43209],[9.20954,45.43122],[9.21145,45.42642],[9.21095,45.42494],[9.20761,45.42295],[9.20687,45.42331],[9.20599,45.41964],[9.20375,45.42024],[9.19848,45.4229],[9.19599,45.42792],[9.19106,45.42546],[9.18917,45.42521],[9.18423,45.42648],[9.18081,45.42588],[9.18064,45.42356],[9.18041,45.42107],[9.18192,45.41816],[9.18194,45.41561],[9.18252,45.41128],[9.18207,45.4082],[9.17999,45.40625],[9.17617,45.40657],[9.17526,45.40473],[9.17399,45.40077],[9.17358,45.40059],[9.17347,45.39966],[9.17334,45.39851],[9.17325,45.39772],[9.17318,45.39716],[9.17308,45.39633],[9.17288,45.39459],[9.17327,45.39451],[9.17339,45.39449],[9.17367,45.39441],[9.17386,45.39438],[9.17421,45.39432],[9.17456,45.39424],[9.17483,45.39418],[9.17511,45.39412],[9.17555,45.39404],[9.17586,45.39398],[9.17626,45.39389],[9.17656,45.39383],[9.17693,45.39373],[9.17721,45.39368],[9.17749,45.39363],[9.17771,45.39358],[9.17791,45.39354],[9.17815,45.39348],[9.17838,45.39343],[9.17859,45.39339],[9.17875,45.39335],[9.17892,45.39334],[9.17913,45.39331],[9.1793,45.39329],[9.17943,45.39326],[9.17966,45.39313],[9.17984,45.39305],[9.18003,45.39299],[9.18026,45.3929],[9.18056,45.39275],[9.18092,45.39261],[9.18105,45.39258],[9.18114,45.39251],[9.18123,45.39246],[9.18126,45.39245],[9.18129,45.39243],[9.18133,45.39242],[9.18136,45.3924],[9.18139,45.39239],[9.18142,45.39237],[9.18146,45.39236],[9.1815,45.39234],[9.18153,45.39233],[9.18156,45.39232],[9.18159,45.3923],[9.18163,45.39229],[9.18166,45.39227],[9.18169,45.39226],[9.18172,45.39224],[9.18176,45.39223],[9.18179,45.39222],[9.18182,45.3922],[9.18185,45.39219],[9.18189,45.39217],[9.18192,45.39216],[9.18195,45.39214],[9.18198,45.39212],[9.18201,45.39211],[9.18204,45.39209],[9.18208,45.39208],[9.18211,45.39207],[9.18214,45.39205],[9.18217,45.39204],[9.1822,45.39202],[9.18224,45.39201],[9.18227,45.392],[9.18231,45.39198],[9.18234,45.39197],[9.18237,45.39195],[9.1824,45.39194],[9.18243,45.39192],[9.18246,45.39191],[9.18248,45.39189],[9.1825,45.39187],[9.1825,45.39184],[9.1825,45.39182],[9.18249,45.39179],[9.18248,45.39177],[9.18247,45.39174],[9.18245,45.39172],[9.18244,45.39169],[9.18242,45.39167],[9.18241,45.39164],[9.1824,45.39162],[9.18238,45.39159],[9.18237,45.39156],[9.18236,45.39154],[9.18235,45.39151],[9.18234,45.39149],[9.18233,45.39146],[9.18231,45.39144],[9.1823,45.39141],[9.18229,45.39138],[9.18228,45.39136],[9.18227,45.39133],[9.18226,45.39131],[9.18225,45.39128],[9.18224,45.39125],[9.18223,45.39123],[9.18222,45.3912],[9.18221,45.39117],[9.1822,45.39115],[9.18219,45.39112],[9.18219,45.3911],[9.18218,45.39107],[9.18217,45.39104],[9.18216,45.39102],[9.18215,45.39099],[9.18214,45.39096],[9.18213,45.39094],[9.18212,45.39091],[9.18212,45.39088],[9.18211,45.39086],[9.1821,45.39083],[9.18209,45.39077],[9.18215,45.39071],[9.18227,45.39066],[9.18238,45.3906],[9.18249,45.39055],[9.1826,45.39053],[9.18264,45.39053],[9.18268,45.39052],[9.18271,45.39052],[9.18275,45.39052],[9.18279,45.39052],[9.18283,45.39052],[9.18287,45.39051],[9.1829,45.39051],[9.18294,45.3905],[9.18298,45.3905],[9.18302,45.3905],[9.18306,45.39049],[9.18309,45.39049],[9.18313,45.39048],[9.18317,45.39048],[9.1832,45.39047],[9.18324,45.39047],[9.18328,45.39046],[9.18332,45.39046],[9.18336,45.39045],[9.18339,45.39045],[9.18343,45.39045],[9.18347,45.39044],[9.18351,45.39044],[9.18355,45.39044],[9.18358,45.39043],[9.18362,45.39043],[9.18366,45.39042],[9.18369,45.39042],[9.18373,45.39041],[9.18377,45.3904],[9.18381,45.3904],[9.18385,45.39039],[9.18389,45.39039],[9.18392,45.39039],[9.18396,45.39039],[9.184,45.39038],[9.18403,45.39038],[9.18407,45.39037],[9.1841,45.39036],[9.18414,45.39035],[9.18418,45.39034],[9.18421,45.39033],[9.18424,45.39031],[9.18427,45.3903],[9.1843,45.39028],[9.18434,45.39027],[9.18437,45.39026],[9.18441,45.39024],[9.18444,45.39023],[9.18448,45.39023],[9.18451,45.39021],[9.18476,45.39013],[9.18523,45.38998],[9.1856,45.38987],[9.18564,45.38988],[9.18558,45.38994],[9.18573,45.39003],[9.18603,45.39019],[9.18605,45.39039],[9.18613,45.39061],[9.18614,45.39069],[9.18614,45.39071],[9.18615,45.39074],[9.18616,45.39076],[9.18616,45.39079],[9.18617,45.39082],[9.18618,45.39084],[9.18619,45.39087],[9.18619,45.3909],[9.1862,45.39092],[9.1862,45.39094],[9.18621,45.39097],[9.18622,45.391],[9.18623,45.39102],[9.18623,45.39105],[9.18624,45.39108],[9.18625,45.3911],[9.18626,45.39113],[9.18627,45.39115],[9.18628,45.39118],[9.18629,45.39121],[9.18629,45.39123],[9.1863,45.39126],[9.1863,45.39128],[9.18631,45.39131],[9.18631,45.39134],[9.18632,45.39136],[9.18633,45.39139],[9.18634,45.39142],[9.18637,45.39144],[9.18641,45.39147],[9.18644,45.39145],[9.18645,45.39143],[9.18647,45.39141],[9.1865,45.39138],[9.18652,45.39136],[9.18654,45.39134],[9.18657,45.39132],[9.1866,45.3913],[9.18662,45.39129],[9.18665,45.39127],[9.18668,45.39126],[9.18671,45.39124],[9.18674,45.39123],[9.18677,45.39121],[9.18679,45.39119],[9.1868,45.39116],[9.18681,45.39114],[9.18681,45.39111],[9.18682,45.39108],[9.18683,45.39106],[9.18684,45.39103],[9.18686,45.39101],[9.18688,45.39099],[9.1869,45.39097],[9.18693,45.39095],[9.18697,45.39094],[9.18702,45.39097],[9.18702,45.39099],[9.18701,45.39102],[9.18699,45.39105],[9.18698,45.39108],[9.18699,45.39112],[9.18701,45.39114],[9.18705,45.39115],[9.18709,45.39115],[9.18711,45.39115],[9.18715,45.39114],[9.18718,45.39112],[9.18724,45.39108],[9.18726,45.39105],[9.1873,45.39106],[9.18731,45.39108],[9.18733,45.39113],[9.18735,45.39115],[9.18738,45.39117],[9.18741,45.39118],[9.18745,45.39119],[9.18748,45.3912],[9.18752,45.39121],[9.18755,45.39122],[9.18759,45.39123],[9.18762,45.39124],[9.18766,45.39125],[9.1877,45.39126],[9.18773,45.39127],[9.18776,45.39129],[9.18779,45.3913],[9.18783,45.39132],[9.18786,45.39134],[9.18788,45.39136],[9.18791,45.39138],[9.18793,45.3914],[9.18796,45.39142],[9.18799,45.39144],[9.18801,45.39146],[9.18804,45.39148],[9.18807,45.39149],[9.1881,45.39151],[9.18813,45.39153],[9.18816,45.39154],[9.18819,45.39156],[9.18822,45.39157],[9.18827,45.39158],[9.18834,45.39161],[9.18837,45.39162],[9.18839,45.39164],[9.18848,45.39172],[9.18851,45.39174],[9.18854,45.39176],[9.18857,45.39177],[9.1886,45.39179],[9.18863,45.3918],[9.18865,45.39182],[9.18868,45.39184],[9.18871,45.39186],[9.18873,45.39188],[9.18876,45.3919],[9.18879,45.39192],[9.18882,45.39193],[9.18885,45.39195],[9.18888,45.39197],[9.18891,45.39198],[9.18894,45.392],[9.18897,45.39202],[9.189,45.39203],[9.18904,45.39205],[9.18907,45.39206],[9.1891,45.39208],[9.18913,45.39209],[9.18915,45.39211],[9.18918,45.39212],[9.18921,45.39214],[9.18925,45.39215],[9.18928,45.39217],[9.18931,45.39218],[9.18934,45.3922],[9.18937,45.39222],[9.1894,45.39223],[9.18943,45.39225],[9.18946,45.39227],[9.18949,45.39229],[9.18951,45.39231],[9.18954,45.39232],[9.18957,45.39234],[9.18959,45.39237],[9.18962,45.39239],[9.18984,45.39258],[9.19003,45.39267],[9.19012,45.39258],[9.1902,45.39243],[9.19031,45.39258],[9.19035,45.39273],[9.19047,45.39277],[9.19065,45.39255],[9.19101,45.39256],[9.19104,45.39254],[9.19105,45.39252],[9.19107,45.39249],[9.19108,45.39247],[9.19109,45.39245],[9.1911,45.39242],[9.19111,45.39239],[9.19112,45.39237],[9.19112,45.39234],[9.19111,45.39227],[9.1911,45.39224],[9.19109,45.39221],[9.19108,45.39218],[9.191,45.39209],[9.19095,45.39198],[9.19095,45.39191],[9.19097,45.39189],[9.19109,45.39173],[9.19123,45.39148],[9.19123,45.39135],[9.19128,45.39087],[9.1914,45.39079],[9.19134,45.39068],[9.19107,45.39047],[9.19101,45.39046],[9.19097,45.39047],[9.19094,45.39047],[9.19092,45.39047],[9.1909,45.39045],[9.1909,45.39043],[9.1909,45.3904],[9.1909,45.39037],[9.19087,45.39034],[9.19084,45.39032],[9.19081,45.39031],[9.19079,45.39029],[9.19076,45.39027],[9.19074,45.39025],[9.19071,45.39023],[9.19069,45.39021],[9.19068,45.39018],[9.19066,45.39016],[9.19065,45.39014],[9.19064,45.39011],[9.19063,45.39009],[9.19064,45.39007],[9.19065,45.39004],[9.19067,45.39002],[9.19068,45.38999],[9.1907,45.38997],[9.19072,45.38995],[9.19074,45.38993],[9.19076,45.38991],[9.19079,45.38989],[9.19081,45.38986],[9.19083,45.38984],[9.19085,45.38981],[9.19086,45.38978],[9.19086,45.38976],[9.19086,45.38973],[9.19086,45.3897],[9.19086,45.38967],[9.19086,45.38965],[9.19086,45.38963],[9.19087,45.3896],[9.19088,45.38957],[9.19089,45.38955],[9.19089,45.38952],[9.1909,45.38949],[9.1909,45.38946],[9.19091,45.38944],[9.19091,45.38941],[9.19091,45.38938],[9.1909,45.38935],[9.1909,45.38933],[9.1909,45.3893],[9.1909,45.38928],[9.19091,45.38926],[9.19092,45.38923],[9.19094,45.3892],[9.19095,45.38918],[9.19095,45.38915],[9.19096,45.38912],[9.19096,45.38909],[9.19096,45.38907],[9.19096,45.38904],[9.19095,45.38901],[9.19096,45.38899],[9.19095,45.38895],[9.19093,45.38893],[9.19091,45.3889],[9.19089,45.38888],[9.19087,45.38886],[9.19084,45.38884],[9.19082,45.38882],[9.19081,45.3888],[9.19081,45.38877],[9.19081,45.38875],[9.19082,45.38872],[9.19083,45.3887],[9.19084,45.38867],[9.19086,45.38865],[9.19087,45.38862],[9.19089,45.3886],[9.1909,45.38857],[9.19092,45.38855],[9.19093,45.38852],[9.19095,45.3885],[9.19097,45.38848],[9.19102,45.3885],[9.19133,45.38867],[9.19142,45.38875],[9.19154,45.38883],[9.1917,45.38889],[9.19171,45.38886],[9.19171,45.38883],[9.1917,45.3888],[9.1917,45.38877],[9.19168,45.38875],[9.19167,45.38872],[9.19166,45.3887],[9.19165,45.38867],[9.19164,45.38865],[9.19163,45.38862],[9.19162,45.38859],[9.19162,45.38857],[9.19161,45.38854],[9.19161,45.38851],[9.1916,45.38849],[9.1916,45.38846],[9.1916,45.38844],[9.19161,45.38842],[9.19162,45.38839],[9.19164,45.38837],[9.19166,45.38834],[9.19167,45.38832],[9.19168,45.3883],[9.1917,45.38828],[9.19172,45.38825],[9.19174,45.38823],[9.19176,45.38821],[9.19178,45.38818],[9.1918,45.38816],[9.19182,45.38814],[9.19184,45.38811],[9.19186,45.38809],[9.19188,45.38807],[9.1919,45.38805],[9.19192,45.38802],[9.19195,45.388],[9.19197,45.38799],[9.192,45.38797],[9.19203,45.38796],[9.19206,45.38795],[9.19209,45.38795],[9.19212,45.38794],[9.19216,45.38793],[9.1922,45.38793],[9.19223,45.38793],[9.19227,45.38792],[9.19231,45.38792],[9.19235,45.38791],[9.1924,45.3879],[9.19243,45.38787],[9.19244,45.38783],[9.19243,45.3878],[9.19242,45.38777],[9.19241,45.38775],[9.19239,45.38772],[9.19239,45.3877],[9.19238,45.38768],[9.19238,45.38765],[9.19238,45.38762],[9.19238,45.3876],[9.19239,45.38757],[9.1924,45.38755],[9.19241,45.38752],[9.19242,45.38749],[9.19244,45.38742],[9.19245,45.38732],[9.19248,45.38727],[9.19248,45.38716],[9.19251,45.38706],[9.19258,45.38687],[9.19264,45.38672],[9.19267,45.38673],[9.19271,45.38674],[9.19275,45.38674],[9.19278,45.38675],[9.19282,45.38676],[9.19286,45.38676],[9.1929,45.38677],[9.19293,45.38678],[9.19297,45.38678],[9.19301,45.38679],[9.19304,45.3868],[9.19308,45.3868],[9.19312,45.38681],[9.19315,45.38682],[9.19319,45.38682],[9.19323,45.38683],[9.19327,45.38684],[9.1933,45.38684],[9.19334,45.38685],[9.19338,45.38685],[9.19342,45.38686],[9.19345,45.38686],[9.19349,45.38687],[9.19353,45.38688],[9.19357,45.38688],[9.1936,45.38689],[9.19364,45.38689],[9.19368,45.3869],[9.19372,45.3869],[9.19375,45.38691],[9.19379,45.38691],[9.19383,45.38692],[9.19387,45.38693],[9.1939,45.38693],[9.19394,45.38694],[9.19398,45.38694],[9.19402,45.38695],[9.19405,45.38695],[9.19409,45.38696],[9.19413,45.38696],[9.19417,45.38697],[9.1942,45.38697],[9.19424,45.38698],[9.19428,45.38698],[9.19432,45.38699],[9.19449,45.38704],[9.19451,45.38706],[9.19453,45.38708],[9.19457,45.38709],[9.1946,45.3871],[9.19464,45.3871],[9.19468,45.38711],[9.19471,45.38711],[9.19475,45.38712],[9.19479,45.38713],[9.19482,45.38714],[9.19486,45.38714],[9.1949,45.38715],[9.19494,45.38715],[9.19497,45.38716],[9.19501,45.38717],[9.19505,45.38717],[9.19509,45.38718],[9.19512,45.38718],[9.19516,45.38719],[9.1952,45.3872],[9.19524,45.3872],[9.19527,45.38721],[9.19531,45.38721],[9.19535,45.38722],[9.19539,45.38722],[9.19542,45.38723],[9.19546,45.38724],[9.1955,45.38724],[9.19554,45.38725],[9.19557,45.38726],[9.19561,45.38727],[9.19564,45.38729],[9.19567,45.3873],[9.19571,45.38731],[9.19574,45.38732],[9.19578,45.38734],[9.19581,45.38735],[9.19585,45.38736],[9.19588,45.38737],[9.19591,45.38738],[9.19595,45.3874],[9.19598,45.38741],[9.19602,45.38742],[9.19605,45.38743],[9.19609,45.38744],[9.19612,45.38745],[9.19616,45.38746],[9.19619,45.38748],[9.19622,45.38749],[9.19626,45.3875],[9.19629,45.38751],[9.19633,45.38752],[9.19636,45.38754],[9.1964,45.38755],[9.19643,45.38756],[9.19646,45.38758],[9.1965,45.38759],[9.19653,45.3876],[9.19657,45.38761],[9.1966,45.38762],[9.19663,45.38764],[9.19667,45.38765],[9.1967,45.38766],[9.19673,45.38767],[9.19677,45.38768],[9.1968,45.38767],[9.19688,45.38766],[9.19695,45.38767],[9.19698,45.38769],[9.19701,45.38771],[9.19703,45.38773],[9.19706,45.38775],[9.19708,45.38777],[9.1971,45.3878],[9.19712,45.38782],[9.19715,45.38784],[9.19717,45.38786],[9.1972,45.38788],[9.19722,45.3879],[9.19725,45.38792],[9.19727,45.38794],[9.1973,45.38796],[9.19732,45.38798],[9.19735,45.388],[9.19737,45.38802],[9.1974,45.38804],[9.19742,45.38806],[9.19745,45.38808],[9.19747,45.38811],[9.19749,45.38812],[9.19753,45.38814],[9.19755,45.38816],[9.19758,45.38818],[9.1976,45.3882],[9.19763,45.38822],[9.19766,45.38824],[9.19768,45.38826],[9.19771,45.38828],[9.19773,45.3883],[9.19776,45.38832],[9.19778,45.38834],[9.19781,45.38836],[9.19783,45.38838],[9.19786,45.3884],[9.19788,45.38842],[9.19791,45.38844],[9.19793,45.38846],[9.19796,45.38848],[9.19799,45.3885],[9.19801,45.38852],[9.19804,45.38855],[9.19806,45.38857],[9.19808,45.38859],[9.19811,45.38861],[9.19813,45.38863],[9.19816,45.38865],[9.19818,45.38867],[9.19821,45.38869],[9.19823,45.38871],[9.19826,45.38873],[9.19828,45.38875],[9.19831,45.38877],[9.19833,45.38879],[9.19836,45.38881],[9.19838,45.38883],[9.19841,45.38885],[9.19843,45.38887],[9.19846,45.38889],[9.19849,45.38891],[9.19851,45.38893],[9.19854,45.38895],[9.19856,45.38898],[9.19858,45.389],[9.19859,45.38902],[9.19861,45.38905],[9.19862,45.38908],[9.19864,45.38912],[9.19864,45.38915],[9.19865,45.38917],[9.19867,45.38919],[9.19869,45.38921],[9.19872,45.38924],[9.19874,45.38925],[9.19877,45.38927],[9.1988,45.38928],[9.19883,45.38929],[9.19887,45.3893],[9.1989,45.38931],[9.19894,45.38931],[9.19897,45.38932],[9.19901,45.38933],[9.19905,45.38933],[9.19909,45.38933],[9.19913,45.38934],[9.19916,45.38935],[9.1992,45.38935],[9.19924,45.38936],[9.19927,45.38937],[9.19931,45.38937],[9.19935,45.38938],[9.19939,45.38939],[9.19942,45.3894],[9.19946,45.3894],[9.1995,45.38941],[9.19953,45.38941],[9.19957,45.38941],[9.19961,45.38942],[9.19965,45.38942],[9.19969,45.38942],[9.19973,45.38943],[9.19977,45.38944],[9.19981,45.38945],[9.19985,45.38946],[9.19988,45.38947],[9.19991,45.38949],[9.19997,45.38952],[9.20005,45.38955],[9.20007,45.38959],[9.20008,45.38962],[9.20009,45.38964],[9.2001,45.38967],[9.20011,45.38969],[9.20013,45.38972],[9.20014,45.38975],[9.20016,45.38977],[9.20017,45.38979],[9.20019,45.38982],[9.20021,45.38984],[9.20023,45.38986],[9.20025,45.38989],[9.20026,45.38991],[9.20028,45.38993],[9.2003,45.38996],[9.20032,45.38998],[9.20034,45.39001],[9.20035,45.39003],[9.20037,45.39005],[9.20039,45.39008],[9.20041,45.3901],[9.20043,45.39012],[9.20045,45.39015],[9.20046,45.39017],[9.20048,45.39019],[9.2005,45.39022],[9.20052,45.39024],[9.20054,45.39027],[9.20056,45.39029],[9.20057,45.39031],[9.20059,45.39034],[9.20061,45.39036],[9.20062,45.39039],[9.20064,45.39041],[9.20065,45.39044],[9.20067,45.39046],[9.20069,45.39049],[9.2007,45.39051],[9.20072,45.39054],[9.20073,45.39056],[9.20075,45.39058],[9.20077,45.39061],[9.20079,45.39063],[9.20081,45.39065],[9.20082,45.39068],[9.20084,45.3907],[9.20086,45.39073],[9.20088,45.39075],[9.20089,45.39078],[9.20091,45.3908],[9.20093,45.39082],[9.20095,45.39084],[9.20097,45.39086],[9.20099,45.39088],[9.20102,45.39091],[9.20104,45.39093],[9.20106,45.39095],[9.20108,45.39097],[9.20111,45.39099],[9.20114,45.39101],[9.20116,45.39104],[9.20118,45.39106],[9.20121,45.39107],[9.20123,45.3911],[9.20126,45.39112],[9.20128,45.39114],[9.2013,45.39116],[9.20133,45.39118],[9.2014,45.39123],[9.20149,45.39132],[9.20173,45.3915],[9.20179,45.39159],[9.20181,45.39163],[9.20181,45.39169],[9.2018,45.39172],[9.2018,45.39175],[9.20179,45.39177],[9.20178,45.3918],[9.20178,45.39183],[9.20177,45.39185],[9.20176,45.39188],[9.20176,45.3919],[9.20175,45.39193],[9.20175,45.39196],[9.20175,45.39199],[9.20174,45.39201],[9.20174,45.39204],[9.20174,45.39207],[9.20174,45.39209],[9.20173,45.39212],[9.20173,45.39215],[9.20173,45.39217],[9.20172,45.3922],[9.20172,45.39223],[9.20172,45.39226],[9.20171,45.39228],[9.2017,45.39231],[9.2017,45.39234],[9.20169,45.39236],[9.20169,45.39239],[9.20169,45.39241],[9.20168,45.39244],[9.20168,45.39247],[9.20167,45.3925],[9.20166,45.39252],[9.20147,45.3928],[9.20145,45.39283],[9.20143,45.39285],[9.20142,45.39287],[9.2014,45.3929],[9.20138,45.39292],[9.20137,45.39295],[9.20135,45.39297],[9.20134,45.393],[9.20132,45.39302],[9.2013,45.39304],[9.20129,45.39307],[9.20127,45.39309],[9.20126,45.39312],[9.20125,45.39314],[9.20123,45.39317],[9.20121,45.39319],[9.2012,45.39322],[9.20118,45.39324],[9.20116,45.39327],[9.20115,45.39329],[9.20113,45.39331],[9.20111,45.39334],[9.20109,45.39336],[9.20107,45.39339],[9.20105,45.39341],[9.20103,45.39343],[9.20102,45.39346],[9.201,45.39348],[9.20098,45.3935],[9.20096,45.39353],[9.20094,45.39355],[9.20092,45.39358],[9.20091,45.3936],[9.20088,45.39362],[9.20086,45.39364],[9.20084,45.39367],[9.20082,45.39369],[9.2008,45.39371],[9.20077,45.39374],[9.20075,45.39376],[9.20073,45.39378],[9.2007,45.3938],[9.20068,45.39382],[9.20065,45.39384],[9.20063,45.39386],[9.20061,45.39388],[9.20059,45.3939],[9.20057,45.39393],[9.20055,45.39395],[9.20053,45.39397],[9.20051,45.394],[9.20049,45.39402],[9.20047,45.39404],[9.20045,45.39407],[9.20043,45.39409],[9.20041,45.39411],[9.20039,45.39414],[9.20037,45.39416],[9.20035,45.39418],[9.20033,45.3942],[9.2003,45.39423],[9.20028,45.39425],[9.20026,45.39427],[9.20024,45.39429],[9.20021,45.39432],[9.20019,45.39434],[9.20016,45.39436],[9.20014,45.39438],[9.20011,45.3944],[9.20008,45.39442],[9.20005,45.39443],[9.20002,45.39445],[9.2,45.39447],[9.19996,45.39449],[9.19993,45.39451],[9.1999,45.39452],[9.19986,45.39453],[9.19983,45.39454],[9.19979,45.39455],[9.19976,45.39457],[9.19974,45.39458],[9.19972,45.3946],[9.1997,45.39462],[9.19969,45.39465],[9.19968,45.39467],[9.19967,45.3947],[9.19967,45.39473],[9.19967,45.39475],[9.19968,45.39478],[9.19968,45.3948],[9.19969,45.39483],[9.19969,45.39486],[9.1997,45.39488],[9.1997,45.39491],[9.19971,45.39494],[9.19972,45.39496],[9.19972,45.39499],[9.19973,45.39502],[9.19974,45.39504],[9.19975,45.39507],[9.19975,45.3951],[9.19976,45.39512],[9.19976,45.39515],[9.19977,45.39518],[9.19978,45.3952],[9.19978,45.39523],[9.19978,45.39526],[9.19979,45.39528],[9.1998,45.39531],[9.1998,45.39534],[9.19981,45.39536],[9.19981,45.39539],[9.19982,45.39542],[9.19982,45.39545],[9.19983,45.39547],[9.19983,45.3955],[9.19984,45.39552],[9.19984,45.39555],[9.19985,45.39558],[9.19986,45.3956],[9.19987,45.39563],[9.19987,45.39566],[9.19988,45.39568],[9.19989,45.39571],[9.1999,45.39573],[9.19991,45.39576],[9.19992,45.39579],[9.19993,45.39581],[9.19994,45.39584],[9.19995,45.39586],[9.19996,45.39589],[9.19997,45.39592],[9.19997,45.39594],[9.19998,45.39597],[9.19999,45.396],[9.2,45.39602],[9.20001,45.39605],[9.20003,45.39607],[9.20004,45.3961],[9.20005,45.39612],[9.20006,45.39615],[9.20007,45.39618],[9.20008,45.39621],[9.20008,45.39623],[9.20008,45.39626],[9.20009,45.39629],[9.20009,45.39631],[9.2001,45.39634],[9.20011,45.39636],[9.20012,45.39639],[9.20013,45.39642],[9.20014,45.39644],[9.20015,45.39647],[9.20016,45.3965],[9.20016,45.39652],[9.20017,45.39655],[9.20018,45.39657],[9.20018,45.3966],[9.2002,45.39663],[9.2002,45.39665],[9.20021,45.39668],[9.20021,45.39671],[9.20022,45.39674],[9.20022,45.39676],[9.20023,45.39679],[9.20024,45.39681],[9.20024,45.39684],[9.20025,45.39687],[9.20026,45.39689],[9.20027,45.39692],[9.20027,45.39695],[9.20028,45.39697],[9.20028,45.397],[9.20029,45.39703],[9.2003,45.39705],[9.20031,45.39708],[9.20032,45.3971],[9.20033,45.39712],[9.20035,45.39715],[9.20037,45.39717],[9.20039,45.3972],[9.20041,45.39722],[9.20042,45.39725],[9.20043,45.39728],[9.20043,45.39731],[9.20042,45.39734],[9.20041,45.39736],[9.20039,45.39739],[9.20038,45.39741],[9.20036,45.39743],[9.20035,45.39745],[9.20034,45.39748],[9.20033,45.39749],[9.20033,45.39751],[9.20034,45.39753],[9.20035,45.39755],[9.20037,45.39757],[9.2004,45.39758],[9.20043,45.39759],[9.20046,45.3976],[9.2005,45.3976],[9.20054,45.3976],[9.20057,45.3976],[9.20064,45.3976],[9.20067,45.3976],[9.20071,45.3976],[9.20074,45.39759],[9.20078,45.39759],[9.20082,45.39759],[9.20086,45.39759],[9.20091,45.39759],[9.20095,45.3976],[9.20098,45.39761],[9.20102,45.39761],[9.20106,45.39762],[9.20109,45.39763],[9.20113,45.39763],[9.20117,45.39764],[9.20121,45.39765],[9.20124,45.39766],[9.20132,45.3976],[9.20138,45.39758],[9.20151,45.39755],[9.20167,45.3975],[9.20193,45.39759],[9.20305,45.39756],[9.20379,45.39755],[9.20428,45.39966],[9.20205,45.40017],[9.19981,45.4001],[9.19875,45.40167],[9.20041,45.40408],[9.20043,45.40564],[9.20032,45.41131],[9.20486,45.41279],[9.20794,45.40681],[9.20705,45.40318],[9.20479,45.4022],[9.20585,45.40088],[9.20592,45.4002],[9.20619,45.39953],[9.21053,45.39674],[9.21221,45.39696],[9.21337,45.39713],[9.21365,45.39717],[9.21374,45.39718],[9.21378,45.39719],[9.21382,45.39719],[9.21385,45.39719],[9.21389,45.3972],[9.21393,45.3972],[9.21397,45.39721],[9.21401,45.39721],[9.21404,45.39722],[9.21408,45.39722],[9.21412,45.39722],[9.21416,45.39723],[9.21419,45.39723],[9.21423,45.39724],[9.21427,45.39724],[9.21431,45.39725],[9.21435,45.39725],[9.21438,45.39726],[9.21442,45.39726],[9.21446,45.39727],[9.2145,45.39727],[9.21453,45.39728],[9.21457,45.39728],[9.21461,45.39729],[9.21465,45.39729],[9.21468,45.3973],[9.21472,45.3973],[9.21476,45.39731],[9.2148,45.39731],[9.21483,45.39732],[9.21487,45.39733],[9.21502,45.39733],[9.21508,45.39707],[9.21527,45.3968],[9.21536,45.39684],[9.21539,45.39685],[9.21543,45.39685],[9.21547,45.39686],[9.2155,45.39687],[9.21554,45.39688],[9.21558,45.39689],[9.21561,45.39689],[9.21565,45.3969],[9.21569,45.39691],[9.21572,45.39692],[9.21576,45.39692],[9.2158,45.39693],[9.21583,45.39694],[9.21587,45.39695],[9.21591,45.39695],[9.21594,45.39696],[9.21598,45.39697],[9.21602,45.39698],[9.21605,45.39698],[9.21609,45.39699],[9.21613,45.397],[9.21616,45.39701],[9.2162,45.39701],[9.21624,45.39702],[9.21627,45.39703],[9.21631,45.39704],[9.21635,45.39705],[9.21638,45.39705],[9.21642,45.39706],[9.21646,45.39707],[9.21649,45.39708],[9.21653,45.39709],[9.21657,45.39709],[9.2166,45.3971],[9.21664,45.39711],[9.21668,45.39711],[9.21672,45.39712],[9.21675,45.39712],[9.21679,45.39713],[9.21683,45.39713],[9.21687,45.39714],[9.2169,45.39715],[9.21694,45.39715],[9.21698,45.39716],[9.21702,45.39716],[9.21705,45.39717],[9.21709,45.39718],[9.21713,45.39719],[9.21716,45.39719],[9.2172,45.3972],[9.21724,45.39721],[9.21727,45.39721],[9.21731,45.39722],[9.21735,45.39723],[9.21739,45.39723],[9.21742,45.39724],[9.21746,45.39725],[9.2175,45.39725],[9.21753,45.39726],[9.21757,45.39727],[9.21761,45.39727],[9.21765,45.39728],[9.21768,45.39728],[9.21772,45.39729],[9.21776,45.3973],[9.21779,45.3973],[9.21783,45.39731],[9.21787,45.39732],[9.21791,45.39732],[9.21794,45.39733],[9.21798,45.39734],[9.21802,45.39734],[9.21805,45.39735],[9.21809,45.39736],[9.21813,45.39736],[9.21817,45.39737],[9.2182,45.39737],[9.21824,45.39738],[9.21828,45.39739],[9.21832,45.39739],[9.21835,45.3974],[9.21839,45.39741],[9.21842,45.39742],[9.21846,45.39743],[9.2185,45.39743],[9.21854,45.39744],[9.21857,45.39745],[9.21861,45.39745],[9.21877,45.39749],[9.21881,45.39752],[9.21879,45.39755],[9.21877,45.39757],[9.21874,45.39759],[9.21872,45.39761],[9.2187,45.39763],[9.21867,45.39766],[9.21865,45.39768],[9.21863,45.3977],[9.21861,45.39772],[9.21859,45.39775],[9.21858,45.39777],[9.21856,45.3978],[9.21854,45.39782],[9.21851,45.39784],[9.21849,45.39786],[9.21846,45.39788],[9.21844,45.3979],[9.21841,45.39792],[9.21839,45.39794],[9.21837,45.39797],[9.21836,45.39799],[9.21835,45.39802],[9.21834,45.39804],[9.21834,45.39807],[9.21833,45.3981],[9.21832,45.39812],[9.21831,45.39815],[9.2183,45.39817],[9.21828,45.3982],[9.21825,45.39822],[9.21823,45.39824],[9.21821,45.39827],[9.21819,45.39829],[9.21816,45.39831],[9.21814,45.39833],[9.21812,45.39835],[9.2181,45.39838],[9.21808,45.3984],[9.21806,45.39842],[9.21804,45.39845],[9.21802,45.39847],[9.218,45.39849],[9.21798,45.39851],[9.21796,45.39854],[9.21793,45.39856],[9.21791,45.39858],[9.21789,45.3986],[9.21786,45.39862],[9.21784,45.39864],[9.21782,45.39867],[9.2178,45.39869],[9.21778,45.39871],[9.21776,45.39874],[9.21774,45.39876],[9.21772,45.39878],[9.21771,45.39881],[9.21769,45.39883],[9.21767,45.39885],[9.21765,45.39888],[9.21763,45.3989],[9.21761,45.39892],[9.21758,45.39894],[9.21756,45.39896],[9.21753,45.39898],[9.21751,45.39901],[9.21749,45.39903],[9.21747,45.39905],[9.21744,45.39907],[9.21742,45.39909],[9.2174,45.39911],[9.21738,45.39914],[9.21735,45.39916],[9.21733,45.39918],[9.21731,45.3992],[9.21729,45.39923],[9.21727,45.39925],[9.21726,45.39927],[9.21724,45.3993],[9.21722,45.39932],[9.2172,45.39934],[9.21717,45.39937],[9.21715,45.39939],[9.21713,45.39941],[9.2171,45.39943],[9.21708,45.39945],[9.21705,45.39947],[9.21702,45.39949],[9.21699,45.39951],[9.21697,45.39953],[9.21694,45.39955],[9.21693,45.39957],[9.21692,45.39959],[9.2169,45.39962],[9.2169,45.39965],[9.21689,45.39967],[9.21688,45.3997],[9.21687,45.39973],[9.21686,45.39977],[9.21685,45.3998],[9.21684,45.39982],[9.21682,45.39985],[9.2168,45.39987],[9.21679,45.39989],[9.21678,45.39992],[9.21678,45.39994],[9.21678,45.39997],[9.21678,45.4],[9.21679,45.40003],[9.21679,45.40005],[9.21679,45.40008],[9.2168,45.40011],[9.2168,45.40013],[9.21681,45.40016],[9.21681,45.40019],[9.21682,45.40021],[9.21682,45.40024],[9.21683,45.40027],[9.21684,45.40029],[9.21684,45.40032],[9.21684,45.40035],[9.21683,45.40037],[9.21682,45.4004],[9.21681,45.40043],[9.2168,45.40045],[9.21679,45.40048],[9.21678,45.40051],[9.21677,45.40053],[9.21676,45.40056],[9.21675,45.40058],[9.21675,45.40061],[9.21674,45.40064],[9.21673,45.40066],[9.21672,45.40069],[9.21671,45.40072],[9.21671,45.40074],[9.2167,45.40077],[9.21669,45.4008],[9.21668,45.40082],[9.21667,45.40085],[9.21667,45.40087],[9.21666,45.4009],[9.21665,45.40093],[9.21665,45.40095],[9.21664,45.40098],[9.21663,45.40101],[9.21661,45.40103],[9.2166,45.40106],[9.21659,45.40108],[9.21659,45.40111],[9.21658,45.40114],[9.21658,45.40116],[9.21657,45.40119],[9.21657,45.40122],[9.21656,45.40124],[9.21655,45.40127],[9.21655,45.4013],[9.21654,45.40132],[9.21653,45.40135],[9.21652,45.40138],[9.21651,45.4014],[9.2165,45.40143],[9.21648,45.40145],[9.21647,45.40148],[9.21646,45.4015],[9.21645,45.40153],[9.21645,45.40156],[9.21645,45.40158],[9.21645,45.40161],[9.21645,45.40164],[9.21645,45.40166],[9.21646,45.40169],[9.21646,45.40172],[9.21646,45.40175],[9.21646,45.40177],[9.21646,45.4018],[9.21647,45.40183],[9.21647,45.40185],[9.21647,45.40188],[9.21647,45.40191],[9.21647,45.40193],[9.21647,45.40196],[9.21647,45.40199],[9.21647,45.40201],[9.21647,45.40204],[9.21647,45.40207],[9.21647,45.4021],[9.21647,45.40212],[9.21648,45.40215],[9.21648,45.40218],[9.21648,45.4022],[9.21648,45.40223],[9.21648,45.40226],[9.21648,45.40232],[9.21648,45.40235],[9.21648,45.40237],[9.21648,45.4024],[9.21648,45.40243],[9.21648,45.40245],[9.21648,45.40248],[9.21648,45.40251],[9.21649,45.40254],[9.21649,45.40256],[9.2165,45.40259],[9.2165,45.40262],[9.2165,45.40264],[9.21651,45.40267],[9.21651,45.4027],[9.21651,45.40272],[9.21651,45.40275],[9.21651,45.40278],[9.21651,45.4028],[9.21651,45.40283],[9.21651,45.40286],[9.21651,45.40289],[9.21651,45.40291],[9.21651,45.40294],[9.21652,45.40297],[9.21652,45.40299],[9.21652,45.40302],[9.21652,45.40305],[9.21652,45.40307],[9.21652,45.4031],[9.21652,45.40313],[9.21652,45.40316],[9.21652,45.40318],[9.21653,45.40321],[9.21653,45.40324],[9.21654,45.40326],[9.21655,45.40329],[9.21656,45.40332],[9.21657,45.40334],[9.21658,45.40337],[9.21659,45.40339],[9.2166,45.40342],[9.21661,45.40345],[9.21662,45.40347],[9.21664,45.4035],[9.21665,45.40352],[9.21666,45.40355],[9.21667,45.40357],[9.21669,45.4036],[9.2167,45.40362],[9.21672,45.40365],[9.21673,45.40367],[9.21675,45.4037],[9.21676,45.40372],[9.21678,45.40375],[9.21679,45.40377],[9.2168,45.4038],[9.21682,45.40382],[9.21683,45.40385],[9.21685,45.40387],[9.21686,45.4039],[9.21688,45.40392],[9.21689,45.40395],[9.2169,45.40397],[9.21691,45.404],[9.21692,45.40403],[9.21692,45.40405],[9.21693,45.40408],[9.21693,45.40411],[9.21693,45.40413],[9.21694,45.40416],[9.21694,45.40419],[9.21694,45.40421],[9.21695,45.40424],[9.21695,45.40427],[9.21695,45.40429],[9.21694,45.40432],[9.21694,45.40435],[9.21694,45.40438],[9.21694,45.4044],[9.21694,45.40443],[9.21693,45.40446],[9.21693,45.40448],[9.21692,45.40451],[9.21691,45.40454],[9.21692,45.40456],[9.21694,45.40459],[9.21681,45.40459],[9.21675,45.40461],[9.21675,45.40463],[9.21676,45.40466],[9.21677,45.40468],[9.21679,45.4047],[9.21682,45.40472],[9.21684,45.40473],[9.21687,45.40475],[9.2169,45.40476],[9.21693,45.40477],[9.21697,45.40478],[9.217,45.40479],[9.21703,45.4048],[9.21707,45.40481],[9.21709,45.40482],[9.21711,45.40484],[9.21717,45.40488],[9.2172,45.4049],[9.21723,45.40492],[9.21726,45.40493],[9.21729,45.40495],[9.21732,45.40496],[9.21735,45.40497],[9.21739,45.40499],[9.21742,45.405],[9.21745,45.40502],[9.21748,45.40504],[9.2175,45.40507],[9.21752,45.40509],[9.21755,45.40511],[9.21757,45.40512],[9.2176,45.40513],[9.21764,45.40515],[9.21767,45.40516],[9.21771,45.40517],[9.21774,45.40519],[9.21777,45.4052],[9.2178,45.40522],[9.21794,45.40529],[9.21797,45.4053],[9.21801,45.40532],[9.21804,45.40533],[9.21807,45.40534],[9.21811,45.40536],[9.21814,45.40537],[9.21817,45.40539],[9.2182,45.4054],[9.21823,45.40542],[9.21826,45.40544],[9.21829,45.40545],[9.21831,45.40547],[9.21833,45.40549],[9.21835,45.40552],[9.21837,45.40554],[9.21839,45.40557],[9.21843,45.40558],[9.21846,45.40559],[9.2185,45.4056],[9.21853,45.40561],[9.21857,45.40562],[9.21861,45.40563],[9.21865,45.40563],[9.21869,45.40564],[9.21872,45.40564],[9.21875,45.40565],[9.21876,45.40566],[9.21878,45.40569],[9.21878,45.40571],[9.21877,45.40574],[9.21876,45.40576],[9.21875,45.40579],[9.21873,45.40581],[9.21872,45.40583],[9.2187,45.40586],[9.21868,45.40588],[9.21866,45.40591],[9.21865,45.40593],[9.21863,45.40596],[9.21862,45.40598],[9.2186,45.40601],[9.21859,45.40603],[9.21858,45.40606],[9.21856,45.40608],[9.21855,45.40611],[9.21854,45.40613],[9.21853,45.40616],[9.21851,45.40619],[9.2185,45.40621],[9.21849,45.40624],[9.21847,45.40626],[9.21851,45.40629],[9.21837,45.40663],[9.21803,45.40718],[9.21816,45.40725],[9.21819,45.40727],[9.21822,45.40728],[9.21826,45.4073],[9.21829,45.40732],[9.21832,45.40733],[9.21835,45.40735],[9.21838,45.40736],[9.2184,45.40738],[9.21843,45.40739],[9.21846,45.40741],[9.21849,45.40742],[9.21852,45.40744],[9.21856,45.40746],[9.21859,45.40747],[9.21862,45.40749],[9.21865,45.4075],[9.21868,45.40752],[9.21871,45.40753],[9.21874,45.40755],[9.21877,45.40757],[9.2188,45.40758],[9.21884,45.4076],[9.21887,45.40761],[9.2189,45.40763],[9.21893,45.40764],[9.21896,45.40766],[9.21899,45.40768],[9.21902,45.40769],[9.21905,45.40771],[9.21908,45.40772],[9.21911,45.40774],[9.21914,45.40775],[9.21917,45.40777],[9.2192,45.40778],[9.21923,45.4078],[9.21927,45.40782],[9.2193,45.40783],[9.21933,45.40785],[9.21936,45.40786],[9.21939,45.40788],[9.21942,45.40789],[9.21945,45.40791],[9.21949,45.40793],[9.21952,45.40794],[9.21955,45.40796],[9.21958,45.40797],[9.21961,45.40798],[9.21965,45.408],[9.21967,45.40801],[9.2197,45.40802],[9.21974,45.40804],[9.21977,45.40805],[9.2198,45.40807],[9.21983,45.40808],[9.21987,45.40809],[9.2199,45.4081],[9.21994,45.40812],[9.21997,45.40813],[9.22,45.40814],[9.22004,45.40815],[9.22007,45.40817],[9.22011,45.40818],[9.22014,45.40819],[9.22018,45.4082],[9.22021,45.40822],[9.22024,45.40823],[9.22028,45.40824],[9.22031,45.40826],[9.22034,45.40827],[9.22038,45.40828],[9.2204,45.4083],[9.22044,45.40831],[9.22047,45.40832],[9.2205,45.40834],[9.22053,45.40835],[9.22057,45.40837],[9.2206,45.40838],[9.22063,45.4084],[9.22066,45.40841],[9.22069,45.40843],[9.22072,45.40844],[9.22076,45.40846],[9.22079,45.40848],[9.22082,45.40849],[9.22085,45.40851],[9.22088,45.40852],[9.22091,45.40854],[9.22094,45.40855],[9.22098,45.40857],[9.22101,45.40858],[9.22104,45.4086],[9.22107,45.40861],[9.2211,45.40863],[9.22113,45.40865],[9.22116,45.40866],[9.2212,45.40868],[9.22123,45.40869],[9.22136,45.40876],[9.22139,45.40877],[9.22143,45.40879],[9.22146,45.4088],[9.22149,45.40882],[9.22152,45.40883],[9.22155,45.40885],[9.22158,45.40887],[9.22162,45.40888],[9.22165,45.4089],[9.22168,45.40891],[9.22171,45.40893],[9.22174,45.40894],[9.22177,45.40896],[9.22181,45.40897],[9.22184,45.40899],[9.22187,45.409],[9.2219,45.40902],[9.22193,45.40903],[9.22196,45.40905],[9.22203,45.40908],[9.22206,45.4091],[9.22209,45.40911],[9.22212,45.40913],[9.22215,45.40914],[9.22218,45.40916],[9.22221,45.40917],[9.22224,45.40919],[9.22228,45.40921],[9.22231,45.40922],[9.22234,45.40924],[9.22237,45.40925],[9.2224,45.40927],[9.22243,45.40928],[9.22246,45.4093],[9.22249,45.40932],[9.22253,45.40933],[9.22256,45.40935],[9.22259,45.40936],[9.22262,45.40938],[9.22265,45.40939],[9.22268,45.40941],[9.22271,45.40942],[9.22274,45.40944],[9.22278,45.40946],[9.22281,45.40947],[9.22284,45.40949],[9.22287,45.4095],[9.2229,45.40952],[9.22293,45.40953],[9.22296,45.40954],[9.223,45.40955],[9.22306,45.40955],[9.22313,45.40953],[9.22323,45.40948],[9.22326,45.40946],[9.22329,45.40945],[9.22333,45.40943],[9.22336,45.40942],[9.22339,45.4094],[9.22342,45.40939],[9.22345,45.40937],[9.22349,45.40936],[9.22352,45.40934],[9.22355,45.40933],[9.22358,45.40931],[9.22361,45.4093],[9.22365,45.40928],[9.22368,45.40927],[9.22371,45.40925],[9.22374,45.40924],[9.22377,45.40922],[9.22381,45.40921],[9.22384,45.40919],[9.22387,45.40918],[9.2239,45.40916],[9.22393,45.40915],[9.22396,45.40913],[9.224,45.40912],[9.22403,45.4091],[9.22406,45.40908],[9.22408,45.40907],[9.22411,45.40905],[9.22414,45.40903],[9.22417,45.40902],[9.2242,45.409],[9.22422,45.40898],[9.22425,45.40896],[9.22428,45.40894],[9.22431,45.40892],[9.22434,45.4089],[9.22436,45.40889],[9.22439,45.40887],[9.22442,45.40885],[9.22445,45.40883],[9.22447,45.40881],[9.2245,45.40879],[9.22453,45.40877],[9.22456,45.40875],[9.22458,45.40873],[9.22461,45.40872],[9.22464,45.4087],[9.22466,45.40868],[9.22469,45.40866],[9.22472,45.40864],[9.22475,45.40862],[9.22477,45.4086],[9.2248,45.40858],[9.22483,45.40856],[9.22486,45.40855],[9.22488,45.40853],[9.22491,45.40851],[9.22494,45.40849],[9.22496,45.40847],[9.22499,45.40845],[9.22502,45.40843],[9.22504,45.40841],[9.22507,45.40839],[9.2251,45.40837],[9.22512,45.40835],[9.22515,45.40833],[9.22517,45.40831],[9.2252,45.40829],[9.22522,45.40827],[9.22525,45.40825],[9.22527,45.40823],[9.22529,45.40821],[9.22532,45.40819],[9.22534,45.40817],[9.22536,45.40815],[9.22539,45.40812],[9.22541,45.4081],[9.22543,45.40808],[9.22546,45.40806],[9.22548,45.40804],[9.2255,45.40802],[9.22552,45.40799],[9.22554,45.40797],[9.22556,45.40795],[9.22559,45.40793],[9.22561,45.40791],[9.22563,45.40788],[9.22565,45.40786],[9.22567,45.40784],[9.2257,45.40782],[9.22572,45.40779],[9.22574,45.40777],[9.22576,45.40775],[9.22579,45.40773],[9.22581,45.40771],[9.22584,45.40768],[9.22586,45.40766],[9.22589,45.40764],[9.22592,45.40762],[9.22594,45.40761],[9.22597,45.40759],[9.226,45.40757],[9.22603,45.40755],[9.22606,45.40753],[9.22609,45.40751],[9.22612,45.4075],[9.22615,45.40748],[9.22618,45.40746],[9.22621,45.40745],[9.22624,45.40743],[9.22628,45.40742],[9.22631,45.4074],[9.22634,45.40739],[9.22637,45.40737],[9.22641,45.40736],[9.22644,45.40734],[9.22647,45.40733],[9.22649,45.40732],[9.22666,45.40744],[9.22719,45.40768],[9.2278,45.40793],[9.22806,45.40794],[9.22852,45.40794],[9.22942,45.40796],[9.22961,45.40796],[9.23013,45.40799],[9.23043,45.408],[9.23093,45.408],[9.23109,45.40799],[9.23124,45.40798],[9.23138,45.40792],[9.23197,45.40812],[9.23258,45.40845],[9.23314,45.40876],[9.23321,45.40879],[9.23326,45.40882],[9.23338,45.4089],[9.23348,45.40895],[9.23359,45.40901],[9.23369,45.40906],[9.23386,45.40909],[9.23402,45.40911],[9.23411,45.40912],[9.23421,45.40913],[9.23431,45.40915],[9.23444,45.40919],[9.23469,45.40919],[9.23477,45.40921],[9.23488,45.40925],[9.23514,45.40929],[9.23523,45.4093],[9.23535,45.40932],[9.23557,45.40939],[9.23567,45.40941],[9.23589,45.40947],[9.23606,45.40957],[9.23626,45.40963],[9.23625,45.40946],[9.23637,45.40943],[9.23644,45.40943],[9.23657,45.40955],[9.23666,45.40959],[9.23677,45.40961],[9.23692,45.40967],[9.23733,45.40985],[9.23791,45.40963],[9.23794,45.40962],[9.23797,45.4096],[9.238,45.40959],[9.23804,45.40958],[9.23807,45.40956],[9.2381,45.40955],[9.23813,45.40953],[9.23817,45.40952],[9.2382,45.4095],[9.23823,45.40949],[9.23826,45.40947],[9.2383,45.40946],[9.23833,45.40945],[9.23836,45.40943],[9.23839,45.40942],[9.23842,45.4094],[9.23845,45.40939],[9.23849,45.40937],[9.23851,45.40935],[9.23854,45.40933],[9.23857,45.40931],[9.23859,45.40929],[9.23862,45.40927],[9.23864,45.40925],[9.23867,45.40923],[9.23869,45.40921],[9.23872,45.40919],[9.23874,45.40917],[9.23877,45.40915],[9.23878,45.40913],[9.2388,45.4091],[9.23882,45.40908],[9.23883,45.40905],[9.23884,45.40903],[9.23886,45.409],[9.23889,45.40898],[9.23891,45.40896],[9.23893,45.40894],[9.23896,45.40892],[9.23899,45.4089],[9.23901,45.40888],[9.23904,45.40886],[9.23907,45.40884],[9.23909,45.40882],[9.23912,45.4088],[9.23915,45.40879],[9.23918,45.40877],[9.23921,45.40875],[9.23923,45.40873],[9.23926,45.40871],[9.23929,45.40869],[9.23931,45.40867],[9.23934,45.40865],[9.23936,45.40863],[9.23939,45.40861],[9.23942,45.4086],[9.23946,45.40858],[9.23955,45.40858],[9.24015,45.4084],[9.24018,45.40837],[9.24022,45.40837],[9.24024,45.40836],[9.24027,45.40832],[9.24035,45.40829],[9.24041,45.40833],[9.24049,45.4084],[9.2405,45.40841],[9.24053,45.40843],[9.24055,45.40846],[9.24057,45.40848],[9.24059,45.4085],[9.24061,45.40852],[9.24063,45.40855],[9.24065,45.40857],[9.24068,45.40859],[9.2407,45.40861],[9.24073,45.40862],[9.24076,45.40864],[9.24078,45.40866],[9.24081,45.40868],[9.24084,45.40869],[9.24087,45.4087],[9.24091,45.40872],[9.24094,45.40873],[9.24097,45.40874],[9.24101,45.40875],[9.24104,45.40877],[9.24108,45.40878],[9.24111,45.40879],[9.24114,45.4088],[9.24118,45.40881],[9.24121,45.40882],[9.24125,45.40883],[9.24128,45.40885],[9.24132,45.40886],[9.24135,45.40887],[9.24139,45.40888],[9.24142,45.40889],[9.24146,45.4089],[9.24149,45.40891],[9.24153,45.40892],[9.24156,45.40893],[9.2416,45.40894],[9.24163,45.40895],[9.24167,45.40896],[9.2417,45.40897],[9.24174,45.40898],[9.24178,45.40899],[9.24181,45.409],[9.24185,45.40901],[9.24188,45.40902],[9.2422,45.4091],[9.24224,45.40911],[9.24227,45.40912],[9.24249,45.40917],[9.24253,45.40918],[9.24257,45.40919],[9.2426,45.4092],[9.24264,45.40922],[9.24267,45.40924],[9.2427,45.40926],[9.24273,45.40928],[9.24275,45.4093],[9.24278,45.40932],[9.2428,45.40934],[9.24282,45.40937],[9.24285,45.40939],[9.24287,45.40941],[9.24289,45.40943],[9.24291,45.40946],[9.24293,45.40948],[9.24295,45.4095],[9.24298,45.40952],[9.243,45.40954],[9.24302,45.40957],[9.24304,45.40959],[9.24306,45.40961],[9.24308,45.40963],[9.24311,45.40966],[9.24313,45.40968],[9.24315,45.4097],[9.24317,45.40972],[9.2432,45.40974],[9.24322,45.40976],[9.24324,45.40979],[9.24327,45.40981],[9.24329,45.40983],[9.24331,45.40985],[9.24334,45.40987],[9.24336,45.40989],[9.24338,45.40991],[9.24341,45.40993],[9.24343,45.40995],[9.24346,45.40997],[9.24348,45.40999],[9.24351,45.41002],[9.24353,45.41004],[9.24353,45.41009],[9.2434,45.41018],[9.24337,45.41019],[9.24334,45.41021],[9.24332,45.41023],[9.24329,45.41025],[9.24326,45.41027],[9.24324,45.41029],[9.24321,45.41031],[9.24319,45.41033],[9.24316,45.41035],[9.24314,45.41037],[9.24311,45.4104],[9.24297,45.41051],[9.24295,45.41053],[9.24293,45.41056],[9.2429,45.41058],[9.24288,45.4106],[9.24285,45.41062],[9.24283,45.41064],[9.24281,45.41066],[9.24278,45.41068],[9.24276,45.41071],[9.24274,45.41073],[9.24272,45.41075],[9.24269,45.41077],[9.24267,45.41079],[9.24265,45.41081],[9.24262,45.41083],[9.2426,45.41085],[9.24266,45.411],[9.24283,45.41125],[9.243,45.41151],[9.24318,45.41178],[9.24334,45.41202],[9.24349,45.41224],[9.24359,45.41239],[9.24366,45.41249],[9.24406,45.41287],[9.24458,45.41272],[9.24495,45.41261],[9.24538,45.41248],[9.24577,45.41239],[9.24597,45.41245],[9.24615,45.41252],[9.24662,45.41246],[9.24728,45.41268],[9.24759,45.41284],[9.24791,45.41302],[9.2483,45.41325],[9.24875,45.4135],[9.24985,45.4141],[9.25029,45.41434],[9.25064,45.41454],[9.25051,45.41462],[9.25048,45.41463],[9.25045,45.41465],[9.25042,45.41467],[9.25039,45.41468],[9.25036,45.4147],[9.25033,45.41472],[9.25029,45.41473],[9.25026,45.41475],[9.25023,45.41476],[9.2502,45.41478],[9.25017,45.4148],[9.2501,45.41483],[9.25006,45.41484],[9.25003,45.41486],[9.24999,45.41487],[9.24996,45.41488],[9.24993,45.41489],[9.24989,45.41491],[9.24986,45.41492],[9.24983,45.41493],[9.24979,45.41494],[9.24976,45.41495],[9.24972,45.41496],[9.24969,45.41497],[9.24965,45.41498],[9.24962,45.415],[9.24958,45.41501],[9.24955,45.41502],[9.24951,45.41503],[9.24948,45.41504],[9.24944,45.41505],[9.24941,45.41506],[9.24937,45.41507],[9.24934,45.41509],[9.2493,45.4151],[9.24927,45.41511],[9.24923,45.41512],[9.2492,45.41513],[9.24917,45.41515],[9.24913,45.41516],[9.2491,45.41517],[9.24907,45.41519],[9.24903,45.4152],[9.249,45.41521],[9.24896,45.41523],[9.24894,45.41524],[9.24891,45.41525],[9.24887,45.41526],[9.24884,45.41528],[9.24881,45.41529],[9.24877,45.41531],[9.24874,45.41532],[9.24871,45.41533],[9.24867,45.41535],[9.24854,45.4154],[9.24851,45.41541],[9.24848,45.41543],[9.24844,45.41544],[9.24842,45.41545],[9.24838,45.41547],[9.24835,45.41548],[9.24832,45.41549],[9.24828,45.41551],[9.24825,45.41552],[9.24822,45.41554],[9.24819,45.41555],[9.24816,45.41557],[9.24813,45.41559],[9.2481,45.4156],[9.24807,45.41562],[9.24804,45.41564],[9.24801,45.41565],[9.24798,45.41567],[9.24795,45.41569],[9.24792,45.41571],[9.24789,45.41573],[9.24787,45.41574],[9.24784,45.41576],[9.24782,45.41578],[9.24779,45.4158],[9.24777,45.41582],[9.24774,45.41584],[9.24772,45.41587],[9.24769,45.41589],[9.24767,45.41591],[9.24765,45.41593],[9.24762,45.41595],[9.2476,45.41597],[9.24757,45.41599],[9.24755,45.41601],[9.24752,45.41603],[9.2475,45.41605],[9.24748,45.41607],[9.24745,45.41609],[9.24742,45.41611],[9.24739,45.41612],[9.24736,45.41614],[9.24733,45.41616],[9.2473,45.41617],[9.24727,45.41619],[9.24724,45.41621],[9.24721,45.41622],[9.24719,45.41624],[9.24716,45.41625],[9.24713,45.41627],[9.2471,45.41629],[9.24707,45.41631],[9.24705,45.41633],[9.24702,45.41635],[9.24699,45.41636],[9.24684,45.41646],[9.24681,45.41648],[9.24678,45.4165],[9.24676,45.41652],[9.24673,45.41654],[9.2467,45.41655],[9.24667,45.41657],[9.24664,45.41659],[9.24661,45.41661],[9.24658,45.41662],[9.24655,45.41664],[9.24652,45.41666],[9.24649,45.41667],[9.24646,45.41669],[9.24643,45.41671],[9.24641,45.41672],[9.24638,45.41674],[9.24634,45.41675],[9.24631,45.41677],[9.24628,45.41678],[9.24625,45.41679],[9.24622,45.41681],[9.24618,45.41682],[9.24615,45.41684],[9.24612,45.41685],[9.24609,45.41687],[9.24605,45.41688],[9.24583,45.417],[9.2458,45.41701],[9.24577,45.41703],[9.24574,45.41704],[9.24571,45.41706],[9.24568,45.41707],[9.24564,45.41709],[9.24561,45.4171],[9.24558,45.41712],[9.24555,45.41714],[9.24552,45.41715],[9.24549,45.41717],[9.24546,45.41719],[9.24543,45.4172],[9.2454,45.41722],[9.24538,45.41723],[9.24535,45.41725],[9.24532,45.41726],[9.24529,45.41728],[9.24526,45.4173],[9.24523,45.41731],[9.2452,45.41733],[9.24518,45.41735],[9.24515,45.41737],[9.24512,45.41739],[9.24509,45.4174],[9.24507,45.41742],[9.2403,45.41414],[9.23929,45.41596],[9.23855,45.41663],[9.23774,45.41518],[9.23491,45.41601],[9.23855,45.41969],[9.23463,45.42261],[9.23181,45.42492],[9.22886,45.4274],[9.22787,45.4285],[9.22611,45.43032],[9.22433,45.4306],[9.22117,45.43022],[9.21733,45.4316],[9.21711,45.43187]]]]}},{"type":"Feature","properties":{"nil":"MACIACHINI - MAGGIOLINA","zona":null},"geometry":{"type":"MultiPolygon","coordinates":[[[[9.18489,45.50554],[9.18469,45.50484],[9.18631,45.50327],[9.18823,45.50144],[9.18666,45.49765],[9.19169,45.49631],[9.19453,45.49555],[9.19449,45.49213],[9.19809,45.49117],[9.20172,45.49015],[9.20406,45.49212],[9.20527,45.49315],[9.20645,45.49417],[9.20714,45.49543],[9.20436,45.49634],[9.20292,45.49749],[9.20434,45.49934],[9.20475,45.50244],[9.20239,45.50281],[9.19893,45.50335],[9.19641,45.50377],[9.19332,45.50424],[9.18724,45.50518],[9.18489,45.50554]]]]}},{"type":"Feature","properties":{"nil":"BANDE NERE","zona":"bande-nere"},"geometry":{"type":"MultiPolygon","coordinates":[[[[9.12727,45.46894],[9.12647,45.46821],[9.1273,45.46546],[9.1284,45.46201],[9.12965,45.45953],[9.13132,45.45677],[9.13186,45.45587],[9.13311,45.45389],[9.13438,45.45175],[9.13569,45.44981],[9.13727,45.4502],[9.13916,45.45081],[9.14242,45.45187],[9.14469,45.45259],[9.14697,45.45335],[9.14928,45.45409],[9.15164,45.45486],[9.15216,45.45596],[9.15126,45.45752],[9.15079,45.45829],[9.15002,45.45974],[9.14919,45.46112],[9.14704,45.46487],[9.14613,45.46673],[9.14454,45.46709],[9.14148,45.46738],[9.13942,45.46736],[9.13705,45.46737],[9.13395,45.46769],[9.12874,45.4684],[9.12727,45.46894]]]]}},{"type":"Feature","properties":{"nil":"LAMBRATE - ORTICA","zona":"lambrate"},"geometry":{"type":"MultiPolygon","coordinates":[[[[9.25876,45.48601],[9.25874,45.48611],[9.25863,45.48686],[9.25857,45.48727],[9.25267,45.48718],[9.24734,45.48675],[9.24365,45.48641],[9.24147,45.48619],[9.23855,45.48601],[9.23674,45.48556],[9.2379,45.48401],[9.23863,45.47879],[9.2383,45.47578],[9.23815,45.47332],[9.23797,45.46971],[9.2379,45.46813],[9.23953,45.46972],[9.24163,45.47009],[9.24554,45.471],[9.24684,45.47122],[9.2494,45.47188],[9.25654,45.47326],[9.26038,45.47389],[9.26036,45.47397],[9.26036,45.4741],[9.26036,45.47421],[9.26036,45.47459],[9.26036,45.47507],[9.26035,45.47561],[9.26035,45.47602],[9.26035,45.47635],[9.26035,45.47659],[9.26055,45.47659],[9.26084,45.47659],[9.26098,45.47659],[9.26107,45.47659],[9.26132,45.47659],[9.26161,45.47659],[9.26177,45.47659],[9.26179,45.47661],[9.26172,45.47713],[9.26166,45.4776],[9.26164,45.4777],[9.26162,45.47787],[9.26159,45.47814],[9.26157,45.47831],[9.26154,45.47851],[9.26151,45.47871],[9.26146,45.47914],[9.26164,45.47917],[9.26187,45.4792],[9.26202,45.47914],[9.26218,45.4791],[9.26238,45.4791],[9.26284,45.47913],[9.26356,45.4792],[9.26412,45.47924],[9.26456,45.47935],[9.26467,45.48004],[9.26472,45.48043],[9.26477,45.48131],[9.26481,45.48218],[9.26485,45.48325],[9.26476,45.48418],[9.26348,45.48417],[9.26314,45.48416],[9.26193,45.48413],[9.26045,45.48417],[9.25985,45.48419],[9.25912,45.48433],[9.25895,45.48449],[9.25887,45.48503],[9.25882,45.48544],[9.25876,45.48601]]]]}},{"type":"Feature","properties":{"nil":"STADERA - CHIESA ROSSA - Q.RE TORRETTA - CONCA FALLATA","zona":"famagosta"},"geometry":{"type":"MultiPolygon","coordinates":[[[[9.18775,45.43732],[9.18344,45.43734],[9.18079,45.43739],[9.17825,45.43742],[9.17662,45.43756],[9.1728,45.43762],[9.1694,45.43439],[9.16625,45.43158],[9.16352,45.4294],[9.16112,45.42589],[9.16414,45.42471],[9.16751,45.42268],[9.16719,45.42039],[9.16966,45.42019],[9.17334,45.42346],[9.17708,45.42218],[9.17829,45.4224],[9.18064,45.42356],[9.18081,45.42588],[9.18423,45.42648],[9.18917,45.42521],[9.19106,45.42546],[9.19599,45.42792],[9.19399,45.43152],[9.19152,45.43529],[9.18994,45.43698],[9.18775,45.43732]]]]}},{"type":"Feature","properties":{"nil":"PORTA VIGENTINA - PORTA LODOVICA","zona":null},"geometry":{"type":"MultiPolygon","coordinates":[[[[9.20186,45.45238],[9.20023,45.45336],[9.19807,45.45468],[9.19539,45.45634],[9.1933,45.45748],[9.19014,45.45696],[9.18736,45.45584],[9.18722,45.4552],[9.18691,45.45332],[9.1863,45.45095],[9.18621,45.44874],[9.1869,45.44712],[9.18757,45.44578],[9.18958,45.44502],[9.19466,45.44518],[9.19779,45.44737],[9.19732,45.44908],[9.19687,45.45076],[9.19652,45.45204],[9.19988,45.45197],[9.20186,45.45238]]]]}},{"type":"Feature","properties":{"nil":"SCALO ROMANA","zona":null},"geometry":{"type":"MultiPolygon","coordinates":[[[[9.21561,45.43849],[9.21467,45.43973],[9.21379,45.44092],[9.21272,45.44261],[9.21187,45.44425],[9.21251,45.4459],[9.20732,45.44693],[9.20454,45.44616],[9.1989,45.44339],[9.19983,45.44009],[9.20033,45.43764],[9.2006,45.43608],[9.20626,45.4337],[9.20775,45.43312],[9.20825,45.43259],[9.21178,45.43271],[9.21531,45.43232],[9.21866,45.43231],[9.22195,45.43009],[9.2234,45.43114],[9.22298,45.43197],[9.22015,45.4337],[9.21776,45.43572],[9.21685,45.43686],[9.21561,45.43849]]]]}},{"type":"Feature","properties":{"nil":"XXII MARZO","zona":null},"geometry":{"type":"MultiPolygon","coordinates":[[[[9.22391,45.46067],[9.22389,45.46355],[9.22384,45.46556],[9.2238,45.46805],[9.22061,45.46799],[9.21734,45.46798],[9.2147,45.46795],[9.21124,45.46793],[9.207,45.46787],[9.20722,45.46632],[9.20739,45.46434],[9.20769,45.46084],[9.20696,45.45951],[9.20568,45.45779],[9.20597,45.45606],[9.20913,45.45482],[9.21165,45.45468],[9.21312,45.45314],[9.21494,45.45333],[9.21571,45.45405],[9.21636,45.4553],[9.21707,45.45693],[9.21739,45.45859],[9.22023,45.46059],[9.22391,45.46067]]]]}},{"type":"Feature","properties":{"nil":"CIMIANO - ROTTOLE - Q.RE FELTRE","zona":null},"geometry":{"type":"MultiPolygon","coordinates":[[[[9.2686,45.51035],[9.26758,45.51043],[9.26719,45.51047],[9.26723,45.51115],[9.26733,45.51204],[9.26701,45.51241],[9.26198,45.51272],[9.25825,45.51203],[9.25355,45.50957],[9.25123,45.50778],[9.24799,45.50534],[9.24595,45.50384],[9.24422,45.50254],[9.24167,45.50059],[9.23992,45.49921],[9.23839,45.49808],[9.236,45.49609],[9.23409,45.49462],[9.23201,45.49319],[9.23044,45.4925],[9.23219,45.49058],[9.233,45.48961],[9.23493,45.48756],[9.23855,45.48601],[9.24147,45.48619],[9.24365,45.48641],[9.24734,45.48675],[9.25267,45.48718],[9.25851,45.48768],[9.25845,45.48805],[9.25844,45.48836],[9.25841,45.48856],[9.25838,45.4888],[9.25832,45.48925],[9.25825,45.48973],[9.26102,45.49071],[9.2611,45.49125],[9.26119,45.49189],[9.26124,45.49223],[9.26136,45.49311],[9.26138,45.49327],[9.26144,45.49377],[9.26155,45.49458],[9.26203,45.49499],[9.26182,45.49561],[9.26164,45.49619],[9.26155,45.49646],[9.26144,45.49679],[9.26134,45.49715],[9.26131,45.49729],[9.26123,45.49748],[9.26094,45.49814],[9.26073,45.49852],[9.26049,45.4989],[9.26034,45.4991],[9.26025,45.49934],[9.26017,45.50004],[9.26014,45.50019],[9.2602,45.50034],[9.26039,45.50071],[9.26056,45.50104],[9.26082,45.50155],[9.26092,45.50173],[9.26121,45.5023],[9.26129,45.50251],[9.26129,45.50277],[9.26128,45.50302],[9.26129,45.5034],[9.2613,45.50354],[9.26128,45.50367],[9.26121,45.50387],[9.26115,45.50407],[9.26112,45.5042],[9.26107,45.5043],[9.26107,45.50445],[9.26113,45.50438],[9.26163,45.50445],[9.26211,45.50455],[9.26271,45.50462],[9.26334,45.50473],[9.26345,45.50474],[9.26393,45.50482],[9.26478,45.50496],[9.26544,45.50507],[9.26545,45.50507],[9.26593,45.50515],[9.26645,45.50523],[9.26679,45.50523],[9.26709,45.50522],[9.26733,45.50526],[9.26763,45.50533],[9.26784,45.50552],[9.26816,45.50572],[9.26874,45.50574],[9.26902,45.50575],[9.26931,45.50576],[9.26955,45.50576],[9.2699,45.50574],[9.27028,45.50573],[9.27062,45.50572],[9.27095,45.50571],[9.27131,45.5057],[9.27164,45.50569],[9.2719,45.50568],[9.27214,45.50567],[9.27228,45.50565],[9.27234,45.50559],[9.27232,45.50549],[9.27227,45.50535],[9.27221,45.50519],[9.27217,45.50513],[9.27191,45.50402],[9.27172,45.50324],[9.27157,45.50262],[9.2715,45.50234],[9.27138,45.50187],[9.27138,45.50182],[9.27161,45.50185],[9.27179,45.50185],[9.27204,45.50186],[9.27228,45.50184],[9.27247,45.50182],[9.2728,45.50181],[9.27301,45.50182],[9.27334,45.50181],[9.27351,45.50181],[9.27354,45.50183],[9.27366,45.50183],[9.27382,45.50188],[9.27383,45.50207],[9.27385,45.50225],[9.27453,45.50227],[9.27477,45.50228],[9.27521,45.5023],[9.27548,45.50231],[9.27568,45.50354],[9.27591,45.50352],[9.27655,45.50347],[9.2772,45.50342],[9.27757,45.50355],[9.27769,45.50405],[9.27777,45.5044],[9.27788,45.50485],[9.27795,45.50514],[9.27797,45.50521],[9.27782,45.50528],[9.27755,45.50534],[9.27721,45.50538],[9.2768,45.50544],[9.27634,45.50551],[9.27591,45.50556],[9.27558,45.50556],[9.27534,45.50573],[9.27501,45.50597],[9.27488,45.50623],[9.27476,45.50633],[9.27444,45.50634],[9.27414,45.50637],[9.27385,45.50639],[9.27344,45.50641],[9.27315,45.50643],[9.27282,45.50645],[9.27255,45.50649],[9.27218,45.50657],[9.27187,45.50667],[9.27173,45.50676],[9.27162,45.50677],[9.27158,45.50678],[9.27155,45.50686],[9.27145,45.50719],[9.27145,45.50768],[9.27145,45.50839],[9.27141,45.50876],[9.27141,45.50911],[9.27121,45.50914],[9.27022,45.50899],[9.26979,45.5089],[9.26946,45.50884],[9.26877,45.50911],[9.26877,45.50963],[9.26877,45.5103],[9.26874,45.51034],[9.2686,45.51035]]]]}},{"type":"Feature","properties":{"nil":"DERGANO","zona":null},"geometry":{"type":"MultiPolygon","coordinates":[[[[9.18378,45.50571],[9.1779,45.50663],[9.1731,45.50735],[9.16767,45.5077],[9.16901,45.50446],[9.17071,45.50208],[9.17136,45.50026],[9.17225,45.49697],[9.17462,45.49678],[9.17872,45.49704],[9.18181,45.49725],[9.18514,45.49744],[9.18694,45.49834],[9.18791,45.50168],[9.18561,45.5039],[9.18422,45.50529],[9.18378,45.50571]]]]}},{"type":"Feature","properties":{"nil":"BAGGIO - Q.RE DEGLI OLMI - Q.RE VALSESIA","zona":"baggio"},"geometry":{"type":"MultiPolygon","coordinates":[[[[9.09315,45.46938],[9.09215,45.47122],[9.08138,45.46984],[9.08342,45.46891],[9.0849,45.46757],[9.08201,45.46676],[9.08134,45.4669],[9.07921,45.46645],[9.07716,45.46591],[9.07625,45.46492],[9.076,45.46359],[9.07567,45.46356],[9.07566,45.46352],[9.07563,45.46347],[9.0754,45.4633],[9.07496,45.46315],[9.07455,45.46303],[9.07418,45.46294],[9.07383,45.46284],[9.07374,45.46283],[9.07367,45.46285],[9.07366,45.46286],[9.07364,45.46287],[9.07354,45.46295],[9.07324,45.46316],[9.07322,45.46318],[9.07318,45.46319],[9.073,45.46329],[9.07259,45.46351],[9.07182,45.46392],[9.07138,45.46416],[9.07083,45.46446],[9.07046,45.46463],[9.06983,45.46482],[9.06944,45.46489],[9.06927,45.465],[9.06931,45.46465],[9.0696,45.46449],[9.06999,45.46425],[9.06976,45.46389],[9.06977,45.46382],[9.06987,45.46352],[9.07011,45.46315],[9.0704,45.46287],[9.07067,45.46276],[9.07097,45.46254],[9.07128,45.46245],[9.07143,45.46241],[9.0718,45.46212],[9.07168,45.46178],[9.07211,45.46112],[9.07232,45.46088],[9.0729,45.46052],[9.07331,45.46032],[9.07366,45.46009],[9.07414,45.45964],[9.07442,45.45941],[9.07458,45.45909],[9.07452,45.45894],[9.07477,45.45801],[9.07454,45.45751],[9.07449,45.45736],[9.07418,45.45732],[9.07401,45.45731],[9.07368,45.45727],[9.07326,45.45722],[9.07303,45.45718],[9.07278,45.45713],[9.07252,45.45712],[9.07303,45.457],[9.07751,45.45736],[9.07577,45.45054],[9.07734,45.44938],[9.07785,45.44945],[9.0778,45.44953],[9.07776,45.44957],[9.07774,45.4496],[9.0777,45.44966],[9.07766,45.44972],[9.07763,45.44977],[9.07761,45.4498],[9.0776,45.44981],[9.07759,45.44982],[9.07759,45.44984],[9.07758,45.44985],[9.07758,45.44986],[9.07757,45.44987],[9.07756,45.44991],[9.07752,45.44997],[9.07748,45.45003],[9.0774,45.45014],[9.07736,45.45018],[9.07734,45.45022],[9.07732,45.45026],[9.07725,45.45037],[9.07722,45.45042],[9.07716,45.45051],[9.07702,45.45072],[9.07699,45.45076],[9.07695,45.45083],[9.07687,45.45097],[9.07679,45.45109],[9.07675,45.45115],[9.07673,45.45118],[9.0767,45.4512],[9.07669,45.45122],[9.07666,45.45124],[9.07667,45.45127],[9.07668,45.45129],[9.07673,45.45134],[9.07685,45.45143],[9.07693,45.45152],[9.07703,45.45161],[9.07713,45.45171],[9.07719,45.45176],[9.07729,45.45184],[9.07738,45.45192],[9.07758,45.45194],[9.07758,45.45196],[9.07758,45.45198],[9.07758,45.45199],[9.07759,45.452],[9.0776,45.45202],[9.0776,45.45206],[9.07762,45.45209],[9.07762,45.4521],[9.07763,45.45212],[9.07765,45.45213],[9.07768,45.45216],[9.07783,45.45234],[9.07824,45.45232],[9.07829,45.45229],[9.07844,45.4522],[9.07853,45.45208],[9.07879,45.45168],[9.07887,45.45157],[9.07905,45.45136],[9.07929,45.45116],[9.07945,45.45107],[9.07975,45.45113],[9.08038,45.45158],[9.08131,45.45102],[9.08191,45.451],[9.08245,45.45123],[9.08257,45.45126],[9.08276,45.45138],[9.08321,45.45139],[9.08342,45.45151],[9.08362,45.45158],[9.08393,45.45173],[9.08484,45.45216],[9.08558,45.45252],[9.08605,45.45279],[9.08616,45.4529],[9.08639,45.45293],[9.08687,45.45298],[9.08738,45.45332],[9.08786,45.45341],[9.0886,45.45321],[9.08879,45.45315],[9.08964,45.45301],[9.09052,45.45287],[9.09112,45.45273],[9.09202,45.45251],[9.09288,45.45232],[9.09298,45.4523],[9.09343,45.45202],[9.09363,45.45172],[9.09392,45.45154],[9.0942,45.45126],[9.09433,45.45111],[9.09465,45.45081],[9.09503,45.45042],[9.09537,45.45009],[9.09527,45.4499],[9.09555,45.44942],[9.09572,45.44911],[9.09601,45.44864],[9.09672,45.44886],[9.0973,45.44833],[9.09787,45.44771],[9.0981,45.44753],[9.09834,45.44729],[9.09905,45.44689],[9.09952,45.44689],[9.10022,45.44691],[9.10073,45.44692],[9.10117,45.44695],[9.10112,45.44713],[9.10087,45.4475],[9.1005,45.44802],[9.1003,45.44831],[9.10023,45.44855],[9.10002,45.44864],[9.09988,45.45158],[9.10308,45.45261],[9.10133,45.45313],[9.09995,45.45549],[9.09826,45.45828],[9.09709,45.46024],[9.09753,45.46286],[9.09593,45.46541],[9.09315,45.46938]]]]}},{"type":"Feature","properties":{"nil":"PARCO FORLANINI - CAVRIANO","zona":"forlanini"},"geometry":{"type":"MultiPolygon","coordinates":[[[[9.26017,45.47147],[9.26009,45.4716],[9.26012,45.47166],[9.26012,45.47187],[9.26008,45.47207],[9.25995,45.4723],[9.2601,45.47258],[9.26028,45.47283],[9.26037,45.473],[9.26044,45.47316],[9.2604,45.47357],[9.26039,45.47375],[9.26038,45.47389],[9.25654,45.47326],[9.2494,45.47188],[9.24684,45.47122],[9.24554,45.471],[9.24163,45.47009],[9.23953,45.46972],[9.2379,45.46813],[9.23781,45.46551],[9.23975,45.46205],[9.24316,45.46202],[9.24755,45.46199],[9.25297,45.46198],[9.26166,45.46191],[9.27198,45.46196],[9.27183,45.46244],[9.27174,45.46283],[9.27166,45.46326],[9.27154,45.46355],[9.27156,45.46398],[9.27155,45.46443],[9.27153,45.46474],[9.2716,45.46512],[9.27157,45.46572],[9.27131,45.46648],[9.27134,45.46685],[9.27189,45.46689],[9.27204,45.46697],[9.27166,45.46718],[9.27157,45.468],[9.27224,45.4681],[9.27278,45.4681],[9.27276,45.46841],[9.2727,45.46886],[9.27267,45.46905],[9.27263,45.46942],[9.27262,45.46999],[9.27263,45.4704],[9.27262,45.4708],[9.2726,45.47162],[9.2726,45.47257],[9.27231,45.47257],[9.27196,45.47251],[9.27129,45.47232],[9.27098,45.47229],[9.27001,45.47234],[9.26969,45.47235],[9.26946,45.47237],[9.26937,45.47238],[9.26814,45.47266],[9.26786,45.47259],[9.26639,45.47212],[9.26619,45.47203],[9.26479,45.4718],[9.26296,45.47161],[9.26135,45.47149],[9.26089,45.47147],[9.26017,45.47147]]]]}},{"type":"Feature","properties":{"nil":"GIARDINI P.TA VENEZIA","zona":null},"geometry":{"type":"MultiPolygon","coordinates":[[[[9.2009,45.47654],[9.19843,45.47768],[9.19545,45.47283],[9.20093,45.47259],[9.20366,45.4731],[9.20455,45.47487],[9.20204,45.47601],[9.2009,45.47654]]]]}},{"type":"Feature","properties":{"nil":"PORTA GARIBALDI - PORTA NUOVA","zona":"porta-nuova"},"geometry":{"type":"MultiPolygon","coordinates":[[[[9.19871,45.48484],[9.19807,45.48701],[9.19552,45.48779],[9.19395,45.48597],[9.19244,45.48484],[9.18991,45.48461],[9.18856,45.48526],[9.18829,45.48557],[9.18516,45.48665],[9.1824,45.48795],[9.18187,45.485],[9.18149,45.48252],[9.18233,45.48212],[9.18604,45.48113],[9.188,45.48081],[9.19099,45.48051],[9.19246,45.47968],[9.19533,45.47991],[9.19732,45.48105],[9.19871,45.48484]]]]}},{"type":"Feature","properties":{"nil":"AFFORI","zona":"affori"},"geometry":{"type":"MultiPolygon","coordinates":[[[[9.17767,45.51899],[9.17567,45.52067],[9.17267,45.52272],[9.17071,45.52421],[9.16803,45.52234],[9.16617,45.519],[9.1648,45.51739],[9.1606,45.51255],[9.1592,45.51091],[9.15948,45.50945],[9.17398,45.50722],[9.17891,45.50646],[9.18204,45.50732],[9.1809,45.50894],[9.17868,45.51648],[9.17767,45.51899]]]]}},{"type":"Feature","properties":{"nil":"BUENOS AIRES - PORTA VENEZIA - PORTA MONFORTE","zona":"porta-venezia"},"geometry":{"type":"MultiPolygon","coordinates":[[[[9.22356,45.48603],[9.22114,45.48602],[9.21784,45.48601],[9.21669,45.48612],[9.2149,45.48664],[9.21242,45.4879],[9.21062,45.48618],[9.20869,45.48435],[9.20774,45.48346],[9.20531,45.48113],[9.20275,45.47853],[9.20159,45.47734],[9.20305,45.47555],[9.20521,45.47458],[9.20635,45.47396],[9.20657,45.47185],[9.20687,45.46916],[9.20864,45.46788],[9.21175,45.46793],[9.21506,45.46796],[9.21836,45.46797],[9.22142,45.468],[9.22381,45.46874],[9.22375,45.47135],[9.22374,45.4734],[9.22374,45.4751],[9.22368,45.47663],[9.22368,45.47853],[9.22363,45.48083],[9.22358,45.48423],[9.22356,45.48603]]]]}},{"type":"Feature","properties":{"nil":"MONCUCCO - SAN CRISTOFORO","zona":null},"geometry":{"type":"MultiPolygon","coordinates":[[[[9.15497,45.44806],[9.14694,45.44667],[9.14775,45.4428],[9.15009,45.44093],[9.15274,45.43887],[9.1546,45.43708],[9.15629,45.43714],[9.15914,45.43725],[9.16072,45.4373],[9.16497,45.43744],[9.17195,45.43893],[9.17252,45.44072],[9.16776,45.44325],[9.16486,45.4434],[9.16264,45.44382],[9.15981,45.44527],[9.15858,45.44652],[9.15686,45.44759],[9.15574,45.44793],[9.15497,45.44806]]]]}},{"type":"Feature","properties":{"nil":"STAZIONE CENTRALE - PONTE SEVESO","zona":null},"geometry":{"type":"MultiPolygon","coordinates":[[[[9.21836,45.4997],[9.21651,45.49994],[9.21533,45.49929],[9.21412,45.49748],[9.21087,45.49423],[9.20776,45.49578],[9.20645,45.49417],[9.20527,45.49315],[9.20406,45.49212],[9.20172,45.49015],[9.19925,45.48799],[9.19931,45.48634],[9.19809,45.48317],[9.19638,45.48035],[9.1944,45.47949],[9.19843,45.47768],[9.2009,45.47654],[9.20226,45.47804],[9.20393,45.47981],[9.20663,45.48241],[9.20809,45.48379],[9.20974,45.48534],[9.21133,45.48686],[9.21052,45.48888],[9.20948,45.48939],[9.21261,45.49254],[9.21571,45.49567],[9.21609,45.49622],[9.21902,45.49701],[9.21922,45.4988],[9.21836,45.4997]]]]}},{"type":"Feature","properties":{"nil":"BOVISA","zona":"bovisa"},"geometry":{"type":"MultiPolygon","coordinates":[[[[9.15849,45.50959],[9.1533,45.51012],[9.15065,45.50946],[9.14821,45.50779],[9.14737,45.50568],[9.14838,45.50371],[9.15084,45.50204],[9.15393,45.50064],[9.15903,45.49828],[9.16409,45.49824],[9.1658,45.49849],[9.16683,45.49823],[9.17013,45.49672],[9.17177,45.49661],[9.17179,45.4986],[9.17123,45.50072],[9.17023,45.50289],[9.16937,45.50458],[9.16764,45.50788],[9.15849,45.50959]]]]}},{"type":"Feature","properties":{"nil":"MAGGIORE - MUSOCCO - CERTOSA","zona":null},"geometry":{"type":"MultiPolygon","coordinates":[[[[9.13016,45.50784],[9.12055,45.51026],[9.11709,45.51186],[9.11602,45.51217],[9.11337,45.51326],[9.11289,45.5153],[9.09516,45.51456],[9.0952,45.51445],[9.09522,45.51434],[9.0953,45.51398],[9.09551,45.51353],[9.096,45.51293],[9.09651,45.51252],[9.09649,45.51245],[9.09653,45.51231],[9.09686,45.51127],[9.09717,45.51044],[9.09733,45.51011],[9.09758,45.50959],[9.09802,45.50867],[9.09817,45.50828],[9.09857,45.50722],[9.09884,45.50651],[9.10531,45.50493],[9.10947,45.50393],[9.11759,45.50198],[9.12009,45.50125],[9.12254,45.49822],[9.12657,45.49659],[9.13019,45.4952],[9.13042,45.4997],[9.13067,45.50471],[9.13038,45.50686],[9.13016,45.50784]]]]}},{"type":"Feature","properties":{"nil":"GIAMBELLINO","zona":null},"geometry":{"type":"MultiPolygon","coordinates":[[[[9.15285,45.45492],[9.15018,45.45439],[9.14885,45.45395],[9.14611,45.45306],[9.14447,45.45252],[9.14155,45.45156],[9.139,45.45076],[9.13655,45.44995],[9.13197,45.44849],[9.12962,45.44771],[9.12777,45.44712],[9.12424,45.44597],[9.11885,45.4446],[9.11548,45.44324],[9.11566,45.44289],[9.11578,45.44265],[9.11647,45.44149],[9.11684,45.4409],[9.11708,45.44076],[9.11742,45.44052],[9.11819,45.43973],[9.12321,45.44044],[9.13499,45.44373],[9.13912,45.44486],[9.14557,45.44636],[9.15394,45.44812],[9.15619,45.44876],[9.15541,45.45032],[9.15463,45.45167],[9.15444,45.45431],[9.15285,45.45492]]]]}},{"type":"Feature","properties":{"nil":"CITTA' STUDI","zona":"citta-studi"},"geometry":{"type":"MultiPolygon","coordinates":[[[[9.23797,45.46971],[9.23815,45.47332],[9.2383,45.47578],[9.23863,45.47879],[9.2379,45.48401],[9.23674,45.48556],[9.23448,45.48612],[9.23161,45.48609],[9.22885,45.48606],[9.22679,45.48605],[9.22465,45.48603],[9.2236,45.48325],[9.22367,45.48031],[9.22368,45.47795],[9.2237,45.47609],[9.22374,45.4742],[9.22373,45.47281],[9.22376,45.47089],[9.2238,45.46805],[9.22711,45.46811],[9.22831,45.46811],[9.23119,45.46811],[9.23243,45.4681],[9.2344,45.46895],[9.23671,45.46966],[9.23797,45.46971]]]]}},{"type":"Feature","properties":{"nil":"PORTA GENOVA","zona":null},"geometry":{"type":"MultiPolygon","coordinates":[[[[9.16874,45.45755],[9.16707,45.45866],[9.16258,45.45836],[9.16107,45.45789],[9.15898,45.45721],[9.15644,45.4564],[9.15294,45.45528],[9.15336,45.454],[9.15524,45.45278],[9.15473,45.45152],[9.15549,45.45019],[9.16153,45.44985],[9.16596,45.45043],[9.1682,45.4515],[9.1695,45.45382],[9.16959,45.45484],[9.16909,45.4563],[9.1684,45.45715],[9.16874,45.45755]]]]}},{"type":"Feature","properties":{"nil":"CORSICA","zona":null},"geometry":{"type":"MultiPolygon","coordinates":[[[[9.2379,45.46813],[9.23797,45.46971],[9.23507,45.46918],[9.23264,45.46819],[9.23128,45.46811],[9.22941,45.46811],[9.22743,45.46811],[9.22489,45.46808],[9.22384,45.46602],[9.2239,45.46368],[9.22391,45.46217],[9.22616,45.45968],[9.23352,45.4597],[9.23631,45.45872],[9.23747,45.45782],[9.23759,45.46206],[9.23789,45.46784],[9.2379,45.46813]]]]}},{"type":"Feature","properties":{"nil":"MAGENTA - S. VITTORE","zona":null},"geometry":{"type":"MultiPolygon","coordinates":[[[[9.17538,45.46981],[9.17367,45.47112],[9.17221,45.47228],[9.16983,45.474],[9.16871,45.47323],[9.16639,45.47176],[9.16587,45.46961],[9.16506,45.46684],[9.16459,45.46532],[9.16342,45.46129],[9.1656,45.45962],[9.16737,45.45846],[9.16943,45.4571],[9.17173,45.45558],[9.17378,45.45603],[9.17689,45.45815],[9.178,45.45887],[9.17795,45.45903],[9.17412,45.46106],[9.17348,45.46189],[9.17451,45.46395],[9.17552,45.46575],[9.17623,45.46683],[9.17747,45.46743],[9.17672,45.46883],[9.17538,45.46981]]]]}},{"type":"Feature","properties":{"nil":"CASCINA MERLATA","zona":null},"geometry":{"type":"MultiPolygon","coordinates":[[[[9.09928,45.53128],[9.09901,45.53199],[9.09859,45.53177],[9.09784,45.53118],[9.09744,45.53085],[9.09696,45.53047],[9.09663,45.5302],[9.09644,45.53005],[9.09616,45.52985],[9.09593,45.52966],[9.09574,45.52952],[9.09565,45.52948],[9.0954,45.52926],[9.09291,45.52871],[9.09341,45.5285],[9.09402,45.52818],[9.09377,45.52796],[9.09341,45.52767],[9.09307,45.52746],[9.093,45.52738],[9.09292,45.52715],[9.09277,45.52642],[9.09312,45.52586],[9.09354,45.5255],[9.09384,45.5253],[9.09427,45.52508],[9.09444,45.52509],[9.09501,45.52479],[9.09559,45.52445],[9.09602,45.52418],[9.09642,45.52395],[9.09621,45.52384],[9.09447,45.52287],[9.09462,45.52254],[9.09482,45.52231],[9.09311,45.51995],[9.09315,45.51967],[9.09298,45.51946],[9.09317,45.51934],[9.09323,45.51922],[9.09341,45.51882],[9.09405,45.51736],[9.09439,45.51659],[9.0945,45.51636],[9.0948,45.51602],[9.09486,45.51569],[9.09491,45.51536],[9.09498,45.51517],[9.09504,45.51489],[9.0951,45.51467],[9.09515,45.51458],[9.10645,45.51507],[9.12016,45.51562],[9.11695,45.51765],[9.11477,45.51867],[9.10751,45.5226],[9.10652,45.52299],[9.10649,45.52297],[9.10634,45.52289],[9.10623,45.52283],[9.10599,45.52269],[9.10587,45.52263],[9.10578,45.52258],[9.10561,45.52249],[9.10544,45.52239],[9.10529,45.52231],[9.10528,45.5223],[9.10467,45.52197],[9.10407,45.52164],[9.10291,45.52112],[9.10294,45.52139],[9.10309,45.52162],[9.10307,45.5217],[9.10305,45.52184],[9.10296,45.52218],[9.10288,45.52246],[9.10283,45.52264],[9.10267,45.5229],[9.10254,45.5233],[9.10242,45.52354],[9.10199,45.52437],[9.10181,45.5247],[9.10161,45.52482],[9.10134,45.52504],[9.10118,45.52531],[9.10105,45.52555],[9.10091,45.52585],[9.10076,45.52602],[9.10039,45.52619],[9.09991,45.52615],[9.09962,45.52613],[9.09924,45.52602],[9.09888,45.52588],[9.09858,45.52585],[9.09811,45.52573],[9.09723,45.52635],[9.09685,45.5267],[9.09679,45.52679],[9.09721,45.52689],[9.0974,45.52681],[9.09745,45.5268],[9.09766,45.52682],[9.09783,45.5269],[9.09821,45.52707],[9.09848,45.52717],[9.09842,45.52726],[9.09807,45.52762],[9.09757,45.52811],[9.09662,45.52908],[9.09701,45.52916],[9.09773,45.52915],[9.09814,45.52929],[9.09827,45.52951],[9.09852,45.5299],[9.09927,45.52963],[9.1002,45.52931],[9.1008,45.52909],[9.10084,45.52951],[9.1005,45.52997],[9.10158,45.53096],[9.10125,45.53148],[9.10107,45.53174],[9.10073,45.53163],[9.10041,45.53148],[9.09954,45.53124],[9.09928,45.53128]]]]}},{"type":"Feature","properties":{"nil":"SARPI","zona":null},"geometry":{"type":"MultiPolygon","coordinates":[[[[9.18225,45.48679],[9.17682,45.49009],[9.17303,45.4906],[9.1742,45.48911],[9.17238,45.48745],[9.16863,45.48756],[9.1622,45.48777],[9.15874,45.48785],[9.15724,45.48721],[9.16074,45.48462],[9.16349,45.48243],[9.16478,45.4815],[9.16755,45.47946],[9.17057,45.47707],[9.17198,45.47632],[9.17281,45.47633],[9.17648,45.47615],[9.18006,45.47739],[9.18151,45.47834],[9.18183,45.48201],[9.18172,45.48399],[9.18225,45.48679]]]]}},{"type":"Feature","properties":{"nil":"PARCO DEI NAVIGLI","zona":"navigli"},"geometry":{"type":"MultiPolygon","coordinates":[[[[9.13886,45.42855],[9.13702,45.4302],[9.13395,45.43284],[9.13146,45.43431],[9.13014,45.43597],[9.12679,45.43717],[9.12348,45.43555],[9.12563,45.43102],[9.12565,45.43099],[9.12599,45.43071],[9.12638,45.43036],[9.1266,45.4302],[9.12671,45.43002],[9.12669,45.42986],[9.12668,45.42978],[9.12669,45.42971],[9.12669,45.42967],[9.12667,45.42957],[9.12669,45.42931],[9.1267,45.42928],[9.1267,45.42926],[9.1267,45.42924],[9.1267,45.42922],[9.12671,45.42917],[9.12671,45.42912],[9.12671,45.42909],[9.12671,45.42906],[9.12671,45.42903],[9.1267,45.429],[9.1267,45.42898],[9.1267,45.42895],[9.1267,45.42892],[9.1267,45.42884],[9.1267,45.42882],[9.1267,45.42879],[9.1267,45.42876],[9.1267,45.42873],[9.1267,45.4287],[9.12671,45.42867],[9.1267,45.42864],[9.1267,45.42861],[9.1267,45.42858],[9.1267,45.42855],[9.1267,45.42852],[9.1267,45.42849],[9.12671,45.42846],[9.12671,45.42844],[9.12671,45.42841],[9.12671,45.42838],[9.12672,45.42835],[9.12672,45.42832],[9.12673,45.42827],[9.12674,45.42824],[9.12675,45.42821],[9.12676,45.42818],[9.12676,45.42815],[9.12677,45.42812],[9.12678,45.42809],[9.12679,45.42806],[9.1268,45.42803],[9.12681,45.42801],[9.12682,45.42798],[9.12683,45.42795],[9.12684,45.42792],[9.12686,45.42789],[9.12687,45.42787],[9.12688,45.42784],[9.1269,45.42781],[9.12691,45.42779],[9.12693,45.42776],[9.12694,45.42773],[9.12696,45.42771],[9.12698,45.42768],[9.12699,45.42766],[9.12701,45.42763],[9.12702,45.4276],[9.12703,45.42757],[9.12705,45.42754],[9.12706,45.42751],[9.12708,45.42748],[9.1271,45.42745],[9.12711,45.42743],[9.12712,45.4274],[9.12714,45.42737],[9.12715,45.42735],[9.12717,45.42732],[9.12718,45.42729],[9.12719,45.42726],[9.1272,45.42724],[9.12722,45.42721],[9.12724,45.42719],[9.12725,45.42716],[9.12727,45.42713],[9.12728,45.4271],[9.1273,45.42708],[9.12732,45.42705],[9.12734,45.42703],[9.12735,45.427],[9.12737,45.42697],[9.12738,45.42694],[9.1274,45.42692],[9.12741,45.42689],[9.12742,45.42686],[9.12743,45.42683],[9.12745,45.42681],[9.12746,45.42678],[9.12747,45.42675],[9.1275,45.42672],[9.12751,45.4267],[9.12752,45.42667],[9.12754,45.42664],[9.12755,45.42661],[9.12757,45.42659],[9.12759,45.42656],[9.1276,45.42654],[9.12762,45.42651],[9.12764,45.42648],[9.12767,45.42646],[9.1277,45.42643],[9.12773,45.42642],[9.12777,45.4264],[9.1278,45.42638],[9.12782,45.42636],[9.12785,45.42634],[9.12788,45.42632],[9.12791,45.4263],[9.12793,45.42628],[9.12795,45.42626],[9.12797,45.42623],[9.128,45.42621],[9.12802,45.42618],[9.12804,45.42616],[9.12805,45.42613],[9.12808,45.42611],[9.1281,45.42608],[9.12811,45.42606],[9.12814,45.42603],[9.12816,45.42601],[9.12818,45.42598],[9.12819,45.42596],[9.12822,45.42593],[9.12824,45.42591],[9.12826,45.42588],[9.12828,45.42586],[9.1283,45.42583],[9.12832,45.42581],[9.12835,45.42578],[9.12839,45.42576],[9.12841,45.42574],[9.12844,45.42572],[9.12848,45.4257],[9.12851,45.42569],[9.12855,45.42567],[9.12859,45.42565],[9.12862,45.42564],[9.12866,45.42563],[9.12869,45.42561],[9.12872,45.4256],[9.12875,45.42558],[9.12878,45.42556],[9.12881,45.42554],[9.12885,45.42552],[9.12888,45.4255],[9.12892,45.42549],[9.12895,45.42547],[9.12898,45.42545],[9.12901,45.42544],[9.12906,45.42541],[9.1291,45.42539],[9.12924,45.42531],[9.12956,45.42514],[9.13004,45.42487],[9.13043,45.42466],[9.13062,45.42455],[9.13096,45.42436],[9.13129,45.42416],[9.13144,45.42409],[9.13154,45.42401],[9.1317,45.42389],[9.13183,45.4238],[9.13192,45.42373],[9.13197,45.42365],[9.13201,45.42356],[9.13202,45.42348],[9.13201,45.42339],[9.13202,45.42329],[9.13203,45.4232],[9.13204,45.42307],[9.13205,45.42295],[9.13207,45.42286],[9.13207,45.42278],[9.13209,45.4227],[9.1321,45.42263],[9.1321,45.42255],[9.13212,45.42248],[9.13212,45.42239],[9.13213,45.42231],[9.13213,45.42224],[9.13214,45.42218],[9.13215,45.42211],[9.13216,45.42203],[9.13216,45.42197],[9.13218,45.42189],[9.13217,45.42181],[9.13218,45.42176],[9.1322,45.42164],[9.13221,45.42156],[9.13221,45.42148],[9.13221,45.42141],[9.13219,45.42135],[9.13215,45.42132],[9.13209,45.42131],[9.13201,45.42128],[9.13191,45.42125],[9.13182,45.42117],[9.13179,45.42109],[9.13181,45.421],[9.13186,45.4209],[9.13188,45.42081],[9.13183,45.42075],[9.13175,45.42075],[9.13161,45.42074],[9.13146,45.42073],[9.13133,45.42074],[9.13124,45.42076],[9.13115,45.42078],[9.1311,45.42083],[9.13108,45.42092],[9.13108,45.42102],[9.1311,45.42117],[9.13106,45.42128],[9.13103,45.42139],[9.13098,45.42149],[9.13092,45.42155],[9.13082,45.42159],[9.13072,45.42161],[9.13066,45.42162],[9.13068,45.42139],[9.13051,45.42025],[9.13063,45.41958],[9.13047,45.41847],[9.13041,45.41796],[9.13052,45.41731],[9.13023,45.41723],[9.13034,45.41711],[9.13052,45.41694],[9.1308,45.41667],[9.13096,45.41651],[9.13111,45.41637],[9.13135,45.41611],[9.13152,45.41594],[9.13165,45.41586],[9.13192,45.41572],[9.13206,45.41558],[9.13228,45.41539],[9.13242,45.41525],[9.13254,45.41506],[9.13275,45.41476],[9.1329,45.41453],[9.13301,45.41452],[9.13315,45.41441],[9.13331,45.41419],[9.13348,45.41422],[9.13396,45.41433],[9.13452,45.41444],[9.13487,45.41451],[9.13528,45.41459],[9.13591,45.41475],[9.13619,45.41485],[9.13677,45.4152],[9.13693,45.41532],[9.13699,45.41535],[9.13712,45.4153],[9.13724,45.4153],[9.13738,45.41533],[9.13751,45.41535],[9.13766,45.41534],[9.1378,45.41534],[9.13792,45.41535],[9.13785,45.41548],[9.13779,45.41555],[9.13734,45.41607],[9.13683,45.41666],[9.13648,45.41706],[9.13623,45.41735],[9.13609,45.41751],[9.13635,45.41756],[9.13683,45.41763],[9.13722,45.4177],[9.13782,45.4178],[9.1382,45.41786],[9.13835,45.41788],[9.1384,45.41789],[9.13847,45.41788],[9.13853,45.41789],[9.13861,45.41789],[9.13874,45.41788],[9.13884,45.41788],[9.13894,45.41789],[9.13903,45.41789],[9.1391,45.41788],[9.13915,45.41785],[9.13919,45.41776],[9.13929,45.41746],[9.13933,45.41725],[9.13934,45.41708],[9.13934,45.41695],[9.13934,45.4168],[9.13935,45.4167],[9.13935,45.41663],[9.13936,45.41656],[9.13938,45.41655],[9.13944,45.41658],[9.1395,45.41662],[9.13958,45.4167],[9.1398,45.4169],[9.13999,45.41707],[9.14008,45.41712],[9.1402,45.41715],[9.14046,45.41723],[9.14091,45.41735],[9.14109,45.41739],[9.14117,45.41742],[9.14126,45.41744],[9.14131,45.41745],[9.14134,45.41741],[9.14138,45.41729],[9.14142,45.41723],[9.14143,45.41722],[9.14149,45.41725],[9.14156,45.41727],[9.14206,45.41743],[9.14237,45.41752],[9.14263,45.4176],[9.14276,45.41761],[9.14283,45.41765],[9.14317,45.41776],[9.14352,45.41788],[9.14395,45.41804],[9.14437,45.4182],[9.1446,45.41829],[9.1448,45.4184],[9.14483,45.4184],[9.14484,45.41838],[9.14488,45.41834],[9.145,45.41821],[9.14509,45.41811],[9.14518,45.418],[9.14525,45.41792],[9.14532,45.41783],[9.14555,45.41756],[9.14591,45.4171],[9.14626,45.41672],[9.14641,45.4166],[9.14668,45.41639],[9.14707,45.41609],[9.14721,45.41595],[9.14729,45.41573],[9.14731,45.41549],[9.14742,45.41527],[9.14756,45.41505],[9.14775,45.41467],[9.14792,45.41427],[9.14812,45.41395],[9.14848,45.41401],[9.14866,45.41407],[9.149,45.41419],[9.14909,45.41421],[9.14922,45.4142],[9.14949,45.41419],[9.14968,45.41419],[9.14983,45.4142],[9.15005,45.41427],[9.15022,45.41435],[9.15033,45.41441],[9.15045,45.41451],[9.15063,45.41471],[9.14963,45.41529],[9.15077,45.41579],[9.15195,45.41635],[9.15209,45.4161],[9.15242,45.41546],[9.15258,45.41522],[9.1533,45.41534],[9.15391,45.41555],[9.1542,45.41571],[9.15434,45.41587],[9.15449,45.41609],[9.15457,45.41612],[9.15457,45.41608],[9.15466,45.41585],[9.15478,45.41551],[9.1548,45.41542],[9.15489,45.41518],[9.15494,45.41502],[9.15503,45.41477],[9.15508,45.41467],[9.15513,45.41459],[9.15525,45.41449],[9.15528,45.41443],[9.15536,45.41421],[9.15544,45.41395],[9.15551,45.41375],[9.15552,45.41368],[9.15556,45.4134],[9.15558,45.41325],[9.15557,45.41302],[9.15553,45.4127],[9.15553,45.4126],[9.15557,45.41257],[9.1557,45.41254],[9.15581,45.41252],[9.15597,45.4125],[9.15617,45.41249],[9.15654,45.41245],[9.1569,45.41242],[9.15717,45.4124],[9.15735,45.41237],[9.15735,45.4123],[9.15737,45.41214],[9.15744,45.41198],[9.1577,45.41126],[9.15789,45.41069],[9.15792,45.41066],[9.15795,45.41066],[9.15796,45.41066],[9.15806,45.41039],[9.15816,45.41009],[9.15824,45.40988],[9.15831,45.40967],[9.15839,45.40948],[9.15848,45.40921],[9.15848,45.40899],[9.15849,45.40879],[9.1585,45.40842],[9.1585,45.40821],[9.15857,45.40817],[9.15875,45.40812],[9.15887,45.40808],[9.16082,45.41123],[9.16452,45.4175],[9.16532,45.42197],[9.1598,45.41966],[9.15905,45.41836],[9.15757,45.41749],[9.15445,45.41758],[9.1533,45.41696],[9.15209,45.41845],[9.15039,45.41938],[9.14781,45.42089],[9.15015,45.42396],[9.15342,45.4252],[9.1528,45.42592],[9.15061,45.42851],[9.14986,45.4291],[9.14731,45.42971],[9.14071,45.43099],[9.13886,45.42855]]]]}},{"type":"Feature","properties":{"nil":"PAGANO","zona":null},"geometry":{"type":"MultiPolygon","coordinates":[[[[9.17174,45.47619],[9.16952,45.47794],[9.16596,45.48065],[9.16431,45.48183],[9.16291,45.48207],[9.16045,45.48043],[9.16014,45.47867],[9.15997,45.47523],[9.15837,45.47349],[9.15556,45.47356],[9.15526,45.46803],[9.15697,45.46675],[9.15988,45.46655],[9.16305,45.46631],[9.16527,45.46758],[9.16641,45.47149],[9.1673,45.47232],[9.16894,45.47341],[9.17108,45.4748],[9.17139,45.47573],[9.17174,45.47619]]]]}},{"type":"Feature","properties":{"nil":"BRERA","zona":"brera"},"geometry":{"type":"MultiPolygon","coordinates":[[[[9.19165,45.46906],[9.19275,45.47004],[9.19482,45.47201],[9.195,45.4724],[9.19768,45.47654],[9.19562,45.47896],[9.19212,45.47973],[9.19046,45.48069],[9.18698,45.48096],[9.18453,45.48152],[9.18223,45.48215],[9.18195,45.4799],[9.18127,45.47728],[9.18166,45.47481],[9.18051,45.47316],[9.18132,45.47114],[9.18185,45.47013],[9.18154,45.46927],[9.18233,45.46846],[9.18275,45.46783],[9.18521,45.46598],[9.18651,45.46547],[9.18833,45.46583],[9.1894,45.46697],[9.19091,45.46829],[9.19165,45.46906]]]]}},{"type":"Feature","properties":{"nil":"ROGOREDO - SANTA GIULIA","zona":"rogoredo"},"geometry":{"type":"MultiPolygon","coordinates":[[[[9.24044,45.44427],[9.23808,45.44483],[9.2348,45.44588],[9.23497,45.44464],[9.23584,45.44197],[9.23829,45.43598],[9.24268,45.43153],[9.24512,45.43035],[9.24684,45.42934],[9.24942,45.42983],[9.25209,45.43158],[9.25439,45.43385],[9.25302,45.43613],[9.2487,45.43455],[9.24791,45.43613],[9.24269,45.43938],[9.24397,45.4412],[9.24352,45.4419],[9.24266,45.44346],[9.24142,45.44425],[9.24044,45.44427]]]]}},{"type":"Feature","properties":{"nil":"ADRIANO","zona":null},"geometry":{"type":"MultiPolygon","coordinates":[[[[9.26729,45.51234],[9.26731,45.51239],[9.26818,45.51247],[9.26819,45.51255],[9.26825,45.51297],[9.2683,45.5134],[9.26836,45.51379],[9.26843,45.51432],[9.26856,45.51484],[9.26859,45.51488],[9.26866,45.51515],[9.26869,45.51537],[9.26869,45.51564],[9.26871,45.51592],[9.26866,45.51612],[9.26863,45.51651],[9.26863,45.51669],[9.26861,45.51691],[9.26842,45.51684],[9.26847,45.51565],[9.26804,45.51569],[9.26753,45.51573],[9.26719,45.51576],[9.26669,45.51581],[9.26591,45.51588],[9.26512,45.51594],[9.26479,45.5159],[9.26471,45.51583],[9.26427,45.51543],[9.26388,45.51518],[9.26364,45.51522],[9.26349,45.51521],[9.26338,45.51523],[9.26329,45.51527],[9.26316,45.51529],[9.26304,45.5153],[9.26265,45.51535],[9.26209,45.51543],[9.2622,45.51575],[9.26195,45.51584],[9.26192,45.51599],[9.26212,45.51652],[9.26228,45.51695],[9.2621,45.51728],[9.26159,45.51736],[9.26167,45.5176],[9.26178,45.51793],[9.26196,45.51845],[9.26151,45.51858],[9.26119,45.51863],[9.26102,45.51865],[9.26107,45.51877],[9.26096,45.5189],[9.26085,45.519],[9.26088,45.51915],[9.26091,45.51935],[9.26098,45.51977],[9.26052,45.51984],[9.26042,45.51969],[9.26025,45.51947],[9.26009,45.51936],[9.25974,45.51915],[9.25961,45.51912],[9.25953,45.51915],[9.25933,45.51912],[9.25922,45.51906],[9.25912,45.51899],[9.2591,45.51908],[9.2591,45.51947],[9.25921,45.51958],[9.25924,45.52011],[9.25881,45.52012],[9.25854,45.51969],[9.25845,45.5193],[9.25845,45.5192],[9.25864,45.51905],[9.25868,45.51905],[9.25876,45.51895],[9.25872,45.51886],[9.25832,45.51866],[9.25799,45.51848],[9.25774,45.51835],[9.25739,45.51821],[9.25693,45.51801],[9.25671,45.51793],[9.25671,45.51794],[9.25689,45.51826],[9.25623,45.51855],[9.25532,45.51895],[9.25529,45.51924],[9.25534,45.51941],[9.25534,45.5196],[9.2553,45.51992],[9.2553,45.5201],[9.25531,45.52025],[9.25535,45.52039],[9.25497,45.52036],[9.2547,45.52034],[9.25406,45.52029],[9.25311,45.52018],[9.25259,45.52012],[9.25196,45.52004],[9.25142,45.51997],[9.25047,45.51981],[9.24983,45.5197],[9.24979,45.51973],[9.24956,45.52001],[9.24932,45.51997],[9.24903,45.51991],[9.24879,45.51985],[9.24858,45.51978],[9.2482,45.51964],[9.24803,45.51957],[9.24778,45.51951],[9.24755,45.51944],[9.24728,45.51936],[9.24706,45.51928],[9.24666,45.51913],[9.24645,45.51904],[9.24622,45.51894],[9.24603,45.51887],[9.24571,45.51875],[9.24561,45.51871],[9.24537,45.51861],[9.24516,45.51852],[9.24498,45.51846],[9.24487,45.51843],[9.24484,45.51848],[9.24473,45.51873],[9.24466,45.5189],[9.24458,45.519],[9.24426,45.51896],[9.24392,45.51893],[9.24367,45.51897],[9.24317,45.51907],[9.24303,45.51906],[9.24245,45.51906],[9.24234,45.51913],[9.24196,45.51918],[9.24127,45.51927],[9.24091,45.51931],[9.24071,45.51928],[9.24025,45.5192],[9.23981,45.51912],[9.23938,45.51905],[9.2392,45.51901],[9.23894,45.51896],[9.23861,45.5189],[9.23841,45.51886],[9.23822,45.51882],[9.23766,45.51849],[9.2379,45.51788],[9.23698,45.51768],[9.23669,45.51762],[9.23613,45.51751],[9.23592,45.51744],[9.2315,45.51443],[9.23484,45.51178],[9.23629,45.50841],[9.23675,45.50739],[9.23777,45.50518],[9.24044,45.50626],[9.24375,45.50781],[9.24747,45.50957],[9.24861,45.51019],[9.25275,45.511],[9.25388,45.51125],[9.25605,45.51151],[9.2616,45.51264],[9.26592,45.5125],[9.26729,45.51234]]]]}},{"type":"Feature","properties":{"nil":"LORENTEGGIO","zona":"bande-nere"},"geometry":{"type":"MultiPolygon","coordinates":[[[[9.13575,45.44969],[9.13464,45.45128],[9.13364,45.45298],[9.13225,45.45524],[9.13145,45.45657],[9.13036,45.45834],[9.12622,45.45863],[9.12223,45.45757],[9.12031,45.45708],[9.11855,45.45662],[9.11646,45.45606],[9.11235,45.45512],[9.10731,45.45418],[9.10308,45.45261],[9.09988,45.45158],[9.10002,45.44864],[9.10023,45.44855],[9.10052,45.44853],[9.10079,45.44847],[9.10132,45.44792],[9.10151,45.44753],[9.10195,45.44734],[9.10223,45.44719],[9.10354,45.44709],[9.10336,45.44717],[9.10313,45.44738],[9.10298,45.44754],[9.10346,45.44774],[9.10388,45.44787],[9.10458,45.44783],[9.10523,45.44804],[9.10547,45.4481],[9.10526,45.44842],[9.10512,45.44866],[9.10554,45.44881],[9.10588,45.4489],[9.10627,45.44904],[9.10645,45.4491],[9.10665,45.44943],[9.10679,45.44972],[9.10688,45.4499],[9.10683,45.45006],[9.10665,45.45035],[9.10667,45.45038],[9.10715,45.45047],[9.10756,45.4505],[9.10798,45.45051],[9.10837,45.45068],[9.1087,45.45079],[9.10908,45.45093],[9.10916,45.45091],[9.10943,45.45095],[9.1097,45.45059],[9.11033,45.45058],[9.11062,45.44999],[9.11093,45.44899],[9.11125,45.44794],[9.1119,45.44704],[9.11215,45.44645],[9.11227,45.44616],[9.11281,45.44601],[9.11306,45.44595],[9.11217,45.44578],[9.11249,45.44508],[9.1125,45.44506],[9.11251,45.44504],[9.11273,45.44464],[9.11274,45.44462],[9.11275,45.4446],[9.11277,45.44457],[9.11278,45.44455],[9.11278,45.44454],[9.11317,45.44384],[9.11342,45.44339],[9.11395,45.44345],[9.11399,45.44346],[9.11402,45.44346],[9.1143,45.44354],[9.11434,45.44355],[9.11437,45.44356],[9.11467,45.44364],[9.11472,45.44365],[9.11474,45.44366],[9.11503,45.44373],[9.11547,45.44323],[9.11748,45.44409],[9.12274,45.44559],[9.12684,45.44682],[9.12904,45.44752],[9.13144,45.44832],[9.13575,45.44969]]]]}}]}